tree
version=v4
num_class=1
num_tree_per_iteration=1
label_index=0
max_feature_idx=73
objective=lambdarank
feature_names=count_C count_H count_N count_O count_P count_S count_F count_Cl count_Br count_I dbe h_c hetero_c mass abs_ppm_mean supported_mean peak_fraction_mean intensity_fraction_mean fragment_error_fraction_mean water_loss_fraction_mean co_loss_fraction_mean co2_loss_fraction_mean ammonia_loss_fraction_mean log_peak_count_mean positive_mean ce_mean_mean ce_min_mean ce_max_mean ce_missing_mean log_base_peak_mean base_missing_mean timsTOF_mean orbitrap_mean instrument_missing_mean abs_ppm_max supported_max peak_fraction_max intensity_fraction_max fragment_error_fraction_max water_loss_fraction_max co_loss_fraction_max co2_loss_fraction_max ammonia_loss_fraction_max log_peak_count_max positive_max ce_mean_max ce_min_max ce_max_max ce_missing_max log_base_peak_max base_missing_max timsTOF_max orbitrap_max instrument_missing_max abs_ppm_min supported_min peak_fraction_min intensity_fraction_min fragment_error_fraction_min water_loss_fraction_min co_loss_fraction_min co2_loss_fraction_min ammonia_loss_fraction_min log_peak_count_min positive_min ce_mean_min ce_min_min ce_max_min ce_missing_min log_base_peak_min base_missing_min timsTOF_min orbitrap_min instrument_missing_min
feature_infos=[0:29] [0:267] [0:25] [0:20] [0:4] [0:8] [0:20] [0:8] [0:4] [0:2] [-135:25] [0:267] [0:28] [240.09930419921875:447.98931884765625] [2.9710061426158063e-05:16.215314865112305] [0.083333335816860199:1] [0:1] [0:1] [0.0098342401906847954:1] [0:0.1199665293097496] [0:0.29153150320053101] [0:0.60836434364318848] [0:0.16957861185073853] [1.7005987167358398:4.8598122596740723] [0:1] [25:60] [20:60] [30:60] none [6.9800758361816406:18.19066047668457] none none none none [2.9710061426158063e-05:18.699010848999023] none [0:1] [0:1] [0.0098342401906847954:1] [0:0.34772545099258423] [0:0.66531157493591309] [0:0.91267567873001099] [0:0.3624400794506073] [1.7917594909667969:4.8598122596740723] [0:1] [30:60] [20:60] [40:60] none [6.9800758361816406:19.208843231201172] none none none none [2.9710061426158063e-05:9.9999847412109375] [0:1] [0:1] [0:1] [0:1] [0:0.022060198709368706] [0:0.0019310967763885856] [0:0.6017194390296936] [0:0.048958472907543182] [1.3862943649291992:4.8598122596740723] [0:1] [20:60] [20:60] [20:60] none [6.9097533226013184:17.681285858154297] none none none none
tree_sizes=3423 3434 3440 3443 3433 3445 3446 3436 3447 3431 3446 3436 3444 3457 3455 3435 3459 3459 3434 3448 3443 3456 3457 3450 3447 3448 3455 3437 3445 3461 3460 3477 3433 3456 3442 3440 3435 3448 3423 3450 3444 3448 3449 3457 3457 3435 3468 3459 3445 3445 3442 3464 3447 3459 3439 3476 3468 3448 3455 3457 3464 3460 3447 3456 3447 3437 3453 3450 3465 3469 3467 3456 3477 3487 3460 3465 3449 3465 3464 3463 3467 3463 3469 3456 3478 3502 3487 3497 3481 3496 3487 3482 3507 3504 3492 3482 3516 3494 3500 3522 3501 3500 3502 3521 3525 3503 3503 3521 3501 3501 3547 3534 3520 3524 3527 3527 3527 3521 3481 3534 3509 3526 3532 3548 3512 3537 3517 3540 3499 3519 3547 3544 3540 3524 3534 3530 3557 3557 3560 3537 3572 3515 3567 3566 3569 3560 3592 3550 3591 3587 3569 3561 3587 3577 3585 3575 3598 3599 3575 3591 3594 3595 3600 3582 3595 3592 3599 3578 3600 3606 3590 3590 3602 3612 3607 3629 3591 3601 3624 3613 3593 3622 3590 3608 3592 3638 3593 3627 3608 3620 3619 3624 3587 3630 3608 3628 3625 3624 3602 3613 3633 3609 3625 3651 3579 3639 3668 3636 3635 3639 3665 3665 3635 3664 3650 3634 3668 3670 3660 3675 3670 3659 3659 3669 3630 3664 3675

Tree=0
num_leaves=31
num_cat=0
split_feature=11 34 4 12 11 6 34 57 5 57 34 0 14 42 14 10 7 6 13 57 0 19 12 17 56 14 6 3 13 6
split_gain=43495.9 1374.72 386.007 209.71 109.303 115.798 60.6374 51.0878 39.9604 36.1864 28.5452 26.3958 25.5344 23.6865 21.6986 19.2117 49.0112 24.984 15.5915 11.0971 6.08859 12.1788 5.05543 14.9379 4.82563 10.9832 4.14228 13.7372 2.77157 10.8631
threshold=1.891812860965729 4.7775061130523691 1.0000000180025095e-35 0.93095237016677868 2.0263158082962041 1.0000000180025095e-35 3.9324661493301396 0.28493440151214605 1.5000000000000002 0.13363207131624225 5.0054175853729257 11.500000000000002 4.9539823532104501 0.11014157161116601 1.8978620171546938 3.7500000000000004 1.0000000180025095e-35 3.5000000000000004 305.16653442382818 0.79272520542144786 11.500000000000002 0.11189498007297517 0.80625000596046459 0.95041748881340038 0.1602469086647034 1.8644306063652041 2.5000000000000004 3.5000000000000004 322.11039733886724 2.5000000000000004
decision_type=2 2 2 2 2 2 2 2 2 2 2 2 2 2 2 2 2 2 2 2 2 2 2 2 2 2 2 2 2 2
left_child=1 2 3 7 5 6 11 9 13 -1 12 -2 -3 -5 24 16 17 20 -10 -13 21 -9 -17 -24 -11 -26 27 -25 -22 -30
right_child=4 10 -4 8 -6 -7 -8 15 18 14 -12 19 -14 -15 -16 22 -18 -19 -20 -21 28 -23 23 26 25 -27 -28 -29 29 -31
leaf_value=-0.099999999999999922 -0.099999999999999839 -0.10000000000000001 -0.10000000000000001 -0.099999999999999964 -0.10000000000000001 -0.10000000000000001 -0.10000000000000001 -0.099999999999999978 0.090368307766160505 0.097748303986484264 -0.10000000000000001 -0.099999999999999561 0.082441488306635557 0.073007914906955865 -0.10000000000000001 0.09952649791779325 -0.10000000000000001 -0.10000000000000001 -0.099999999999999936 0.090369766093019999 0.096619644733373533 0.09999999999999995 -0.099999999999999686 -0.099999999999999714 -0.099999999999999978 0.096831919597974991 0.097061068788856397 0.083582838486833302 -0.10000000000000001 0.086611412365276363
leaf_weight=4.861246652435514 2.1316213803365853 3.4970395569689563 24.670316383708268 16.9773354260251 5596.1048674355261 33.602070093154907 6.7794110849499694 1.2538793981075278 6.1053546858020118 9.7958365627564472 89.647023911587894 0.79261675709858792 4.2470823591575027 2.2393311513587824 1.9101144382730115 5696.9685672526248 3.8887294712476423 1.8092631604522456 1.3055680673569439 22.38612902443856 49.260338890366256 1.9371100664138794 1.1217839713208402 1.2144778147339845 1.1075083566829553 1.9682885482907295 21.625997323077172 6.3310168283060193 0.89148975862190027 6.228268813341856
leaf_count=619 275 450 3189 2217 737168 4395 870 167 42 19 11539 101 50 41 243 4674 503 234 170 150 133 1 144 160 141 5 53 72 117 58
internal_value=6.14196e-09 0.0942679 0.0973625 0.0981964 -0.0992473 -0.0351268 0.0328037 0.0988378 -0.0418014 0.018339 -0.092044 0.0683754 5.57629e-05 -0.0798393 0.0572569 0.0991108 0.0721372 0.0830429 0.0568315 0.0838599 0.0886022 0.0214112 0.0994182 0.0790466 0.0805934 0.0259583 0.0859318 0.0540344 0.0924051 0.0632451
internal_weight=11622.7 5960.86 5863.47 5838.8 5661.8 65.6918 32.0898 5812.17 26.6276 19.643 97.3911 25.3104 7.74412 19.2167 14.7817 5792.53 65.2691 61.3804 7.41092 23.1787 59.5711 3.19099 5727.26 30.2933 12.8716 3.0758 29.1715 7.54549 56.3801 7.11976
internal_count=768000 25041 13002 9813 742959 5791 1396 7343 2470 1027 12039 526 500 2258 408 6316 1213 710 212 251 476 168 5103 429 165 146 285 232 308 175
is_linear=0
shrinkage=0.05


Tree=1
num_leaves=31
num_cat=0
split_feature=11 34 4 10 6 11 12 6 14 10 69 17 37 6 34 58 3 2 6 10 12 12 37 7 13 1 13 54 24 2
split_gain=48350.2 1635.27 377.483 249.612 197.082 111.094 109.525 105.812 94.7735 91.0355 80.8721 78.6393 69.4024 66.7851 51.3177 48.7856 48.5845 108.483 42.0325 39.8738 41.5687 38.5498 31.0538 29.3134 28.9398 25.7301 26.2464 24.6945 35.6816 23.1705
threshold=1.891812860965729 4.3907327651977548 1.0000000180025095e-35 4.7500000000000009 1.0000000180025095e-35 2.0263158082962041 0.69615384936332714 1.0000000180025095e-35 3.6774028539657597 4.2500000000000009 13.70757055282593 0.94149968028068554 0.95106130838394176 2.5000000000000004 3.9324661493301396 0.23970581591129306 1.0000000180025095e-35 3.5000000000000004 3.5000000000000004 7.7500000000000009 0.36038962006568914 0.40588235855102545 0.83873337507247936 1.0000000180025095e-35 261.09440612792974 23.500000000000004 322.14311218261724 1.7371867299079897 0.92857143282890331 3.5000000000000004
decision_type=2 2 2 2 2 2 2 2 2 2 2 2 2 2 2 2 2 2 2 2 2 2 2 2 2 2 2 2 2 2
left_child=1 2 3 4 9 7 16 14 21 22 12 -6 -8 25 15 -2 17 24 29 20 -19 -3 -1 -17 -5 -13 -27 -14 -29 -15
right_child=5 8 -4 6 11 -7 10 -9 -10 -11 -12 13 27 18 -16 23 -18 19 -20 -21 -22 -23 -24 -25 -26 26 -28 28 -30 -31
leaf_value=-0.097337115753769077 -0.098210668774872847 0.072680073310919635 -0.090964943524273201 0.073456484152341364 -0.096850858773418397 -0.090961762641869531 -0.095541700799449306 -0.090962159689207206 -0.082684104739603179 -0.099771246013674542 -0.098843347782586147 -0.09770411693210862 0.073676146510035831 0.064033994771801342 -0.090962366496625133 0.076152065387259799 0.089154081403004015 0.087571014046355297 -0.093478665714837317 0.082733719120891114 -0.099906315889853992 -0.096225688804713883 0.083291302737200756 -0.097821587396743723 -0.099179207751150272 0.07331799696478794 -0.09862452154386997 -0.097797561111051728 0.0469160041125233 -0.096196362211120198
leaf_weight=2.4174106833524993 5.4818755944725117 15.009035802446308 30.18649751925841 3.022944879718124 23.593695769668557 7658.912830860354 7.2044158978387705 45.574165523052216 154.09818385867402 7.3402927932329467 8.8799187955446524 15.891161983832719 121.17558839987032 43.548317728564143 9.220317514613269 31.109786873450503 7707.1440532922279 5.5160300498828274 5.2603804306127122 130.31904811551794 6.3725332259200513 4.3592422013171008 151.67117678746581 2.6255982783623031 12.326040984131394 5.7375379130244237 3.619600881356746 5.0237162644043556 28.003897504415363 2.3795299492776385
leaf_count=103 218 73 2902 8 1142 737168 511 4395 12604 95 237 646 530 221 870 186 3869 4 467 145 65 218 257 122 269 8 87 214 208 158
internal_value=-6.67944e-09 0.0823612 0.0855266 0.0861687 0.0380907 -0.0902986 0.0877332 -0.036276 -0.0695817 0.0722624 0.0480612 -0.0170557 0.0561433 0.00757476 0.0151773 0.0401317 0.0885922 0.0611065 0.0403987 0.074737 -0.012921 0.0346642 0.0804575 0.0626118 -0.065179 -0.0589722 0.00680586 0.06323 0.0249041 0.0557324
internal_weight=16253 8500.1 8326.63 8296.45 261.459 7752.92 8034.99 94.0117 173.466 161.429 170.288 100.03 161.408 76.4365 48.4376 39.2173 7864.7 157.557 51.1882 142.208 11.8886 19.3683 154.089 33.7354 15.349 25.2483 9.35714 154.203 33.0276 45.9278
internal_count=768000 25041 12146 9244 3184 742959 6060 5791 12895 455 1700 2729 1463 1587 1396 526 4360 491 846 214 69 291 360 308 277 741 95 952 422 379
is_linear=0
shrinkage=0.05


Tree=2
num_leaves=31
num_cat=0
split_feature=11 34 4 2 12 11 6 12 34 11 58 14 5 4 57 38 11 17 11 7 12 42 11 17 29 6 34 23 29 13
split_gain=40439.4 935.9 359.268 216.184 206.459 100.391 104.249 63.2282 52.8812 35.5219 64.2879 49.339 34.8635 31.2419 28.2255 26.4034 33.6787 24.4437 34.4363 22.8084 21.4443 17.6133 17.0867 15.6774 22.5658 14.4729 24.1643 14.9474 13.8958 30.6095
threshold=1.891812860965729 5.0054175853729257 1.0000000180025095e-35 1.0000000180025095e-35 0.93095237016677868 2.0263158082962041 1.0000000180025095e-35 0.5419580638408662 3.9324661493301396 1.3405797481536867 0.15164203941822055 3.2968685626983647 1.5000000000000002 1.0000000180025095e-35 0.91135635972023021 0.25319968163967138 1.5119047760963442 0.73391345143318187 0.78019323945045482 1.5000000000000002 0.90454545617103588 0.11014157161116601 1.3405797481536867 0.8097614347934724 11.348460197448732 1.0000000180025095e-35 3.0603588819503789 3.307828545570374 10.71738386154175 311.09782409667974
decision_type=2 2 2 2 2 2 2 2 2 2 2 2 2 2 2 2 2 2 2 2 2 2 2 2 2 2 2 2 2 2
left_child=1 2 3 14 7 6 8 17 13 23 -11 15 21 -2 -1 16 -12 18 19 -5 -13 -6 -14 24 -9 -17 27 -27 -20 -30
right_child=5 -3 -4 4 12 -7 -8 9 -10 10 11 20 22 -15 -16 25 -18 -19 28 -21 -22 -23 -24 -25 -26 26 -28 -29 29 -31
leaf_value=-0.094497957691147272 0.066763891096240549 -0.084549418779005014 -0.084350965730304026 -0.0977338947002106 -0.085425823241494239 -0.084242108613959976 -0.084247742855202368 0.054874692174365247 -0.084240541629275661 -0.095746559373290518 0.048961322517008188 -0.095772862470322587 0.074304850312503709 -0.09111640582452242 0.076682895676547347 0.0761136028108228 -0.096123592463458196 0.08257737530539655 0.079288544675382003 0.081050654940232128 0.061619460514307944 0.039351705672797055 -0.089497469320706402 0.075340725745338899 -0.094537853622047571 -0.094544437724658703 -0.094272258465501718 0.057764254405503285 -0.095945892131554453 0.057184390642911434
leaf_weight=20.098465444054458 31.784523597918451 88.47973391006235 33.537690455792472 5.3991312594152969 22.801659311167899 7430.7419173899107 45.463273398112506 12.508136536460368 9.0583070348948223 7.2133428798988453 12.987457298673691 7.4448848892934603 7.7781454173382354 3.4761380515992633 2.7358768521808079 130.21110150497407 5.7800947693176559 6971.3021689187735 88.833923778031021 2.6641829814761877 3.0510419341735542 3.2286387188360086 2.0017879349179566 600.35503648151644 3.1668869992718092 1.6523464322090138 2.8700451301410785 64.148896727245301 3.5320666125044218 42.90831497265026
leaf_count=909 285 11539 3368 133 2278 737168 4395 73 870 263 53 297 51 241 14 188 199 3532 116 6 41 41 161 650 141 69 134 408 125 252
internal_value=8.92461e-09 0.077181 0.0789568 0.0796393 0.0800777 -0.0836071 -0.0310521 0.0806162 0.023517 0.0677391 0.0512161 0.0558626 -0.0397093 0.0511994 -0.0739881 0.0609687 0.00427757 0.0821571 0.0617184 -0.0386621 -0.0500208 -0.0699492 0.0407773 0.0740519 0.0246883 0.0663184 0.0477452 0.0539396 0.0677018 0.0455379
internal_weight=15667.2 8146.69 8058.21 8024.67 8001.84 7520.52 89.7822 7966.03 44.319 851.389 235.359 228.146 35.8102 35.2607 22.8343 217.65 18.7676 7114.64 143.338 8.06331 10.4959 26.0303 9.77993 616.03 15.675 198.882 68.6713 65.8012 135.274 46.4404
internal_count=768000 25041 13502 10134 9211 742959 5791 6680 1396 2516 1652 1389 2531 526 923 1051 252 4164 632 139 338 2319 212 864 214 799 611 477 493 377
is_linear=0
shrinkage=0.05


Tree=3
num_leaves=31
num_cat=0
split_feature=11 34 4 12 11 6 10 10 3 12 6 17 13 5 34 13 6 3 24 42 7 1 34 58 13 17 54 16 6 2
split_gain=35096.9 815.079 308.47 173.151 90.3453 100.907 47.0673 131.227 59.2282 39.9711 33.4087 48.3426 36.1587 33.0061 24.1698 20.1368 19.0804 25.8839 26.7013 14.7024 14.5765 33.0641 14.3479 14.7331 13.2359 11.05 10.4787 17.3553 10.3232 31.1429
threshold=1.891812860965729 5.0054175853729257 1.0000000180025095e-35 0.93095237016677868 2.0263158082962041 1.0000000180025095e-35 5.7500000000000009 5.2500000000000009 1.0000000180025095e-35 0.67708334326744091 1.0000000180025095e-35 0.89454162120819103 361.21192932128912 1.5000000000000002 3.9324661493301396 269.11048889160162 1.0000000180025095e-35 1.0000000180025095e-35 0.92857143282890331 0.11014157161116601 1.0000000180025095e-35 23.500000000000004 3.6978234052658085 0.32430131733417517 305.16653442382818 0.86389848589897167 1.5332282185554507 0.076927207410335555 1.5000000000000002 2.5000000000000004
decision_type=2 2 2 2 2 2 2 2 2 2 2 2 2 2 2 2 2 2 2 2 2 2 2 2 2 2 2 2 2 2
left_child=1 2 3 6 5 9 7 8 -1 14 20 -12 15 19 25 -13 -8 18 -18 -5 -10 -22 28 -24 -15 -2 27 -20 29 -17
right_child=4 -3 -4 13 -6 -7 16 -9 10 -11 11 12 -14 24 -16 22 17 -19 26 -21 21 -23 23 -25 -26 -27 -28 -29 -30 -31
leaf_value=-0.086805603266486064 -0.085300840768698011 -0.079295081486220609 -0.079130393318534623 -0.079836851890131233 -0.079011709639219566 -0.079032290990810827 0.077942410774664683 -0.097674614537963625 0.077091110675961694 -0.082446808091551527 -0.087725949779137613 -0.093284872652176609 -0.093042758284506977 0.06992104551812181 -0.078995043485923733 0.061723255084389472 -0.094024872132731446 0.07268425577753572 0.07930229258545457 0.034161347123090539 0.060679090691984294 -0.096255622282813175 -0.090809530349536136 0.073001711720469986 -0.081586554792053428 0.071282282910880054 0.06134616049380253 -0.09711449090082537 0.069231341061277776 -0.046314613244263086
leaf_weight=6.3084384091198435 1.1712932016234869 87.408086991519667 32.654215316055343 22.342596389120448 7326.2817027126439 44.799856736324728 5527.4916146267205 12.540600232430732 415.14445434696972 6.6360665867105117 6.2149031681474289 2.1863099993206552 4.0803082077763966 8.00755224842578 3.2032057514879844 34.393616040237248 4.0347371632233289 1645.0323292724788 2.5810852050781277 3.2382796993479124 28.657931384630501 3.8015029872767618 3.15094334562309 2.4320580372586846 1.7580138854682434 29.600137392990291 19.962435535155237 3.0314131209161133 125.78157578106038 8.2752159412484598
leaf_count=518 116 11539 3368 2319 737168 4395 2812 249 300 701 432 95 186 43 443 102 158 1452 1 42 133 108 178 9 176 136 148 68 434 171
internal_value=-1.24788e-08 0.0725538 0.074229 0.0748636 -0.0784157 -0.0272887 0.0753605 0.0625065 0.0656431 0.0297925 0.0671597 0.0493808 0.0541068 -0.035553 0.0517155 0.057514 0.0765259 0.0718503 0.0255168 -0.0654058 0.0745681 0.0422996 0.0594085 -0.0194503 0.0426464 0.0653221 0.0443759 -0.0159836 0.0620221 0.0407703
internal_weight=15422.2 8010.51 7923.1 7890.45 7411.69 85.4106 7855.1 652.968 640.427 40.6107 634.119 186.515 180.3 35.3464 33.9746 176.22 7202.13 1674.64 29.6097 25.5809 447.604 32.4594 174.033 5.583 9.76557 30.7714 25.5749 5.6125 168.45 42.6688
internal_count=768000 25041 13502 10134 742959 5791 7554 2915 2666 1396 2148 1607 1175 2580 695 989 4639 1827 375 2361 541 241 894 187 219 252 217 69 707 273
is_linear=0
shrinkage=0.05


Tree=4
num_leaves=31
num_cat=0
split_feature=11 34 4 12 11 6 10 34 57 2 5 12 12 63 23 58 69 34 17 23 42 1 56 6 6 38 34 54 63 23
split_gain=31234.8 727.925 274.343 153.238 79.7507 87.8618 46.259 37.7602 29.0985 30.6217 28.9052 22.7657 19.3236 17.3001 18.7755 16.7971 16.5888 15.9926 19.6139 29.6165 12.7333 12.264 11.6145 9.41087 9.3569 14.5442 9.27319 9.05966 8.81495 8.50151
threshold=1.891812860965729 5.0054175853729257 1.0000000180025095e-35 0.93095237016677868 2.0263158082962041 1.0000000180025095e-35 2.7500000000000004 3.9324661493301396 0.27390757203102117 2.5000000000000004 1.5000000000000002 0.63961037993431102 0.67708334326744091 3.0677825212478642 3.8207181692123418 0.31551800668239599 15.80900812149048 4.1185941696167001 0.88466858863830578 2.9930369853973393 0.11014157161116601 16.500000000000004 0.55600360035896312 1.0000000180025095e-35 3.5000000000000004 0.15047173947095874 0.66181784868240368 0.90611216425895702 3.5408543348312382 4.7098600864410409
decision_type=2 2 2 2 2 2 2 2 2 2 2 2 2 2 2 2 2 2 2 2 2 2 2 2 2 2 2 2 2 2
left_child=1 2 3 6 5 7 13 12 9 -8 20 17 27 14 -1 24 -17 23 19 -19 -5 -11 -12 -10 -13 -26 28 -2 -25 -30
right_child=4 -3 -4 10 -6 -7 8 -9 11 21 22 15 -14 -15 -16 16 -18 18 -20 -21 -22 -23 -24 26 25 -27 -28 -29 29 -31
leaf_value=-0.081516860205456843 -0.085405510102953663 -0.075082760657021796 -0.07495272846000775 -0.075504459346043606 -0.074834791943286724 -0.074866502553038311 -0.080805293175092816 -0.074797914990334488 0.07365638189598972 -0.082004084087311579 0.064763286975235104 0.061394068036362694 -0.079792792307644411 -0.079955658663269924 0.064390379362147893 -0.092167584707074576 0.07361351485070329 0.071792280080893472 0.059974837701065903 -0.095978815842951565 0.030752765341759997 0.066875226007447372 -0.080041082866067745 0.060899966490646433 0.076298823461818072 -0.094032072947773104 0.070093292574769053 0.065883707052241988 -0.029876668990634438 0.047318890486993344
leaf_weight=2.9983960273675647 1.0237455528695161 86.823437840677798 32.287694653496146 21.901750967139382 7258.6622325605713 44.332889434881508 6.1452412107028094 7.4655853069853029 5742.2531383929309 1.5409561009146262 8.0268937456421536 295.88263030676171 2.6545989371370515 5.8752509768819428 8.3309653466567379 3.610302420333027 2.5926185818389058 5.2193368095904571 77.72300904430449 5.3033510581590235 3.2360392659902564 13.516611008439211 1.6734628845006216 49.585893331095576 2.5479056835174552 2.4664625874720514 1522.0666456113104 29.621079149423167 5.8571534792426965 9.1199545734561962
leaf_count=275 86 11539 3368 2319 737168 4395 627 870 2693 149 63 1106 274 593 62 165 4 8 175 143 42 81 156 74 1 87 1241 166 52 18
internal_value=4.89046e-09 0.0688966 0.0704932 0.0710954 -0.0742706 -0.0261483 0.071565 0.0268339 0.0717469 0.0132527 -0.0335339 0.0719075 0.0496193 -0.0103313 0.025775 0.0585673 -0.0228765 0.0724598 0.0513014 -0.012763 -0.0618257 0.0516393 0.0397823 0.0727146 0.0602462 -0.00748337 0.069306 0.0608296 0.0507463 0.0171297
internal_weight=15260.3 7916.59 7829.76 7797.47 7343.76 85.0979 7762.64 40.765 7745.43 21.2028 34.8381 7724.23 33.2994 17.2046 11.3294 307.1 6.20292 7417.13 88.2457 10.5227 25.1378 15.0576 9.70036 7328.88 300.897 5.01437 1586.63 30.6448 64.563 14.9771
internal_count=768000 25041 13502 10134 742959 5791 7554 1396 6624 857 2580 5767 526 930 337 1363 169 4404 326 151 2361 230 219 4078 1194 88 1385 252 144 70
is_linear=0
shrinkage=0.05


Tree=5
num_leaves=31
num_cat=0
split_feature=11 34 4 12 11 6 57 69 34 5 12 34 0 34 54 42 10 58 58 18 14 44 11 38 10 26 3 6 10 17
split_gain=28168.7 659.051 247.97 137.481 71.8717 79.1462 35.001 37.1734 34.1677 26.4697 22.3781 16.9562 16.5628 13.7972 13.5109 11.0707 10.732 14.6848 10.7368 16.9554 10.6137 33.0472 10.4582 8.10146 7.98462 15.3844 9.38583 6.54519 9.64244 15.7238
threshold=1.891812860965729 5.0054175853729257 1.0000000180025095e-35 0.93095237016677868 2.0263158082962041 1.0000000180025095e-35 0.33078651130199438 9.2674760818481463 3.9324661493301396 1.5000000000000002 0.58578431606292736 2.9131406545639043 11.500000000000002 4.1963903903961191 0.49866077303886419 0.11014157161116601 14.250000000000002 0.27957689762115484 0.30054676532745367 0.3402294665575028 0.4306021928787232 1.0000000180025095e-35 1.3405797481536867 0.32864908874034887 3.7500000000000004 35.277778625488288 2.5000000000000004 1.0000000180025095e-35 4.7500000000000009 0.94149968028068554
decision_type=2 2 2 2 2 2 2 2 2 2 2 2 2 2 2 2 2 2 2 2 2 2 2 2 2 2 2 2 2 2
left_child=1 2 3 6 5 8 7 11 12 15 16 -1 -2 20 -15 -5 27 -18 -19 -20 21 -12 -11 -14 25 26 -22 -8 29 -29
right_child=4 -3 -4 9 -6 -7 10 -9 -10 22 13 -13 23 14 -16 -17 17 18 19 -21 24 -23 -24 -25 -26 -27 -28 28 -30 -31
leaf_value=0.058349957336483675 -0.075379613527389158 -0.071669202132198143 -0.071567736893272935 -0.072016620642076673 -0.071438661461933922 -0.071481756300848298 0.070199924475183403 -0.077359317065409383 -0.071412606024486416 0.063081864397366336 0.067265538007727027 -0.082231617805295198 -0.083305440441089618 0.069539201600515549 -0.082471110154418228 0.026758361732785875 0.063906441462138738 0.05161556266333242 0.056974410891233854 -0.098938950880531076 -0.077982195760540579 -0.094044649029497107 -0.075180097109139088 0.062259876151712169 0.062079751632755344 -0.078949423192800849 0.057966581696561582 -0.078699700471018402 0.06693232599041353 0.049700540216194668
leaf_weight=24.700975171523172 2.5392707155551753 86.325234096148051 32.03678365657106 21.610683490522209 7185.794310345198 43.901917511131614 5569.0970167712076 7.8643596025649449 7.4252141157630822 7.8567588739097101 10.452882478944955 2.3488904759287825 0.98790118517354386 2.5747960330918422 3.3815494214650244 3.2653721231035879 29.200946460478008 5.7286464143544418 2.8159733135253191 4.5794870490208268 1.376164150191477 4.5602234180551013 1.6559819821268318 29.457067497074604 524.93436877173372 2.7851642116438589 16.393089652061462 2.761368697043511 1457.2058713273145 17.462060019839555
leaf_count=179 275 11539 3368 2319 737168 4395 2707 806 870 51 20 190 84 6 274 42 19 8 3 41 144 146 168 167 1080 280 161 282 1033 175
internal_value=-3.36329e-09 0.0657214 0.0672505 0.0678262 -0.0709002 -0.0250044 0.0682723 0.0183239 0.0254899 -0.0319241 0.0685001 0.0461425 0.047304 0.0589369 -0.0167604 -0.0590509 0.0692643 0.0441621 0.000231336 -0.0395717 0.0597413 0.0182676 0.0390132 0.0575365 0.0608827 0.0303121 0.0474378 0.069415 0.0664565 0.0321684
internal_weight=15113.1 7842.97 7756.65 7724.61 7270.11 84.3114 7690.22 34.9142 40.4095 34.3888 7655.31 27.0499 32.9842 566.458 5.95635 24.8761 7088.85 42.3251 13.1241 7.39546 560.502 15.0131 9.51274 30.445 545.489 20.5544 17.7693 7046.53 1477.43 20.2234
internal_count=768000 25041 13502 10134 742959 5791 7554 1175 1396 2580 6379 369 526 2111 280 2361 4268 71 52 44 1831 166 219 251 1665 585 305 4197 1490 457
is_linear=0
shrinkage=0.05


Tree=6
num_leaves=31
num_cat=0
split_feature=11 34 4 12 11 6 34 57 69 5 12 4 57 11 23 6 10 2 14 54 12 38 17 57 17 2 57 54 3 16
split_gain=25635.5 599.42 225.192 125.225 65.5164 71.9108 30.9577 27.4769 32.3451 24.0192 20.6437 14.7717 11.7223 11.4245 13.0554 10.6786 11.611 15.8834 10.6714 9.91487 9.80941 9.10043 8.94264 8.59468 8.25937 12.212 22.4558 8.18884 24.3427 11.5129
threshold=1.891812860965729 5.0054175853729257 1.0000000180025095e-35 0.93095237016677868 2.0263158082962041 1.0000000180025095e-35 3.9324661493301396 0.33078651130199438 9.2674760818481463 1.5000000000000002 0.65686276555061351 1.0000000180025095e-35 0.13363207131624225 1.6568627357482912 3.8526268005371098 1.0000000180025095e-35 4.7500000000000009 1.5000000000000002 1.3543263077735903 0.16345353424549106 1.118055582046509 0.26342816650867468 0.95449098944664013 0.79272520542144786 0.83994024991989147 1.5000000000000002 0.39272303879261022 1.7371867299079897 3.5000000000000004 0.71590155363082897
decision_type=2 2 2 2 2 2 2 2 2 2 2 2 2 2 2 2 2 2 2 2 2 2 2 2 2 2 2 2 2 2
left_child=1 2 3 7 5 6 11 8 12 19 15 23 -1 27 -15 -9 17 -17 -19 -5 -11 -16 -23 -2 25 26 -18 -12 29 -29
right_child=4 -3 -4 9 -6 -7 -8 10 -10 20 13 -13 -14 14 21 16 24 18 -20 -21 -22 22 -24 -25 -26 -27 -28 28 -30 -31
leaf_value=-0.073924468297988835 -0.077780875324349658 -0.068846368789835785 -0.06876362491207591 0.018317220637330326 -0.068631418275952427 -0.068681213585712844 -0.068616866918370253 0.067134734813225752 -0.073022010581270586 0.060268479055768556 0.059490268614923125 -0.074663367982207685 0.055309843038969547 -0.081008694339463519 -0.077098944623459842 -0.077084923337879863 0.059616131538736898 -0.083367144122008408 0.05271360344713974 -0.070192036401226454 -0.075006858888814004 -0.082509074501160962 0.056481717958794281 0.059844946188389418 0.063747864241238128 0.054793560008958901 -0.096430456863640282 -0.087674310397304278 -0.090216808784954763 0.051024964607583372
leaf_weight=1.8898085209075386 1.1803482179529989 85.2785910514649 31.594487134600058 3.7302505814004716 7093.7766376069048 43.348533629905432 7.3311347865965208 5703.376749380026 7.2696908302605143 7.8193408809602243 189.73726364783943 2.3883023119997224 24.54038904607296 2.9924881448969272 1.7048107420559997 3.0783433092292425 5.3177216560579819 1.5424354714341486 21.837486067553982 20.847368201008067 1.6173115214332936 1.2634761922527094 13.76703730272129 29.147770516108721 1535.0597115331329 43.890222890302539 4.0700113428756595 1.5483712758868922 3.5128486561588934 44.359445889247581
leaf_count=208 118 11539 3368 160 737168 4395 870 2881 806 64 518 241 161 250 172 299 13 112 223 2201 155 96 86 167 1051 105 70 85 146 272
internal_value=-3.82442e-10 0.0629843 0.0644489 0.0649994 -0.0681135 -0.0240545 0.0242507 0.0654272 0.0203791 -0.0307236 0.0656276 0.0450605 0.0460693 0.0517517 0.0151806 0.0661184 0.0625289 0.0296788 0.043736 -0.0567586 0.0370842 0.0323805 0.044798 0.0544886 0.0630762 0.0437226 -0.0080372 0.0547684 0.0366399 0.0463469
internal_weight=14938.8 7761.65 7676.37 7644.77 7177.17 83.3961 40.0476 7610.76 33.6999 34.0143 7577.06 32.7164 26.4302 258.886 19.7278 7318.17 1614.8 26.4583 23.3799 24.5776 9.43665 16.7353 15.0305 30.3281 1588.34 53.278 9.38773 239.158 49.4207 45.9078
internal_count=768000 25041 13502 10134 742959 5791 1396 7554 1175 2580 6379 526 369 1625 604 4754 1873 634 335 2361 219 354 182 285 1239 188 83 1021 503 357
is_linear=0
shrinkage=0.05


Tree=7
num_leaves=31
num_cat=0
split_feature=11 34 4 12 11 6 34 57 2 12 1 12 12 14 58 14 57 16 6 6 12 41 54 16 38 1 17 14 37 27
split_gain=23513.2 550.712 206.194 108.548 60.3353 65.9335 28.2902 25.7883 26.2587 22.3035 20.664 20.595 14.0266 12.4522 15.3644 9.99935 20.0733 16.0068 9.5785 16.4478 40.4104 28.7883 10.9789 19.9515 16.0192 8.67669 7.76767 11.1582 14.8997 16.9613
threshold=1.891812860965729 5.0054175853729257 1.0000000180025095e-35 0.93095237016677868 2.0263158082962041 1.0000000180025095e-35 3.9324661493301396 0.27390757203102117 2.5000000000000004 1.118055582046509 12.500000000000002 0.5419580638408662 0.67708334326744091 3.7165577411651616 0.21084542572498324 4.1021492481231698 0.89308768510818493 0.10677340999245645 1.0000000180025095e-35 2.5000000000000004 0.72077924013137828 0.14320062100887301 1.4653321504592898 0.8739297389984132 0.29722727835178381 16.500000000000004 0.77430003881454479 2.165837407112122 0.77594688534736644 58.000000000000007
decision_type=2 2 2 2 2 2 2 2 2 2 2 2 2 2 2 2 2 2 2 2 2 2 2 2 2 2 2 2 2 2
left_child=1 2 3 7 5 6 12 8 -1 10 -5 15 -2 18 -15 26 17 -17 -13 20 22 -22 -20 24 -24 -10 27 -9 -29 -30
right_child=4 -3 -4 9 -6 -7 -8 11 25 -11 -12 13 -14 14 -16 16 -18 -19 19 -21 21 -23 23 -25 -26 -27 -28 28 29 -31
leaf_value=-0.069790214138328949 0.052706482562124429 -0.066483051991326245 -0.066414743446857855 0.053261407114662131 -0.066285613622087958 -0.066337398955157723 -0.06627468226012477 0.059154098151780368 -0.071727982212133709 -0.067727419937555808 -0.067729305405020146 0.06192287166318277 -0.070684186916662339 0.041295634206257099 -0.082120970714728875 0.066283321783923571 0.055454673873986365 -0.091031504683560846 0.055258721064756371 0.059561840275804703 -0.086170968117797481 0.056314562970533701 0.022731341912652608 0.046649809564246053 -0.094785631887756225 0.06045645957039221 0.064479387026967358 0.04641282727842766 -0.095678147257169777 0.067031367994205504
leaf_weight=7.1794982261490103 29.888304416323081 84.240849792258814 31.099410927155986 10.967287254519762 6985.0206087660044 42.668357470072806 7.2166657214984289 155.17289341893047 1.3750927252694953 16.97264276817441 5.2032758439891031 377.18862939160317 2.4954829656053326 8.6649568784050626 3.5569725686218581 2.4710097312927237 34.228074916405603 4.6785225770436227 107.25886243279092 223.80321590264793 10.361207130830733 5.3886668924242249 6.4232441554777306 29.950706076808274 5.2866173754446208 12.774914699606596 6494.0136170189362 19.810313863214109 4.5468552969396105 2.4727039337158203
leaf_count=832 252 11539 3368 145 737168 4395 870 245 149 1850 585 392 274 126 239 1 65 162 243 653 541 33 32 85 111 82 3397 82 83 1
internal_value=1.12957e-09 0.0606537 0.0620665 0.0625958 -0.0657842 -0.023215 0.0232481 0.0629939 0.00809371 -0.0276918 0.0143297 0.0631501 0.043198 0.0554482 0.00537745 0.064042 0.0395383 -0.0366606 0.0562474 0.0507368 0.0387426 -0.0374209 0.0467978 0.0250143 -0.0303237 0.0476108 0.0641939 0.0540062 0.0242329 -0.0383622
internal_weight=14732.4 7665.09 7580.85 7549.75 7067.29 82.2688 39.6005 7516.61 21.3295 33.1432 16.1706 7495.28 32.3838 777.883 12.2219 6717.39 41.3776 7.14953 765.661 388.473 164.669 15.7499 148.919 41.6606 11.7099 14.15 6676.02 182.003 26.8299 7.01956
internal_count=768000 25041 13502 10134 742959 5791 1396 7554 1063 2580 730 6491 526 2455 365 4036 228 163 2090 1698 1045 574 471 228 143 231 3808 411 166 84
is_linear=0
shrinkage=0.05


Tree=8
num_leaves=31
num_cat=0
split_feature=11 34 4 12 11 6 34 57 2 12 1 10 10 7 1 7 6 4 38 17 11 58 16 23 1 10 36 24 12 17
split_gain=21759.2 511.907 191.124 98.9757 55.521 60.0879 25.5862 23.6671 23.9197 21.0659 19.1107 18.5851 32.0429 19.0794 27.7597 13.7287 11.9068 11.3337 10.5071 8.15008 7.93454 17.6851 7.88508 18.7409 7.76381 4.95366 7.71919 16.8603 4.87926 11.6864
threshold=1.891812860965729 5.0054175853729257 1.0000000180025095e-35 0.93095237016677868 2.0263158082962041 1.0000000180025095e-35 3.9324661493301396 0.27390757203102117 2.5000000000000004 1.118055582046509 12.500000000000002 4.7500000000000009 4.2500000000000009 1.0000000180025095e-35 17.500000000000004 1.0000000180025095e-35 1.0000000180025095e-35 1.0000000180025095e-35 0.23273290693759921 0.75012463331222545 1.433035731315613 0.15928744524717334 0.78819957375526439 4.7184457778930673 16.500000000000004 13.250000000000002 0.93360882997512828 0.5634920895099641 0.20526316016912463 0.87721222639083873
decision_type=2 2 2 2 2 2 2 2 2 2 2 2 2 2 2 2 2 2 2 2 2 2 2 2 2 2 2 2 2 2
left_child=1 2 3 7 5 6 15 8 -1 10 -5 12 13 18 -15 17 28 -2 -9 -20 25 -22 23 -23 -10 -18 27 -27 29 -13
right_child=4 -3 -4 9 -6 -7 -8 11 24 -11 -12 16 -14 14 -16 -17 20 -19 19 -21 21 22 -24 -25 -26 26 -28 -29 -30 -31
leaf_value=-0.067281978523496641 0.057484891077871907 -0.064483414505193862 -0.064427820288294385 0.051429237435484859 -0.064300708058625047 -0.064352310052582004 -0.064295093546270651 -0.074552614394853042 -0.068951226772251129 -0.065478539577431938 -0.065510013222158256 0.023187898662747061 -0.083617889303370399 0.049711218212680867 -0.079323524696227693 -0.076083840970147296 0.059101455405375071 -0.070687419834682796 -0.073080563538801172 0.05631881880091133 -0.091632087811833032 -0.094046613511693786 0.051963304958143698 0.060846602254879027 0.057335650010573252 0.051155688695225111 0.057156365377420582 -0.096121287056964683 0.062976930787900773 0.060816420775958779
leaf_weight=7.0015154902357635 28.107851007720459 83.291609957581386 30.655409169383347 11.10278805694543 6871.579637219198 42.030068138148636 7.1062170530203721 1.570133477449416 1.3429952142760146 16.630110411671922 5.0980126322247079 26.045917109586298 4.6582297384738913 10.696547346655281 6.8293238366022697 2.3419267341960213 1570.4227523249574 1.837489649420603 1.2256845273077477 168.85629477258772 2.3584775761701158 3.1997812301851791 79.098199565894902 5.0111603061668575 12.974695134675128 5.3379111313261109 15.37548645865172 3.0557361263781786 5376.5916447322816 99.309345431625843
leaf_count=832 144 11539 3368 145 737168 4395 870 152 149 1850 585 63 254 113 513 197 1447 185 124 666 66 67 223 12 82 17 16 43 2664 51
internal_value=-4.46438e-10 0.058786 0.0601615 0.0606753 -0.0638143 -0.0227688 0.0215978 0.0610595 0.00845414 -0.0259474 0.0146312 0.0612115 0.0459339 0.0491239 -0.00056988 0.0405022 0.0616236 0.0496201 0.0541977 0.0553863 0.0579446 0.0434725 0.0471221 0.000485144 0.04549 0.0587586 0.0361036 -0.002461 0.0627496 0.0529981
internal_weight=14500.7 7547.74 7464.45 7433.79 6953 81.4236 39.3935 7400.96 21.3192 32.8309 16.2008 7379.64 193.836 189.178 17.5259 32.2873 7185.81 29.9453 171.652 170.082 1683.86 89.6676 87.3091 8.21094 14.3177 1594.19 23.7691 8.39365 5501.95 125.355
internal_count=768000 25041 13502 10134 742959 5791 1396 7554 1063 2580 730 6491 1822 1568 626 526 4669 329 942 790 1891 368 302 79 231 1523 76 60 2778 114
is_linear=0
shrinkage=0.05


Tree=9
num_leaves=31
num_cat=0
split_feature=11 34 4 12 11 6 34 57 69 12 12 1 0 10 1 58 49 25 38 6 13 36 10 2 3 2 13 49 17 57
split_gain=20216.5 474.33 176.932 91.5014 51.9911 56.0667 23.8399 20.917 21.0201 19.3004 18.2247 17.2641 12.3886 12.0967 13.2072 12.2059 33.3153 11.3082 9.88121 6.95912 10.2942 10.9913 10.7369 6.76518 34.425 52.5448 11.0501 19.1761 6.61966 6.13717
threshold=1.891812860965729 5.0054175853729257 1.0000000180025095e-35 0.93095237016677868 2.0263158082962041 1.0000000180025095e-35 3.9324661493301396 0.28493440151214605 9.2674760818481463 1.118055582046509 0.53589746356010448 12.500000000000002 11.500000000000002 3.7500000000000004 18.500000000000004 0.34780257940292364 11.716820716857912 45.357143402099616 0.46905435621738439 1.0000000180025095e-35 285.18365478515631 0.9260777235031129 7.7500000000000009 2.5000000000000004 1.5000000000000002 1.5000000000000002 335.12585449218756 15.304764270782472 0.86389848589897167 0.87518799304962169
decision_type=2 2 2 2 2 2 2 2 2 2 2 2 2 2 2 2 2 2 2 2 2 2 2 2 2 2 2 2 2 2
left_child=1 2 3 7 5 6 12 8 18 11 23 -5 -2 14 -12 19 -17 29 -1 -15 21 22 -21 24 25 -9 -27 -28 -14 -16
right_child=4 -3 -4 9 -6 -7 -8 10 -10 -11 13 -13 28 15 17 16 -18 -19 -20 20 -22 -23 -24 -25 -26 26 27 -29 -30 -31
leaf_value=0.053915137397148316 -0.066693408746818991 -0.062769600473909767 -0.062722826254403952 0.048544742970049209 -0.062607965829671486 -0.062655868967905926 -0.062605374786703791 -0.09146191388589088 -0.065763979444074402 -0.063605568621322967 -0.071436210637194894 -0.063648362665203184 -0.07334733789162369 0.059304245898898128 -0.071745854527402994 0.053398240885261031 -0.093184957256160578 -0.075278542536529533 -0.067726933540605938 -0.093209326619017319 0.051929026809759783 0.040756874995369619 0.034765877270047749 0.06157900933487135 0.059352554293717052 0.049533054290716416 -0.096634940639814412 0.038799394711773322 0.053361710773301763 0.048280579589884284
leaf_weight=15.51202122541145 2.5260130781680372 81.530135250766762 29.97743948479183 11.070036613615232 6738.6464291420998 41.163792028557509 6.965401431079953 8.5895520055200887 6.3026937856338909 16.18064625794068 3.377705947263169 4.967522603692486 1.0699400671292121 414.64020398259163 1.1146357590332687 14.966641276609154 5.2311232909560195 2.2007707215379915 1.8708330027293403 3.7442436348646906 372.17163958027959 14.095006859861313 2.9148529954254627 4295.8261972493492 2013.8158386566211 54.613353791180998 3.7811447298154226 8.4644863950088602 28.153845048043877 23.922008393798023
leaf_count=127 275 11539 3368 145 737168 4395 870 253 747 1850 315 585 100 389 115 30 113 197 212 75 998 69 12 2188 1302 92 43 21 151 256
internal_value=-4.65356e-09 0.0571663 0.0585005 0.0589983 -0.0621326 -0.0220312 0.0211628 0.059371 0.0124606 -0.0250778 0.0595244 0.0137937 0.0395401 0.0526842 0.0218205 0.0538257 0.0154339 0.0333852 0.0408234 0.0547859 0.0500179 0.0157466 -0.0371914 0.060444 0.0581103 0.0249518 0.0399078 -0.00301934 0.0487226 0.042937
internal_weight=14229.4 7410.88 7329.35 7299.37 6818.53 79.879 38.7152 7267.15 23.6855 32.2182 7243.47 16.0376 31.7498 858.379 30.6151 827.764 20.1978 27.2374 17.3829 807.566 392.926 20.7541 6.6591 6385.09 2089.26 75.4485 66.859 12.2456 29.2238 25.0366
internal_count=768000 25041 13502 10134 742959 5791 1396 7554 1086 2580 6468 730 526 2569 883 1686 143 568 339 1543 1154 156 87 3899 1711 409 156 64 251 371
is_linear=0
shrinkage=0.05


Tree=10
num_leaves=31
num_cat=0
split_feature=11 34 4 12 11 6 12 34 11 57 69 57 6 10 17 34 14 12 13 34 38 6 1 57 3 10 34 49 69 69
split_gain=18876.3 443.993 159.38 85.3291 48.9005 52.161 27.189 21.9291 17.2989 16.9285 18.714 14.6034 12.9414 17.0086 17.8856 11.6958 12.0899 11.5966 10.3716 8.13662 7.35749 6.84563 11.9497 6.51725 6.03531 12.1699 5.54154 7.71169 13.1247 22.913
threshold=1.891812860965729 4.7775061130523691 1.0000000180025095e-35 0.86190477013587963 2.0263158082962041 1.0000000180025095e-35 1.118055582046509 3.9324661493301396 1.5941176414489748 0.28493440151214605 9.2674760818481463 0.8864782750606538 1.0000000180025095e-35 4.7500000000000009 0.94149968028068554 5.0054175853729257 4.9539823532104501 0.67708334326744091 346.13340759277349 2.3654773235321049 0.25319968163967138 2.5000000000000004 23.500000000000004 0.79272520542144786 1.0000000180025095e-35 7.7500000000000009 3.7351663112640385 13.333272933959963 9.0468797683715838 10.337329387664797
decision_type=2 2 2 2 2 2 2 2 2 2 2 2 2 2 2 2 2 2 2 2 2 2 2 2 2 2 2 2 2 2
left_child=1 2 3 9 5 7 8 17 11 10 19 -5 26 14 -14 16 -3 23 21 -1 -13 22 -16 -2 25 -15 -11 28 -28 -30
right_child=4 15 -4 6 -6 -7 -8 -9 -10 12 -12 20 13 24 18 -17 -18 -19 -20 -21 -22 -23 -24 -25 -26 -27 27 -29 29 -31
leaf_value=0.05248043233089137 -0.069913431940662948 -0.066111921850121866 -0.061256327855580474 -0.070052850506592962 -0.061152163758628843 -0.061202952076026919 -0.062057352091641128 -0.061155747440432388 -0.065668775853957237 0.059782713004773815 -0.063874653386752814 -0.071955365762231244 -0.068677717664775539 -0.081186220440416415 -0.074228623871498201 -0.061307277577972802 0.05055608312219028 -0.065546285144568645 -0.072018986831433374 -0.066418841344839052 0.049013821442132101 0.050763551371225048 0.04875412922887451 0.051483251819263082 0.055627438310564617 0.041818219708482186 0.053649853893572942 0.056237365625689477 -0.098037733838407026 0.035182305057481496
leaf_weight=15.24015566008166 1.1511832717806161 3.9896568944677693 28.288420616881922 3.1683197333477464 6596.4018152640201 40.341739415191114 15.389430513605474 6.8084352302830657 5.3591664107516399 5183.7183733056299 5.6557336586993179 1.319754824507984 4.6000071533489963 2.2484009638428715 3.2799039466772211 79.928411887376569 5.0077156671322882 2.5001559106167397 2.151485691079869 1.5888970072846849 26.416036950657144 33.018223923631012 4.9654291952028871 27.909704211167991 1587.0507205547765 19.034188563004136 27.09487375523895 183.64003754290752 4.5713313822634509 10.98042457224801
leaf_count=123 116 450 3189 286 737168 4395 1764 870 577 2751 686 109 477 110 257 11539 50 274 194 184 181 192 33 136 1482 104 40 202 32 29
internal_value=-7.17799e-10 0.0558134 0.0571908 0.05766 -0.0606847 -0.0215075 -0.00637178 0.0202283 0.0172601 0.0581266 0.0148109 0.031641 0.0582644 0.0543973 0.0250729 -0.0552234 -0.00117739 0.0377847 0.0350062 0.0412547 0.0432577 0.0405865 -0.000167074 0.0466744 0.0552727 0.0288234 0.0594484 0.0517893 0.0326354 -0.00397681
internal_weight=13932.8 7257.71 7168.78 7140.49 6675.11 78.7112 51.6527 38.3695 36.2633 7088.84 22.4848 30.9041 7066.35 1656.35 48.015 88.9258 8.99737 31.561 43.415 16.8291 27.7358 41.2636 8.24533 29.0609 1608.33 21.2826 5410.01 226.287 42.6466 15.5518
internal_count=768000 25041 13002 9813 742959 5791 2917 1396 1153 6896 993 576 5903 2849 1153 12039 500 526 676 307 290 482 290 252 1696 214 3054 303 101 61
is_linear=0
shrinkage=0.05


Tree=11
num_leaves=31
num_cat=0
split_feature=11 34 4 12 11 6 12 34 57 2 11 57 12 7 34 14 4 69 13 54 18 10 10 10 34 16 14 23 49 10
split_gain=17637.1 413.778 148.536 78.5508 45.862 48.47 27.5561 20.3159 17.1211 19.0785 16.9037 14.9499 14.4833 11.2394 10.9487 11.0023 9.68454 9.24888 11.1395 13.8639 9.35556 15.0261 9.91164 26.7628 11.1995 11.4118 7.84732 12.5249 6.23285 5.80976
threshold=1.891812860965729 4.7775061130523691 1.0000000180025095e-35 0.83974358439445507 2.0263158082962041 1.0000000180025095e-35 1.118055582046509 3.9324661493301396 0.27390757203102117 2.5000000000000004 1.5941176414489748 0.8864782750606538 0.5419580638408662 1.0000000180025095e-35 5.0054175853729257 4.9539823532104501 1.0000000180025095e-35 11.259000301361086 398.17970275878912 0.086761597543954863 0.34717589616775518 7.2500000000000009 6.7500000000000009 6.2500000000000009 1.2326236367225649 0.57821983098983776 3.0733824968338017 3.8207181692123418 13.210867404937746 8.7500000000000018
decision_type=2 2 2 2 2 2 2 2 2 2 2 2 2 2 2 2 2 2 2 2 2 2 2 2 2 2 2 2 2 2
left_child=1 2 3 8 5 7 10 13 9 -1 11 -5 29 16 15 -3 -2 26 20 -20 22 -22 23 24 25 -19 -14 -28 -26 -10
right_child=4 14 -4 6 -6 -7 -8 -9 12 -11 -12 -13 17 -15 -16 -17 -18 18 19 -21 21 -23 -24 -25 28 -27 27 -29 -30 -31
leaf_value=-0.062488209521244287 0.05235565032005083 -0.063788326208319576 -0.059990845298229414 -0.068604024343798517 -0.059894224299255117 -0.059943184414389054 -0.060686309019939426 -0.059897957923059866 0.055901457966502935 0.04373819707903838 -0.064048649027475257 0.041426473832063937 0.055096520584267797 -0.070773838475893969 -0.060035039685787439 0.048012813425266455 -0.066325180155903718 0.059286941856890318 0.066804352768681394 -0.094586304750154698 0.033992974215210428 -0.095297400401233356 0.053949788148670477 -0.095843150943565769 -0.084322627641786857 -0.083556031504876227 -0.086049889886387163 0.039375022184925036 0.046504617269581994 0.058998974460890447
leaf_weight=6.1931179400999126 26.980745575390763 3.9525160503108037 27.561273217201233 3.4120973183307788 6433.5451847708318 39.316537970211357 14.965299827512352 6.6555116153322151 2619.0495879930677 13.313532216008751 5.3871767970267674 32.411600084044039 466.4098376003094 2.2694930308498433 77.82557879795786 4.9645688994787633 1.8358919178135682 2.2958807777613393 2.2522865980863562 3.2519412580877542 8.4521688658278418 3.061169513501226 134.18697015196085 3.9352316455915561 0.92420681519433756 3.5761208354961127 2.45295845135115 10.55576605373062 60.920555987861007 3587.2178097749129
leaf_count=775 144 450 3189 311 737168 4395 1764 870 2107 189 599 322 789 197 11539 50 185 3 2 45 79 38 157 39 35 154 90 119 336 1860
internal_value=-3.45957e-09 0.0545123 0.055855 0.0563122 -0.059435 -0.0210906 -0.00257432 0.0193833 0.0567896 0.0100126 0.0185284 0.0309464 0.0569217 0.0363573 -0.0540221 -0.00154327 0.0447946 0.050116 0.0417 -0.0285465 0.043479 -0.000382785 0.0459323 0.0309175 0.0382839 -0.0277062 0.0540282 0.0157246 0.0445495 0.0576918
internal_weight=13609.1 7098.53 7011.79 6984.23 6510.6 77.0582 56.1762 37.7416 6928.05 19.5067 41.2109 35.8237 6908.54 31.0861 86.7427 8.91708 28.8166 702.275 222.857 5.50423 217.352 11.5133 205.839 71.652 67.7168 5.872 479.419 13.0087 61.8448 6206.27
internal_count=768000 25041 13002 9813 742959 5791 2996 1396 6817 964 1232 633 5853 526 12039 500 329 1886 888 47 841 117 724 567 528 157 998 209 371 3967
is_linear=0
shrinkage=0.05


Tree=12
num_leaves=31
num_cat=0
split_feature=11 34 4 12 11 6 12 34 10 10 17 11 57 6 17 49 13 12 34 14 57 10 49 17 57 69 24 69 12 2
split_gain=16531.4 388.694 139.363 74.8239 43.29 45.4686 25.5097 18.9829 18.3871 22.6926 20.2193 15.2776 13.0452 11.9274 11.9346 18.4089 11.5786 10.3976 10.0373 10.2249 9.92928 6.9451 7.33197 5.82075 5.35521 9.00833 15.1912 16.9478 10.3077 15.4339
threshold=1.891812860965729 4.7775061130523691 1.0000000180025095e-35 0.83974358439445507 2.0263158082962041 1.0000000180025095e-35 1.118055582046509 3.9324661493301396 4.7500000000000009 4.2500000000000009 0.75012463331222545 1.5941176414489748 0.8864782750606538 1.0000000180025095e-35 0.68913918733596813 11.891920089721681 338.08851623535162 0.67708334326744091 5.0054175853729257 4.9539823532104501 0.94138094782829296 2.7500000000000004 13.257382392883303 0.86389848589897167 0.70381441712379467 8.6854124069213885 0.65151515603065502 9.31555223464966 0.25543478131294256 2.5000000000000004
decision_type=2 2 2 2 2 2 2 2 2 2 2 2 2 2 2 2 2 2 2 2 2 2 2 2 2 2 2 2 2 2
left_child=1 2 3 8 5 7 11 17 9 10 -1 12 -5 24 15 -15 21 23 19 -3 -18 22 -12 -2 25 -10 27 -27 29 -28
right_child=4 18 -4 6 -6 -7 -8 -9 13 -11 16 -13 -14 14 -16 -17 20 -19 -20 -21 -22 -23 -24 -25 -26 26 28 -29 -30 -31
leaf_value=-0.063632767652297612 -0.066902338568181882 -0.06190132946242255 -0.058892370254929244 -0.066155071002802449 -0.058801185052088305 -0.05884706657137171 -0.059507396935519152 -0.058808062791929641 0.056142356883959188 -0.076014255072846926 0.03378768299914077 -0.062387883775548769 0.038947603485367938 0.046293481650431817 0.052657769864181525 -0.072710289489887864 -0.074562789852436182 -0.063069264464827038 -0.058930827506829556 0.045365118260496384 0.032873972720098392 0.050743520544758551 -0.070922073554909412 0.048782484288736355 0.057677172081582739 0.02823616779007625 -0.087820978214050799 -0.093832705249026066 0.052305380224865076 0.051347431456906178
leaf_weight=4.3704802816500878 1.1331858423072905 4.0462457803077978 26.886237608967349 3.250275887316092 6263.1405972694047 38.257152110338211 14.586679600179194 6.4780130544677368 235.8053574077785 4.1307012480683616 5.7210293959360552 5.2093304325826457 32.206493918783963 9.9786489964462799 1528.2671015155502 4.8191544967703512 3.579633169109 2.4620792944915584 75.793002461083233 4.9266585526056588 5.386874329065904 153.14340758929029 2.3620508369058371 26.876882201526314 4712.5410910849459 8.371774632483719 3.4356886185705644 4.3059086920693508 67.728142673149705 4.7417412376962602
leaf_count=504 116 450 3189 311 737168 4395 1764 870 193 237 91 599 322 81 1552 381 254 274 11539 50 107 455 189 136 2410 31 128 77 111 16
internal_value=1.29638e-09 0.0534008 0.0547194 0.0551677 -0.0583484 -0.0206397 -0.00278123 0.0189192 0.0556414 0.0398161 0.042557 0.0175661 0.029313 0.0560712 0.0522251 0.00753789 0.0452839 0.0354431 -0.0530109 -0.00300567 -0.0100172 0.0483594 0.00318923 0.0441023 0.0572494 0.0510354 0.037441 -0.0132239 0.045903 -0.00712318
internal_weight=13263.9 6925.59 6840.83 6813.94 6338.35 75.2073 55.2528 36.9502 6758.69 178.694 174.563 40.6661 35.4568 6579.99 1543.06 14.7978 170.193 30.4721 84.7659 8.9729 8.96651 161.226 8.08308 28.0101 5036.93 324.389 88.5833 12.6777 75.9056 8.17743
internal_count=768000 25041 13002 9813 742959 5791 2996 1396 6817 1837 1600 1232 633 4980 2014 462 1096 526 12039 500 361 735 280 252 2966 556 363 108 255 144
is_linear=0
shrinkage=0.05


Tree=13
num_leaves=31
num_cat=0
split_feature=11 34 4 12 11 6 34 12 12 34 6 11 56 38 16 11 17 49 57 7 4 49 0 17 56 49 10 7 1 39
split_gain=15518.2 366.664 121.871 63.9969 40.8158 42.4432 31.0912 26.2017 23.0695 17.5801 16.9101 19.5822 18.8676 16.5275 14.8056 13.1642 11.0443 15.9526 10.8776 9.69504 8.5974 6.55423 5.12845 4.8037 4.60544 16.0057 4.03104 8.80246 28.3647 25.0595
threshold=1.891812860965729 4.3907327651977548 1.0000000180025095e-35 0.83974358439445507 2.0263158082962041 1.0000000180025095e-35 5.0054175853729257 0.40588235855102545 1.118055582046509 3.9324661493301396 1.0000000180025095e-35 1.5119047760963442 0.63673019409179699 0.24140180647373202 0.68490269780159008 1.5941176414489748 0.68913918733596813 11.891920089721681 0.8864782750606538 1.0000000180025095e-35 1.0000000180025095e-35 12.093477725982668 14.500000000000002 0.92417654395103466 0.63178947567939769 12.705440521240236 7.7500000000000009 1.0000000180025095e-35 25.500000000000004 0.062043746933341033
decision_type=2 2 2 2 2 2 2 2 2 2 2 2 2 2 2 2 2 2 2 2 2 2 2 2 2 2 2 2 2 2
left_child=1 2 3 10 5 9 7 14 15 19 26 16 -13 -14 -3 18 17 -12 -5 20 -2 -15 -18 -23 -20 -26 27 -1 -29 -30
right_child=4 6 -4 8 -6 -7 -8 -9 -10 -11 11 12 13 21 -16 -17 22 -19 24 -21 -22 23 -24 -25 25 -27 -28 28 29 -31
leaf_value=0.055328935917872336 0.049416991146929073 -0.070907368940993393 -0.057922794029485664 -0.06432720598853961 -0.057845944546358122 -0.05789055954933895 -0.057965144552228759 -0.064857396533318956 -0.058487748012808365 -0.057852935185677981 0.043563084003058791 -0.067067010659092818 -0.073848451046467437 -0.082019927571872986 0.048745592548393779 -0.06106578817850105 0.046829918777976445 -0.06909075916726766 0.053367282596441835 -0.067543992912934905 -0.063882334832388185 -0.072288690446602244 0.053485895654474563 0.043031626184477118 0.047884914500209957 -0.076476435505480611 0.057060598865917612 0.048636056718997983 -0.09395731887140707 0.060866615059950335
leaf_weight=1350.5025071431883 25.969648854807026 2.9999932409264209 24.291869671549648 2.871732246130704 6082.6451820150251 37.121974637033418 73.572603347478434 10.229247733135706 13.023176918271927 6.2820338206365696 9.9206811119802278 5.4018426581751546 3.519528594100847 1.1088929893448938 18.704823451349512 4.6105904880678272 395.58366492250934 4.5994822701904914 18.544534142129127 2.1735159562667823 1.7897688976954658 0.92011410556733508 1078.1883213738911 48.647095836466178 9.7137711630202812 3.5266007916070512 3492.6969224702334 159.65850164974108 6.7783828794490528 4.2537086009979248
leaf_count=904 144 271 2902 286 737168 4395 11539 1031 1635 870 98 519 231 44 54 551 689 412 65 197 185 69 803 320 56 186 1982 298 94 2
internal_value=-2.37069e-10 0.0523952 0.053865 0.0542756 -0.0573989 -0.0203205 -0.0400831 0.00111523 -0.00081972 0.0181904 0.0547147 0.0501464 0.0220429 0.0309248 0.0322074 0.0183062 0.0512718 0.00787827 0.0288655 0.0341497 0.0421121 0.0382014 0.0516993 0.0408909 0.0372854 0.014761 0.056125 0.0539767 0.0432782 -0.0342609
internal_weight=12899.9 6743.87 6638.36 6614.07 6155.98 73.3369 105.507 31.9341 52.2904 36.215 6561.78 1547.89 59.5975 54.1956 21.7048 39.2672 1488.29 14.5202 34.6566 29.9329 27.7594 50.6761 1473.77 49.5672 31.7849 13.2404 5013.89 1521.19 170.691 11.0321
internal_count=768000 25041 12146 9244 742959 5791 12895 1356 2779 1396 6465 3185 1183 664 325 1144 2002 510 593 526 329 433 1492 389 307 242 3280 1298 394 96
is_linear=0
shrinkage=0.05


Tree=14
num_leaves=31
num_cat=0
split_feature=11 34 4 12 11 6 34 12 12 36 12 6 10 17 16 13 7 49 11 29 3 24 57 58 34 56 10 17 69 17
split_gain=14598.7 341.132 114.504 60.2608 38.6721 39.954 30.1982 28.8638 24.8675 18.1054 16.545 15.7461 17.516 16.0373 11.9655 11.1782 10.4429 9.46391 8.28629 7.88246 7.85906 10.2515 7.48631 6.43409 5.24073 10.1721 13.1926 11.8757 4.90669 4.52316
threshold=1.891812860965729 4.3907327651977548 1.0000000180025095e-35 0.77350428700447094 2.0263158082962041 1.0000000180025095e-35 5.0054175853729257 1.118055582046509 0.40588235855102545 0.89543563127517711 0.67708334326744091 1.0000000180025095e-35 4.7500000000000009 0.94149968028068554 0.68490269780159008 393.09059143066412 1.0000000180025095e-35 15.57994604110718 1.6568627357482912 16.854638099670414 1.0000000180025095e-35 0.92857143282890331 0.79272520542144786 0.18812657147645953 0.78192403912544262 0.84861218929290783 10.750000000000002 0.95363852381706249 7.6785573959350595 0.69855517148971569
decision_type=2 2 2 2 2 2 2 2 2 2 2 2 2 2 2 2 2 2 2 2 2 2 2 2 2 2 2 2 2 2
left_child=1 2 3 11 5 10 8 9 14 -5 16 29 13 -13 -3 18 22 23 28 -20 21 -14 -2 -15 25 -22 27 -27 -11 -1
right_child=4 6 -4 7 -6 -7 -8 -9 -10 15 -12 12 20 17 -16 -17 -18 -19 19 -21 24 -23 -24 -25 -26 26 -28 -29 -30 -31
leaf_value=0.043503283982197605 -0.061421100270456157 -0.065374477315213911 -0.057083870563816641 -0.067591129718241424 -0.057007792449011496 -0.057052524624926743 -0.057120359883251481 -0.057585554697685684 -0.062535127982917812 -0.072797705690943446 -0.058699812090022813 -0.062107929594317469 -0.076232296251413784 -0.072188942800687605 0.047505750250281309 -0.087503677728038645 -0.063266371681460265 -0.069489289032288695 -0.062494760153816491 0.053651425235790584 0.045546363752928976 0.032767369556632842 0.049038350916734155 0.04161553653033602 0.051526525824396201 0.044423999668152775 0.064318155837999907 -0.093909983646707385 0.041094924393400539 0.05551377002393864
leaf_weight=79.698171124211513 1.6331971825566203 2.6935966517776313 23.551326288376004 5.0321117987623429 5897.7764183151303 35.967271660920233 71.058085429132916 12.613665074575691 10.085295421071349 0.96032061451114614 5.887345577706582 5.6028816680191076 2.4048869337420937 1.2972575402818645 18.279295765794814 1.9504521973431099 2.5651921117678276 2.250637312186881 4.0526732263388103 2.2841278568375856 68.375728067476302 20.938643905101344 25.233450265834108 29.136873188428581 1341.3290387450252 2.32385505735874 4.1840297598391771 4.667816505767405 61.963802087353542 4775.9032341125421
leaf_count=447 220 271 2902 436 737168 4395 11539 1635 1031 64 701 634 131 92 54 65 303 166 443 11 109 195 172 222 1254 2 3 49 493 2793
internal_value=9.98536e-10 0.0515277 0.0529631 0.0533663 -0.0565653 -0.019959 -0.0391443 0.0124762 0.00198318 0.0240672 0.0178152 0.0539396 0.0494293 0.0160501 0.0330083 0.0305442 0.0331207 0.0294481 0.0338685 -0.0206294 0.0503143 0.0215381 0.0423236 0.0367646 0.050787 0.038318 -0.00590661 -0.0479313 0.0393567 0.0553166
internal_weight=12521.7 6552.64 6450.52 6426.97 5969.06 71.2865 102.116 88.8572 31.0582 76.2435 35.3192 6338.11 1482.51 38.2876 20.9729 71.2114 29.4318 32.6848 69.2609 6.3368 1444.22 23.3435 26.8666 30.4341 1420.88 79.5514 11.1757 6.99167 62.9241 4855.6
internal_count=768000 25041 12146 9244 742959 5791 12895 3147 1356 1512 1396 6097 2857 1114 325 1076 695 480 1011 454 1743 326 392 314 1417 163 54 51 557 3240
is_linear=0
shrinkage=0.05


Tree=15
num_leaves=31
num_cat=0
split_feature=11 34 4 12 11 6 12 6 10 17 34 54 17 49 34 0 14 13 12 13 6 2 11 57 1 6 1 34 17 25
split_gain=13728.8 319.702 117.778 61.4741 36.3665 36.5984 19.7368 18.9819 20.0912 17.4316 16.9722 11.6396 10.0802 14.0187 8.75426 8.6846 8.4755 7.4605 6.66818 10.938 8.49257 17.7054 7.77012 12.0521 6.62818 6.0994 9.98391 5.82498 15.3868 10.7842
threshold=1.891812860965729 4.7775061130523691 1.0000000180025095e-35 0.86190477013587963 2.0263158082962041 1.0000000180025095e-35 1.118055582046509 1.0000000180025095e-35 4.7500000000000009 0.94149968028068554 3.9324661493301396 1.3314403891563418 0.68913918733596813 11.891920089721681 5.0054175853729257 11.500000000000002 4.9539823532104501 346.13340759277349 0.63961037993431102 285.18365478515631 2.5000000000000004 5.5000000000000009 1.2565789222717287 0.94891422986984264 13.500000000000002 2.5000000000000004 23.500000000000004 4.1185941696167001 0.90998038649559032 56.666666030883796
decision_type=2 2 2 2 2 2 2 2 2 2 2 2 2 2 2 2 2 2 2 2 2 2 2 2 2 2 2 2 2 2
left_child=1 2 3 7 5 10 11 27 9 -9 15 24 13 -10 16 -2 -3 25 -14 -20 21 22 -21 -24 -5 26 -11 -1 29 -29
right_child=4 14 -4 6 -6 -7 -8 8 12 17 -12 -13 18 -15 -16 -17 -18 -19 19 20 -22 -23 23 -25 -26 -27 -28 28 -30 -31
leaf_value=0.054511614714608241 -0.059732174104595831 -0.058602099867767155 -0.056350550393150449 0.047904124819531199 -0.056270858818390425 -0.056314623991861414 -0.056783629716918707 -0.060741370823928234 0.040671682689620368 -0.068066963322938517 -0.056306231914818587 -0.033535302717381664 0.050411599781031727 -0.067238789550910102 -0.056375994082963982 0.041043992169321544 0.043582866604651868 -0.064686193184168558 -0.08070914117414274 0.043410420348938293 0.051191906428797423 -0.081625927541214019 -0.084853508429846042 0.029440840611226145 -0.015133108667713344 0.043324525047200191 0.041793974029788801 -0.08477080797933767 0.047962393397772661 0.056316766233004523
leaf_weight=4682.0201041398104 2.3281742157414582 3.6493799265008402 25.012256576213986 18.507633923087273 5701.2124382017646 34.767951058922336 13.234028287464751 6.436050536343827 9.5244967653416079 3.5853377887979132 6.5774929595645508 8.8106936607509834 1289.6714604245499 4.4000732162967315 68.813877199310809 26.149419462075457 4.5708268648013473 2.06864622212015 1.8948378860950459 38.86673170607537 74.800308829173446 3.6221191401127717 3.2574571529403311 7.9007730707526207 5.3828836400061837 30.110876627732068 4.8865962908603251 4.0433035802561781 39.306644411059096 2.0366218090057373
leaf_count=3191 275 450 3189 118 737168 4395 1764 756 83 257 870 689 1100 386 11539 251 50 194 58 72 121 112 78 49 346 192 33 134 79 1
internal_value=-1.36965e-09 0.0506899 0.0519319 0.052365 -0.0558316 -0.019966 -0.00526422 0.0527914 0.0478519 0.015715 0.0160849 0.0155854 0.0489072 0.00657268 -0.0505504 0.0328051 -0.00178239 0.0278198 0.0493223 0.0385447 0.0403039 0.0251227 0.032852 -0.00392547 0.0337009 0.0327795 -0.00469937 0.0543388 0.0365126 -0.03751
internal_weight=12127.4 6356.41 6279.38 6254.37 5771.04 69.823 45.9352 6208.43 1481.03 47.0875 35.0551 32.7012 1433.94 13.9246 77.0341 28.4776 8.22021 40.6515 1420.01 130.342 128.447 53.6471 50.025 11.1582 23.8905 38.5828 8.47193 4727.41 45.3866 6.07993
internal_count=768000 25041 13002 9813 742959 5791 2917 6896 3491 1432 1396 1153 2059 469 12039 526 500 676 1590 490 432 311 199 127 464 482 290 3405 214 135
is_linear=0
shrinkage=0.05


Tree=16
num_leaves=31
num_cat=0
split_feature=11 34 4 12 11 6 34 12 12 6 11 34 36 29 11 34 18 57 58 17 49 34 36 36 57 17 29 27 13 6
split_gain=12913.4 301.411 101.024 52.4655 34.4748 34.1634 26.9626 21.8503 19.4386 17.2497 17.3722 15.6821 14.8743 10.901 10.8577 9.52255 16.6034 9.23935 8.25915 7.93972 11.3359 6.95359 7.12384 6.60929 6.32781 6.00329 10.3975 12.2107 8.25933 4.98689
threshold=1.891812860965729 4.3907327651977548 1.0000000180025095e-35 0.83974358439445507 2.0263158082962041 1.0000000180025095e-35 5.0054175853729257 0.40588235855102545 1.118055582046509 1.0000000180025095e-35 1.433035731315613 3.9324661493301396 0.80890613794326793 13.135899066925051 1.5941176414489748 1.3031104803085329 0.24799410253763202 0.8864782750606538 0.23970581591129306 0.68913918733596813 11.891920089721681 3.5842828750610356 0.84389334917068493 0.78601953387260448 0.79272520542144786 0.69855517148971569 10.71738386154175 45.584415435791023 322.14311218261724 3.5000000000000004
decision_type=2 2 2 2 2 2 2 2 2 2 2 2 2 2 2 2 2 2 2 2 2 2 2 2 2 2 2 2 2 2
left_child=1 2 3 9 5 11 7 13 14 25 19 18 -12 23 17 16 -14 -5 -2 20 -11 -17 -23 -3 -20 26 -1 28 -28 -21
right_child=4 6 -4 8 -6 -7 -8 -9 -10 10 12 -13 15 -15 -16 21 -18 -19 24 29 -22 22 -24 -25 -26 -27 27 -29 -30 -31
leaf_value=0.04935119452580139 -0.062433142452094803 -0.060510921016575438 -0.055690468438871613 -0.061150387332035178 -0.055620626338251704 -0.055661965361722292 -0.055716907651540928 -0.060501935906473382 -0.056100709289433483 0.039467588267613318 -0.062168190771042846 -0.055651050099171741 -0.082325458414242977 -0.076233455879251399 -0.058404869427041345 0.041131989004206136 0.031394109248716981 0.035621992715554086 -0.061630845662118107 0.049720841849841227 -0.063888930060347654 0.055066709852466394 -0.074521438452408245 0.053304023905224346 0.04532665156260602 0.053844764711215964 -0.073153646929117175 -0.076411499739529154 0.043504897216188276 0.027204732789572302
leaf_weight=60.159075139090419 2.1642294107005027 1.3834112917538828 21.983360768761486 2.6905431605409822 5498.8693995451322 33.531226238701493 66.451776271685958 9.5046739862300438 11.776011830428613 9.3269407101906818 4.3741977555910116 6.3489468931220463 4.7488048563245675 2.0925495037809005 4.1439596120035267 86.057954488904215 9.9035396620165539 29.618172204354778 1.4660813090158651 1278.2512786998414 3.7074278508080161 1.7582488206680853 2.6725447678472847 16.359287944156677 24.354243731824681 4486.6081442376599 1.7593543168623025 3.6343960384838274 11.024699113797395 25.073746809270233
leaf_count=106 218 165 2902 286 737168 4395 11539 1031 1635 84 492 870 170 127 551 524 92 307 163 1174 365 12 157 33 145 2823 107 176 68 115
internal_value=-1.28797e-09 0.0499088 0.0513 0.0516896 -0.0551835 -0.0197646 -0.0380905 0.00183132 -0.000251707 0.0521078 0.0473075 0.015294 0.0281734 0.0317002 0.0177903 0.0319319 -0.00546225 0.0275632 0.0313895 0.0488993 0.0100694 0.037987 -0.0230976 0.0444298 0.0392536 0.0536078 0.0397262 0.00445935 0.0274502 0.0492877
internal_weight=11721.8 6155.06 6059.27 6037.29 5566.73 67.8647 95.7917 29.3399 48.2287 5989.06 1425.87 34.3335 109.515 19.8352 36.4527 105.141 14.6523 32.3087 27.9846 1316.36 13.0344 90.4887 4.43079 17.7427 25.8203 4563.19 76.5775 16.4184 12.7841 1303.33
internal_count=768000 25041 12146 9244 742959 5791 12895 1356 2779 6465 3185 1396 1447 325 1144 955 262 593 526 1738 449 693 169 198 308 3280 457 351 175 1289
is_linear=0
shrinkage=0.05


Tree=17
num_leaves=31
num_cat=0
split_feature=11 34 4 12 11 6 17 10 7 12 34 6 17 12 3 10 4 34 6 29 14 12 6 56 11 54 10 38 49 1
split_gain=12150.1 281.813 103.705 56.3596 32.8158 32.1782 22.8585 18.7191 24.4596 18.5281 14.6525 12.8537 11.9344 11.7216 9.48252 10.4824 7.84987 7.80568 7.45655 7.43676 7.26563 7.17753 7.17649 6.75393 6.62878 5.83508 5.78574 5.96535 9.89976 14.3998
threshold=1.891812860965729 4.7775061130523691 1.0000000180025095e-35 0.80625000596046459 2.0263158082962041 1.0000000180025095e-35 0.96731731295585643 4.7500000000000009 1.0000000180025095e-35 0.72077924013137828 3.9324661493301396 1.0000000180025095e-35 0.75012463331222545 1.118055582046509 1.0000000180025095e-35 7.7500000000000009 1.0000000180025095e-35 5.0054175853729257 1.5000000000000002 10.481552600860597 4.9539823532104501 0.67708334326744091 1.0000000180025095e-35 0.4874474853277207 1.3405797481536867 0.90611216425895702 8.7500000000000018 0.25469110906124121 16.613677024841312 23.500000000000004
decision_type=2 2 2 2 2 2 2 2 2 2 2 2 2 2 2 2 2 2 2 2 2 2 2 2 2 2 2 2 2 2
left_child=1 2 3 7 5 10 19 8 12 -10 16 -9 -1 18 15 -13 25 20 23 22 -3 -14 -5 -8 -23 -2 27 28 -16 -30
right_child=4 17 -4 6 -6 -7 13 11 9 -11 -12 14 21 -15 26 -17 -18 -19 -20 -21 -22 24 -24 -25 -26 -27 -28 -29 29 -31
leaf_value=-0.060596893473456828 -0.065016172145763038 -0.05699415830408007 -0.055114168511984751 0.041618732542151995 -0.055044957084129743 -0.055084648997951652 0.045539401020929342 0.053139748331351704 -0.070180261980283043 0.037581164729591832 -0.055071565847631468 -0.071071795046862105 0.045406854892027192 -0.055626358522470734 0.039582465042013661 0.028820809821364132 -0.060635157689078324 -0.055134046946584664 0.039850005249391696 -0.060415053841248734 0.040853263345676211 0.051464535474286734 -0.058685310259339353 -0.068313202970307907 -0.067093299317223007 0.044119241211807617 0.05127043134922013 0.046679816592087052 -0.053885343887984216 0.05080384202810298
leaf_weight=2.8316815724829203 1.2911862430628449 3.3684069213923058 23.200785357737914 4.5126192991156158 5293.2393897034926 32.255674147512764 2.1731783631257704 4299.8733271685196 9.2882699925685319 6.9911586975213131 6.1053443441633126 3.0297744558192816 127.56003188667819 4.1502063446678212 82.227304735220969 19.71790619706735 2.1691604744410133 63.90377635328332 39.111296602757648 13.26634606963489 4.3437783615663648 2.0500309802591792 2.948378608096391 3.2516057341126725 2.7748489447403699 23.811353350058198 681.38696556258947 534.43417713907547 7.3253707922995073 5.9547606511041522
leaf_count=345 108 450 3189 61 737168 4395 18 2944 597 94 870 169 462 609 167 203 241 11539 447 1536 50 6 352 220 208 177 618 703 45 9
internal_value=-1.33338e-09 0.0491866 0.0503877 0.0508058 -0.0546093 -0.0194714 0.00601983 0.0513431 0.0339991 -0.0239024 0.0149454 0.0518095 0.0409701 0.0247413 0.0475219 0.0155161 0.0306201 -0.0493995 0.0322306 -0.0379549 -0.00188299 0.0431426 0.00198137 -0.0227036 -0.0167196 0.0385057 0.0480771 0.0446229 0.0331132 -0.00694311
internal_weight=11308.5 5949.68 5878.06 5854.86 5358.87 65.6327 69.4136 5785.45 151.496 16.2794 33.377 5633.95 135.217 48.6863 1334.08 22.7477 27.2717 71.616 44.5361 20.7273 7.71219 132.385 7.461 5.42478 4.82488 25.1025 1311.33 629.942 95.5074 13.2801
internal_count=768000 25041 13002 9813 742959 5791 3243 6570 1712 691 1396 4858 1021 1294 1914 372 526 12039 685 1949 500 676 413 238 214 285 1542 924 221 54
is_linear=0
shrinkage=0.05


Tree=18
num_leaves=31
num_cat=0
split_feature=11 34 4 12 11 6 10 7 10 12 57 69 12 34 56 2 11 23 17 13 14 11 16 10 10 3 7 57 6 12
split_gain=11438 265.133 97.2854 51.9153 31.3171 30.3771 19.4082 21.5659 17.4764 17.3232 15.2193 24.9948 13.8954 13.7216 11.1985 10.751 9.98577 9.92136 11.0411 9.35299 9.31741 8.413 14.9352 13.2755 8.47088 8.85429 16.4464 8.1702 8.04129 7.57826
threshold=1.891812860965729 4.7775061130523691 1.0000000180025095e-35 0.83974358439445507 2.0263158082962041 1.0000000180025095e-35 3.7500000000000004 1.0000000180025095e-35 3.2500000000000004 1.118055582046509 0.40444585680961614 9.2674760818481463 0.63961037993431102 3.9324661493301396 0.32015624642372137 5.5000000000000009 1.5941176414489748 3.6245100498199467 0.9602683186531068 259.13044738769537 0.28862111270427709 0.78019323945045482 0.58428743481636058 12.250000000000002 8.7500000000000018 1.0000000180025095e-35 1.0000000180025095e-35 0.8864782750606538 3.5000000000000004 0.67708334326744091
decision_type=2 2 2 2 2 2 2 2 2 2 2 2 2 2 2 2 2 2 2 2 2 2 2 2 2 2 2 2 2 2
left_child=1 2 3 6 5 13 7 8 28 16 11 14 21 29 -8 -14 27 -17 19 -19 -16 22 23 -12 25 26 -23 -5 -1 -2
right_child=4 -3 -4 9 -6 -7 10 -9 -10 -11 12 -13 15 -15 20 17 -18 18 -20 -21 -22 24 -24 -25 -26 -27 -28 -29 -30 -31
leaf_value=0.042539778639557269 0.038033358916913507 -0.04890415750808666 -0.054599271395123598 -0.058753243940627177 -0.054534544556439572 -0.054572308600242307 0.046693829870357181 -0.064446280393603034 -0.080654286094523187 -0.054913044592104415 0.042859543616785824 -0.065362626205843294 0.042537522271490269 -0.054558196699025445 0.053418060451978444 -0.087721129969487652 -0.056979250007005558 0.05008979961479381 0.040773580709836409 -0.08457138061385934 -0.089680960147192068 0.036921299093992825 0.044887760975855277 -0.057673186733098625 0.053714451779088436 0.049952329517576055 -0.080307231468236179 0.032800530234572224 -0.060328966664339005 -0.058341017888444313
leaf_weight=57.596620449330658 24.324105647625405 68.984049729770049 22.264322319300845 2.6635166999185484 5086.9415728810709 30.988414655905217 37.706548525951803 6.2390920723555601 3.2081607717555007 11.683083736803381 5.9829015843570215 6.8527321735746218 189.17876925226301 5.8640679345699018 1.8534844256937493 2.4956124396994737 4.2140762556809923 1.9196942988783146 14.82121753040701 3.9276328580453992 2.9448565486818552 19.015671186149124 81.672455261461437 7.2788878222927451 2892.1177237620577 2262.8574423282407 3.5505091324448577 28.628367390949279 1.9645593800814811 2.2265064069069913
leaf_count=399 252 12039 3189 311 737168 4395 214 537 138 1764 11 591 556 870 2 49 599 4 62 91 54 77 89 39 1773 1811 99 322 221 274
internal_value=1.71148e-09 0.0485281 0.0497129 0.050124 -0.0540993 -0.0191759 0.0505638 0.0242114 0.0330237 -0.00210077 0.0508924 0.023252 0.0511411 0.014663 0.0375386 0.0386007 0.0152769 0.0064491 0.0178196 -0.0403617 -0.0344052 0.0516462 0.0368963 -0.012319 0.0519166 0.0496415 0.0184768 0.0250076 0.0391468 0.0299515
internal_weight=10892 5741.62 5672.64 5650.37 5150.34 63.4031 5603.18 69.0084 62.7693 47.189 5534.18 49.3576 5484.82 32.4147 42.5049 212.343 35.506 23.1642 20.6685 5.84733 4.79834 5272.48 94.9342 13.2618 5177.54 2285.42 22.5662 31.2919 59.5612 26.5506
internal_count=768000 25041 13002 9813 742959 5791 6817 1295 758 2996 5522 861 4661 1396 270 762 1232 206 157 95 56 3899 139 50 3760 1987 176 633 620 526
is_linear=0
shrinkage=0.05


Tree=19
num_leaves=31
num_cat=0
split_feature=11 34 4 12 11 6 12 34 12 6 11 43 10 34 16 36 56 16 37 14 7 4 3 24 37 29 58 34 34 3
split_gain=10780.3 252.18 82.8252 48.4474 29.7252 28.343 25.2726 25.1487 21.387 14.0477 13.6696 13.6828 13.009 12.6493 12.1673 15.0549 10.5788 10.1649 9.24045 7.91358 7.50321 6.81157 6.72082 7.57662 6.48407 10.8343 18.09 7.15038 18.8481 6.31135
threshold=1.891812860965729 4.3533363342285165 1.0000000180025095e-35 0.69615384936332714 2.0263158082962041 1.0000000180025095e-35 1.118055582046509 5.0054175853729257 0.40588235855102545 1.0000000180025095e-35 1.3405797481536867 4.2696731090545663 4.7500000000000009 3.9324661493301396 0.93335407972335827 0.91417410969734203 0.63673019409179699 0.68490269780159008 0.95106130838394176 1.3543263077735903 1.0000000180025095e-35 1.0000000180025095e-35 1.0000000180025095e-35 0.92857143282890331 0.89498132467269909 13.890857219696047 0.35325813293457037 2.9131406545639043 3.3956162929534917 3.5000000000000004
decision_type=2 2 2 2 2 2 2 2 2 2 2 2 2 2 2 2 2 2 2 2 2 2 2 2 2 2 2 2 2 2
left_child=1 2 3 9 5 13 10 8 17 24 18 -12 16 20 15 -13 -11 -3 -5 -18 21 -2 23 -14 25 27 -27 -1 -29 -24
right_child=4 7 -4 6 -6 -7 -8 -9 -10 12 11 14 22 -15 -16 -17 19 -19 -20 -21 -22 -23 29 -25 -26 26 -28 28 -30 -31
leaf_value=0.049534611514267163 0.0438808587755301 -0.060766013695762157 -0.054140319624297495 -0.063132426840294034 -0.05408010088287131 -0.05411605970544632 -0.054444593731294379 -0.054182124152830614 -0.05944223491062231 -0.059626834156723041 -0.065940993740575105 -0.073014671777332146 -0.070964568945630718 -0.054103014569803376 -0.068278248881147002 0.036012803865255981 -0.067065063735727501 0.045106766075566712 0.040594791479861815 0.034100932069807771 -0.06225345896484439 -0.059891108925872155 0.048265796278007589 0.028587089531780657 0.052394303346276483 0.034877384905214998 -0.095143522902852759 -0.092616496997907097 0.038841859662360929 0.035701286929411546
leaf_weight=190.87990294466726 22.229073967551823 2.6040547974407735 19.271209254395217 2.2006212698761365 4882.8346852156101 29.744222604786046 10.26678891177289 59.50644713890506 9.5528451116988418 4.3155885684536797 6.0176302524050689 3.5309211808489627 2.1322684236802187 5.6287235196796237 3.9173116222955278 30.65815265418496 2.1170526257483315 17.521382911596447 88.243592581246048 22.241317414096557 2.0916260818485162 1.7024568880442519 1072.5498200892471 18.439173860475421 3818.4743705361616 10.208120791241525 3.6252093467628574 3.2129734829068211 18.014258003327996 110.21825458365493
leaf_count=298 144 301 2869 192 737168 4395 1618 11539 1097 521 467 236 121 870 279 401 137 58 384 247 197 185 1064 172 2602 66 42 41 91 198
internal_value=1.35103e-09 0.0479654 0.0493325 0.0497003 -0.0536454 -0.0190715 0.0211712 -0.0354313 0.00216496 0.0504834 0.0269402 0.00412477 0.045809 0.013861 0.0151893 0.0247528 0.0125251 0.0314078 0.038071 0.0253083 0.0285614 0.0364987 0.0466022 0.0182684 0.0519073 0.043677 0.000803665 0.0464732 0.0189442 0.047095
internal_weight=10474 5529.72 5440.53 5421.26 4944.23 61.3961 144.835 89.1847 29.6783 5276.43 134.568 44.124 1232.01 31.6519 38.1064 34.1891 28.674 20.1254 90.4442 24.3584 26.0232 23.9315 1203.34 20.5714 4044.41 225.94 13.8333 212.107 21.2272 1182.77
internal_count=768000 25041 12046 9177 742959 5791 3577 12995 1456 5600 1959 1383 2460 1396 916 637 905 359 576 384 526 329 1555 293 3140 538 108 430 132 1262
is_linear=0
shrinkage=0.05


Tree=20
num_leaves=31
num_cat=0
split_feature=11 34 4 12 11 6 12 10 7 6 36 34 12 17 17 49 34 12 43 18 6 14 57 17 12 23 54 11 16 23
split_gain=10152 236.016 90.8005 51.9577 28.4821 26.821 20.5961 19.0631 23.9959 15.1075 12.8997 11.8838 11.6705 10.2165 9.3846 9.86484 8.08073 7.28862 7.07893 6.16855 6.02354 29.0512 9.00734 5.64371 6.93402 5.9144 5.63898 5.53798 7.28281 7.01697
threshold=1.891812860965729 5.0054175853729257 1.0000000180025095e-35 0.77350428700447094 2.0263158082962041 1.0000000180025095e-35 1.118055582046509 4.7500000000000009 1.0000000180025095e-35 1.0000000180025095e-35 0.89543563127517711 3.9324661493301396 0.72077924013137828 0.75012463331222545 0.68913918733596813 11.891920089721681 3.6978234052658085 0.57518798112869274 4.1190040111541757 0.21646151691675189 1.5000000000000002 2.0957014560699467 0.98829558491706859 0.74180126190185558 0.20526316016912463 4.8585152626037607 0.90611216425895702 1.3405797481536867 0.93335407972335827 3.721485018730164
decision_type=2 2 2 2 2 2 2 2 2 2 2 2 2 2 2 2 2 2 2 2 2 2 2 2 2 2 2 2 2 2
left_child=1 2 3 7 5 11 10 8 13 23 -5 18 -10 -1 15 -11 27 -16 -2 -15 21 -19 -23 24 25 -9 -20 -12 29 -29
right_child=4 -3 -4 6 -6 -7 -8 9 12 14 16 -13 -14 19 17 -17 -18 20 26 -21 -22 22 -24 -25 -26 -27 -28 28 -30 -31
leaf_value=-0.058865084088789613 -0.065515545467145539 -0.053770023058594366 -0.053756361346250926 -0.060885612372037573 -0.053674943025590241 -0.053710094546977463 -0.054002707407886055 -0.068734793072893735 -0.066107590049399256 0.032775090518681688 0.04010348892150864 -0.053695874259822841 0.034431811350968448 -0.062510073182001344 0.047299683345215643 -0.061719801262081236 -0.061078054897805191 0.03960912438903972 -0.060223213407952163 0.041332026629101085 0.042004298184363208 -0.086221690399745421 0.032530365259091892 0.051893065728187485 0.042401588330145901 0.048204457104498971 0.041831400518633252 -0.061934447893234948 -0.06376737478327002 0.031988008809413652
leaf_weight=2.6658040683832942 1.871440556133172 57.00174669874832 21.611343628494069 4.6952048187376922 4676.6632902006386 28.463799070217647 11.277397235971874 2.6692974853795013 8.8157759867026453 8.568879188038407 38.541776639875025 5.3932304873596868 4.2915043814573428 1.4474440282210697 1003.6527965608984 4.0755825502565122 2.6088432336691758 41.012476807460189 1.4424477108987073 119.56836473848671 134.24826144054532 7.0189017127267999 2.0670770085416734 3732.1355612997431 85.524222469422966 1.8174640042707322 21.963401644490659 2.2736206745030421 3.0098597100004545 15.86405590828508
leaf_count=351 151 11539 3368 497 737168 4395 1850 163 628 84 183 870 66 120 963 400 262 104 151 517 268 116 6 2549 250 9 224 209 268 271
internal_value=9.33641e-11 0.0474241 0.0485209 0.0489429 -0.0532389 -0.0187557 0.00851083 0.0495562 0.0311398 0.0500578 0.0190341 0.0136838 -0.0331896 0.0379571 0.0451652 0.00231735 0.0250574 0.0456212 0.0280601 0.04009 0.0364831 0.0216879 -0.0592054 0.0515947 0.039223 -0.0213659 0.035542 0.0288221 0.00826164 0.0202145
internal_weight=10052.3 5316.46 5259.46 5237.85 4735.8 59.1343 78.2708 5159.58 136.789 5022.79 66.9934 30.6705 13.1073 123.682 1200.64 12.6445 62.2982 1188 25.2773 121.016 184.347 50.0985 9.08598 3822.15 90.011 4.48676 23.4058 59.6893 21.1475 18.1377
internal_count=768000 25041 13502 10134 742959 5791 3540 6594 1682 4912 1690 1396 694 988 1941 484 1193 1457 526 637 494 226 122 2971 422 172 375 931 748 480
is_linear=0
shrinkage=0.05


Tree=21
num_leaves=31
num_cat=0
split_feature=11 34 4 12 11 6 12 34 12 10 10 7 10 37 34 11 43 16 16 6 17 36 69 57 6 17 12 3 37 5
split_gain=9545.22 223.602 72.9681 43.844 27.2396 25.4485 22.1589 22.0936 18.4563 14.8274 49.1033 17.4262 17.4507 11.355 11.2077 9.04942 11.9113 10.4084 8.87568 8.67332 7.61699 7.26716 9.90549 9.41239 6.79189 10.5262 6.69603 6.68181 7.59989 6.60132
threshold=1.891812860965729 4.3533363342285165 1.0000000180025095e-35 0.69615384936332714 2.0263158082962041 1.0000000180025095e-35 1.118055582046509 5.0054175853729257 0.40588235855102545 5.7500000000000009 5.2500000000000009 1.0000000180025095e-35 4.7500000000000009 0.95106130838394176 3.9324661493301396 1.3405797481536867 4.2696731090545663 0.93335407972335827 0.68490269780159008 1.0000000180025095e-35 0.95041748881340038 0.74519053101539623 12.198879241943361 0.8864782750606538 1.0000000180025095e-35 0.89454162120819103 0.67708334326744091 3.5000000000000004 0.96196499466896068 1.0000000180025095e-35
decision_type=2 2 2 2 2 2 2 2 2 2 2 2 2 2 2 2 2 2 2 2 2 2 2 2 2 2 2 2 2 2
left_child=1 2 3 9 5 14 13 8 18 10 11 24 -13 -5 26 -15 -17 20 -3 -11 -18 22 -21 -24 -1 -26 -2 -27 -29 -14
right_child=4 7 -4 6 -6 -7 -8 -9 -10 19 -12 12 29 15 -16 16 17 -19 -20 21 -22 -23 23 -25 25 27 -28 28 -30 -31
leaf_value=0.049546635762120754 0.035944143308517355 -0.059449472080778491 -0.053370257860419268 -0.061628854206662878 -0.053313278613971463 -0.05334738220003498 -0.053620060554146913 -0.053402464029720521 -0.058102165129101324 0.051364166780697565 -0.085500358370093565 -0.064953424417281136 -0.0068423312643608085 0.037870228257893379 -0.053332609686757383 -0.063320715765019783 -0.064064038359434708 -0.064218127812874379 0.042606390146111894 0.038239348926129409 0.035141885281278533 0.047308958481435404 -0.080816934901436363 0.020911101709623077 -0.062437549180609668 0.039803783032585138 -0.056862040178328355 0.058145534120019327 -0.077994606251844983 0.051298847591913589
leaf_weight=260.37928594136611 22.25679526524619 2.4479692399036201 17.618740496924147 3.588212688220664 4467.965452716453 27.195577522623353 9.3752767798723635 54.501652350416407 8.8630359874805418 3439.7519509284757 7.6479181146714827 6.882546785753223 8.3204868091270328 83.831073843874037 5.150587676849681 5.0008746122475705 2.0749123358400565 3.3618840022245413 16.423402620945126 63.571042035939172 28.664021529024467 970.95141408219934 3.5445394895505142 6.3426853511482477 2.764692992961499 82.979959237854928 2.1295501543208948 1.6948836781084526 2.5941385142505169 11.813885671552271
leaf_count=291 252 301 2869 360 737168 4395 1618 11539 1097 2590 130 500 37 384 870 419 186 278 58 273 332 896 126 8 308 339 274 6 79 17
internal_value=-4.83252e-10 0.0468656 0.0482046 0.0485621 -0.0528761 -0.0184479 0.0205502 -0.034915 0.0014152 0.0493439 0.0399285 0.0424701 0.00377771 0.0260462 0.0136851 0.0286053 0.00874202 0.01931 0.0293678 0.0501525 0.0284454 0.0461618 0.0309984 -0.0155581 0.0454533 0.0336154 0.0278398 0.0366584 -0.0241964 0.0272721
internal_weight=9629.69 5104.99 5022.75 5005.14 4524.7 56.7325 135.896 82.2361 27.7344 4869.24 385.078 377.43 27.0169 126.521 29.5369 122.933 39.1017 34.1008 18.8714 4484.16 30.7389 1044.41 73.4583 9.88722 350.413 90.0337 24.3863 87.269 4.28902 20.1344
internal_count=768000 25041 12046 9177 742959 5791 3577 12995 1456 5600 1707 1577 554 1959 1396 1599 1215 796 359 3893 518 1303 407 134 1023 732 526 424 85 54
is_linear=0
shrinkage=0.05


Tree=22
num_leaves=31
num_cat=0
split_feature=11 34 4 2 12 11 6 34 12 12 6 10 34 6 6 54 6 24 16 24 57 7 3 10 42 4 14 1 10 10
split_gain=8977.98 209.386 68.467 42.8636 41.4242 25.6263 23.5063 21.0346 20.5558 16.8788 13.6009 10.3868 10.2181 9.58374 22.3263 13.6763 8.42235 8.16983 7.98159 7.21933 7.14285 6.63239 6.43667 6.47687 6.17818 6.14858 6.13046 5.46426 5.08796 4.8659
threshold=1.891812860965729 4.3533363342285165 1.0000000180025095e-35 1.0000000180025095e-35 0.69615384936332714 2.0263158082962041 1.0000000180025095e-35 5.0054175853729257 1.118055582046509 0.40588235855102545 1.0000000180025095e-35 4.7500000000000009 3.9324661493301396 2.5000000000000004 1.0000000180025095e-35 0.76787692308425914 3.5000000000000004 0.5634920895099641 0.68490269780159008 0.73214286565780651 0.91135635972023021 1.0000000180025095e-35 1.0000000180025095e-35 7.7500000000000009 0.11014157161116601 1.0000000180025095e-35 1.3543263077735903 18.500000000000004 8.7500000000000018 7.7500000000000009
decision_type=2 2 2 2 2 2 2 2 2 2 2 2 2 2 2 2 2 2 2 2 2 2 2 2 2 2 2 2 2 2
left_child=1 2 3 20 10 6 12 9 13 18 29 19 21 14 27 17 -15 -16 -3 -12 -1 25 23 -13 -18 -2 -21 -6 -24 -5
right_child=5 7 -4 4 8 -7 -8 -9 -10 -11 11 22 -14 16 15 -17 24 -19 -20 26 -22 -23 28 -25 -26 -27 -28 -29 -30 -31
leaf_value=-0.067215523431970986 0.041899877559094356 -0.058331907355674818 -0.053043980956682481 0.047761671504705352 0.041258384015395722 -0.052989469826965244 -0.053022072201905524 -0.053072475389600131 -0.053271187942171505 -0.057168079368321224 -0.064018225069284507 -0.067056065112007998 -0.053007045026249193 0.045118382298282189 0.03636228305019 -0.066555378867522094 -0.062220301014652701 -0.068326862023556409 0.041200773165865623 -0.063232833228757376 0.046379929554227629 -0.060254192575428613 0.041810330161767384 0.026344315089922677 0.050560301405291254 -0.058379173565011183 0.029800058485954087 -0.021707144388424249 0.048766156213879572 0.051790034592421721
leaf_weight=9.3887583396863175 20.101698913844313 2.3060609241947594 16.803146972553805 1074.4462661605794 33.921335427556187 4262.028935878363 25.939576072269119 51.991434954979923 8.7951284175505844 8.3714450910920259 2.73793996148743 2.086801411816853 4.9110077848308711 57.228673783829436 8.1503366378601658 11.389102899120187 3.3305540432920671 2.4160125348716965 15.913273045327513 1.9349089913303057 1.623087141662835 2.0286238632397717 498.90094647649676 16.791505840490572 1.9111029137857256 1.6544098011218 20.873011691262946 3.8351658448809749 555.75242496281862 2479.6463143848814
leaf_count=754 144 301 2869 1070 181 737168 4395 11539 1591 1097 199 108 870 301 82 737 328 164 58 151 11 197 635 138 7 185 290 74 501 1855
internal_value=-5.08522e-10 0.0463864 0.0477085 0.0480616 0.0482884 -0.0525533 -0.0185273 -0.0345723 0.020557 0.00159991 0.049069 0.0442079 0.0126543 0.0258714 0.0115483 -0.0285451 0.0395622 0.0124249 0.0286027 0.0126983 -0.0504722 0.0262119 0.0449577 0.0160199 -0.0211006 0.0342743 0.0219076 0.0348626 0.0454757 0.0505722
internal_weight=9207.21 4890.54 4811.96 4795.16 4784.15 4316.66 54.6353 78.5822 130.977 26.5908 4653.17 1099.08 28.6957 122.182 59.712 21.9555 62.4703 10.5663 18.2193 25.5459 11.0118 23.7847 1073.53 18.8783 5.24166 21.7561 22.8079 37.7565 1054.65 3554.09
internal_count=768000 25041 12046 9177 8412 742959 5791 12995 3465 1456 4947 2022 1396 1874 1238 983 636 246 359 640 765 526 1382 246 335 329 441 255 1136 2925
is_linear=0
shrinkage=0.05


Tree=23
num_leaves=31
num_cat=0
split_feature=11 34 4 12 11 6 34 6 12 12 10 13 17 36 34 12 7 17 17 11 17 16 13 3 21 38 29 10 58 7
split_gain=8428.75 195.628 64.05 38.3055 24.3728 22.0699 20.0085 17.3051 15.5815 15.4744 14.9647 16.3756 12.5817 10.1012 9.51174 8.70347 10.4661 7.38231 7.20048 13.9998 12.2694 7.19412 7.15281 6.78012 8.6389 10.3109 6.42001 6.31892 7.3225 5.9858
threshold=1.891812860965729 4.3533363342285165 1.0000000180025095e-35 0.77350428700447094 2.0263158082962041 1.0000000180025095e-35 5.0054175853729257 1.0000000180025095e-35 1.118055582046509 0.40588235855102545 5.7500000000000009 348.15916442871099 0.89454162120819103 0.89543563127517711 3.9324661493301396 0.17519181966781619 1.0000000180025095e-35 0.88094282150268566 0.88466858863830578 0.78019323945045482 0.86875513195991527 0.68490269780159008 269.11048889160162 5.5000000000000009 0.0014051861362531783 0.40087291598320013 8.1515398025512713 14.250000000000002 0.26584598422050482 1.0000000180025095e-35
decision_type=2 2 2 2 2 2 2 2 2 2 2 2 2 2 2 2 2 2 2 2 2 2 2 2 2 2 2 2 2 2
left_child=1 2 3 7 5 14 9 15 13 21 11 12 -9 -5 29 16 17 26 19 20 -12 -3 -14 27 25 -25 -1 -17 -29 -2
right_child=4 6 -4 8 -6 -7 -8 10 -10 -11 18 -13 22 -15 -16 23 -18 -19 -20 -21 -22 -23 -24 24 -26 -27 -28 28 -30 -31
leaf_value=0.054225508625448463 0.033222580566570008 -0.05740372630942088 -0.052750237736976208 -0.059421714872204948 -0.052699880036175761 -0.052730634189565917 -0.052776383005379041 -0.060364612015996105 -0.05295515538763032 -0.056377467536917969 -0.081183929486717626 -0.068096571789392851 -0.071566238423222947 0.024731163828283064 -0.052715679094847138 0.050394667700369523 -0.082687605106795292 0.052781114897956588 0.045806469234605074 0.03720735137228403 0.04410089109028803 0.039878101698284499 0.034172125668950247 0.032422828410361058 0.054301705490583441 -0.055197405817792526 -0.076809308155351877 0.045495942973828946 -0.012898627078872356 -0.059151443196003711
leaf_weight=1.4975708723068266 21.070589330745868 2.1677850619889858 15.978849098086355 3.8088739808881646 4056.0424576149089 24.68031213292852 49.491548657009844 3.8039982550544655 8.5092680325033125 7.8974057991290456 4.9430162478238326 4.5605943042319259 1.6271746091078956 55.911737556161825 4.6732330374652511 3358.6048542840872 2.409081893740221 10.118215203285216 907.73461488541216 76.007348059210926 3.2319149821996689 15.40989836771041 93.632901136763394 8.5268271183595079 13.142509081400929 5.5384674388915291 2.4873157879337668 14.715160096064212 8.4520859550684673 1.9129463825374831
leaf_count=1 329 301 2869 431 737168 4395 11539 478 1618 1097 140 303 70 1065 870 2917 61 7 939 345 5 58 560 25 12 38 99 18 45 197
internal_value=-1.40065e-09 0.045877 0.0471812 0.0475292 -0.0522624 -0.0183597 -0.0342438 0.0480903 0.0103448 0.00176026 0.0426204 0.0245405 0.0288052 0.019364 0.0123121 0.0498397 0.0136267 0.0300791 0.0445092 0.0305203 -0.0316533 0.0278807 0.032366 0.0500152 0.0251551 -0.00207924 -0.0275648 0.0502152 0.0241919 0.0255342
internal_weight=8788.59 4680.21 4605.24 4589.26 4108.38 52.3371 74.9666 4521.03 68.2299 25.4751 1095.54 103.625 99.0641 59.7206 27.6568 3425.49 16.5122 14.1031 991.917 84.1823 8.17493 17.5777 95.2601 3408.98 27.2078 14.0653 3.98489 3381.77 23.1672 22.9835
internal_count=768000 25041 12046 9177 742959 5791 12995 6063 3114 1456 2840 1411 1108 1496 1396 3223 168 107 1429 490 145 359 630 3055 75 63 100 2980 63 526
is_linear=0
shrinkage=0.05


Tree=24
num_leaves=31
num_cat=0
split_feature=11 34 4 12 11 6 34 12 6 12 10 11 16 36 0 17 56 3 10 54 18 57 57 69 37 16 10 7 3 36
split_gain=7909.73 183.286 60.0487 40.0177 23.3029 20.6108 18.9145 18.8033 15.0938 14.297 11.6691 11.4013 10.0366 10.5261 8.95324 7.9553 7.4553 6.98403 6.97073 7.22218 10.0096 6.91581 6.79399 11.4252 6.68028 6.12367 6.02664 8.51954 18.5117 10.098
threshold=1.891812860965729 4.3533363342285165 1.0000000180025095e-35 0.67708334326744091 2.0263158082962041 1.0000000180025095e-35 5.0054175853729257 1.118055582046509 1.0000000180025095e-35 0.40588235855102545 4.7500000000000009 1.3405797481536867 0.93335407972335827 0.91417410969734203 11.500000000000002 0.74180126190185558 0.63673019409179699 1.0000000180025095e-35 10.250000000000002 2.4844809770584111 0.15703932940959933 0.79272520542144786 0.40444585680961614 8.6271224021911639 0.94139653444290172 0.94981056451797496 7.7500000000000009 1.0000000180025095e-35 1.5000000000000002 0.92885261774063121
decision_type=2 2 2 2 2 2 2 2 2 2 2 2 2 2 2 2 2 2 2 2 2 2 2 2 2 2 2 2 2 2
left_child=1 2 3 8 5 14 9 11 15 24 16 18 13 -13 -2 22 -10 -12 19 -5 -21 -16 23 -1 -3 -20 27 -17 29 -29
right_child=4 6 -4 7 -6 -7 -8 -9 10 -11 17 12 -14 -15 21 26 -18 -19 25 20 -22 -23 -24 -25 -26 -27 -28 28 -30 -31
leaf_value=0.031566292475976969 -0.054003233306815251 -0.058077407037312428 -0.052490436484726302 0.042033323802360946 -0.052440677016270747 -0.05247100910914812 -0.052512914341675293 -0.05267941468848885 -0.057023882031409512 -0.055779082163750243 0.012805434845532032 -0.062959055326110652 -0.062907373463229763 0.022163864292577124 -0.056039682530968395 0.048276431572214978 0.020181189826095035 0.044018622251563583 -0.073244096377332771 0.053435094468147128 -0.069927165090307206 0.033838569395731925 0.040924799826473152 -0.065303191288760429 0.038692490871481994 0.052345150007570888 0.051425136955615125 -0.04665276706372154 0.041184173189237727 0.05864276144612162
leaf_weight=10.396996693685649 4.3546059383079436 2.0254805114818799 15.208526671398429 84.963148651178926 3854.0180335824261 23.463569949381053 47.091904965840513 8.1074577784747799 3.6590702758112483 7.5015267793787634 18.26091540674679 4.0741694663884109 4.9382887732353984 33.44307877641404 2.3943135237786946 861.79484305763617 21.49955983273685 963.63663651212119 2.6793045341037205 3.0884733200073233 3.5166343196760863 20.173923054302577 63.534505991730839 4.3039543089689678 14.923264432465656 1.5219682678580282 2192.2935929261148 10.055365010630338 86.515228495234624 2.9434773512184611
leaf_count=79 711 284 2869 352 737168 4395 11539 1618 509 1097 285 383 413 669 341 720 348 1222 111 2 144 344 119 265 75 2 1673 99 157 7
internal_value=7.20706e-10 0.0453994 0.0466901 0.0470341 -0.051999 -0.018216 -0.033988 0.0213268 0.0479215 0.00169141 0.0425766 0.0256676 0.00409999 0.01292 0.0116376 0.049587 0.00895249 0.0434381 0.0352287 0.0381181 -0.0122444 0.0243032 0.0338372 0.0032061 0.0271279 -0.0277477 0.0499777 0.0466769 0.0328251 -0.0228095
internal_weight=8376.38 4471.98 4400.44 4385.23 3904.4 50.3864 71.5422 146.333 4238.89 24.4503 1007.06 138.225 42.4555 37.5172 26.9228 3231.84 25.1586 981.898 95.7695 91.5683 6.60511 22.5682 78.2355 14.701 16.9487 4.20127 3153.6 961.309 99.5141 12.9988
internal_count=768000 25041 12046 9177 742959 5791 12995 3694 5483 1456 2364 2076 1465 1052 1396 3119 857 1507 611 498 146 685 463 344 359 113 2656 983 263 106
is_linear=0
shrinkage=0.05


Tree=25
num_leaves=31
num_cat=0
split_feature=11 34 4 12 11 12 6 34 10 7 18 12 6 13 17 0 10 2 6 18 36 17 34 24 19 58 34 13 54 57
split_gain=7412.36 171.421 56.1258 39.1966 22.3149 19.5271 19.5214 17.9019 14.8795 22.6715 13.2583 13.2176 12.6196 8.66315 8.40509 8.3771 8.27415 7.46644 11.6062 7.47875 7.38598 6.58892 6.54082 10.4361 8.69268 7.44378 7.01924 8.49897 6.39532 6.39509
threshold=1.891812860965729 4.3533363342285165 1.0000000180025095e-35 0.63961037993431102 2.0263158082962041 1.118055582046509 1.0000000180025095e-35 5.0054175853729257 4.7500000000000009 1.0000000180025095e-35 0.37384380400180822 0.40588235855102545 1.0000000180025095e-35 328.20217895507818 0.98270902037620556 11.500000000000002 3.7500000000000004 5.5000000000000009 2.5000000000000004 0.30082206428051 0.94142156839370739 0.74180126190185558 1.1963902115821841 0.92857143282890331 7.2169186751125394e-05 0.17812992632389071 3.6601417064666752 352.14277648925787 0.069175079464912428 0.79272520542144786
decision_type=2 2 2 2 2 2 2 2 2 2 2 2 2 2 2 2 2 2 2 2 2 2 2 2 2 2 2 2 2 2
left_child=1 2 3 8 6 10 15 11 9 13 16 -3 21 -1 -15 -2 -5 -18 19 -19 -21 -10 23 -14 25 -25 -24 -28 -12 -17
right_child=4 7 -4 5 -6 -7 -8 -9 12 -11 28 -13 22 14 -16 29 17 18 -20 20 -22 -23 26 24 -26 -27 27 -29 -30 -31
leaf_value=0.039205369691176307 -0.053618301861593533 0.026490162518509136 -0.052255281305476922 -0.0069955337705648619 -0.052208053606577792 -0.05242710274222806 -0.052236944652039374 -0.052275207989448069 0.034810134636533263 -0.06294254237905865 0.048765418972409449 -0.05522747601227973 0.047215346887254664 -0.071258307272060159 0.03807279940154551 -0.055434381408547784 0.037289899778639474 -0.069373531916442729 0.043852846115368424 -0.071738424779416207 0.044521799128395698 0.05010573177602573 0.045846742046661094 -0.011672565169590098 -0.021902092073728459 0.03619584933316651 0.034271372131411966 -0.028246738468118999 -0.072423150600159469 0.033367722644265997
leaf_weight=84.147380954935215 4.1275150387082276 16.304552706540566 14.425015674554741 13.455663674336391 3654.5456033989612 7.6880293271387918 22.250230788835324 44.740830734343035 72.163411684334278 6.3528242254396892 1.4210481508634973 7.1045801919535725 59.156764292303706 3.645098755718208 3.3953683017753065 2.2637216620496501 166.24035100609763 5.5818661577068269 11.126911521656439 1.953935904195532 4.5409665135666728 2894.2960182894021 735.45854836516082 10.140618368983267 11.248189332429318 40.788245674688369 39.890331575646996 6.293914755107834 4.653703476767987 19.420857099350542
leaf_count=402 711 359 2869 804 737168 1618 4395 11539 342 456 7 1097 81 211 19 341 785 295 48 100 25 2392 975 36 40 115 116 37 273 344
internal_value=-2.43865e-10 0.0449246 0.0462015 0.046541 -0.0517629 0.0258322 -0.0179153 -0.0337387 0.0476721 0.028385 0.0287113 0.00168918 0.0481583 0.0347476 -0.0185318 0.0116702 0.0308905 0.0335814 0.00701237 -0.0269306 0.0095459 0.0497336 0.0429828 0.0321818 0.0178786 0.0266646 0.0446594 0.0257515 -0.0440739 0.0240974
internal_weight=7968.82 4266.21 4198.06 4183.64 3702.61 216.662 48.0623 68.15 3966.98 97.5407 208.974 23.4091 3869.44 91.1878 7.04047 25.8121 202.9 189.444 23.2037 12.0768 6.4949 2966.46 902.977 121.334 62.1771 50.9289 781.643 46.1842 6.07475 21.6846
internal_count=768000 25041 12046 9177 742959 3955 5791 12995 5222 1088 2337 1456 4134 632 230 1396 2057 1253 468 420 125 2734 1400 272 191 151 1128 153 280 685
is_linear=0
shrinkage=0.05


Tree=26
num_leaves=31
num_cat=0
split_feature=11 34 4 12 11 6 34 10 10 12 6 12 13 56 3 17 10 54 11 17 12 43 10 57 10 13 29 6 16 34
split_gain=6945.35 160.205 52.4522 37.741 21.4704 18.3716 17.0623 16.6048 18.3333 15.2787 14.6966 12.2345 10.9275 12.2226 9.18624 8.21264 8.17047 8.15297 11.4078 8.10757 7.82718 7.14081 6.86485 6.54217 6.40812 8.1352 5.81484 6.12029 5.72563 5.58061
threshold=1.891812860965729 4.3533363342285165 1.0000000180025095e-35 0.69615384936332714 2.0263158082962041 1.0000000180025095e-35 5.0054175853729257 3.7500000000000004 3.2500000000000004 1.118055582046509 1.0000000180025095e-35 0.40588235855102545 299.09489440917974 0.81275406479835521 1.0000000180025095e-35 0.74180126190185558 8.7500000000000018 1.7371867299079897 1.6568627357482912 0.95669883489608776 0.67708334326744091 4.2413008213043222 7.7500000000000009 0.79272520542144786 12.250000000000002 390.20657348632818 13.326845645904543 2.5000000000000004 0.68490269780159008 3.7351663112640385
decision_type=2 2 2 2 2 2 2 2 2 2 2 2 2 2 2 2 2 2 2 2 2 2 2 2 2 2 2 2 2 2
left_child=1 2 3 7 5 20 11 8 12 17 15 28 -1 -14 22 24 -16 18 26 -19 23 -21 -12 -2 -9 -26 -5 -28 -3 -17
right_child=4 6 -4 9 -6 -7 -8 10 -10 -11 14 -13 13 -15 16 29 -18 19 -20 21 -22 -23 -24 -25 25 -27 27 -29 -30 -31
leaf_value=0.042605702860267672 -0.054838984431788189 -0.056477500221465075 -0.052044449050251851 0.038626624739017262 -0.051999176885566982 -0.052027048960588698 -0.052062738590903136 0.036841519303127665 -0.07756064847267298 -0.052200597991987202 -0.062626861368977826 -0.054706707531067739 -0.070688434403563927 0.030920736788306709 0.037591665585346955 0.049940318059019849 0.047122401757022231 -0.062245559726740833 -0.058135670954995194 -0.064029387446049912 -0.053703231378257832 0.022988716028531538 0.020274999783142275 0.033288097199043985 -0.071945232402194345 0.046256334920070689 -0.065942228162902114 0.02482250178547073 0.036940666816340312 0.038437979708547836
leaf_weight=33.424593654053751 2.3727661548764507 1.8598024786915655 13.65837487526005 71.356023962143809 3460.7231930911366 21.077909999177791 42.447689574153628 66.277349094394594 4.5331869520014143 7.2805575022357507 2.9737915238365558 6.7113578848075113 5.2043182004126702 6.8619478531181812 433.95940119714942 2716.7882388625294 466.71735686250031 4.6280471668578711 3.5069301011390044 2.7283155843615559 3.9026747722527935 17.350448831683025 15.579405762982786 18.726173606060911 3.1717966734431675 2.6904017720371485 2.7873811710160208 5.5660277346614748 13.891890876460819 109.70891946181655
leaf_count=226 378 301 2869 459 737168 4395 11539 265 167 1618 206 1097 405 82 865 2405 548 408 413 170 701 302 160 317 116 7 132 75 58 148
internal_value=1.71743e-09 0.0445058 0.0457713 0.0461068 -0.0515477 -0.0176427 -0.0334145 0.0469467 0.0183266 0.0179054 0.0473217 0.00182444 0.0278819 -0.0129045 0.041813 0.0490687 0.0425304 0.0226348 0.0301229 -0.00258646 0.0113454 0.0111646 0.00698711 0.0233774 0.0324096 -0.0176977 0.034006 -0.00546404 0.0259108 0.0494939
internal_weight=7568.47 4061.66 3996.75 3983.09 3506.8 46.0795 64.9107 3867.89 50.024 115.204 3817.87 22.4631 45.4909 12.0663 919.23 2898.64 900.677 107.923 83.2164 24.7068 25.0016 20.0788 18.5532 21.0989 72.1395 5.8622 79.7094 8.35341 15.7517 2826.5
internal_count=768000 25041 12046 9177 742959 5791 12995 5600 880 3577 4720 1456 713 487 1779 2941 1413 1959 1079 880 1396 472 366 695 388 123 666 207 359 2553
is_linear=0
shrinkage=0.05


Tree=27
num_leaves=31
num_cat=0
split_feature=11 34 12 2 12 11 6 34 12 3 2 7 1 66 12 34 2 3 2 18 10 36 69 49 14 10 6 11 29 12
split_gain=6490.52 149.231 49.2374 42.4454 22.0964 20.6305 17.2938 16.104 13.9023 13.4388 20.2756 13.1879 12.6294 15.8828 11.2774 10.1887 10.004 17.4913 20.0565 9.44848 9.37536 8.71643 8.22038 16.5466 10.7803 8.67495 8.05203 7.94733 7.6581 7.21753
threshold=1.891812860965729 4.3533363342285165 0.77350428700447094 1.0000000180025095e-35 0.5419580638408662 2.0263158082962041 1.0000000180025095e-35 5.0054175853729257 1.118055582046509 1.0000000180025095e-35 3.5000000000000004 1.0000000180025095e-35 18.500000000000004 30.000000000000004 0.40588235855102545 3.3219519853591923 2.5000000000000004 1.5000000000000002 1.5000000000000002 0.28194504976272589 10.750000000000002 0.89543563127517711 11.389400482177736 14.652272224426271 1.0011085271835329 9.7500000000000018 1.0000000180025095e-35 1.3405797481536867 11.875943660736086 0.67708334326744091
decision_type=2 2 2 2 2 2 2 2 2 2 2 2 2 2 2 2 2 2 2 2 2 2 2 2 2 2 2 2 2 2
left_child=1 2 3 -1 9 6 29 14 21 10 -5 -12 26 15 -3 22 17 18 -11 -20 -13 -4 -14 25 -25 -24 -6 -28 -29 -2
right_child=5 7 8 4 12 -7 -8 -9 -10 16 11 20 13 -15 -16 -17 -18 -19 19 -21 -22 -23 23 24 -26 -27 27 28 -30 -31
leaf_value=-0.050557548739484072 0.022715022176332145 0.02520284031104908 -0.055830486484469824 -0.046915943801862856 0.0492002807923963 -0.051811181556363266 -0.051838267050770596 -0.051870976846503818 -0.051964798768784008 -0.081040695281944242 0.044721783444836516 -0.084245481112349349 0.038785071697727297 -0.088268295421061821 -0.054245400635162769 -0.042732694472124605 0.050138402410461615 0.045537102761762593 -0.04698728517352195 0.034172147309041542 0.024747803274102774 0.017864151566538818 -0.08382144946983798 -0.07507886306328955 0.035137714375466964 0.074934729250926646 0.035439121664919367 0.02369619583102428 -0.07313982597555839 -0.053343243162301726
leaf_weight=11.338680635148192 20.442552361346319 15.145166714792142 4.3473515447112723 8.3783702666987647 140.34077389910817 3268.7760547831131 19.921519143215846 40.129254931860487 9.9317100585321878 5.0250193186802781 54.429745665984228 3.5763842170126727 59.909375881135929 3.2683796269702716 6.3349364115274502 5.4506755899637929 2139.7158882373478 1069.3600464576157 4.0212289767805478 33.141816590446979 4.4008479821495712 52.080975130142178 5.9389271551626726 2.4317174658644971 25.312274503521621 1.006290555000305 150.55055474641267 5.2424403125187364 3.3440090038347989 3.6807622123160391
leaf_count=1077 695 359 659 523 286 737168 4395 11539 2294 155 181 58 334 71 1097 192 2153 1348 34 119 18 1489 135 94 164 1 456 76 129 701
internal_value=1.9205e-09 0.0440262 0.0452769 0.0460352 0.0463292 -0.0513532 -0.0173616 -0.0331684 0.00258542 0.0476701 0.0261175 0.0359225 0.0352696 0.0201961 0.00177187 0.0237394 0.0481394 0.0442913 0.0127133 0.0253903 -0.0241165 0.0121866 0.0275694 0.00819971 0.0254774 -0.0608193 0.0404699 0.0327707 -0.0140168 0.01111
internal_weight=7176.97 3864.15 3802.54 3736.18 3724.84 3312.82 44.0448 61.6094 66.36 3322.05 70.7853 62.407 402.795 103.318 21.4801 100.049 3251.26 1111.55 42.1881 37.163 7.97723 56.4283 94.5986 34.6892 27.744 6.94522 299.478 159.137 8.58645 24.1233
internal_count=768000 25041 12046 7604 6527 742959 5791 12995 4442 4589 780 257 1938 991 1456 920 3809 1656 308 153 76 2148 728 394 258 136 947 661 205 1396
is_linear=0
shrinkage=0.05


Tree=28
num_leaves=31
num_cat=0
split_feature=11 34 12 2 11 6 12 6 34 10 13 12 11 43 10 16 17 17 11 17 34 49 56 16 58 16 17 0 54 12
split_gain=6079.96 142.541 47.812 36.6384 19.6024 18.6552 17.2536 16.2718 15.219 12.0327 11.3698 10.2537 9.08185 8.43609 8.15058 12.0371 7.51533 7.41975 8.72159 8.57418 7.22195 7.16117 7.54972 8.83529 15.7252 6.796 8.17708 6.7333 6.4405 6.32142
threshold=1.891812860965729 4.3533363342285165 0.69615384936332714 1.0000000180025095e-35 2.0263158082962041 1.0000000180025095e-35 1.118055582046509 1.0000000180025095e-35 5.0054175853729257 5.7500000000000009 348.15916442871099 0.40588235855102545 1.3405797481536867 4.2696731090545663 14.250000000000002 0.64046090841293346 0.89454162120819103 0.88466858863830578 0.78019323945045482 0.86875513195991527 3.7351663112640385 13.833397865295412 0.40078739821910864 0.84117850661277782 0.36502894759178167 0.93335407972335827 0.95041748881340038 11.500000000000002 0.050837503746151931 0.44722221791744238
decision_type=2 2 2 2 2 2 2 2 2 2 2 2 2 2 2 2 2 2 2 2 2 2 2 2 2 2 2 2 2 2
left_child=1 2 3 -1 7 14 12 27 11 10 16 -3 -4 -14 20 28 -7 18 19 -11 -5 22 -22 24 -24 26 -15 -2 -16 -19
right_child=4 8 6 5 -6 9 -8 -9 -10 17 -12 -13 13 25 15 -17 -18 29 -20 -21 21 -23 23 -25 -26 -27 -28 -29 -30 -31
leaf_value=-0.048135399853847127 -0.052865403254394032 0.023795328043907729 0.029588288950056458 0.049195079741280637 -0.051641483630792386 -0.061371227403698325 -0.051788063453112376 -0.051668308893276053 -0.05169926393510163 -0.076877108424965174 -0.06573178706861986 -0.053832881603573302 -0.057409475640536667 -0.057095167814837602 0.051376857127920283 0.039071811730871382 0.028365180186839589 0.047741401973202882 0.031801479274886968 0.040987663060038149 0.048417688632873358 0.043215572736579271 -0.093483018541762469 0.047154699799587793 0.024897403764843173 -0.058669514651359833 0.027673867036207708 0.022445732178844519 -0.083736715767905381 0.038265468388993112
leaf_weight=10.297119083406868 3.4998643958533675 14.754578984400725 68.52878554048948 2496.6756221451797 3087.0935423749033 2.4085816226433954 9.4015982232231163 18.828853816143237 38.593530735932291 3.8367769054602823 3.5690703837899482 5.9770679541397831 5.6766627084580241 3.2368094951962183 1.1549860206432665 14.334404071094466 74.542384606320411 377.94225515436847 60.980940357781947 2.5809466429054737 9.4993851799517888 81.464483331656083 5.4353011666098627 5.0660406860988578 5.7974669020622969 3.2974610026576547 23.494783475383883 19.526260975748301 3.7314332856331021 329.38797994551715
leaf_count=1034 711 359 773 3070 737168 287 2294 4395 11539 123 269 1097 724 476 2 23 537 404 326 4 38 153 50 13 14 371 450 685 90 521
internal_value=-1.80349e-10 0.0437346 0.0450006 0.0460402 -0.0511807 0.046319 0.0130838 -0.0171926 -0.0331382 0.0399063 0.02151 0.00141461 0.018935 -0.0015115 0.0484098 0.0159698 0.0255564 0.0418182 0.0259665 -0.0294767 0.0486493 0.0359453 0.0129877 -0.00766184 -0.0323844 0.00905539 0.0174096 0.0109988 -0.0518004 0.0433287
internal_weight=6790.61 3661.67 3602.34 3488.71 3128.95 3478.41 113.636 41.855 59.3252 855.249 80.52 20.7316 104.235 35.7057 2623.16 19.2208 76.951 774.729 67.3987 6.41772 2603.94 107.263 25.7982 16.2988 11.2328 30.0291 26.7316 23.0261 4.88642 707.33
internal_count=768000 25041 12046 6958 742959 5924 5088 5791 12995 2471 1093 1456 2794 2021 3453 115 824 1378 453 127 3338 268 115 77 64 1297 926 1396 92 925
is_linear=0
shrinkage=0.05


Tree=29
num_leaves=31
num_cat=0
split_feature=11 34 12 12 11 57 6 6 34 11 58 12 10 2 3 54 54 17 10 7 11 63 12 10 7 7 36 37 0 3
split_gain=5673.27 133.69 47.1792 19.4505 18.8164 17.7043 15.2289 15.1635 14.3255 11.4546 11.0872 9.38623 8.27105 7.79531 7.24108 9.04544 6.69904 7.45926 6.36779 8.61733 19.4707 6.20716 6.20049 5.93592 5.75216 5.50161 11.9508 11.7855 5.44878 5.38185
threshold=1.891812860965729 4.3533363342285165 0.63961037993431102 1.118055582046509 2.0263158082962041 0.27390757203102117 1.0000000180025095e-35 1.0000000180025095e-35 5.0054175853729257 1.5119047760963442 0.32430131733417517 0.40588235855102545 3.7500000000000004 2.5000000000000004 1.0000000180025095e-35 1.5332282185554507 2.1958774328231816 0.97072464227676403 7.7500000000000009 1.0000000180025095e-35 1.5941176414489748 2.0126758217811589 0.67708334326744091 8.7500000000000018 1.0000000180025095e-35 1.0000000180025095e-35 0.90946349501609813 0.99551501870155346 11.500000000000002 1.5000000000000002
decision_type=2 2 2 2 2 2 2 2 2 2 2 2 2 2 2 2 2 2 2 2 2 2 2 2 2 2 2 2 2 2
left_child=1 2 5 10 7 13 18 22 11 14 12 -3 28 -1 15 -8 17 -11 19 -7 29 -14 24 25 -2 -16 27 -27 -4 -21
right_child=4 8 3 -5 -6 6 9 -9 -10 16 -12 -13 21 -15 23 -17 -18 -19 -20 20 -22 -23 -24 -25 -26 26 -28 -29 -30 -31
leaf_value=-0.054911545231541653 0.031008334883201552 0.022586165613358609 -0.055114357246945633 -0.051627718312089871 -0.051488851477806831 0.046248205707129786 -0.070752569968265233 -0.051515022148368853 -0.051544145441694313 -0.067804677219435713 -0.06081886316237789 -0.053483570590351519 -0.07303392328376479 0.021271242727479364 0.039236112576065157 0.026652132191453799 0.030091607603283829 0.012901214643532303 0.049879630015803963 3.9257974073506649e-05 -0.066883013512285538 0.029763770571664835 -0.05288558757042338 0.046116084380725224 -0.056916165582185818 -0.087783613770933744 0.032673755325459422 0.05197238841832047 0.011768486295396252 0.040126499148766585
leaf_weight=5.7533846886362872 16.957952611905064 14.350410757644569 4.7456829344446296 8.8980544463265669 2906.5436312883976 657.3827498446044 3.0241237084846935 17.736066714045592 36.546500734562869 4.8335921540856379 3.7683641244657329 5.6524218190461388 1.4816154313739378 8.0645286804065091 293.68120892578736 11.250899477978235 15.270503859152084 7.0227063545607962 1702.1367301373975 9.5284530043136311 4.9598228830145663 165.56925104549737 3.2987507955986066 393.98311707336688 2.0893489232403217 4.5339780264766878 27.850251018768176 2.2606502771377563 8.4981781314127129 69.019772465107962
leaf_count=947 392 359 713 2294 737168 953 118 4395 11539 329 404 1097 67 185 513 123 252 115 1913 66 187 1767 701 501 303 60 60 2 364 113
internal_value=-2.19659e-09 0.0433236 0.0445868 0.0205722 -0.0510196 0.0460256 0.046269 -0.0169954 -0.0329261 0.0401063 0.0240625 0.0010903 0.0258367 -0.0104491 0.0412814 0.00601722 0.00819762 -0.0200011 0.0481955 0.0443263 0.0291968 0.028852 0.0104029 0.0419783 0.0213637 0.0370131 0.0181688 -0.0412852 -0.0121977 0.0352636
internal_weight=6416.69 3470.07 3413.52 192.961 2946.63 3220.56 3206.74 40.0821 56.5493 763.711 184.063 20.0028 180.295 13.8179 736.584 14.275 27.1268 11.8563 2443.03 740.891 83.508 167.051 22.3461 722.309 19.0473 328.326 34.6449 6.79463 13.2439 78.5482
internal_count=768000 25041 12046 5609 742959 6437 5305 5791 12995 2073 3315 1456 2911 1132 1377 241 696 444 3232 1319 366 1834 1396 1136 695 635 122 62 1077 179
is_linear=0
shrinkage=0.05


Tree=30
num_leaves=31
num_cat=0
split_feature=11 34 12 17 12 11 2 6 6 34 58 11 12 3 11 69 13 11 56 10 58 4 7 17 37 49 2 38 14 24
split_gain=5278.2 124.565 45.6687 18.778 17.9949 17.9895 16.3659 14.1391 13.5787 13.5027 9.79892 9.45973 8.5417 8.43185 8.19751 7.71517 7.62932 6.7013 6.56007 6.07741 6.01006 5.98283 5.52872 5.24608 6.01615 6.77504 5.21903 5.07538 4.91897 6.20372
threshold=1.891812860965729 4.3533363342285165 0.63961037993431102 0.75824561715126049 1.118055582046509 2.0263158082962041 1.0000000180025095e-35 1.0000000180025095e-35 1.0000000180025095e-35 5.0054175853729257 0.32430131733417517 1.5119047760963442 0.40588235855102545 1.0000000180025095e-35 1.2565789222717287 10.410546302795412 346.13340759277349 0.78019323945045482 0.19535739719867709 8.7500000000000018 0.18812657147645953 1.0000000180025095e-35 1.0000000180025095e-35 0.95527794957160961 0.99783709645271312 15.546280860900881 1.5000000000000002 0.29096922278404241 1.1819536089897158 0.47727273404598242
decision_type=2 2 2 2 2 2 2 2 2 2 2 2 2 2 2 2 2 2 2 2 2 2 2 2 2 2 2 2 2 2
left_child=1 2 3 6 10 7 -1 21 19 12 14 28 26 18 -4 -16 23 -15 -8 -5 -13 22 -2 -17 27 -26 -3 -25 29 -10
right_child=5 9 4 8 -6 -7 13 -9 11 -11 -12 20 -14 17 15 16 -18 -19 -20 -21 -22 -23 -24 24 25 -27 -28 -29 -30 -31
leaf_value=-0.057477236670717607 0.030553165860636985 -0.058595323162946113 0.034950289187811651 0.045197170475638343 -0.051482029913985795 -0.051351399292120736 0.023970394908490806 -0.051376939412949574 0.050471238293892932 -0.051404292089475556 -0.059570013559603854 -0.06630744153778434 -0.053147278424393513 -0.033915995284437346 0.025834914396127326 -0.063717931947462725 -0.064419375117334199 0.037472150513896345 -0.063428476637676923 0.050441576907172742 0.017988455901939353 -0.054572611238286786 -0.05558716952610307 -0.062595542355854183 -0.064877299709848804 0.01481038340444938 0.033062371308458724 0.046027496918135125 0.043375808829943588 0.025884186889824752
leaf_weight=5.9297433478059238 16.346739346656257 1.7799714436987439 95.524586186744273 980.73129051132128 8.3923217097762954 2729.4143650524202 4.4425967222778109 16.660610301507404 35.227291891118512 34.461997289079591 3.4854277792619532 2.327997863758358 5.305660178186371 3.4508954389020792 47.638217166357208 2.5582466131891186 4.759635900030843 69.368586380558554 4.1551154495100491 1264.8863772216719 23.055532701604534 3.0770381045294917 2.1022984700830412 1.188804243516645 4.2209645549010002 7.2463492475799285 12.183567173313348 11.271782348921986 558.41449478513096 94.419480456737801
leaf_count=836 454 249 595 1510 2294 737168 120 4395 51 11539 404 131 1097 96 980 268 425 317 412 1425 426 578 364 97 291 167 110 88 866 247
internal_value=-7.61354e-10 0.042843 0.044098 0.0455676 0.0200654 -0.0508746 0.0227193 -0.0167941 0.0462421 -0.0326618 0.0234408 0.0402329 0.000858272 0.0285602 0.0250997 0.013171 -0.00613665 0.0340891 -0.0182679 0.0481512 0.0102574 0.00997218 0.0207373 0.00433692 0.011613 -0.0145216 0.0213785 0.0356643 0.0413388 0.0325649
internal_weight=6054.03 3286.43 3232.7 3046.41 186.286 2767.6 87.3469 38.1867 2959.06 53.7312 177.894 713.445 19.2692 81.4172 174.409 78.884 31.2458 72.8195 8.59771 2245.62 25.3835 21.5261 18.449 26.4861 23.9279 11.4673 13.9635 12.4606 688.061 129.647
internal_count=768000 25041 12046 6437 5609 742959 1781 5791 4656 12995 3315 1721 1456 945 2911 2316 1336 413 532 2935 557 1396 818 911 643 458 359 185 1164 298
is_linear=0
shrinkage=0.05


Tree=31
num_leaves=31
num_cat=0
split_feature=11 14 12 2 6 11 11 6 34 12 1 57 54 24 3 58 12 10 7 11 36 18 38 36 4 12 24 7 3 63
split_gain=4902.35 116.485 45.6684 31.5104 20.1348 17.3802 15.0117 13.4208 10.7701 10.2252 9.31764 8.75254 13.0775 11.2074 8.44988 7.93204 7.59067 7.26975 7.12148 18.1245 6.88943 6.50317 7.70738 5.88614 5.56737 5.39007 5.38177 5.07296 4.96376 6.79668
threshold=1.891812860965729 4.2159035205841073 0.77350428700447094 1.0000000180025095e-35 1.0000000180025095e-35 2.0263158082962041 1.433035731315613 1.0000000180025095e-35 5.0054175853729257 1.118055582046509 20.500000000000004 0.63132771849632274 1.8081356883049013 0.92857143282890331 1.0000000180025095e-35 0.15928744524717334 0.53589746356010448 7.7500000000000009 1.0000000180025095e-35 1.5941176414489748 0.89543563127517711 0.31272545456886297 0.42995192110538488 0.80890613794326793 1.0000000180025095e-35 0.69615384936332714 0.92857143282890331 1.0000000180025095e-35 1.0000000180025095e-35 4.0517470836639413
decision_type=2 2 2 2 2 2 2 2 2 2 2 2 2 2 2 2 2 2 2 2 2 2 2 2 2 2 2 2 2 2
left_child=1 2 3 -1 11 7 14 24 10 20 -3 12 28 -14 26 -8 -16 18 -13 -20 -4 -18 -23 -17 27 -25 -6 -2 29 -5
right_child=5 8 9 4 6 -7 15 -9 -10 -11 -12 17 13 -15 16 23 21 -19 19 -21 -22 22 -24 25 -26 -27 -28 -29 -30 -31
leaf_value=-0.04697406619707379 0.030241376459479913 -0.047657650978560895 -0.055041118225707189 -0.075046231712290912 -0.062819270993380999 -0.05122750739970261 -0.066170364878333832 -0.051251892335895589 -0.05127730301034527 -0.051348815558543127 0.026895623996532492 0.045313694163134424 -0.079725620712507231 0.016482574128158616 0.043623111914606168 -0.058167439066161092 0.034162707683016762 0.049761915541159725 0.035352508129283436 -0.065342586379034603 0.013796935981674214 0.016522725388224201 -0.080631279202510578 0.024471264849067281 -0.054149041345557952 -0.057501928975481342 0.016516360183834754 -0.055016890690420234 0.043512265916569239 0.040407025296377158
leaf_weight=9.3987279010470939 15.694128082119283 6.9146317902486798 3.9422435185988425 2.1499334545806041 2.549002536456098 2558.5040209389117 2.8923228987259781 15.61987815715838 31.743129579888773 8.3343645103741419 10.63958933087997 580.1562396545778 4.2008452804293457 10.833528662798926 525.74965948815225 2.4044450727524227 150.23584424180444 1468.3488396127359 71.020960403373465 4.7688532873289651 46.588341892667813 10.04030322190374 2.5623637402895829 57.685286824067589 2.8855030910926862 2.077578449912834 13.244729332684074 1.962953553200349 77.213056340115145 3.1314797621453181
leaf_count=1155 454 793 699 110 198 737168 213 4395 11317 2423 332 949 139 119 783 328 438 1778 155 170 1572 56 54 618 578 211 193 364 208 30
internal_value=2.64613e-09 0.0423491 0.0435776 0.0444332 0.0447204 -0.050741 0.0377496 -0.0163202 -0.0338979 -3.68448e-05 -0.00247101 0.0471345 0.0324884 -0.0103995 0.0398721 0.0147698 0.0407015 0.0478069 0.0434307 0.0290166 0.0084264 0.0312687 -0.00323055 0.0185356 0.0102406 0.0216216 0.00371212 0.0207631 0.0403046 -0.00659116
internal_weight=5703.49 3108.83 3059.53 3000.66 2991.27 2594.67 769.442 36.1625 49.2974 58.8649 17.5542 2221.82 97.5288 15.0344 704.382 65.0596 688.588 2124.29 655.946 75.7898 50.5306 162.839 12.6027 62.1673 20.5426 59.7629 15.7937 17.6571 82.4945 5.28141
internal_count=768000 25041 12599 7905 6750 742959 3092 5791 12442 4694 1125 3658 606 258 1722 1370 1331 3052 1274 325 2271 548 110 1157 1396 829 391 818 348 140
is_linear=0
shrinkage=0.05


Tree=32
num_leaves=31
num_cat=0
split_feature=10 34 12 2 12 6 2 3 2 34 3 69 18 1 17 34 17 54 24 54 12 6 3 13 10 7 2 10 14 69
split_gain=4550.45 131.5 57.3073 24.5014 19.8103 14.2425 11.8619 24.6279 15.1255 11.2163 10.3813 9.83643 10.8064 9.80516 9.04456 8.73819 8.64651 7.89545 27.9666 12.9241 7.56875 7.31301 7.94973 8.90459 7.26284 16.181 7.02201 6.6692 6.34617 6.16458
threshold=2.7500000000000004 4.3907327651977548 0.80625000596046459 1.0000000180025095e-35 0.5419580638408662 2.5000000000000004 2.5000000000000004 1.5000000000000002 1.5000000000000002 5.0054175853729257 6.5000000000000009 11.276554584503176 0.34717589616775518 21.500000000000004 0.86875513195991527 2.5847029685974126 0.96731731295585643 2.1613011360168461 0.92857143282890331 2.3018969297409062 0.40588235855102545 1.0000000180025095e-35 3.5000000000000004 287.12956237792974 6.7500000000000009 1.0000000180025095e-35 4.5000000000000009 5.7500000000000009 3.2244870662689213 12.301666259765627
decision_type=2 2 2 2 2 2 2 2 2 2 2 2 2 2 2 2 2 2 2 2 2 2 2 2 2 2 2 2 2 2
left_child=-1 2 3 -2 6 26 7 8 -5 20 11 28 13 21 -10 -15 -7 -9 19 -19 -3 -13 23 -23 25 -8 -4 -27 -6 -20
right_child=1 9 5 4 10 16 24 17 14 -11 -12 12 -14 15 -16 -17 -18 18 29 -21 -22 22 -24 -25 -26 27 -28 -29 -30 -31
leaf_value=-0.050901248818977188 -0.044691657824889985 0.021434248272867086 -0.0022094801006479654 -0.072925149005480736 0.041084203114284942 -0.053553760991866664 0.042404059455338129 0.046053501304948501 -0.039217728423909366 -0.05116301448705407 -0.051826173267686862 0.049778864510028317 -0.034386040072576667 -0.0750946901300968 0.027967585780516575 0.019592351438066886 0.033001209263811011 0.032460760309096566 0.028964403332566099 -0.076705307975753867 -0.052349367036580219 -0.075109738439837925 -0.033868118801185502 0.030965601422996581 0.049449419433093549 -0.072298422279295046 -0.053279353550485964 0.011750946129009612 -0.016124302079954991 0.045710154883317727
leaf_weight=2414.3259557369165 7.75800276629161 11.235413062095178 11.089516828593334 5.7679208902991368 214.28842982696369 3.3939559590071466 175.0582545211073 572.23657188017387 6.2070431045722207 37.210125633180724 3.5861266551073632 32.987246405973565 8.0494218349922431 4.2891605013282952 25.960148563608527 5.6412448652554303 19.253591164451791 4.1357255717739445 90.235541463363916 7.8714042587089352 5.0325570399290873 2.0622854261891908 6.0757251697941674 48.668522558757104 1468.8638423057273 4.1163158756680769 17.125139967887662 5.5321615064749494 4.9598440708359695 140.57845862465911
leaf_count=739918 796 294 693 326 944 768 371 873 205 13163 33 113 145 190 98 80 474 9 151 55 1237 61 72 239 2045 108 4138 30 147 224
internal_value=9.16183e-12 0.0416687 0.0431035 0.0440439 0.0442866 -0.00950186 0.0458039 0.0410149 0.00163411 -0.0360224 0.0327824 0.0337102 0.0213419 0.0258401 0.0150034 -0.0213051 0.0200301 0.0428478 0.0352933 -0.0391042 -0.00139099 0.0310539 0.0201804 0.0266535 0.0482744 0.0389297 -0.0332068 -0.0241069 0.03979 0.0391635
internal_weight=5363.6 2949.27 2895.79 2844.93 2837.17 50.8622 2506.56 852.993 37.9351 53.4781 330.608 327.022 107.774 99.7242 32.1672 9.93041 22.6475 815.058 242.821 12.0071 16.268 89.7938 56.8065 50.7308 1653.57 184.707 28.2147 9.64848 219.248 230.814
internal_count=768000 28082 13388 7315 6519 6073 4495 1941 629 14694 2024 1991 900 755 303 270 1242 1312 439 64 1531 485 372 300 2554 509 4831 138 1091 375
is_linear=0
shrinkage=0.05


Tree=33
num_leaves=31
num_cat=0
split_feature=11 34 12 17 11 6 12 2 6 34 10 58 34 69 57 12 6 6 5 54 36 10 7 11 58 25 5 1 34 24
split_gain=4228.49 100.594 41.9765 16.8767 16.0998 14.5632 13.8139 11.9815 11.8512 11.0832 8.78835 7.80678 6.93824 7.43768 7.71565 6.62384 6.58943 7.2598 17.6365 7.96733 6.54786 6.50535 7.13023 15.7023 6.48021 6.00832 5.84382 8.56131 5.74056 7.39358
threshold=1.891812860965729 4.3533363342285165 0.63961037993431102 0.75824561715126049 2.0263158082962041 1.0000000180025095e-35 1.118055582046509 1.0000000180025095e-35 1.0000000180025095e-35 5.0054175853729257 4.7500000000000009 0.32430131733417517 2.4005811214447026 7.6785573959350595 0.68289116024971019 0.40588235855102545 3.5000000000000004 2.5000000000000004 1.0000000180025095e-35 2.1613011360168461 0.96787095069885265 7.7500000000000009 1.0000000180025095e-35 1.5119047760963442 0.11646647378802301 43.666666030883796 1.5000000000000002 20.500000000000004 0.66181784868240368 0.22500000149011615
decision_type=2 2 2 2 2 2 2 2 2 2 2 2 2 2 2 2 2 2 2 2 2 2 2 2 2 2 2 2 2 2
left_child=1 2 3 7 8 21 11 -1 -2 15 -7 16 -9 -14 -15 -3 17 18 20 -20 25 22 26 -24 -18 -4 -5 -28 29 -12
right_child=4 9 6 5 -6 10 -8 12 -10 -11 28 -13 13 14 -16 -17 24 -19 19 -21 -22 -23 23 -25 -26 -27 27 -29 -30 -31
leaf_value=-0.055638721954754271 0.010233678376419541 0.018808264575644457 0.0083247832820372621 0.045955662309714609 -0.051014077216679034 -0.00078973714604906378 -0.051138609932843498 0.034893616823619071 -0.051038640209656351 -0.051061088225686446 0.054218583636735901 -0.057983416758731587 0.029143244380653462 -0.067186674285214076 0.05069487429727542 -0.052481762741518612 0.038871497918685952 0.039239146971090939 0.033558062373285187 -0.035435223174339892 -0.067214129996131258 0.04928633496922416 0.035224640576936105 -0.048986488660595788 -0.061688496817676401 -0.06878589110097709 0.045971693129319327 -0.016327367686816807 0.040386608943136421 -0.0027098729400713588
leaf_weight=4.7706982005620366 18.782754302636022 12.396923204301858 13.706788696348672 486.37671193503775 2239.9535884844954 13.95552223123377 6.8468290109303771 53.861944119387772 13.610212651052278 28.657316562501364 8.5463529345579463 3.0373632887494741 8.7068987886596023 5.731384497950784 1.8317331401631234 4.4200404299772336 2.5297977724112561 56.700624620891176 64.341690737666795 4.4755220509832716 5.8738349871709934 1292.2748461008887 54.213464719709009 6.165104854037053 4.3685680296912324 3.0969476565951473 13.224164813058453 9.4592690104618651 572.30633463070262 17.14551835716702
leaf_count=836 1396 359 455 820 737168 559 2294 488 4395 11539 13 404 75 376 6 1097 48 459 644 272 394 1763 115 184 457 182 19 34 1049 100
internal_value=-1.25585e-09 0.0415986 0.0428346 0.0444168 -0.050508 0.0451248 0.0183924 0.0210345 -0.0155105 -0.0321518 0.0384333 0.021403 0.0262501 -0.00236422 -0.0386366 7.09461e-05 0.0229577 0.0251813 0.0164694 0.0290711 -0.0217715 0.0473244 0.0428719 0.0266261 -0.0248107 -0.0058868 0.0447987 0.0199922 0.0393486 0.0162273
internal_weight=5031.37 2759.02 2713.55 2548.57 2272.35 2473.67 164.978 74.9027 32.393 45.4743 611.954 158.131 70.132 16.27 7.56312 16.817 155.094 148.195 91.4948 68.8172 22.6776 1861.71 569.439 60.3786 6.89837 16.8037 509.06 22.6834 597.998 25.6919
internal_count=768000 25041 12046 6437 742959 4656 5609 1781 5791 12995 1721 3315 945 457 382 1456 2911 2406 1947 916 1031 2935 1172 299 505 637 873 53 1162 113
is_linear=0
shrinkage=0.05


Tree=34
num_leaves=31
num_cat=0
split_feature=10 34 12 6 3 6 34 12 17 14 24 17 12 6 11 54 10 10 10 10 18 16 2 18 27 63 6 3 10 29
split_gain=3908.5 114.598 49.9362 21.966 12.7504 12.2661 10.8441 10.6429 10.5755 10.6692 7.41146 7.39883 6.83174 6.7117 12.2634 15.7665 6.63861 40.5705 6.51178 74.3183 6.30363 6.74607 6.25541 6.11511 5.9108 5.8574 5.60436 5.88861 5.56686 5.51054
threshold=2.7500000000000004 4.3533363342285165 0.80625000596046459 1.0000000180025095e-35 1.0000000180025095e-35 2.5000000000000004 5.0054175853729257 0.57518798112869274 0.82266744971275341 2.4518690109252934 0.92857143282890331 0.96731731295585643 0.40588235855102545 2.5000000000000004 1.2565789222717287 1.4653321504592898 8.7500000000000018 8.2500000000000018 6.7500000000000009 6.2500000000000009 0.22157967835664752 0.85450983047485363 4.5000000000000009 0.34890969097614294 46.333333969116218 4.7664294242858896 3.5000000000000004 2.5000000000000004 7.7500000000000009 13.101078033447267
decision_type=2 2 2 2 2 2 2 2 2 2 2 2 2 2 2 2 2 2 2 2 2 2 2 2 2 2 2 2 2 2
left_child=-1 2 3 8 28 22 12 16 9 29 -11 -7 -3 14 15 -9 17 -6 19 -10 -16 -22 -4 -20 -17 -25 -15 -28 -5 -2
right_child=1 6 5 4 7 11 -8 13 18 10 -12 -13 -14 26 20 24 -18 -19 23 -21 21 -23 -24 25 -26 -27 27 -29 -30 -31
leaf_value=-0.050681590722975969 0.041832046990216643 0.018950045421763248 -0.0024212204977851343 -0.058198420601073247 0.036898339132285275 -0.053108443202968238 -0.050967595723918985 0.041228738792807716 0.044779083491550215 -0.073782549513757983 0.010379985661585787 0.031855242854429769 -0.052055110720035651 0.040157682190844757 -0.069431218134491268 0.0016073512721199086 0.044817705793530477 -0.092607296016119736 0.050784277491941643 -0.095840218149809642 -0.066841134564032276 0.014075286071696891 -0.05286153639463978 0.04498466098897938 -0.083000599267447239 0.017567540065753028 -0.078057925662018968 0.028640971532570281 0.008816798489225848 0.0018983965810670097
leaf_weight=2106.074815046275 79.300429995288141 11.819784173043447 10.331397769739853 4.1101668702322085 230.26173929229844 2.9998321248276651 33.035213434428442 35.745708680711687 326.23778991767904 3.2728679638821641 13.029602249647724 17.569478854333283 4.7485478619055348 54.919606501352973 4.9680751585401621 4.7936733401147631 286.28077971021412 6.2105756982346056 945.82693123910576 9.6747059883782622 3.3314498121617353 11.356593449367208 15.175160180107921 445.49745894852094 3.6254535773769021 20.371325710322708 2.1237450966145834 3.3061459779273719 12.594620483578181 9.6950131317134929
leaf_count=739918 414 322 684 506 824 759 13163 103 998 146 213 467 1316 173 243 45 546 41 1390 53 171 150 4100 669 41 33 64 25 256 167
internal_value=1.11824e-09 0.0408616 0.0423186 0.0432631 0.0354574 -0.00926371 -0.0344114 0.0365711 0.0460587 0.0306698 -0.0065164 0.0194641 -0.00140031 0.0234124 0.0121084 0.0267303 0.0396967 0.0334971 0.0469859 0.0407291 -0.0207452 -0.00427767 -0.0324308 0.0484747 -0.0348266 0.0437858 0.0353667 -0.0130912 -0.00767211 0.0374817
internal_weight=4718.29 2612.21 2562.61 2516.53 663.628 46.0759 49.6035 646.924 1852.91 105.298 16.3025 20.5693 16.5683 124.17 63.821 44.1648 522.753 236.472 1747.61 335.912 19.6561 14.688 25.5066 1411.7 8.41913 465.869 60.3495 5.42989 16.7048 88.9954
internal_count=768000 28082 13281 7271 3188 6010 14801 2426 4083 940 359 1226 1638 1015 753 189 1411 865 3143 1051 564 321 4784 2092 86 702 262 89 762 581
is_linear=0
shrinkage=0.05


Tree=35
num_leaves=31
num_cat=0
split_feature=10 34 12 6 11 3 17 34 10 29 14 13 3 36 12 34 37 12 12 54 36 13 1 49 10 10 10 17 3 49
split_gain=3622.14 106.516 47.3165 20.7595 12.8955 11.4495 10.8977 10.182 9.62551 9.08891 9.95382 7.87248 7.08533 6.8456 6.20932 6.11118 5.88018 11.3127 7.0723 5.5654 6.24837 5.50336 11.6 5.48426 5.20994 28.1366 4.8818 4.65201 4.44262 7.87148
threshold=2.7500000000000004 4.3533363342285165 0.77350428700447094 1.0000000180025095e-35 1.6568627357482912 1.0000000180025095e-35 0.82266744971275341 5.0054175853729257 5.7500000000000009 13.101078033447267 1.3543263077735903 348.15916442871099 1.0000000180025095e-35 0.89543563127517711 0.40588235855102545 2.9841302633285527 0.94139653444290172 0.25543478131294256 0.44722221791744238 3.9203217029571538 0.80079364776611339 299.09489440917974 14.500000000000002 15.996848106384279 5.7500000000000009 5.2500000000000009 7.7500000000000009 0.89454162120819103 3.5000000000000004 14.883462905883791
decision_type=2 2 2 2 2 2 2 2 2 2 2 2 2 2 2 2 2 2 2 2 2 2 2 2 2 2 2 2 2 2
left_child=-1 2 3 6 13 26 9 14 11 12 -11 27 -2 -4 -3 -12 17 -10 -18 24 -21 22 -20 -15 25 -8 -5 -7 -23 -30
right_child=1 7 4 5 -6 8 19 -9 16 10 15 -13 -14 23 -16 -17 18 -19 21 20 -22 28 -24 -25 -26 -27 -28 -29 29 -31
leaf_value=-0.050575788105542835 -0.014384457571689976 0.017825674805162464 -0.053434510558204765 -0.057350048436836359 -0.051438190548712792 -0.06111658036685718 0.042243092090167057 -0.050881031072481459 -0.079224478427566372 -0.08539171607113033 0.032936785732541655 -0.062758451994078493 0.039884215237897071 0.019873659717754632 -0.051864297708381038 -0.071819112558898876 0.046026394680948768 0.027321052697962384 0.036788926602653739 -0.037088519833725749 0.035173961373224254 0.040031552762989898 -0.022986502897851823 -0.063584693751325569 0.048073048664879894 -0.079831382662638173 0.0085091427111578903 0.023966801220997293 0.032178344919397417 -0.030553613309122971
leaf_weight=1963.9538766374753 6.5028810492949551 11.454417638189623 4.0462336851051068 3.6534750590799367 11.632328032079384 1.6535769424517628 134.71723073255271 30.877338764170418 2.6539887006219933 3.2010132056893772 8.4790695931296778 2.9076547323493278 80.089733843225986 34.460923971579177 4.4333724431635337 1.6657250045100216 246.84716072224546 40.658256438211538 23.295397714013234 3.9208144897129413 12.620309859164989 187.75447139551397 12.45584676414728 2.0876708212017538 1470.0346630856511 4.891613556072115 12.24226919794455 56.476629131182563 25.170084956102077 6.2403369012754402
leaf_count=739918 228 322 1023 485 3943 194 559 13163 78 92 98 234 420 1055 1316 95 387 260 56 31 44 432 41 189 2364 93 253 513 76 38
internal_value=-7.56657e-10 0.0405899 0.0420459 0.0430929 -0.00502485 0.0352612 0.045915 -0.0341456 0.0363598 0.0298892 -0.00851935 0.0175305 0.0358088 0.00827475 -0.00162081 0.0157364 0.0384683 0.0207924 0.0399941 0.0468999 0.0180453 0.0341527 0.015963 0.0151065 0.0471964 0.0379658 -0.00662792 0.0215465 0.0371199 0.0197153
internal_weight=4411.08 2447.12 2400.36 2348.13 52.2272 622.009 1726.12 46.7651 606.113 99.9384 13.3458 61.0379 86.5926 40.5948 15.8878 10.1448 545.076 43.3122 501.763 1626.18 16.5411 254.916 35.7512 36.5486 1609.64 139.609 15.8957 58.1302 219.165 31.4104
internal_count=768000 28082 13281 7071 6210 3047 4024 14801 2309 933 285 941 648 2267 1638 193 1368 338 1030 3091 75 643 97 1244 3016 652 738 707 546 114
is_linear=0
shrinkage=0.05


Tree=36
num_leaves=31
num_cat=0
split_feature=10 34 12 2 6 11 34 11 10 54 58 18 5 37 36 11 12 12 29 12 24 63 58 6 49 13 10 13 29 12
split_gain=3343.17 98.3002 44.693 19.3492 16.9225 16.494 9.5669 8.84613 8.21689 7.91866 7.70697 7.1551 6.80272 7.13895 6.64408 8.67305 5.98797 5.94446 15.6383 5.6457 5.36194 5.29818 5.13986 5.09751 4.96772 7.90381 4.61506 7.67071 8.96205 4.6099
threshold=2.7500000000000004 4.3533363342285165 0.69615384936332714 1.0000000180025095e-35 1.0000000180025095e-35 1.6568627357482912 5.0054175853729257 1.433035731315613 14.250000000000002 1.7371867299079897 0.26584598422050482 0.34890969097614294 1.5000000000000002 0.98028248548507702 0.74519053101539623 0.78019323945045482 0.55902779102325451 0.5419580638408662 12.404099941253664 0.40588235855102545 0.70714285969734203 4.1026091575622567 0.15928744524717334 2.5000000000000004 12.507960796356203 303.06884765625006 7.7500000000000009 377.20066833496099 13.164248943328859 0.22474747896194461
decision_type=2 2 2 2 2 2 2 2 2 2 2 2 2 2 2 2 2 2 2 2 2 2 2 2 2 2 2 2 2 2
left_child=-1 2 3 -2 8 9 19 14 11 20 -10 26 17 -14 15 -6 -16 29 -19 -3 -4 -22 -9 -11 -17 -26 27 -5 -29 -13
right_child=1 6 5 4 7 -7 -8 22 10 23 -12 12 13 -15 16 24 -18 18 -20 -21 21 -23 -24 -25 25 -27 -28 28 -30 -31
leaf_value=-0.050476762103146694 -0.04382438765681762 0.016782505267994473 0.032479504846209643 0.044830185423959605 -0.070479892044275169 -0.045410593639995049 -0.050803863313923205 -0.066155246042006885 0.043132086909614356 -0.045881402653641719 -0.032046755183767865 0.026480289931191631 -0.037466907435234793 0.035456985711146236 0.042172590412442201 0.03870544270629124 0.028035915155654387 0.040454589733904915 -0.06406209641291212 -0.051694252238521379 -0.037109839846546755 0.029283461479116799 0.01842858714837026 0.010732744592090879 -0.084696071468438286 0.017038201949408048 0.050921232832443389 0.042683585682370517 -0.066267659874378812 0.044878214631066754
leaf_weight=1826.5701424107974 6.3954833691823287 11.096052774635607 43.827308147505391 292.83662243990693 2.5636726683005682 13.157300466438754 28.771435001210193 1.8704636867623765 7.1525997364660707 7.4207683915155931 6.5134647799422964 36.570807180018164 5.4348846591310567 8.7743663582950813 381.9425988519215 23.908067099982873 93.182661769562401 15.116871779435316 4.6891355827683574 4.1305239944485939 6.2512714960903377 5.7859962615184486 45.140605216409313 8.5652440161502437 2.2325688442215315 13.179280010925138 717.26496859802864 4.2306720337364814 3.4078878037398681 493.60183915973175
leaf_count=739918 760 322 888 845 103 4151 13163 105 35 807 80 114 44 19 721 93 343 60 58 1316 405 151 619 403 55 148 1236 17 28 993
internal_value=1.94248e-10 0.0401737 0.0416204 0.0430162 0.0432733 0.00605723 -0.0338425 0.035829 0.0459048 0.015482 0.00730065 0.0462383 0.0417219 0.00756439 0.0377172 0.0186265 0.0394001 0.0426044 0.0157099 -0.00179323 0.0243614 -0.00519634 0.0150632 -0.0155478 0.0244363 0.00230092 0.048742 0.0435399 -0.00592422 0.0436091
internal_weight=4121.59 2295.02 2251.02 2166.01 2159.61 85.0079 43.998 564.02 1595.59 71.8506 13.6661 1581.93 564.188 14.2093 517.009 41.8836 475.125 549.979 19.806 15.2266 55.8646 12.0373 47.0111 15.986 39.3199 15.4118 1017.74 300.475 7.63856 530.173
internal_count=768000 28082 13281 6476 5716 6805 14801 2187 3529 2654 115 3414 1288 63 1463 399 1064 1225 118 1638 1444 556 724 1210 296 203 2126 890 45 1107
is_linear=0
shrinkage=0.05


Tree=37
num_leaves=31
num_cat=0
split_feature=11 14 10 6 10 12 6 57 69 0 34 17 69 34 6 12 1 54 8 12 6 38 8 12 7 34 56 17 6 3
split_gain=3077.88 80.743 37.427 22.6833 15.2631 11.9321 10.6411 9.49437 10.6346 8.75483 8.48781 8.1575 7.88244 7.24347 7.24243 13.5394 8.84516 10.1686 7.17477 7.158 7.04151 6.45516 6.40413 6.12796 5.96768 5.63493 9.96156 5.48577 5.45024 6.03448
threshold=1.9309523701667788 4.2159035205841073 4.7500000000000009 1.0000000180025095e-35 4.2500000000000009 0.57518798112869274 1.0000000180025095e-35 0.70381441712379467 8.1768126487731951 14.500000000000002 3.0217120647430424 0.85460850596427929 8.496274948120119 5.0054175853729257 2.5000000000000004 0.72077924013137828 16.500000000000004 1.4653321504592898 1.0000000180025095e-35 0.62019231915473949 1.5000000000000002 0.38354696333408361 1.0000000180025095e-35 0.22474747896194461 1.0000000180025095e-35 1.1963902115821841 0.83070719242095958 0.94149968028068554 3.5000000000000004 2.5000000000000004
decision_type=2 2 2 2 2 2 2 2 2 2 2 2 2 2 2 2 2 2 2 2 2 2 2 2 2 2 2 2 2 2
left_child=1 2 4 7 6 11 18 8 -4 -2 19 12 -5 21 15 16 17 -7 24 23 -18 -3 -14 -10 -1 26 -13 -8 -16 -30
right_child=9 13 3 5 -6 14 27 -9 10 -11 -12 25 22 -15 28 -17 20 -19 -20 -21 -22 -23 -24 -25 -26 -27 -28 -29 29 -31
leaf_value=0.039314850632790277 -0.050586371615431662 -0.061413663230284049 0.04426824064270906 0.033024685904245607 -0.062045402931237281 0.044442769374010205 -0.052424467788464504 0.046823816716509897 -0.044127255753713464 0.00038810086746804233 -0.066667176679445939 0.034824805287015363 -0.045931909126773945 -0.050738679298679715 0.037752857175906797 -0.037155510501714943 -0.070457891020447069 -0.024714732892292882 -0.07928552398441148 -0.076601898435686544 0.011503194168035202 0.016324867500469648 0.047681786334897627 0.029237155948931094 -0.018839881576781892 0.041613062207016868 -0.018691805317226678 0.0023782958083307841 -0.067476418908960584 0.02871458941072183
leaf_weight=42.812376778456382 1688.9580463465536 3.6606451504630959 61.999912350729574 15.073838178155713 6.9210062454221761 29.968882499728352 5.4832874280400565 1353.5397942904383 3.1100774758961043 8.4655206381867156 3.1965552896726868 45.649784944369458 7.7788065348286164 23.188081511718337 52.878619394119596 13.123064653307663 4.1305794483050686 6.4612172802444539 1.4577189794508729 1.896524597541428 7.1682363841682673 9.8715102146961708 2.3877035919576883 33.56345130642876 4.9181583513854994 365.15087369974935 10.741451843641697 27.308013542176923 2.7208850926253936 4.068430898943916
leaf_count=312 739718 627 313 177 795 82 1690 2951 150 1542 288 133 482 12112 355 1298 107 85 59 205 57 596 9 204 293 744 53 2262 226 75
internal_value=9.19685e-10 0.039733 0.0410101 0.0424043 0.00925754 0.0339219 0.0152772 0.0457064 0.0311305 -0.0503321 0.0116284 0.0376881 0.0100776 -0.0337742 0.0199601 0.00782299 0.0201898 0.032177 0.0299854 0.0181172 -0.0184598 -0.00470454 -0.0239458 0.0230155 0.0333226 0.0393413 0.0246309 -0.0067857 0.0323381 -0.0098349
internal_weight=3847.65 2150.23 2113.51 2024.61 88.9006 567.302 81.9796 1457.31 103.767 1697.42 41.7666 446.782 25.2403 36.7202 120.52 60.852 47.7289 36.4301 49.1883 38.5701 11.2988 13.5322 10.1665 36.6735 47.7305 421.542 56.3912 32.7913 59.6679 6.78932
internal_count=768000 26740 13405 7994 5411 3883 4616 4111 1160 741260 847 1598 668 13335 2285 1629 331 167 664 559 164 1223 491 354 605 930 186 3952 656 301
is_linear=0
shrinkage=0.05


Tree=38
num_leaves=31
num_cat=0
split_feature=10 34 12 2 6 11 10 34 18 5 10 11 49 17 1 3 13 14 1 12 10 13 54 14 12 34 57 56 56 10
split_gain=2829.17 83.7025 38.6169 16.8803 15.6151 14 8.47389 8.36784 7.93701 7.79015 7.22811 9.61112 7.22784 6.98032 6.9228 6.1944 5.90661 5.30582 8.06431 4.7236 4.62178 7.98568 7.01136 4.59079 4.88437 4.49582 6.87354 5.99374 4.4353 4.26658
threshold=2.7500000000000004 4.3533363342285165 0.69615384936332714 1.0000000180025095e-35 1.0000000180025095e-35 1.7182539701461794 5.7500000000000009 5.0054175853729257 0.34890969097614294 1.5000000000000002 13.250000000000002 0.78019323945045482 16.410243988037113 0.89755257964134227 18.500000000000004 1.0000000180025095e-35 348.15916442871099 0.28862111270427709 20.500000000000004 0.40588235855102545 6.7500000000000009 357.10267639160162 1.4653321504592898 0.57089850306510936 0.44722221791744238 4.0053894519805917 0.89628103375434887 0.11741727963089944 0.76792857050895702 1.7500000000000002
decision_type=2 2 2 2 2 2 2 2 2 2 2 2 2 2 2 2 2 2 2 2 2 2 2 2 2 2 2 2 2 2
left_child=29 2 3 -2 8 12 16 19 17 10 25 -12 13 -4 -11 28 -6 18 -5 -3 21 -19 -23 -17 -25 -10 27 -27 -8 -1
right_child=1 7 5 4 6 -7 15 -9 9 14 11 -13 -14 -15 -16 23 -18 20 -20 -21 -22 22 -24 24 -26 26 -28 -29 -30 -31
leaf_value=-0.050640766970058565 -0.042882523330460331 0.01510270338248172 -0.038949759220953284 0.04501035029585837 0.019150287167990943 -0.051591718677308475 -0.01787654575758196 -0.050670579219855211 0.042741053735821745 0.032619834406486942 -0.07808989637810787 0.02668568633570538 -0.061356380785876324 0.02215554235416595 -0.040435247763030646 0.014726447755812997 -0.061346686481553753 0.043431584766232288 -0.03120646880374672 -0.0514750742572916 0.05009811003346492 0.027216194033657742 -0.06509318910126341 0.044035802862577023 0.03326837097294047 0.050754024110018447 0.043681258399623828 -0.083043143341458028 0.050341814430254476 -0.030265129010682259
leaf_weight=1544.899475375918 5.8339681419893159 10.234858670155516 5.0699606311391099 10.070513058337381 48.047767167212442 9.2934608954237756 8.5145565072307345 25.058747477713041 462.67165744351223 7.8197153983637673 2.7846131536643925 10.228318677050993 3.0519296298152758 59.792380281898659 5.5403816571924835 20.416522858431563 2.3923339458415276 150.3247051150538 5.2956543520558617 3.6016241769830222 714.89850885560736 5.9162710496457276 3.1535653909668326 225.25886358926073 197.81438945233822 1.20270264148712 5.61609327851329 2.7530657348688692 3.3084663283079854 26.12645480548963
leaf_count=731500 760 322 1017 26 609 3758 290 13163 1132 22 70 34 299 1731 42 89 200 557 39 1316 1467 38 34 461 529 2 16 50 9 8418
internal_value=1.2317e-09 0.0391999 0.0406289 0.0420376 0.0422992 0.00596492 0.0347774 -0.0334375 0.0450393 0.0399894 0.0410264 0.00426495 0.013841 0.0173793 0.00232417 0.0369316 0.0153324 0.0478696 0.0187437 -0.00222743 0.0483815 0.0406826 -0.00487961 0.0378838 0.0390013 0.0420394 0.00812139 -0.0423638 0.00121317 -0.0503019
internal_weight=3586.99 2015.97 1977.07 1899.86 1894.03 77.2077 505.753 38.8952 1388.28 498.617 485.256 13.0129 67.9143 64.8623 13.3601 455.313 50.4401 889.659 15.3662 13.8365 874.293 159.395 9.06984 443.49 423.073 472.244 9.57186 3.95577 11.823 1571.03
internal_count=768000 28082 13281 6476 5716 6805 2187 14801 3529 1368 1304 104 3047 2748 64 1378 809 2161 65 1638 2096 629 72 1079 990 1200 68 52 299 739918
is_linear=0
shrinkage=0.05


Tree=39
num_leaves=31
num_cat=0
split_feature=10 34 12 6 12 37 17 12 34 34 34 69 10 10 11 18 49 8 54 18 5 37 43 18 23 10 0 10 7 2
split_gain=2594.91 78.2514 36.1449 15.5845 14.6047 9.97664 9.62711 9.62079 7.91779 7.90689 9.32913 7.63828 7.4676 26.4165 6.34505 8.13075 6.0023 5.81482 5.79593 5.57303 6.86299 6.03419 5.20165 5.02527 5.68986 4.96804 5.72287 4.54796 6.44496 6.35652
threshold=2.7500000000000004 4.3533363342285165 0.65686276555061351 1.0000000180025095e-35 1.118055582046509 0.89498132467269909 0.85460850596427929 0.20526316016912463 5.0054175853729257 2.9131406545639043 3.3956162929534917 8.496274948120119 7.7500000000000009 7.2500000000000009 1.3405797481536867 0.30934442579746252 11.345830440521242 1.0000000180025095e-35 1.0828858613967898 0.34890969097614294 1.5000000000000002 0.98649108409881603 4.2696731090545663 0.21139135211706164 3.3492532968521123 1.7500000000000002 11.500000000000002 5.7500000000000009 1.0000000180025095e-35 2.5000000000000004
decision_type=2 2 2 2 2 2 2 2 2 2 2 2 2 2 2 2 2 2 2 2 2 2 2 2 2 2 2 2 2 2
left_child=25 2 3 5 14 7 11 16 -3 -9 -11 -5 13 23 15 -4 -2 -13 -17 27 -21 -22 -16 24 -8 -1 -27 28 -7 -30
right_child=1 8 4 6 -6 19 12 9 -10 10 -12 17 -14 -15 22 18 -18 -19 -20 20 21 -23 -24 -25 -26 26 -28 -29 29 -31
leaf_value=-0.050585098645447607 0.044727678893597501 -0.0023504672878614892 0.032137556381161829 0.02777287630806733 -0.050723082322007784 0.04164620227334774 -0.082422932499779458 0.039473537601166259 -0.050613273137590981 -0.086545127703197111 0.020523126031594587 -0.047089828115917644 0.040710611065838925 -0.088771692061637264 -0.043580681873912293 0.015134012830337169 -0.060242358652957732 0.045277125509829513 -0.068751876025072392 0.042306699581119961 -0.032596938689690741 0.037336540074079903 0.0086606228258898077 0.033620391555364011 0.014250532588444682 -0.050951242344087239 -0.00051128729518986292 0.049480972957170126 0.037983354692434974 -0.050171800216699439
leaf_weight=1430.5802272697474 1.9155320010613639 13.235522879258495 62.29523586248979 14.002782045732603 8.4676759477442811 55.9861841473612 1.7185566916596133 64.983943676110357 23.741709543930483 2.7384355869144184 7.9147217243444175 8.4628251446410996 273.38128501008032 4.7715136669576159 5.8723692746134502 4.8987328617367876 4.711395175778307 2.1334406374953678 3.5523240270558745 402.26272285566665 5.8120538652874512 6.5727970218285918 25.265845539543079 140.02923890715465 13.310681645903967 11.807929893628172 10.736843153252265 720.30503365420736 4.1108202540781331 4.0688479227246717
leaf_count=731500 18 1638 551 216 4160 246 28 368 13163 61 106 735 600 28 756 117 222 16 231 997 29 14 1343 658 115 6625 1793 1539 32 95
internal_value=-7.84485e-10 0.0386813 0.0401212 0.0418818 0.0123723 0.0447109 0.0339634 0.0278668 -0.0333382 0.0329281 -0.00699919 0.00353593 0.0356912 0.0271057 0.0176162 0.0258943 -0.0299005 -0.0284928 -0.0201266 0.0458665 0.041178 0.00451764 -0.00119159 0.0306715 0.00319616 -0.0502181 -0.0269294 0.0483447 0.0355892 -0.00586805
internal_weight=3339.65 1886.52 1849.54 1739.19 110.352 1281.38 457.81 82.264 36.9772 75.6371 10.6532 24.599 433.211 159.83 101.885 70.7463 6.62693 10.5963 8.45106 1199.12 414.648 12.3849 31.1382 155.058 15.0292 1453.13 22.5448 784.471 64.1659 8.17967
internal_count=768000 28082 13281 6123 7158 3727 2396 775 14801 535 167 967 1429 829 2998 899 240 751 348 2952 1040 43 2099 801 143 739918 8418 1912 373 127
is_linear=0
shrinkage=0.05


Tree=40
num_leaves=31
num_cat=0
split_feature=10 12 4 6 14 17 14 10 57 34 63 3 11 17 13 38 12 10 14 57 10 0 14 24 57 37 13 57 17 58
split_gain=2380.15 71.3294 30.7733 22.5691 14.063 11.8429 10.8411 9.74015 7.27063 7.12371 6.99002 6.3358 5.91039 5.61403 5.51327 5.34809 5.18835 5.43781 5.67066 5.36421 4.88074 5.42079 4.84229 6.75502 6.72176 4.71177 4.48949 4.29642 4.23511 4.18355
threshold=2.7500000000000004 0.80625000596046459 1.0000000180025095e-35 1.0000000180025095e-35 4.2159035205841073 0.74180126190185558 2.1310756206512456 5.7500000000000009 0.40444585680961614 3.7351663112640385 4.7578821182250985 1.0000000180025095e-35 1.6568627357482912 0.89454162120819103 348.15916442871099 0.43809494376182562 0.20526316016912463 7.7500000000000009 0.4306021928787232 0.84295737743377697 1.7500000000000002 11.500000000000002 0.46743613481521612 0.47727273404598242 0.91864868998527538 0.90946391224861156 269.11048889160162 0.86719319224357616 0.89454162120819103 0.19503663480281833
decision_type=2 2 2 2 2 2 2 2 2 2 2 2 2 2 2 2 2 2 2 2 2 2 2 2 2 2 2 2 2 2
left_child=20 2 3 5 7 8 12 14 -2 16 13 -9 27 15 26 -11 25 18 19 -18 -1 -22 23 -13 -25 -7 -5 -3 -28 -30
right_child=1 6 -4 4 -6 9 -8 11 -10 10 -12 22 -14 -15 -16 -17 17 -19 -20 -21 21 -23 -24 24 -26 -27 28 -29 29 -31
leaf_value=-0.050534457539558375 -0.021288346669564129 -0.054029350128184564 -0.051379125970718212 -0.06546186331757875 -0.043871819488149 -0.012957029491552894 -0.045089859245907249 -0.0022191226081610133 0.029236184785205146 0.021491463752984212 -0.082419314964106705 0.045762316747690816 -0.050922743144984642 0.036109797006928138 -0.05913825615246289 -0.073540883363773263 -0.048024708306992819 0.048655493037358305 0.042375315520619142 0.026557234056023889 -0.050866321574934641 -0.00048610929203456946 0.036729610075033857 0.014838436871535682 -0.08021256420797282 0.03570416033680443 -0.057999272052216493 0.020983295165463833 -0.0095903750342992561 0.028567078402136917
leaf_weight=1321.5784829415061 9.5807328808295988 2.1303957813070218 9.1843473610206257 1.6535952478880052 6.1551776043197597 6.4507245859131244 24.187818553822581 11.305786471755708 27.728101187880384 3.9837826106231651 1.4043076759553503 6.1121458346024138 4.3607268941705106 50.192222470155684 2.6010405429697121 2.3559921823325567 3.1248675221577278 757.72587040998042 328.6580311889993 10.551855385885572 11.01739696157165 10.359950376616323 398.03042632641154 4.4680373375304043 3.1864697262644768 21.739237243134994 1.7508548293262709 18.358057074932731 8.895243759849107 37.32546250638552
leaf_count=731500 979 610 3949 97 2467 23 10835 299 262 169 66 16 2136 714 232 181 13 1583 856 56 6625 1793 1139 32 28 55 249 578 170 288
internal_value=-1.41552e-09 0.038198 0.0398989 0.0403906 0.0312204 0.0439994 -0.021261 0.0321928 0.0162617 0.0448718 0.0277726 0.0347075 0.0019336 0.0305099 0.0118208 -0.0138245 0.0457498 0.0462926 0.0410626 0.0095167 -0.0501511 -0.0264509 0.0357213 0.0065673 -0.02473 0.024569 0.01554 0.0131835 0.0183322 0.0212236
internal_weight=3106.16 1763.2 1714.16 1704.98 481.484 1223.5 49.037 475.329 37.3088 1186.19 57.9363 423.103 24.8492 56.532 52.2262 6.33977 1128.25 1100.06 342.335 13.6767 1342.96 21.3773 411.797 13.7667 7.65451 28.19 49.6252 20.4885 47.9716 46.2207
internal_count=768000 28082 13923 9974 5017 4957 14159 2550 1241 3716 1130 1514 3324 1064 1036 350 2586 2508 925 69 739918 8418 1215 76 60 78 804 1188 707 458
is_linear=0
shrinkage=0.05


Tree=41
num_leaves=31
num_cat=0
split_feature=10 34 12 6 12 17 17 34 10 10 69 18 34 7 49 57 24 54 11 5 18 10 0 8 10 13 49 7 2 36
split_gain=2181.93 62.4807 32.905 15.138 11.6624 9.27906 8.74402 6.97484 6.71596 21.055 6.23634 5.7495 5.54852 10.4249 5.83365 5.3044 5.14493 9.06246 6.2619 5.02016 5.70418 4.83106 5.14186 4.82028 4.79817 5.56588 4.73755 4.67895 6.64185 4.67852
threshold=2.7500000000000004 4.3533363342285165 0.65686276555061351 1.0000000180025095e-35 1.118055582046509 0.74180126190185558 0.85460850596427929 5.0054175853729257 7.7500000000000009 7.2500000000000009 8.496274948120119 0.34890969097614294 3.3219519853591923 1.0000000180025095e-35 13.430426120758058 0.40444585680961614 0.70714285969734203 1.7371867299079897 1.5941176414489748 1.0000000180025095e-35 0.35761789977550512 1.7500000000000002 11.500000000000002 1.0000000180025095e-35 6.7500000000000009 357.10267639160162 16.300908088684086 1.0000000180025095e-35 2.5000000000000004 0.71486642956733715
decision_type=2 2 2 2 2 2 2 2 2 2 2 2 2 2 2 2 2 2 2 2 2 2 2 2 2 2 2 2 2 2
left_child=21 2 3 5 16 15 10 -3 9 -8 -5 24 19 14 -14 -2 17 18 -4 -13 -21 -1 -23 -12 25 27 -18 -7 -29 -10
right_child=1 7 4 6 -6 11 8 -9 29 -11 23 12 13 -15 -16 -17 26 -19 -20 20 -22 22 -24 -25 -26 -27 -28 28 -30 -31
leaf_value=-0.050488571227793239 -0.016535644692719419 -0.0019469880858387209 0.034692105662918964 0.025274991274775224 -0.050614752509213962 0.045132543928881275 0.029143424595983614 -0.050519712306157573 0.008773026747040882 -0.08587095088254447 -0.045776342994540087 0.045571462527735411 -0.0073937292871918935 -0.046771315978265025 0.039585703941684376 0.029434757576356663 0.0062779273134979724 -0.038666530120096271 -0.057283750293120245 -0.00061908629314046137 0.036908061206571217 -0.05079120296762777 -0.00051862485776253903 0.043414521849316497 0.049435906362985227 -0.0048042498967319734 -0.061760496124397428 0.039819977576424137 -0.027169456679160809 0.041066493011928468
leaf_weight=1219.9234638487396 8.2700801820028556 11.897824974301331 50.656524771708064 12.615426058269806 7.0734590337669934 102.64407341642072 139.102591181756 19.510271553692291 11.786664783838203 4.0963457659818223 7.6989388407382631 253.3662900631316 7.9485142955090842 4.6549746594391754 39.17919541685842 26.012798553681932 32.259886043510051 5.0697348200483239 1.9207062902860332 12.10705087892711 61.888054659299087 10.282102201788804 10.065216327944652 1.8859349400736389 567.53934378782287 6.9631854511098927 2.7788926697103298 10.509127002675088 5.7108313444769001 231.44907463795971
leaf_count=731500 525 1638 531 216 4160 370 801 13163 52 28 735 675 54 41 121 176 1378 426 359 32 158 6625 1793 16 1372 66 304 44 93 548
internal_value=1.35795e-09 0.0377261 0.0390843 0.0409153 0.0112692 0.0439518 0.032691 -0.0321197 0.034444 0.0258533 0.00217576 0.0447703 0.0398197 0.0246115 0.0316622 0.0183453 0.015992 0.0251761 0.0313321 0.0422253 0.0307679 -0.0500856 -0.0259228 -0.028227 0.0474774 0.0386439 0.000881864 0.0411891 0.0162339 0.0395016
internal_weight=2886.87 1646.6 1615.19 1515.43 99.7592 1106.79 408.635 31.4081 386.435 143.199 22.2003 1072.51 379.144 51.7827 47.1277 34.2829 92.6857 57.647 52.5772 327.361 73.9951 1240.27 20.3473 9.58487 693.367 125.827 35.0388 118.864 16.22 243.236
internal_count=768000 28082 13281 6123 7158 3727 2396 14801 1429 829 967 3026 1081 216 175 701 2998 1316 890 865 190 739918 8418 751 1945 573 1682 507 137 600
is_linear=0
shrinkage=0.05


Tree=42
num_leaves=31
num_cat=0
split_feature=10 12 4 6 14 57 54 24 10 14 17 10 10 11 18 6 10 0 13 43 12 18 63 11 10 10 7 11 10 10
split_gain=1993.67 57.4795 26.8073 21.448 11.5163 11.2146 11.1318 13.5716 8.80188 8.66526 5.87802 5.59295 10.914 5.14157 7.85419 5.10707 4.86184 4.91424 4.63277 4.60276 4.43515 4.58061 4.8409 4.33393 4.33168 52.3404 4.53788 7.31371 4.53374 49.8366
threshold=2.7500000000000004 0.80625000596046459 1.0000000180025095e-35 1.0000000180025095e-35 4.2159035205841073 0.72103795409202587 1.5679304599761965 0.92857143282890331 5.7500000000000009 2.1310756206512456 0.81642583012580883 4.7500000000000009 4.2500000000000009 0.78019323945045482 0.34367398917675024 2.5000000000000004 1.7500000000000002 11.500000000000002 348.15916442871099 3.2384861707687382 0.53589746356010448 0.33149749040603643 3.2384861707687382 0.78019323945045482 9.7500000000000018 9.2500000000000018 1.5000000000000002 1.1558704376220705 8.7500000000000018 8.2500000000000018
decision_type=2 2 2 2 2 2 2 2 2 2 2 2 2 2 2 2 2 2 2 2 2 2 2 2 2 2 2 2 2 2
left_child=16 2 3 5 8 6 -2 -8 18 15 23 12 -7 14 -13 -3 -1 -18 -5 -12 -21 -22 -23 -10 25 26 28 -28 29 -15
right_child=1 9 -4 4 -6 11 7 -9 10 -11 19 13 -14 24 -16 -17 17 -19 -20 20 21 22 -24 -25 -26 -27 27 -29 -30 -31
leaf_value=-0.050447035510706173 0.037603064406445577 -0.021531278173790178 -0.051253594136607905 0.014128936600623374 -0.042764080335029431 0.033687368053389899 -0.065500422211113865 0.018880088594254996 -0.063271352900940811 -0.043938517985742609 0.0033090207045285858 0.044135220389153414 -0.06636654018091169 0.044859012679161342 -0.039661928072731722 0.026032670245280543 -0.050727343889700308 -0.0002848287709511201 -0.058050374384102821 0.038874083485095655 0.028821772005411653 -0.0806746192699168 0.017735111728990678 0.013541434213283408 0.050459238827595947 -0.09478343333479422 0.055708434048919502 -0.038352458419480838 0.052373718064348741 -0.093396699578564848
leaf_weight=1123.6007972879743 63.063654056051746 11.814936961825881 8.2189561892955663 45.475583757855929 5.3858139006842967 35.376442341017537 6.2407630212765097 20.155104103963822 2.1656751576811066 20.082258875620028 11.379267323063685 7.5008227656362561 2.9530925312428726 396.1503296525334 4.458365369704552 10.804584726836763 9.5217759812949243 9.7957125656102999 2.3373407201725049 263.3303995016031 83.221710456651635 1.9915052122669283 3.3547023143619299 12.075911123887634 331.58087072319177 6.7825193951866813 4.0871698427945358 4.1803454694454558 167.43454380595358 6.6271590103860936
leaf_count=731500 353 2639 3949 804 2467 355 619 635 136 10835 46 27 124 1329 34 685 6625 1793 232 649 329 25 30 299 896 61 10 32 419 63
internal_value=2.64196e-10 0.0371649 0.0387981 0.0392957 0.0298916 0.0431293 0.0261922 -0.00106996 0.0308116 -0.0200344 0.0333713 0.044696 0.0259787 0.0454684 0.0128958 0.00118842 -0.0500194 -0.0251484 0.0106004 0.0346066 0.0356187 0.0259397 -0.0189233 0.00186074 0.0458933 0.0433064 0.0449255 0.00814795 0.0454588 0.0425842
internal_weight=2681.15 1538.23 1495.53 1487.31 430.718 1056.59 89.4595 26.3959 425.332 42.7018 377.519 967.132 38.3295 928.802 11.9592 22.6195 1142.92 19.3175 47.8129 363.278 351.898 88.5679 5.34621 14.2416 916.843 585.262 578.48 8.26752 570.212 402.777
internal_count=768000 28082 13923 9974 5017 4957 1607 1254 2550 14159 1514 3350 479 2871 61 3324 739918 8418 1036 1079 1033 384 55 435 2810 1914 1853 42 1811 1392
is_linear=0
shrinkage=0.05


Tree=43
num_leaves=31
num_cat=0
split_feature=10 12 3 6 54 2 11 58 10 10 34 11 7 3 56 10 10 37 13 12 10 7 10 58 14 19 10 0 14 18
split_gain=1826.04 52.4005 23.4359 16.1486 14.7762 12.9351 10.1662 13.2568 9.06633 44.5722 7.86031 7.64119 6.82345 6.55616 6.57978 6.41662 11.8794 6.77224 6.415 5.84981 5.2695 8.62232 6.81469 5.15288 5.20479 4.86419 4.80559 4.74421 4.38266 4.37021
threshold=2.7500000000000004 0.69615384936332714 1.0000000180025095e-35 1.0000000180025095e-35 1.7371867299079897 3.5000000000000004 0.78019323945045482 0.33863760530948644 7.7500000000000009 7.2500000000000009 3.6601417064666752 1.6568627357482912 1.0000000180025095e-35 5.5000000000000009 0.51293200254440319 6.7500000000000009 6.2500000000000009 0.94139653444290172 351.16787719726568 0.25543478131294256 4.7500000000000009 1.0000000180025095e-35 4.2500000000000009 0.17698703706264499 2.4518690109252934 0.0051111173816025266 1.7500000000000002 11.500000000000002 2.3405359983444218 0.32312279939651495
decision_type=2 2 2 2 2 2 2 2 2 2 2 2 2 2 2 2 2 2 2 2 2 2 2 2 2 2 2 2 2 2
left_child=26 2 5 6 11 -2 7 -4 9 13 15 -3 -7 20 -15 16 23 19 -12 -17 21 22 -8 24 25 -5 -1 -28 -20 -10
right_child=1 4 3 10 -6 12 8 -9 29 -11 18 -13 -14 14 -16 17 -18 -19 28 -21 -22 -23 -24 -25 -26 -27 27 -29 -30 -31
leaf_value=-0.050408886000755895 -0.051798678927566379 0.019591320782519534 0.027503142825951434 -0.071625250788506165 -0.033274837592200478 0.028268392524367622 0.035840886796252254 -0.08585841381057123 0.052215022500484876 -0.089236220701089719 0.01638302294757548 -0.051631934270420655 -0.032743853984876961 0.03051265639989317 -0.084868958148458448 -0.076807361919783726 -0.07831649088181257 0.039716862590446704 0.050133400393526317 0.018143518066317681 0.043755359234961634 -0.057631807771201617 -0.067370689066338946 0.029455102130671852 0.040629971562537164 0.022787936583601884 -0.050662610498760696 -0.00010501484099937663 -0.073617760054993861 0.043763769291758056
leaf_weight=1034.1328040453445 8.9965971994752163 41.376315830100793 12.188803668715989 3.8300894264248182 27.568964039972343 24.036079860816248 32.530946354847401 3.2710988403414367 301.56010519413394 6.793188040086533 22.467080579124744 4.1428582942680796 5.6620770981389787 3.0862858719774513 2.0605423371307552 1.7711935868719617 2.8698999135522163 243.37775335065089 0.89270469965413113 19.27340463839937 260.11762218442163 3.0004191786283618 1.6819880644907232 75.099150954119978 3.2571413767291233 2.1189705800497904 9.0525033953308611 9.5198111197096278 3.6032192925922573 310.43953175313072
leaf_count=731500 2151 1499 150 136 12040 825 430 125 949 123 1644 2349 280 65 35 55 50 676 4 164 1366 310 121 607 25 14 6625 1793 531 1358
internal_value=-3.93443e-11 0.036851 0.039077 0.0402053 -0.00438703 0.000724937 0.0437273 0.00351743 0.0444021 0.0374246 0.0314903 0.013109 0.0166362 0.0402692 -0.0156806 0.0334855 0.0217216 0.0373639 0.00547313 0.0101521 0.0412377 0.0236394 0.0307668 0.0251271 -0.0101786 -0.0379966 -0.0499562 -0.0247478 -0.0490459 0.0479281
internal_weight=2479.78 1427.07 1353.99 1315.29 73.0881 38.6948 936.731 15.4599 921.271 309.271 378.561 45.5192 29.6982 302.478 5.14683 351.598 87.1753 264.422 26.963 21.0446 297.331 37.2134 34.2129 84.3054 9.2062 5.94906 1052.71 18.5723 4.49592 612
internal_count=768000 28082 12194 8938 15888 3256 5032 275 4757 2450 3906 3848 1105 2327 100 1727 832 895 2179 219 2227 861 551 782 175 150 739918 8418 535 2307
is_linear=0
shrinkage=0.05


Tree=44
num_leaves=31
num_cat=0
split_feature=10 12 4 6 11 57 54 3 11 3 34 10 10 17 6 6 12 10 56 49 18 12 1 34 69 18 0 7 11 6
split_gain=1667.77 48.6775 21.8036 18.24 11.6419 11.2468 9.34589 9.11513 7.4378 7.19323 6.66595 5.83432 17.1624 5.40606 4.99934 6.68466 4.89838 4.65914 4.60377 4.52582 4.4661 6.0514 6.5802 6.14227 4.46113 5.13248 4.44886 4.39442 4.48963 4.32081
threshold=2.7500000000000004 0.73030304908752453 1.0000000180025095e-35 1.0000000180025095e-35 1.6568627357482912 0.72103795409202587 2.410967350006104 1.0000000180025095e-35 1.433035731315613 1.0000000180025095e-35 4.0423619747161874 5.7500000000000009 5.2500000000000009 0.68913918733596813 2.5000000000000004 1.0000000180025095e-35 0.5419580638408662 1.7500000000000002 0.6209508776664735 8.5675044059753436 0.32312279939651495 0.51315790414810192 19.500000000000004 2.0116008520126347 10.488283634185793 0.28494617342948919 11.500000000000002 1.0000000180025095e-35 1.5941176414489748 1.5000000000000002
decision_type=2 2 2 2 2 2 2 2 2 2 2 2 2 2 2 2 2 2 2 2 2 2 2 2 2 2 2 2 2 2
left_child=17 2 3 5 10 6 9 -5 13 -2 14 12 27 -9 15 -3 -15 -1 24 -8 -13 -22 -23 -24 -11 -26 -19 -7 -29 -10
right_child=1 4 -4 7 -6 11 19 8 29 18 -12 20 -14 16 -16 -17 -18 26 -20 -21 21 22 23 -25 25 -27 -28 28 -30 -31
leaf_value=-0.050374358511826894 -0.028717417629442556 0.022267199622565341 -0.05117318721486383 -0.013235847146250618 -0.050765989310593507 0.040639102357425509 0.040436655553627215 -0.020017951007687593 -0.0086713731759275169 0.044247423509108152 -0.051027397430367938 0.049946984277977315 -0.074340261639349411 0.037470932448288176 0.027604695735815251 -0.036740673065255032 0.022732347593046626 -0.050603038628929356 -0.018236920429116739 -0.042804012005351083 0.04407529571309983 0.033894109445790487 -0.061097387399921987 0.029847634783790745 0.048707422024932195 -0.028436225672969807 -0.00049911707390789834 0.02800055131685308 -0.056908436997197269 0.027350902759303887
leaf_weight=950.17716366244713 4.7050450780661768 9.3597970836272015 6.748841065040323 11.992219483086954 12.765823931516932 67.749233923386782 2.1391098333406244 4.6742284570354959 17.378725745758857 51.780181792739313 4.9934950715542064 358.368625509087 3.6451862124958998 249.61493820545729 20.274413886727416 9.8509083949320466 72.820472645922564 8.5108136712078721 3.7758682537823907 6.9006494705390651 343.08367521385662 24.332299724221233 4.0796212004497638 3.4070739652670454 3.861563887447117 4.8818570270668715 9.2409275359095755 4.5166155074839471 2.3757292099180631 15.97841541765956
leaf_count=731500 134 435 3577 1293 9581 349 35 615 573 230 3406 1145 87 975 782 1090 612 6625 14 1039 1158 170 10 46 15 85 1793 49 189 388
internal_value=-8.6873e-10 0.0364237 0.0384585 0.0389378 -0.00867714 0.0428272 0.0246982 0.0296481 0.0310748 0.0309607 0.00340279 0.0445706 0.0315961 0.0333684 0.0102863 -0.00799099 0.0341423 -0.0499002 0.0353276 -0.0231065 0.0459559 0.0421407 0.0212816 -0.0197098 0.0386693 0.00563455 -0.0245207 0.0367695 -0.00126681 0.00858367
internal_weight=2293.98 1326.05 1268.81 1262.06 57.2444 889.602 78.0443 372.459 360.467 69.0045 44.4786 811.558 78.2868 327.11 39.4851 19.2107 322.435 967.929 64.2995 9.03976 733.271 374.903 31.819 7.4867 60.5236 8.74342 17.7517 74.6416 6.89234 33.3571
internal_count=768000 28082 12788 9211 15294 4755 1552 4456 3163 478 5713 3203 674 2202 2307 1525 1587 739918 344 1074 2529 1384 226 56 330 100 8418 587 238 961
is_linear=0
shrinkage=0.05


Tree=45
num_leaves=31
num_cat=0
split_feature=10 14 12 2 12 3 2 17 2 3 2 11 58 14 6 43 10 13 10 7 10 7 69 10 34 0 57 56 1 69
split_gain=1518.57 44.9232 30.7001 12.2325 11.3212 10.3279 8.50564 7.30771 7.29779 13.9098 7.34794 7.11568 8.66829 5.34257 4.73602 4.66613 4.6314 11.241 4.60857 4.54133 4.26791 4.84644 5.37005 4.39312 4.23911 4.18205 3.82109 3.82557 3.744 3.7155
threshold=2.7500000000000004 4.2159035205841073 0.53589746356010448 1.0000000180025095e-35 1.118055582046509 1.0000000180025095e-35 3.5000000000000004 0.81642583012580883 2.5000000000000004 1.5000000000000002 1.5000000000000002 1.3405797481536867 0.16913124173879626 0.36025807261466986 1.0000000180025095e-35 4.2413008213043222 12.250000000000002 360.25115966796881 1.7500000000000002 1.0000000180025095e-35 7.7500000000000009 1.0000000180025095e-35 13.608942508697512 14.250000000000002 5.0054175853729257 11.500000000000002 0.79966711997985851 0.4169947504997254 18.500000000000004 11.150634765625002
decision_type=2 2 2 2 2 2 2 2 2 2 2 2 2 2 2 2 2 2 2 2 2 2 2 2 2 2 2 2 2 2
left_child=18 2 3 -2 7 6 -5 -4 9 10 -7 14 -13 -14 -9 -12 -11 -18 -1 -8 21 26 -23 -22 28 -20 27 -10 -3 -15
right_child=1 24 4 5 -6 8 19 11 20 16 15 12 13 29 -16 -17 17 -19 25 -21 23 22 -24 -25 -26 -27 -28 -29 -30 -31
leaf_value=-0.050343107961850014 -0.043625751710084051 -0.058174797833422158 -0.026245074835994642 -0.047718946534890117 -0.050473207046989765 -0.073359181562356462 0.033985800660135297 0.042561925580108802 0.040492583179663685 0.039780843983734659 0.038922939572865183 -0.048105538126770084 -0.069854337578753242 0.028635343465321584 0.023364433500442511 -0.015985326370060154 -0.064101924605534141 0.046795355428338903 -0.050553160475810377 -0.029965666847698615 0.048185247989547542 0.024308113576569673 -0.06094770605305222 0.011576817587647927 -0.05038799124765482 -0.00053519549728385724 0.042581803425973751 -0.029904438627835095 0.014632948806400476 0.002726311508559673
leaf_weight=871.82890367106302 4.2602410523977587 2.4656912909122202 7.5524820772116064 5.0692162673804004 5.5188964041590216 3.2823113427730286 18.266356018255468 49.876317943562753 3.9600529710296533 321.44482077192515 7.0862276287516588 5.8012195774062993 1.7625557070132334 35.396570807439275 90.274837464326993 8.5228080139495415 3.6819559299619851 6.0232458733953536 7.8412819138757213 3.2735066459281361 477.12716327823 7.9202651282539573 2.4087358792312443 8.3382452548830752 14.18885461706668 8.947854159108827 108.56931577983778 3.764382236986421 6.219789061229676 22.718702720711008
leaf_count=731500 751 741 744 475 4423 124 187 230 18 1229 48 808 111 856 772 94 39 30 6625 78 1526 74 24 64 12909 1793 424 23 501 779
internal_value=4.53908e-10 0.0358703 0.0371806 0.040917 0.0202311 0.0412813 0.010553 0.0220598 0.0421311 0.0363728 -0.00535752 0.0238322 0.0102519 0.0159059 0.0301963 0.00894206 0.0387534 0.00472319 -0.0498434 0.0242668 0.0454242 0.0372491 0.00442635 0.0475565 -0.0335474 -0.0238958 0.0401643 0.0061857 -0.00603619 0.0185069
internal_weight=2123.39 1234.77 1211.9 992.999 218.902 988.739 26.6091 213.383 962.13 350.041 18.8913 205.83 65.679 59.8778 140.151 15.609 331.15 9.7052 888.618 21.5399 612.088 126.623 10.329 485.465 22.8743 16.7891 116.294 7.72444 8.68548 58.1153
internal_count=768000 28082 13931 5208 8723 4457 740 4300 3717 1564 266 3556 2554 1746 1002 142 1298 69 739918 265 2153 563 98 1590 14151 8418 465 41 1242 1635
is_linear=0
shrinkage=0.05


Tree=46
num_leaves=31
num_cat=0
split_feature=10 12 6 17 14 17 10 10 10 11 57 18 11 10 10 5 36 11 17 10 49 10 10 7 22 0 14 24 34 13
split_gain=1381.15 42.3148 19.6073 11.926 11.1303 9.73545 7.99488 30.7683 7.25006 6.21044 5.66014 5.08093 5.71127 5.02937 14.9193 4.7124 6.18239 5.10627 4.61232 4.53744 4.35355 4.28595 6.99041 5.14259 4.7703 3.90972 3.82265 7.0078 4.6857 4.6612
threshold=2.7500000000000004 0.69615384936332714 1.0000000180025095e-35 0.74180126190185558 3.7165577411651616 0.81642583012580883 6.7500000000000009 6.2500000000000009 5.7500000000000009 1.7182539701461794 0.40444585680961614 0.32312279939651495 0.78019323945045482 5.7500000000000009 5.2500000000000009 1.0000000180025095e-35 0.83402201533317577 1.3405797481536867 0.89755257964134227 1.7500000000000002 16.410243988037113 4.7500000000000009 4.2500000000000009 1.0000000180025095e-35 6.8340115831233575e-05 11.500000000000002 1.2089896798133852 0.78888890147209179 3.6601417064666752 351.16787719726568
decision_type=2 2 2 2 2 2 2 2 2 2 2 2 2 2 2 2 2 2 2 2 2 2 2 2 2 2 2 2 2 2
left_child=19 2 3 10 9 -4 7 13 -7 18 -2 -8 -13 14 21 -14 17 -17 -3 -1 -20 22 23 24 -5 -21 27 -10 -28 -30
right_child=1 4 5 6 -6 8 11 -9 26 -11 -12 12 15 -15 -16 16 -18 -19 20 25 -22 -23 -24 -25 -26 -27 28 -29 29 -31
leaf_value=-0.050314574092416325 -0.025593388480144481 -0.04145255889028604 -0.011832549183891223 0.037506093777842628 -0.050861149459289649 0.0082026418536749936 0.050707074101112193 -0.085066110193505129 0.034855964513026971 -0.051026131939805978 0.024268238621731941 -0.0026298897713234928 0.045747955597778715 0.046433299313792482 -0.071209715014821581 0.020173737490444116 0.04060424841463206 -0.04259410726722862 0.018360774769751998 -0.050508142754363251 -0.058822115292101608 0.044815963295090078 -0.06253758263031034 -0.056218140773861371 -0.044317477106329828 -0.00067592014507957844 0.037338958881880012 -0.00036870429656729939 0.022179626074768612 -0.045271611992230898
leaf_weight=799.22106931216695 8.0367249980336073 3.9483440600743043 15.092262154132184 25.251661630754835 10.769797629247476 36.091671107344155 282.07273311683093 5.3264831547858185 35.148669391404837 4.5209683813882284 19.505088513367809 7.2037102548056273 229.34654511263943 73.84709767496679 3.6112433403613968 14.640430943982212 43.421714503434487 4.1611080868751733 41.718560854133102 7.2144179749593595 1.9106903796200629 36.211850045248866 2.3947062868392086 1.7702806662418868 1.9164559610653658 8.6619342810590734 199.27334082807647 23.600430711230729 16.009887128566337 3.049081355915404
leaf_count=731500 1618 1036 2877 338 9442 1326 1159 141 129 3543 415 84 1103 341 143 90 197 17 1640 6625 227 239 184 213 33 1793 683 144 490 230
internal_value=-7.66047e-10 0.0352939 0.0376006 0.0420177 -0.00458938 0.0273913 0.0432344 0.0329572 0.0292816 0.00497591 0.00971857 0.0458942 0.0413504 0.0372926 0.0278063 0.042437 0.0302334 0.00628212 0.0102974 -0.0497888 0.0149806 0.0331001 0.0195601 0.0263538 0.0317342 -0.0233203 0.0320272 0.0207057 0.0350737 0.0113887
internal_weight=1964.95 1149.85 1086.98 758.718 62.8684 328.265 731.176 150.33 313.173 52.0986 27.5418 580.846 298.774 145.003 71.1562 291.57 62.2233 18.8015 47.5776 815.097 43.6293 67.545 31.3331 28.9384 27.1681 15.8764 277.081 58.7491 218.332 19.059
internal_count=768000 28082 12194 6315 15888 5879 4282 1632 3002 6446 2033 2650 1491 1491 1150 1407 304 107 2903 739918 1867 1007 768 584 371 8418 1676 273 1403 720
is_linear=0
shrinkage=0.05


Tree=47
num_leaves=31
num_cat=0
split_feature=10 12 6 12 17 17 34 18 11 10 10 38 10 10 57 5 1 10 10 43 1 10 10 10 69 38 7 10 57 0
split_gain=1256.21 39.481 17.9074 12.4516 11.2761 9.25506 6.93322 5.89708 5.63244 5.47471 18.6005 5.01759 4.94119 24.8646 4.86824 4.81855 7.33713 4.43818 4.3777 4.2341 4.56827 4.62613 4.18337 9.81283 4.14187 4.03637 3.97489 6.15046 3.93327 3.63769
threshold=2.7500000000000004 0.65686276555061351 1.0000000180025095e-35 1.118055582046509 0.74180126190185558 0.83994024991989147 3.7351663112640385 0.32312279939651495 1.2565789222717287 8.7500000000000018 8.2500000000000018 0.25469110906124121 7.7500000000000009 7.2500000000000009 0.40444585680961614 1.5000000000000002 20.500000000000004 1.7500000000000002 11.250000000000002 3.2384861707687382 13.500000000000002 9.2500000000000018 7.7500000000000009 7.2500000000000009 7.8264393806457528 0.31365741789340978 1.0000000180025095e-35 5.7500000000000009 0.67305442690849315 11.500000000000002
decision_type=2 2 2 2 2 2 2 2 2 2 2 2 2 2 2 2 2 2 2 2 2 2 2 2 2 2 2 2 2 2
left_child=17 2 4 7 14 24 12 8 -3 10 11 -7 13 15 -2 26 -17 -1 -8 -11 21 -21 23 -13 -4 -10 -6 -28 -26 -19
right_child=1 3 5 -5 6 9 18 -9 25 19 -12 22 -14 -15 -16 16 -18 29 -20 20 -22 -23 -24 -25 28 -27 27 -29 -30 -31
leaf_value=-0.050288902969533561 -0.024111219140243841 0.027788667370410455 0.020010593176682773 -0.050365020181556842 0.045218238373119515 0.0033806438793140669 0.026151314253436933 -0.025194548587196615 -0.020177231418063622 -0.0097817295155033165 -0.081214774799689096 0.027335214335983966 0.047448545640459278 -0.08483659611262645 0.023523428068494501 0.046443054529319128 -0.033628461897752177 -0.050467198163996745 -0.046085704479098266 0.052092488895883943 0.042110521007073354 0.0014279125743763032 0.047730743797225417 -0.080333140781800622 -0.049626545946156009 0.018144651418038987 -0.026903665236120131 0.036493540433230616 0.021463719751104546 -0.00094835718830496476
leaf_weight=732.16670566814719 7.5502595894358846 36.126289742911467 7.2439125229357186 10.016722762411517 159.9588785415981 21.284449435392162 32.413732100307243 10.777274069812846 14.657934087364994 4.7813262446434228 4.2002675410476504 85.000026388152037 431.67278824432287 4.0415297908475614 18.521319201739971 6.1291282330639643 5.3654138550627977 6.6490287506385348 2.2424260770203537 6.4775161583675098 112.78924317360361 14.799975359579546 25.351920868997695 2.1702387102413914 7.0260897341358923 12.934773499000583 4.8769806317868669 17.747137500555255 2.6908454245130997 8.3866992987750546
leaf_count=731500 1573 832 442 9944 781 294 1150 2305 2288 25 78 1281 1700 35 398 20 38 6625 135 24 496 115 122 73 2270 1290 154 77 142 1793
internal_value=-3.39633e-10 0.0347695 0.0375853 0.00197391 0.0419844 0.0272466 0.0432501 0.00901137 0.0147969 0.0294431 0.0223905 0.0256428 0.0444482 0.0379108 0.00972856 0.040467 0.00906733 -0.0497367 0.0214772 0.0364528 0.0381017 0.0168518 0.0298538 0.0246546 -0.00860629 -0.00221289 0.0424437 0.0228273 -0.02994 -0.0228463
internal_weight=1816.05 1068.85 984.335 84.513 690.52 293.816 664.448 74.4963 63.719 276.855 138.007 133.807 629.792 198.119 26.0716 194.078 11.4945 747.202 34.6562 138.848 134.067 21.2775 112.522 87.1703 16.9608 27.5927 182.583 22.6241 9.71694 15.0357
internal_count=768000 28082 11423 16659 6061 5362 4090 6715 4410 2508 1848 1770 2805 1105 1971 1070 58 739918 1285 660 635 139 1476 1354 2854 3578 1012 231 2412 8418
is_linear=0
shrinkage=0.05


Tree=48
num_leaves=31
num_cat=0
split_feature=10 12 34 17 6 49 12 12 10 11 57 69 14 13 18 34 11 58 34 10 12 37 7 58 1 36 37 17 1 10
split_gain=1141.64 38.5848 18.6508 15.4949 9.51318 8.65901 7.56593 6.98097 7.00178 5.20758 5.20719 5.78329 6.20644 5.26821 5.05882 4.9646 4.51324 5.2698 5.25574 4.42693 4.41179 4.93473 4.28 6.97703 6.30878 4.60698 4.18724 4.09962 3.68637 3.78338
threshold=2.7500000000000004 0.5419580638408662 4.1963903903961191 0.68913918733596813 1.0000000180025095e-35 11.891920089721681 1.118055582046509 0.17519181966781619 4.7500000000000009 1.433035731315613 0.53369691967964183 11.276554584503176 3.3333692550659184 401.07695007324224 0.33509309589862829 3.7351663112640385 1.3405797481536867 0.20481058955192569 1.4465658068656924 1.7500000000000002 0.40588235855102545 0.97077745199203502 1.0000000180025095e-35 0.29091447591781622 18.500000000000004 0.96015870571136486 0.9466327726840974 0.89454162120819103 13.500000000000002 9.2500000000000018
decision_type=2 2 2 2 2 2 2 2 2 2 2 2 2 2 2 2 2 2 2 2 2 2 2 2 2 2 2 2 2 2
left_child=19 3 6 5 7 -2 10 -5 20 22 -3 12 -12 14 16 -10 -13 -18 -19 -1 -9 -22 26 24 -24 -26 -6 -17 29 -28
right_child=1 2 -4 4 9 -7 -8 8 15 -11 11 13 -14 -15 -16 27 17 18 -20 -21 21 -23 23 -25 25 -27 28 -29 -30 -31
leaf_value=-0.050265558407247404 0.026136729957157753 -0.03247746884490376 -0.048849878287496151 -0.023710093639794982 0.015924556716676117 -0.035578143334426333 -0.050382480697273635 0.032881193310768352 0.046060344328498544 0.005493222041977195 0.029495498388346527 0.025601726718487636 -0.062481686387484664 -0.071356054707081382 -0.036953052937261421 -0.02475281248917011 -0.052020843744747663 -0.07076901444794588 0.026581159978190973 -0.022097962585176614 -0.074351402118767285 0.012237936235038237 0.040728052797852111 -0.078196894561037858 0.01927505561446341 -0.064838293042203496 0.043171202780089693 0.031948774759390834 0.041081938744082745 -0.016988009603084244
leaf_weight=670.37087112408335 12.628855749382639 4.7571356465050476 11.344543900362622 3.8498376979259765 22.555117548501585 10.334953833473262 4.0181875319540259 13.489890126395041 520.37154393532546 18.179276654671412 99.358052482886706 34.765550428070128 1.8685903911245976 2.021853588637895 5.0368881626636712 3.6409349344612592 4.5575002128607585 1.6304655189742323 9.2634393935441022 14.245432631774746 2.3825238370336583 5.3183585361111909 13.682958721357869 1.925900272646685 3.5879862614092408 2.9798925452050753 4.8036360911792126 25.614831876213429 143.71750695568335 5.7320041548227891
leaf_count=731500 559 533 10842 76 315 3051 4011 248 2312 697 1590 278 161 83 197 369 633 102 240 8418 136 131 103 108 43 22 30 364 786 62
internal_value=-1.65615e-10 0.0342367 0.0131907 0.0388505 0.0400247 -0.00163829 0.0173982 0.0433937 0.0438463 0.0311095 0.0190665 0.0206135 0.0277976 0.00791644 0.0108172 0.0449336 0.0156087 -0.00687565 0.012011 -0.0496794 0.0156439 -0.0145514 0.0334498 0.0127444 0.0213931 -0.0188878 0.0360468 0.0248922 0.0389891 0.0104411
internal_weight=1678.03 993.418 178.622 814.796 791.832 22.9638 167.278 574.668 570.818 217.164 163.259 158.502 101.227 57.2757 55.2538 549.627 50.217 15.4514 10.8939 684.616 21.1908 7.70088 198.985 22.1767 20.2508 6.56788 176.808 29.2558 154.253 10.5356
internal_count=768000 28082 18670 9412 5802 3610 7828 3636 3560 2166 3817 3284 1751 1533 1450 3045 1253 975 342 739918 515 267 1469 276 168 65 1193 733 878 92
is_linear=0
shrinkage=0.05


Tree=49
num_leaves=31
num_cat=0
split_feature=10 12 34 6 12 17 37 12 5 17 12 13 69 36 29 1 34 17 29 10 58 58 54 29 14 18 18 8 11 10
split_gain=1035.23 34.8468 15.9902 13.4593 10.3999 7.767 6.61737 6.26495 6.12188 5.99878 5.8123 5.74042 5.40028 5.16018 6.12297 4.89608 4.85335 4.57659 4.63568 4.51912 4.46863 4.20432 3.99091 4.49589 3.88324 3.83896 3.72395 3.67236 3.64361 3.62147
threshold=2.7500000000000004 0.65686276555061351 3.9324661493301396 1.0000000180025095e-35 1.118055582046509 0.89755257964134227 0.95535045862197887 0.22474747896194461 1.0000000180025095e-35 0.90413644909858715 0.44722221791744238 299.09489440917974 10.685343265533449 0.8893263339996339 10.211449146270754 14.500000000000002 4.3144662380218515 0.87338376045227062 11.94088935852051 1.7500000000000002 0.17812992632389071 0.27495820820331579 2.7444291114807133 11.058172702789308 1.2652080655097964 0.2758633047342301 0.32312279939651495 1.0000000180025095e-35 1.2565789222717287 13.250000000000002
decision_type=2 2 2 2 2 2 2 2 2 2 2 2 2 2 2 2 2 2 2 2 2 2 2 2 2 2 2 2 2 2
left_child=19 2 3 5 16 7 -4 17 29 13 20 15 -10 14 -5 -12 26 18 -2 -1 24 -14 23 -17 -11 -16 28 -27 -3 -9
right_child=1 4 6 9 -6 -7 -8 8 12 10 11 -13 21 -15 25 22 -18 -19 -20 -21 -22 -23 -24 -25 -26 27 -28 -29 -30 -31
leaf_value=-0.050244233198628745 0.013206540284195649 0.026439888136025626 -0.029499452807994472 0.034204248304856522 -0.050310139122616816 0.045208414505154053 0.018318536519537434 0.042302160922409807 0.024242913165958755 -0.034428342984536842 0.027417018216765395 0.028637176763332085 0.026751719856803337 0.038342340269032257 0.022356552602847801 0.031461759705215399 -0.050515773264235508 0.032917282711154162 -0.066543149923798048 -0.020997005358614883 0.043531214542270741 -0.071676829188752775 0.029658867302979414 -0.05906844543767642 0.032972293587597679 -0.044269371768939608 -0.020123011401929819 0.044191562705908682 0.00064364611571263901 -0.0080553060435738649
leaf_weight=613.29357609093131 3.5263473647064512 32.533355862367898 11.015859033956074 7.1161456438130726 8.6547524629422679 444.50120453618001 21.080434089104529 89.048294372216333 15.376048585691025 3.5203177053481323 8.4928836137987691 95.454296271665953 1.6805033003911365 10.07456865464337 3.8280365124810514 1.7316138783935437 3.3803781210008301 5.3381973437499255 3.7706193343328778 13.498307910282163 89.195490111538675 3.0611299293814227 2.7061662273481479 6.5928732776083052 5.4383834683103487 11.09900935500627 8.3920371664862596 1.3119044019840664 23.63186956293066 3.7193606481887391
leaf_count=731500 110 417 3840 122 9944 2252 1844 665 137 22 36 580 21 78 93 15 3734 30 194 8418 382 58 25 98 26 727 726 15 1838 53
internal_value=2.50227e-10 0.0336095 0.0365244 0.0378851 0.00130994 0.0421069 0.00190679 0.0311237 0.0348609 0.0281248 0.0312135 0.0235846 0.00985722 0.0084325 -0.00446956 -0.00111864 0.00788596 -0.00226503 -0.0280031 -0.0496144 0.0401501 -0.0367923 -0.0230892 -0.0402369 0.00648724 -0.021417 0.010944 -0.0349185 0.015586 0.0402832
internal_weight=1552.06 925.272 848.68 816.583 76.5924 570.022 32.0963 125.521 112.885 246.562 213.132 114.978 20.1177 33.4297 23.3551 19.5235 67.9376 12.6352 7.29697 626.792 98.1542 4.74163 11.0307 8.32449 8.9587 16.239 64.5573 12.4109 56.1652 92.7677
internal_count=768000 28082 11423 5739 16659 3520 5684 1268 934 2219 1184 754 216 1035 957 174 6715 334 304 739918 430 79 138 113 48 835 2981 742 2255 718
is_linear=0
shrinkage=0.05


Tree=50
num_leaves=31
num_cat=0
split_feature=10 12 34 3 2 10 10 11 58 2 14 12 10 69 14 12 57 3 18 7 5 49 13 13 2 3 54 69 18 3
split_gain=937.713 32.2868 15.5897 14.0367 10.575 8.4279 18.7467 7.74848 7.25966 7.05407 6.99258 6.74062 4.62272 4.59703 4.82152 4.43844 4.40544 4.20848 4.20814 4.00758 3.88612 3.75914 3.91131 4.41192 3.73138 5.59712 4.74548 10.6356 6.09951 3.97353
threshold=2.7500000000000004 0.55902779102325451 4.1963903903961191 1.0000000180025095e-35 1.0000000180025095e-35 6.7500000000000009 6.2500000000000009 0.78019323945045482 0.33863760530948644 3.5000000000000004 2.523462295532227 0.86190477013587963 1.7500000000000002 11.276554584503176 3.3333692550659184 0.46410256624221807 0.67305442690849315 3.5000000000000004 0.32312279939651495 1.0000000180025095e-35 1.5000000000000002 16.529742240905765 300.10957336425787 297.10166931152349 2.5000000000000004 1.5000000000000002 2.1613011360168461 11.509554386138918 0.32312279939651495 3.5000000000000004
decision_type=2 2 2 2 2 2 2 2 2 2 2 2 2 2 2 2 2 2 2 2 2 2 2 2 2 2 2 2 2 2
left_child=12 3 11 9 -5 6 15 8 10 -2 -7 13 -1 14 16 20 -3 18 -15 -11 -6 22 23 -17 25 -9 -27 28 -28 -30
right_child=1 2 -4 4 5 7 -8 24 -10 19 -12 -13 -14 17 -16 21 -18 -19 -20 -21 -22 -23 -24 -25 -26 26 27 -29 29 -31
leaf_value=-0.050225034866258324 -0.047939095463929306 -0.0074527986107180899 -0.048560074963672983 -0.044725114379980148 0.038762507284936208 0.034094821711510535 -0.080455141230439564 -0.0027042649382704666 -0.075742679551533396 0.026870510910690062 -0.060549279558197666 -0.016524212833123258 -0.01990298042948847 0.020341202256620096 -0.061623181993497582 0.0087805229861481586 0.031833978142059023 -0.024157459267189443 -0.032438369007572486 -0.036901187818340973 -0.031370426434425974 -0.032947996556314953 0.031691924566781236 -0.086657500750945166 0.046005687314911996 0.044372845184009455 0.02852509533034632 0.040898728993567904 -0.058830492609438484 0.037198040454911832
leaf_weight=560.90688645184855 5.9507627667044316 7.8481441503972738 9.7973395880107983 3.769389731634873 88.692840806616005 14.958097231108701 3.872399603133089 8.4438445112318714 2.1480536546441718 13.742649924097352 2.2444311740982803 13.954721011032232 12.857703897017926 33.903527629910968 1.5179342062619969 7.327477782557251 78.605815585207893 8.6544263251125795 4.2499880930408827 3.0016702549182801 2.0201930108305524 3.4498060165497 25.564945707956213 1.4506867505551779 359.89775305468356 115.25101368909236 5.1139615861466137 30.570399486197857 6.230791161156958 1.3024269984452983
leaf_count=731500 2000 264 10788 1282 1016 92 140 251 122 540 177 5435 8418 632 116 145 885 245 191 164 67 95 447 15 2011 546 66 219 101 30
internal_value=9.66635e-13 0.0329199 0.0125316 0.0375045 0.0387912 0.0392552 0.0279365 0.0419986 0.0109245 -0.00117943 0.0217465 0.0165558 -0.0495455 0.0199808 0.0267165 0.0312028 0.0282676 0.00732155 0.014462 0.0154385 0.0372006 0.0168064 0.0218043 -0.00699164 0.04314 0.0369609 0.0390744 0.0249448 -0.0136186 -0.042228
internal_weight=1437.3 863.535 158.532 705.004 682.309 678.539 132.378 546.161 19.3506 22.6951 17.2025 148.735 573.765 134.78 87.9719 128.506 86.454 46.8079 38.1535 16.7443 90.713 37.7929 34.3431 8.77816 526.81 166.912 158.469 43.2176 12.6472 7.53322
internal_count=768000 28082 18556 9526 6822 5540 1925 3615 391 2704 269 7768 739918 2333 1265 1785 1149 1068 823 704 1083 702 607 160 3224 1213 962 416 197 131
is_linear=0
shrinkage=0.05


Tree=51
num_leaves=31
num_cat=0
split_feature=10 12 6 4 57 54 17 69 54 24 11 69 10 34 2 18 12 58 58 10 7 34 34 63 69 17 8 10 11 6
split_gain=848.837 29.9873 16.7277 9.96113 8.56983 7.50661 6.90977 6.8531 6.76961 6.65662 5.4962 5.01208 4.62513 4.45755 4.30331 4.26918 3.94668 3.89881 3.54249 3.43894 5.64028 3.36073 4.40275 3.34401 3.17048 3.07516 2.92814 2.83203 2.80046 2.69035
threshold=2.7500000000000004 0.69615384936332714 1.0000000180025095e-35 1.0000000180025095e-35 0.71274510025978099 1.7371867299079897 0.90413644909858715 8.6854124069213885 1.3314403891563418 0.92857143282890331 1.433035731315613 10.488283634185793 1.7500000000000002 3.7351663112640385 5.5000000000000009 0.2758633047342301 0.44722221791744238 0.33863760530948644 0.17812992632389071 5.7500000000000009 1.0000000180025095e-35 3.0217120647430424 2.1880408525466923 4.7578821182250985 10.259621620178224 0.97177997231483471 1.0000000180025095e-35 14.250000000000002 1.2565789222717287 2.5000000000000004
decision_type=2 2 2 2 2 2 2 2 2 2 2 2 2 2 2 2 2 2 2 2 2 2 2 2 2 2 2 2 2 2
left_child=12 2 3 4 8 14 7 -4 11 -10 16 -2 -1 19 24 -9 17 18 -8 20 -6 22 -14 -15 -3 -26 -17 -21 -18 -30
right_child=1 5 6 -5 13 -7 10 15 9 -11 -12 -13 21 23 -16 26 28 -19 -20 27 -22 -23 -24 -25 25 -27 -28 -29 29 -31
leaf_value=-0.050207290368951586 0.041631185014469656 0.030712651930061022 0.023270243761249827 -0.051348772446232871 0.036317887460155206 -0.031809874487036739 0.0074948331291111378 0.020674459596569515 -0.056059185142233542 0.013997562912834174 0.0047076278861075301 -0.029000949243737861 -0.0521251414827682 0.025339252015845488 -0.027301085055007886 -0.044968552481546298 0.028281919191988799 -0.010115877729024877 0.044147689765258798 0.045453807959236127 -0.022785802207225651 -0.050639022343723965 0.030215909083538679 -0.076291049900040098 -0.059770356376731018 0.010408492416488495 0.038355753341950814 0.0050276873430422173 -0.00303997822937754 0.033453967588465458
leaf_weight=512.4678942725659 25.140326993598141 16.948218998208183 20.052537815121468 2.9779847128957035 38.689390892162919 17.500543717978871 7.2551425762940189 4.529625867202415 4.7030261305044414 12.151806792622665 23.572268387248187 2.7903885703417464 2.4453577052190649 24.501723056280756 6.5169088033435392 10.441682975739237 76.282638300413964 3.9468992522743056 72.147823167455499 392.3558097537607 4.5067636012099674 5.0217543727048906 4.8298652445701009 0.83704721098183554 2.0683569225948286 6.3632959730748553 1.1727812007884502 4.3806244730949393 15.976062725094382 7.3845076709985724
leaf_count=731500 194 640 963 1685 202 12040 46 216 580 609 933 102 1828 729 2543 2302 583 34 396 2017 130 5857 733 48 330 335 56 19 238 112
internal_value=4.18939e-10 0.0322474 0.0347143 0.0398311 0.0403635 -0.00549581 0.0239007 0.00374926 0.0194738 -0.00555046 0.0274319 0.0345748 -0.0494802 0.0423742 0.00894172 -0.0204977 0.0303591 0.0383877 0.0407987 0.0435488 0.0301515 -0.0191773 0.00253932 0.021982 0.018248 -0.00680698 -0.0365548 0.0450074 0.0236433 0.00849612
internal_weight=1329.96 805.194 755.797 513.035 510.057 49.3973 242.762 36.1966 44.7855 16.8548 206.565 27.9307 524.765 465.271 31.8968 16.1441 182.993 83.3499 79.403 439.933 43.1962 12.297 7.27522 25.3388 25.3799 8.43165 11.6145 396.736 99.6432 23.3606
internal_count=768000 28082 12194 6315 4630 15888 5879 3537 1485 1189 2342 296 739918 3145 3848 2574 1409 476 442 2368 332 8418 2561 777 1305 665 2358 2036 933 350
is_linear=0
shrinkage=0.05


Tree=52
num_leaves=31
num_cat=0
split_feature=11 10 6 10 34 57 10 34 10 69 12 18 36 7 57 37 6 12 56 14 12 14 69 34 26 34 56 37 13 38
split_gain=769.276 29.6841 14.6995 12.5548 12.5058 8.15452 7.22126 6.84074 5.92528 5.59894 4.53866 4.86338 4.63913 5.49811 4.23367 4.83663 4.19592 6.83902 4.58272 4.2053 4.08116 4.05024 5.88586 4.03714 3.66409 3.62914 5.05801 3.88617 3.4794 3.44137
threshold=2.0263158082962041 5.7500000000000009 1.0000000180025095e-35 5.2500000000000009 3.9324661493301396 0.69339519739151012 4.7500000000000009 4.6246793270111093 4.2500000000000009 8.1768126487731951 0.53589746356010448 0.34196755290031439 0.74519053101539623 1.0000000180025095e-35 0.86971896886825573 0.99627259373664867 2.5000000000000004 0.72077924013137828 0.864302158355713 1.8978620171546938 0.17519181966781619 3.5592596530914311 10.522826671600344 2.4393353462219243 36.904762268066413 1.1605892181396487 0.83070719242095958 0.97270449995994579 284.08592224121099 0.32026019692420965
decision_type=2 2 2 2 2 2 2 2 2 2 2 2 2 2 2 2 2 2 2 2 2 2 2 2 2 2 2 2 2 2
left_child=1 3 5 4 6 9 8 10 14 -3 12 16 13 29 28 -16 17 18 19 -12 -7 -22 -23 -11 -21 26 27 -14 -1 -4
right_child=-2 2 7 -5 -6 20 -8 -9 -10 23 11 -13 25 -15 15 -17 -18 -19 -20 24 21 22 -24 -25 -26 -27 -28 -29 -30 -31
leaf_value=0.021153182399011539 -0.050190280882647632 0.035658692765526058 -0.040686381727777297 -0.062215241087767582 -0.039304852159138259 -0.019694957760726314 0.030675816321952487 -0.051258657280832148 -0.057617116224915922 0.011282631577380183 0.036475580806409259 -0.04912073742866855 -0.020737703533388906 -0.081317780114719421 0.030431467592442904 -0.010983908782123533 0.03203650757671396 -0.050646656146420915 -0.041217497861302188 0.018207949970006739 0.044048174864788285 -0.058581327053428292 0.030200461498744592 -0.044517269660789255 -0.047459994732658661 0.036689033313919005 -0.039276105140805824 0.039756739273301825 -0.046107080448315407 0.025470256370195371
leaf_weight=2.9232109492877481 471.2666769419011 19.436998098768527 2.3400199376046684 6.1927294477645765 10.986493494361637 2.6182313546305513 47.47321521032427 2.9356130723608649 3.7433634852059177 11.73077910410939 16.850278504425667 2.8743015251820898 3.4446179759106625 1.6528509478957847 21.074990133492978 10.592783899017375 27.262869851168944 4.6481915178737827 3.2637831133324644 5.8693327386863512 377.30268913999316 2.1114865356066757 16.110687538806815 4.479226646362803 3.3290752501343377 115.65275115787517 3.7143646655604234 11.578230451908892 5.6181651342776604 12.289704251539659
leaf_count=319 737168 629 46 1372 10304 38 733 3367 762 398 104 510 30 85 1060 2125 287 626 47 54 2470 410 578 1503 52 611 26 61 1821 404
internal_value=-7.51926e-10 0.0311182 0.0351525 0.00691758 0.011098 0.0404731 0.0171548 0.0245509 0.00255068 0.0175625 0.0255872 0.0144431 0.030328 0.00512258 0.00815214 0.0165781 0.0174273 0.00569936 0.0146344 0.0216324 0.0425244 0.0429362 0.0199129 -0.00413627 -0.0055585 0.0333818 0.0129685 0.0258859 -0.0230878 0.0148885
internal_weight=1231.37 760.101 651.496 108.605 102.412 433.79 91.4257 217.706 43.9525 35.647 214.77 64.0978 150.673 16.2826 40.2092 31.6678 61.2235 33.9607 29.3125 26.0487 398.143 395.525 18.2222 16.21 9.19841 134.39 18.7372 15.0228 8.54138 14.6297
internal_count=768000 30832 12336 18496 17124 6026 6820 6310 6087 2530 2943 1680 1263 535 5325 3185 1170 883 257 210 3496 3458 988 1901 106 728 117 91 2140 450
is_linear=0
shrinkage=0.05


Tree=53
num_leaves=31
num_cat=0
split_feature=11 12 17 34 10 10 49 3 11 58 14 4 8 10 14 12 17 6 6 12 6 18 69 5 54 6 7 17 5 10
split_gain=697.702 26.7872 13.3128 12.3874 9.61815 14.7565 6.02465 5.91439 5.32976 5.73543 5.4054 5.28685 4.89677 4.1907 4.15524 4.09482 5.84442 4.07045 4.70676 5.75572 4.4714 4.3237 5.22715 4.26836 5.05074 3.98293 3.87998 3.59754 3.10452 3.12908
threshold=2.0263158082962041 0.55902779102325451 0.68913918733596813 4.1963903903961191 6.7500000000000009 6.2500000000000009 9.2601008415222186 1.0000000180025095e-35 0.78019323945045482 0.32603697478771215 2.523462295532227 1.0000000180025095e-35 1.0000000180025095e-35 4.7500000000000009 0.36025807261466986 0.22474747896194461 0.87338376045227062 1.0000000180025095e-35 2.5000000000000004 0.72077924013137828 3.5000000000000004 0.33509309589862829 10.737765312194826 1.0000000180025095e-35 0.62836408615112316 1.0000000180025095e-35 1.0000000180025095e-35 0.9916684925556184 1.5000000000000002 4.2500000000000009
decision_type=2 2 2 2 2 2 2 2 2 2 2 2 2 2 2 2 2 2 2 2 2 2 2 2 2 2 2 2 2 2
left_child=1 2 6 11 5 7 -1 -4 9 10 -6 14 -8 26 -3 16 -10 21 19 23 -20 -16 -23 24 -19 -17 28 -15 29 -9
right_child=-2 3 4 -5 8 -7 12 13 15 -11 -12 -13 -14 27 17 25 -18 18 20 -21 -22 22 -24 -25 -26 -27 -28 -29 -30 -31
leaf_value=0.032857183165317147 -0.0501753255657627 -0.031365870255320595 -0.058274525124825539 -0.048392319126322664 0.035736012118971518 -0.076045234816456989 -0.045975103957523057 0.028371657882302795 -0.035683722851647025 -0.062370203228847045 -0.058773091528428884 -0.05073910133158354 0.028363538934778845 0.035019860108924161 0.040262927385150242 0.045304410608595629 0.032686165796530206 0.036634682007632584 0.029956132304889561 -0.039259964965922302 -0.016780027409788716 0.026728409682708166 -0.039170501861675519 0.025450846007981493 -0.031337728216676061 0.034284461176861923 -0.053609088592565315 -0.033979379447630804 -0.044871167635872816 -0.063253238504550072
leaf_weight=6.2916714476887163 430.76928029420378 4.4370168608875238 1.9991251821484173 8.2886152130085957 12.003131953882983 3.5957992872572495 8.9737581765220948 15.501157651655383 3.9539865594124448 2.2455344391928511 1.7311371839023184 3.0214472874649791 2.9413255524996194 82.971535056814901 31.093180534197018 290.11690436498611 14.921895101608241 3.7911314083612551 34.051836511964211 8.0158665123599331 6.0229267072718349 10.113234134943921 4.2838271685759528 16.559697144286474 9.7911379335273505 114.29776640541968 2.2526765208313 1.9331246600486327 1.8849812675034616 0.99141211697133336
leaf_count=186 737168 431 613 10958 69 180 4255 721 117 92 95 2472 266 863 440 2148 114 46 866 1854 1230 210 217 224 267 956 685 21 132 104
internal_value=-2.32868e-11 0.0305249 0.0353414 0.0108886 0.0367328 0.0235919 -0.00672368 0.0269236 0.0400573 0.0117114 0.0238236 0.0146343 -0.0276241 0.0285375 0.0161755 0.0411274 0.0183645 0.0178805 0.0109648 -0.00160359 0.022932 0.0297737 0.00712027 0.00841064 -0.012365 0.0421899 0.00832459 0.0334489 0.0159163 0.0228638
internal_weight=1138.85 708.077 568.607 139.47 550.4 111.13 18.2068 107.534 439.27 15.9798 13.7343 131.181 11.9151 105.535 128.16 423.291 18.8759 123.723 78.2326 38.1578 40.0748 45.4902 14.3971 30.142 13.5823 404.415 20.6302 84.9047 18.3776 16.4926
internal_count=768000 30832 11617 19215 6910 3319 4707 3139 3591 256 164 8257 4521 2526 5785 3335 231 5354 4487 2391 2096 867 427 537 313 3104 1642 884 957 825
is_linear=0
shrinkage=0.05


Tree=54
num_leaves=31
num_cat=0
split_feature=11 14 6 10 5 4 17 5 57 69 10 36 54 12 69 56 17 11 57 12 57 6 12 34 1 54 26 54 14 65
split_gain=631.536 24.3874 19.0219 8.91933 8.48235 8.17436 7.68202 5.65356 4.30636 4.94584 4.09776 4.27659 4.18717 3.91677 6.58209 6.67696 3.87101 3.99318 3.85793 3.71131 3.48703 3.32037 5.06067 3.59543 3.4961 5.11434 3.23558 3.17515 3.17386 4.05066
threshold=2.0263158082962041 4.176084280014039 1.0000000180025095e-35 5.7500000000000009 2.5000000000000004 1.0000000180025095e-35 0.89755257964134227 1.0000000180025095e-35 0.87216690182685863 10.685343265533449 13.250000000000002 0.67489838600158703 2.9242930412292485 0.46862745285034185 14.594558238983156 0.77514043450355541 0.87721222639083873 0.78019323945045482 0.89308768510818493 0.53589746356010448 0.40444585680961614 2.5000000000000004 0.72077924013137828 0.66181784868240368 16.500000000000004 1.6015663743019106 35.777778625488288 0.93532961606979381 1.3543263077735903 35.000000000000007
decision_type=2 2 2 2 2 2 2 2 2 2 2 2 2 2 2 2 2 2 2 2 2 2 2 2 2 2 2 2 2 2
left_child=1 2 4 18 5 6 7 10 9 -9 11 12 20 -8 28 -16 17 -5 -4 -18 -1 22 24 -23 25 -21 -27 -12 29 -15
right_child=-2 -3 3 16 -6 -7 13 8 -10 -11 27 -13 -14 14 15 -17 19 -19 -20 21 -22 23 -24 -25 -26 26 -28 -29 -30 -31
leaf_value=-0.044524564487069068 -0.050161518130603128 -0.032120766689182782 -0.0366800810523399 -0.052715264089312701 -0.071584796255681288 -0.051318434314191613 0.045635534385913307 0.021864116056202795 -0.10031603409185458 -0.042254675119201536 0.038381509071279858 0.044117663210207721 -0.047378176694741175 0.036823452944877488 -0.063891534438389533 0.029520849184688461 0.031671075698875943 0.012438694228135419 0.0053412622344384056 0.040557808151680405 0.030264526263667386 -0.049383194496312177 -0.048214551404665698 0.034564864989916469 -0.01761105927736208 0.013501097522908982 -0.072339725414150582 -0.055203893474317922 0.045053538140797156 -0.0057266490590166148
leaf_weight=1.6866455271374494 393.24876680325542 15.48963165959867 6.4858080338599384 2.7591862493718535 1.7663213519845147 2.5334437116107429 238.51729598589009 12.494980864110408 1.0023503862321366 3.9609115273342459 1.4907832431490526 44.044371548428899 2.2238107851298983 17.745568873127922 3.3592959280358619 4.4431861069460865 118.31112086283974 15.92274382340838 34.603073822057922 12.938810460793329 20.52029849079554 1.3548526459489973 3.9726319467736166 21.768788798595779 6.8595485680853008 2.7324274603161021 1.834936387138441 2.3118281745701097 48.933003197365906 8.1676078655291366
leaf_count=223 737168 15686 2991 353 99 1298 1657 204 3 144 45 454 92 227 37 52 683 852 3846 67 204 22 577 214 101 32 25 87 467 90
internal_value=2.62719e-10 0.0298772 0.0313666 0.0198162 0.0377523 0.0382194 0.0387715 0.0258378 0.000302027 0.00643081 0.0320059 0.0348114 0.0180338 0.0423852 0.033005 -0.0106971 0.0244183 0.00281592 -0.00129173 0.0267955 0.0245842 0.0155864 0.00411383 0.0296462 0.0126455 0.0245012 -0.0209854 -0.0185145 0.0375608 0.023412
internal_weight=1053.48 660.235 644.746 229.544 415.202 413.435 410.902 89.736 17.4582 16.4559 72.2777 68.4751 24.4308 321.166 82.6487 7.80248 188.455 18.6819 41.0889 169.773 22.2069 51.462 28.3384 23.1236 24.3657 17.5062 4.56736 3.80261 74.8462 25.9132
internal_count=768000 30832 15146 9763 5383 5284 3986 1456 351 348 1105 973 519 2530 873 89 2926 1205 6837 1721 427 1038 802 236 225 124 57 132 784 317
is_linear=0
shrinkage=0.05


Tree=55
num_leaves=31
num_cat=0
split_feature=11 10 6 10 34 57 7 34 69 4 18 5 17 10 17 12 17 37 3 16 29 57 27 5 69 3 3 12 11 7
split_gain=572.035 22.7413 12.0621 9.92019 9.29585 6.98491 5.34335 5.33154 4.311 4.07942 4.06571 3.96927 7.04744 5.21297 3.68181 3.67208 3.49121 3.408 3.52902 3.39563 3.06797 3.04081 3.03818 2.99237 2.97596 2.96134 2.70737 2.62289 3.9033 3.35335
threshold=2.0263158082962041 5.7500000000000009 1.0000000180025095e-35 5.2500000000000009 4.3533363342285165 0.69339519739151012 1.0000000180025095e-35 4.6246793270111093 8.6854124069213885 1.0000000180025095e-35 0.33509309589862829 1.0000000180025095e-35 0.89755257964134227 13.250000000000002 0.87338376045227062 0.46410256624221807 0.99626418948173534 0.99910238385200512 1.0000000180025095e-35 0.75779366493225109 9.9764866828918475 0.4527812004089356 42.678571701049812 1.0000000180025095e-35 8.7381744384765643 5.5000000000000009 1.0000000180025095e-35 0.44722221791744238 1.2565789222717287 1.0000000180025095e-35
decision_type=2 2 2 2 2 2 2 2 2 2 2 2 2 2 2 2 2 2 2 2 2 2 2 2 2 2 2 2 2 2
left_child=1 3 5 4 6 8 9 14 19 17 -7 13 20 -12 24 -14 22 18 -1 26 -13 -10 -16 -8 -4 -20 -3 29 -29 -24
right_child=-2 2 7 -5 -6 10 23 -9 21 -11 11 12 15 -15 16 -17 -18 -19 25 -21 -22 -23 27 -25 -26 -27 -28 28 -30 -31
leaf_value=-0.058188377895138782 -0.050149271144344559 -0.043391551440987379 0.017996248946480949 -0.061048930014964899 -0.050504345017907772 0.045834719718325687 -0.040177414106262681 -0.051257569819714514 -0.052000806386684167 -0.050982988309554146 0.041822909623703511 0.021789015502586342 0.04154716143630522 -0.011270094524358381 -0.035598846188341797 0.0044629787687880864 -0.038993518857131607 -0.0013496406657576034 0.031044745136242322 -0.079173986753359848 -0.068707271524338351 0.0067538051422327983 0.037882545451108064 0.011433130210129901 -0.025537637075247196 -0.061629651284801079 0.039981023185105158 0.027294899674096703 0.0013197007558352427 -0.0044629791709145964
leaf_weight=1.1732546951388929 359.17958119402465 1.0363427812844843 10.306995988939891 5.1854644525010363 5.8764411274751174 179.8101693927747 6.2758355540427129 2.3967074821557608 3.0019102420337722 1.9677393149904663 96.318691667402163 1.3694424621644419 18.636171040474441 4.8563865819887715 1.9197950678353652 10.400880010245599 2.0340632885054211 12.577041851865941 51.505706621232093 0.67759899189695616 2.962728290935047 8.265694711590184 65.578799271665048 5.0834248365135863 6.3406230706896158 0.8766760834841979 16.118790017731953 70.122544931102311 18.220937702193623 5.0341257570544249
leaf_count=401 737168 266 336 1372 9594 1921 1488 3367 1293 1765 1113 14 153 70 47 169 44 1289 1592 31 56 429 384 793 860 202 511 676 556 40
internal_value=1.29146e-10 0.0292445 0.0332323 0.00609807 0.0101783 0.0387465 0.014666 0.0228239 0.0153109 0.0199615 0.040916 0.0343424 0.0193884 0.0392745 0.0238127 0.0282639 0.0261015 0.0220724 0.0275729 0.0306083 -0.0401005 -0.00889957 0.0269245 -0.017081 0.00141538 0.0294937 0.0349445 0.0276797 0.0219375 0.0348637
internal_weight=975.111 615.931 525.409 90.5216 85.3361 343.455 79.4597 181.955 29.1003 68.1004 314.354 134.544 33.3692 101.175 179.558 29.0371 162.91 66.1327 53.5556 17.8327 4.33217 11.2676 160.876 11.3593 16.6476 52.3824 17.1551 158.956 88.3435 70.6129
internal_count=768000 30832 12336 18496 17124 6026 7530 6310 2530 5249 3496 1575 392 1183 2943 322 1747 3484 2195 808 70 1722 1703 2281 1196 1794 777 1656 1232 424
is_linear=0
shrinkage=0.05


Tree=56
num_leaves=31
num_cat=0
split_feature=11 12 34 6 17 5 57 69 34 34 17 12 34 24 19 10 10 10 58 10 10 18 36 29 11 10 13 58 58 7
split_gain=517.171 21.1644 12.2031 8.13131 7.04052 6.31339 5.88007 5.57444 5.25087 4.52224 4.14458 4.00126 3.56654 5.42159 3.82185 3.43119 6.65719 3.3814 3.33343 3.22625 18.7988 3.21266 3.19008 4.54685 3.17251 3.00506 3.59075 2.67272 2.63801 2.52423
threshold=2.0263158082962041 0.65686276555061351 3.6601417064666752 1.0000000180025095e-35 0.89755257964134227 1.0000000180025095e-35 0.87216690182685863 10.685343265533449 4.3144662380218515 5.0054175853729257 0.90413644909858715 0.22474747896194461 1.2326236367225649 0.92857143282890331 7.2169186751125394e-05 7.7500000000000009 7.2500000000000009 11.250000000000002 0.18367839604616168 8.7500000000000018 8.2500000000000018 0.32312279939651495 0.8893263339996339 10.211449146270754 1.3405797481536867 6.7500000000000009 325.16319274902349 0.25697118043899542 0.27337403595447546 1.0000000180025095e-35
decision_type=2 2 2 2 2 2 2 2 2 2 2 2 2 2 2 2 2 2 2 2 2 2 2 2 2 2 2 2 2 2
left_child=1 2 3 4 5 11 7 -7 21 17 22 -1 13 -12 18 16 -14 -4 -15 20 29 24 23 -5 -3 26 -13 -26 -9 -6
right_child=-2 8 9 10 19 6 -8 28 -10 -11 12 25 15 14 -16 -17 -18 -19 -20 -21 -22 -23 -24 -25 27 -27 -28 -29 -30 -31
leaf_value=-0.0033335393648837829 -0.050137923952757436 0.018857626948535679 0.014318474323724642 0.032724629237374091 0.042379329492447299 0.027844476729998426 -0.096888866422940825 0.021083743088835646 -0.050254373043716855 -0.050225501097921871 0.037282846055438502 0.028161745040735993 0.024953126625938918 -0.039536995867792045 -0.054912740425146413 0.039191887605536768 -0.078848299881804751 -0.044702578817811152 0.020765553410791386 0.047606766868821863 -0.08830234692893725 -0.027506056160724691 0.034038838950266596 -0.025268272887713852 -0.01987795846811384 0.042113938458963905 -0.047640634733118581 0.032902558744488331 -0.070173401147121534 0.020241300133393102
leaf_weight=7.0671885444899081 328.05341953523748 28.247447676607408 33.165609731266159 4.8765790884499465 98.030446998891421 8.9190371192817093 1.5544648654758919 1.1103536123991937 4.9162901668096302 3.4143944286697652 11.617763701127842 6.3156068454554752 44.651639039802831 3.0847664787434033 3.3824474093271428 64.773658724036068 1.5999783548759285 2.6183169263240407 8.9141011327592405 134.00829490635078 2.9539839210920027 7.0191616474403409 6.5317361984634763 11.012383529057841 12.185694160281853 43.121213141130283 2.0757589999993797 2.9863393006962715 2.7613810361071955 14.823313831468111
leaf_count=261 737168 915 1438 161 924 177 3 33 9314 6243 88 142 619 78 72 376 12 179 147 1048 17 1909 98 1139 4126 477 116 356 112 252
internal_value=-1.966e-10 0.0284694 0.0315847 0.0337613 0.0383346 0.0246662 -0.00506297 0.00609665 -0.000928973 0.00475392 0.024562 0.0319464 0.0278008 0.0115022 -0.00797042 0.0317643 0.0213623 0.00999989 0.00526248 0.0423246 0.0362123 0.00387881 0.0046231 -0.00746932 0.00895246 0.0367866 0.00941063 -0.00948907 -0.0440023 0.0394715
internal_weight=905.793 577.739 522.384 483.186 322.741 72.925 14.3452 12.7908 55.3549 39.1983 160.445 58.5798 138.024 26.9991 15.3813 111.025 46.2516 35.7839 11.9989 249.816 115.808 50.4386 22.4207 15.889 43.4195 51.5126 8.39137 15.172 3.87173 112.854
internal_count=768000 30832 14212 6352 3562 1321 325 322 16620 7860 2790 996 1392 385 297 1007 631 1617 225 2241 1193 7306 1398 1300 5397 735 258 4482 145 1176
is_linear=0
shrinkage=0.05


Tree=57
num_leaves=31
num_cat=0
split_feature=11 12 3 34 2 10 10 11 58 57 4 14 10 5 2 54 69 3 17 69 34 69 7 2 57 34 14 6 29 18
split_gain=469.003 20.5658 10.2225 8.67424 8.14496 6.46324 10.317 4.63235 4.37459 4.1272 4.04244 3.99616 3.97409 3.92931 3.71774 4.43385 7.9775 5.24233 3.41215 3.74516 3.96744 3.37805 3.16623 3.14867 3.10243 2.96887 2.94642 2.78153 2.67904 5.06872
threshold=2.0263158082962041 0.5419580638408662 1.0000000180025095e-35 4.1963903903961191 1.0000000180025095e-35 6.7500000000000009 6.2500000000000009 0.78019323945045482 0.32603697478771215 0.84690457582473766 1.0000000180025095e-35 2.523462295532227 7.7500000000000009 1.5000000000000002 2.5000000000000004 2.051286101341248 9.892881393432619 1.5000000000000002 0.83447185158729564 11.276554584503176 2.8390505313873295 7.9094872474670419 1.0000000180025095e-35 7.5000000000000009 0.92635858058929454 2.1178565025329594 0.36025807261466986 1.0000000180025095e-35 14.410142421722414 0.35575036704540258
decision_type=2 2 2 2 2 2 2 2 2 2 2 2 2 2 2 2 2 2 2 2 2 2 2 2 2 2 2 2 2 2
left_child=1 2 9 10 -4 6 13 8 11 -1 18 -7 -11 22 15 17 21 -9 -3 20 23 -17 27 26 25 -21 -20 -6 -19 -30
right_child=-2 3 4 -5 5 7 -8 14 -10 12 -12 -13 -14 -15 -16 16 -18 28 19 24 -22 -23 -24 -25 -26 -27 -28 -29 29 -31
leaf_value=-0.031432881524342433 -0.050127779026622611 -0.02766936568968555 -0.046624236790918303 -0.048216366336983806 0.039605643640954036 0.032887673514359665 -0.075379209391906871 -0.026977258636345033 -0.061373995879698696 -0.052564091386507833 -0.050611542400953974 -0.055187599429031578 0.039053273018505613 -0.02448821331249847 0.043475819209509985 0.014721235143901674 0.028351592891464158 0.04560969045732513 -0.027912704698758357 -0.043717826568279369 -0.0023767643557339457 -0.063061020701837472 0.0022039999871035082 -0.056697607735311621 0.01346326743920463 0.0050538442028418553 0.033682619059419001 0.018067927511569114 0.046693901813627696 -0.032251208817972804
leaf_weight=8.1355148804650508 299.75751162471715 4.7117292652983442 3.069631995735107 6.2264138147947952 43.843981967918808 9.571258158888666 2.597761090117273 2.8874225069303057 1.8847509170300316 1.4868733521288948 2.4826479600596931 1.4881130954599928 5.8040205753641203 3.6969722115318282 204.86489826405887 2.1818957979266989 27.484573925845325 58.932147777522914 2.023047258029691 5.647390520636689 12.137820085699785 3.8747495943243848 10.103496045936479 1.039968262426554 25.895560356526403 6.9730605138611281 48.169697653676849 22.779255592467962 5.163933225325307 3.3537286058417521
leaf_count=3101 737168 1216 1935 11081 747 86 139 72 138 235 2509 164 97 175 2002 82 422 461 121 374 853 109 657 195 1418 370 1300 706 44 23
internal_value=-2.83916e-10 0.0279031 0.0330035 0.00918374 0.0345149 0.0351303 0.0226925 0.0383403 0.00903702 -0.00694995 0.0124602 0.0210366 0.0203692 0.0258603 0.0395689 0.0318637 0.0169048 0.0389971 0.0139291 0.0158528 0.0233263 -0.0350401 0.0282862 0.0294158 0.00355665 -0.0167705 0.0312 0.0322416 0.0418213 0.0156102
internal_weight=838.27 538.512 423.205 115.307 407.779 404.709 83.0215 321.687 12.9441 15.4264 109.081 11.0594 7.29089 80.4237 308.743 103.878 33.5412 70.3372 106.598 101.887 63.3705 6.05665 76.7267 51.2327 38.516 12.6205 50.1927 66.6232 67.4498 8.51766
internal_count=768000 30832 11395 19437 7962 6027 2424 3603 388 3433 8356 250 332 2285 3215 1213 613 600 5847 4631 2469 191 2110 1616 2162 744 1421 1453 528 67
is_linear=0
shrinkage=0.05


Tree=58
num_leaves=31
num_cat=0
split_feature=11 12 10 34 17 6 12 12 49 57 34 14 29 18 34 13 49 8 1 13 1 38 36 13 17 37 6 13 58 5
split_gain=424.445 19.2352 10.018 7.63716 7.27669 6.3848 3.77693 3.51242 3.43664 3.96899 3.15667 4.07935 3.26398 3.0735 3.31657 4.48743 3.67621 3.064 3.06067 3.26234 2.90065 2.8881 3.40751 2.90288 2.74938 2.73031 2.72709 3.28733 2.73691 2.57407
threshold=2.0263158082962041 0.55902779102325451 4.7500000000000009 4.1963903903961191 0.75824561715126049 1.0000000180025095e-35 0.86190477013587963 0.17519181966781619 9.2601008415222186 0.661432445049286 3.5467442274093632 1.1819536089897158 14.216340541839601 0.3213160932064057 3.3219519853591923 332.24789428710943 12.632435798645021 1.0000000180025095e-35 22.500000000000004 303.06884765625006 17.500000000000004 0.25177647173404699 0.90041321516036998 313.11407470703131 0.92417654395103466 0.98104798793792736 1.0000000180025095e-35 285.18365478515631 0.28600546717643743 1.0000000180025095e-35
decision_type=2 2 2 2 2 2 2 2 2 2 2 2 2 2 2 2 2 2 2 2 2 2 2 2 2 2 2 2 2 2
left_child=1 2 18 6 8 7 20 -6 -4 17 11 12 -7 -9 29 16 -16 -10 -1 -20 26 -22 23 -23 -21 -17 28 -28 -3 -15
right_child=-2 3 4 -5 5 10 -8 13 9 -11 -12 -13 -14 14 15 25 -18 -19 19 24 21 22 -24 -25 -26 -27 27 -29 -30 -31
leaf_value=-0.048735461293609159 -0.050118062239218657 0.048835521058338327 0.036068931739231008 -0.047924858355648456 -0.025827658173104791 0.019075121213275592 -0.018280502431054901 0.046788473545961162 -0.041267375302233802 0.046809995817820263 -0.0030162419806895333 0.033508525925261566 -0.0277863836036038 0.04337289734631284 -0.048493132433785086 -0.039775064042299205 0.040920753043729351 0.022632874666110175 0.030618331392382001 -0.058537450895768478 -0.029746794705949244 0.019675180947122228 0.019592330609666895 -0.047538771712929973 0.0046368831291993436 0.02813470043111245 -0.037567170607440969 0.018003374600451382 0.0063778214878616631 0.026221536967754856
leaf_weight=3.2038857724837753 273.58949215860048 13.671525375626517 5.4194369297183611 5.6900011312754932 2.0042480026895637 18.784110581094868 9.5686874093225907 111.08608984827879 7.5389630014469713 2.3508386739704283 8.7942265432211553 80.729974885063712 4.6321371552185147 84.167587672709487 1.2610218270565408 4.3768105523195109 13.005088725331005 2.4974010281002847 6.7524094673863129 2.6252997374831466 5.6164736852151682 2.6358491247374358 20.832292462364421 4.1130286268162308 5.0067353362974245 2.2363433901919052 2.870286964607657 36.551786009105854 5.2544836829474653 29.558195281308144
leaf_count=1127 737168 154 130 10958 45 173 4985 1241 2836 45 682 588 62 857 58 156 286 85 635 1757 702 263 828 410 527 80 167 638 110 247
internal_value=-5.25607e-10 0.0272689 0.0323474 0.00843781 0.0340618 0.0356024 0.0116095 0.0400948 0.00285996 -0.0116691 0.02575 0.028179 0.00980511 0.0406326 0.0355522 0.0172352 0.0330172 -0.0253667 -0.0045404 0.00530328 0.0147337 0.00293435 0.00958936 -0.0212876 -0.0170941 -0.0168103 0.0214471 0.0139573 0.0370479 0.0389151
internal_weight=776.425 502.835 396.031 106.804 378.442 360.636 101.114 247.695 17.8066 12.3872 112.94 104.146 23.4162 245.691 134.605 20.8793 14.2661 10.0364 17.5883 14.3844 91.5457 33.1976 27.5812 6.74888 7.63204 6.61315 58.3481 39.4221 18.926 113.726
internal_count=768000 30832 11617 19215 7571 4475 8257 2970 3096 2966 1505 823 235 2925 1684 580 344 2921 4046 2919 3272 2203 1501 673 2284 236 1069 805 264 1104
is_linear=0
shrinkage=0.05


Tree=59
num_leaves=31
num_cat=0
split_feature=11 10 6 10 34 57 10 18 10 69 17 58 37 12 54 12 56 12 12 14 54 24 14 57 29 37 23 57 37 8
split_gain=384.501 17.5373 10.2596 7.51654 6.25691 5.76293 4.29625 3.81316 3.75254 3.36863 3.33085 3.31488 3.31246 3.05179 3.46606 2.98106 3.31099 2.83568 2.96758 3.51692 2.83434 6.92069 2.75566 2.71724 4.66001 2.89242 2.8312 2.68117 3.18108 2.66702
threshold=2.0263158082962041 5.7500000000000009 1.0000000180025095e-35 5.2500000000000009 4.3533363342285165 0.69339519739151012 4.7500000000000009 0.32645875215530401 4.2500000000000009 8.6854124069213885 0.91930586099624645 0.32603697478771215 0.99818241596221935 0.46410256624221807 0.71181103587150585 0.69615384936332714 0.64729991555213939 0.22474747896194461 0.55902779102325451 1.1513625383377077 2.4481493234634404 0.92857143282890331 2.5975841283798222 0.84690457582473766 12.127438545227053 0.95386901497840892 4.8295059204101571 0.87518799304962169 0.99627259373664867 1.0000000180025095e-35
decision_type=2 2 2 2 2 2 2 2 2 2 2 2 2 2 2 2 2 2 2 2 2 2 2 2 2 2 2 2 2 2
left_child=1 3 5 4 6 9 8 17 27 -3 29 15 22 23 -15 20 -17 -4 19 -19 -7 -22 -12 24 -13 -26 -25 -1 -29 -9
right_child=-2 2 7 -5 -6 11 -8 10 -10 -11 12 13 -14 14 -16 16 -18 18 -20 -21 21 -23 -24 26 25 -27 -28 28 -30 -31
leaf_value=-0.02437743550582765 -0.050109597428156738 0.028374576873694574 -0.057421591436968435 -0.060312151413593522 -0.050426847487513062 0.046711777368886667 0.02484362506063675 -0.030029552931448024 -0.056145233041625164 -0.011360015124493673 0.041446925258158164 0.044956211869544585 -0.055793813470226619 -0.06695912527495719 0.015968749661028216 0.039606294610155884 -0.045000490590658471 0.0093444611668476226 0.013150040140951495 0.03521144492647843 -0.045343680633052025 0.037209067313086805 -0.010729717839525324 0.043296329154249066 0.0016575374311429696 -0.084070101509461967 -0.0093148076101872996 0.026781966003637265 -0.012461646384636498 0.039263525257271517
leaf_weight=6.3701425971521592 250.07285460379353 13.281647678566516 1.0672999345551932 4.2896368847868862 4.2994507008042993 136.81719906604849 31.866958404323668 8.8705858999601332 2.8285688025207483 8.9139796871822892 8.776420685433548 4.1983603319094964 1.3609671824087843 1.5909561544831365 6.0573069375532214 2.6737690352747441 2.0375304277258692 16.520595693727955 39.18752222887997 64.225182495996705 2.7290375956654307 36.417526044358965 3.555802145987399 32.211245801387122 2.7305722212186083 1.5381748648360369 2.7776536367600775 14.102810405136553 8.1470039709020039 1.6463585598103243
leaf_count=2474 737168 808 75 1372 9594 1452 803 2654 827 1722 110 64 93 27 262 211 287 162 2063 826 206 508 276 370 66 18 25 1117 2309 51
internal_value=5.88281e-11 0.0266001 0.0306945 0.00386962 0.00794145 0.0367556 0.011905 0.0200936 -0.00120586 0.0124168 0.00197981 0.0390864 0.0182331 0.0278432 -0.00128152 0.0422665 0.00301577 0.0237178 0.0244399 0.0299191 0.0433174 0.031454 0.0264026 0.0329692 0.00755322 -0.029233 0.0391197 0.00422391 0.0124125 -0.0191822
internal_weight=721.163 471.09 399.186 71.9046 67.6149 253.975 63.3155 145.211 31.4485 22.1956 24.2101 231.779 13.6932 51.1043 7.64826 180.675 4.7113 121.001 119.933 80.7458 175.964 39.1466 12.3322 43.456 8.46711 4.26875 34.9889 28.62 22.2498 10.5169
internal_count=768000 30832 12336 18496 17124 6026 7530 6310 6727 2530 3184 3496 479 832 289 2664 498 3126 3051 988 2166 714 386 543 148 84 395 5900 3426 2705
is_linear=0
shrinkage=0.05


Tree=60
num_leaves=31
num_cat=0
split_feature=11 12 3 34 2 10 10 11 5 4 58 57 14 17 69 34 7 12 17 18 34 24 1 11 6 2 14 6 6 6
split_gain=348.546 16.4011 7.92927 6.52824 6.41313 5.18971 16.28 4.05425 3.72224 3.54076 3.2363 3.22506 3.12791 3.05352 3.13597 3.10459 2.99766 2.84723 2.93209 2.84608 2.8494 2.9721 2.75948 2.42543 2.42194 2.33847 2.34546 2.29196 2.13122 2.11051
threshold=2.0263158082962041 0.53589746356010448 1.0000000180025095e-35 4.3144662380218515 1.0000000180025095e-35 7.7500000000000009 7.2500000000000009 0.78019323945045482 1.5000000000000002 1.0000000180025095e-35 0.32603697478771215 0.87518799304962169 2.523462295532227 0.82266744971275341 11.276554584503176 2.8390505313873295 1.0000000180025095e-35 0.22474747896194461 0.86875513195991527 0.34717589616775518 1.2326236367225649 0.58571431040763866 25.500000000000004 1.6568627357482912 1.0000000180025095e-35 7.5000000000000009 0.36025807261466986 1.0000000180025095e-35 1.0000000180025095e-35 2.5000000000000004
decision_type=2 2 2 2 2 2 2 2 2 2 2 2 2 2 2 2 2 2 2 2 2 2 2 2 2 2 2 2 2 2
left_child=1 2 11 9 -4 6 8 10 16 13 12 -1 -7 -3 15 25 24 18 -9 20 21 -16 -18 -10 -6 26 -15 -17 -19 -30
right_child=-2 3 4 -5 5 7 -8 17 23 -11 -12 -13 -14 14 19 27 22 28 -20 -21 -22 -23 -24 -25 -26 -27 -28 -29 29 -31
leaf_value=-0.026668656422412847 -0.050101754605059723 -0.028273940846182691 -0.046388752031153155 -0.050222534553027623 0.040223397073093269 0.03081616394197538 -0.075497400558556832 -0.034387828528164237 0.0094575123250157725 -0.050572962040091485 -0.058938864234156729 0.025883503576839707 -0.053572581667617553 -0.024892712573683674 0.022062525039358728 0.03105445937061227 0.017594325653602333 0.044302637814481918 0.029166644027316946 -0.044449346002389596 0.014377045277824527 -0.049106626759814982 -0.047304807094809137 -0.076507909054450929 0.022156172053278765 -0.053893662053169623 0.031212141116427145 -0.014635004709841685 0.028957661369048385 0.056703679401158835
leaf_weight=7.9865312341571535 228.62303396133211 4.2966781518625785 2.5239926777721839 4.4531640546629196 52.713590237224707 8.0887480617384409 3.9246483001334118 2.4346842509403341 2.2394601784762922 2.2403728343633693 1.5363289279339358 4.6014513969421387 1.2705322746915033 1.9419435226736812 2.3182318415201726 4.0013043087965334 11.831626421146209 137.57374137242732 7.12761153728934 2.8969451098673735 26.713922982635268 3.9949321179592516 1.9010820389812568 1.2949560254492096 28.61988905898761 0.86785109643824299 45.710177220898913 8.7410506558226171 49.244059236953035 7.9618222643330219
leaf_count=3088 737168 1243 1878 11110 1014 83 119 117 72 2626 137 241 158 127 60 110 423 1759 80 208 1393 591 281 98 782 200 1357 846 550 81
internal_value=-3.2771e-10 0.0259707 0.0314672 0.0090571 0.0329971 0.0336277 0.0243693 0.0380377 0.0283444 0.0116022 0.00831977 -0.00745857 0.0193603 0.0129748 0.0147984 0.0216762 0.0302175 0.0396223 0.0129849 0.00306949 0.00723756 -0.0229729 0.00861004 -0.0220389 0.0338658 0.0274444 0.0289257 -0.000287778 0.04093 0.0328193
internal_weight=669.674 441.051 332.875 108.177 320.287 317.763 102.525 215.238 98.6006 103.723 10.8956 12.588 9.35928 101.483 97.1864 61.2623 95.0662 204.342 9.5623 35.924 33.0271 6.31316 13.7327 3.53442 81.3335 48.52 47.6521 12.7424 194.78 57.2059
internal_count=768000 30832 10961 19871 7632 5754 2789 2965 2670 8761 378 3329 241 6135 4892 2640 2500 2587 197 2252 2044 651 704 170 1796 1684 1484 956 2390 631
is_linear=0
shrinkage=0.05


Tree=61
num_leaves=31
num_cat=0
split_feature=11 10 10 10 6 37 57 18 12 57 6 10 37 12 5 36 20 10 69 19 13 56 69 12 69 3 13 2 16 11
split_gain=315.479 15.4559 15.278 7.77939 7.66212 4.78228 4.57153 3.33556 3.08214 2.90825 2.89222 2.78024 2.9061 2.6132 2.44686 3.57122 2.43685 2.43372 2.40781 2.39963 2.98562 2.37049 2.71212 2.32817 2.30226 2.24967 2.7191 2.24367 2.97488 2.35134
threshold=2.0263158082962041 6.7500000000000009 6.2500000000000009 4.7500000000000009 1.0000000180025095e-35 0.95815667510032665 0.60095453262329113 0.3213160932064057 0.55902779102325451 0.87518799304962169 1.0000000180025095e-35 4.2500000000000009 0.99627259373664867 0.69615384936332714 1.0000000180025095e-35 0.82820391654968273 1.0000000180025095e-35 14.250000000000002 8.1768126487731951 0.020919729955494407 361.21192932128912 0.77514043450355541 9.4322023391723651 0.46410256624221807 10.915303707122805 1.5000000000000002 327.16038513183599 2.5000000000000004 0.80363401770591747 1.1558704376220705
decision_type=2 2 2 2 2 2 2 2 2 2 2 2 2 2 2 2 2 2 2 2 2 2 2 2 2 2 2 2 2 2
left_child=1 2 3 9 6 21 18 13 -7 -1 25 12 -11 19 17 -16 -12 27 -3 -8 -21 22 -6 -17 -19 26 -5 28 -9 -30
right_child=-2 4 -4 10 5 8 7 14 -10 11 16 -13 -14 -15 15 23 -18 24 -20 20 -22 -23 -24 -25 -26 -27 -28 -29 29 -31
leaf_value=-0.032531294735584734 -0.050094348694446289 0.02804754822126139 -0.067074472083381659 0.027661243935681052 0.018343408905368726 0.031587990318571103 0.049785441999586413 0.034717264967166934 0.011108694784747032 0.021934704718248169 0.015123167002920816 -0.055523936138649636 -0.015800301630921675 0.0022522408783908552 -0.0094452535759191655 0.047373658857998373 -0.05481971485082382 0.030426979685327 -0.019253862487419119 0.045425186010084509 -0.047744141545501079 0.040405367071278897 -0.024077928141081287 0.0088404106825029152 -0.077987368495950837 0.037543178772470931 -0.042393055617486401 0.045037902885432163 -0.049889147732961214 0.023703519827113856
leaf_weight=8.185871179870448 208.83791103228577 5.6649904408404819 6.1465226853324557 4.2687429633078855 5.8053632207811523 61.686049216456013 79.035272424298455 18.445180318478382 26.165139867458493 13.114770968495582 35.937812069503707 1.9215000182666688 8.351269904378567 3.2481195599393677 7.6137911251134964 9.8323138537234644 1.2900261659087835 1.1127960295270884 5.1237107149499934 2.1351194626186039 1.4396401392586993 2.8203374061122295 10.734542809565026 6.518991124990861 0.87453144142637018 32.390254857557011 2.0505042493023211 47.310683279909426 2.0666039062198243 2.2860163341392763
leaf_count=7510 737168 471 1090 357 819 793 1051 284 1366 2254 2888 871 4746 231 150 130 187 27 1505 38 11 48 1594 121 32 1052 225 931 19 31
internal_value=2.0655e-10 0.0252954 0.00959388 0.0139771 0.0312457 0.0205312 0.0372066 0.039082 0.0254885 -0.00688143 0.0226497 0.00209628 0.00725406 0.0462434 0.0326813 0.0188403 0.0126995 0.0372821 0.00558342 0.0479731 0.0079037 -0.00196375 -0.00918841 0.0320111 -0.0172812 0.0322191 0.00492964 0.0388288 0.0259434 -0.0112379
internal_weight=622.414 413.576 113.657 107.511 299.919 107.211 192.708 181.919 87.8512 31.5734 75.9373 23.3875 21.466 85.8582 96.0609 23.9651 37.2278 72.0958 10.7887 82.61 3.57476 19.3602 16.5399 16.3513 1.98733 38.7095 6.31925 70.1085 22.7978 4.35262
internal_count=768000 30832 21180 20090 9652 4620 5032 3056 2159 15381 4709 7871 7000 1331 1725 401 3075 1324 1976 1100 49 2461 2413 251 59 1634 582 1265 334 50
is_linear=0
shrinkage=0.05


Tree=62
num_leaves=31
num_cat=0
split_feature=11 12 6 57 17 54 4 24 10 10 14 10 10 34 38 58 69 43 1 10 10 10 18 19 14 10 10 7 11 1
split_gain=285.866 14.1563 8.68444 6.02119 4.03122 3.68148 3.62582 3.38354 3.26769 10.6988 3.56385 3.11884 7.22032 3.06282 2.94563 2.87403 2.56287 2.46251 2.52421 2.45074 2.37846 3.57495 2.3281 2.28906 2.99191 2.24171 6.87563 2.34448 2.2224 2.15218
threshold=2.0263158082962041 0.65686276555061351 1.0000000180025095e-35 0.71274510025978099 0.83994024991989147 1.3314403891563418 1.0000000180025095e-35 0.92857143282890331 7.7500000000000009 7.2500000000000009 0.4306021928787232 8.7500000000000018 8.2500000000000018 4.3144662380218515 0.25469110906124121 0.30221091210842138 10.488283634185793 3.2384861707687382 13.500000000000002 9.2500000000000018 7.7500000000000009 7.2500000000000009 0.32312279939651495 0.011532245669513943 2.7798471450805669 6.7500000000000009 6.2500000000000009 1.5000000000000002 1.3405797481536867 18.500000000000004
decision_type=2 2 2 2 2 2 2 2 2 2 2 2 2 2 2 2 2 2 2 2 2 2 2 2 2 2 2 2 2 2
left_child=1 2 3 5 -4 16 8 -7 9 10 -5 12 14 22 -6 23 -1 -13 19 -19 21 -16 28 -10 29 26 27 -12 -3 -25
right_child=-2 13 4 6 11 7 -8 -9 15 -11 25 17 -14 -15 20 -17 -18 18 -20 -21 -22 -23 -24 24 -26 -27 -28 -29 -30 -31
leaf_value=0.035369917614230223 -0.050087877681789711 0.015425401613564383 -0.017344600916396544 -0.016751400619410172 -0.0088493682553326923 -0.056529304887756496 -0.051390411784800451 0.0066998550874656842 0.049591207861445059 -0.073256340488128943 0.034229947721630481 -0.020269789406727062 -0.071521445073895892 -0.050176418165406411 0.017882153722736525 0.031377592174122858 -0.031540880139762646 0.046564117567606561 0.035945757850201175 -0.0066952710485115169 0.043301847099419595 -0.070181989331614306 -0.029254191454738079 0.068607235187045409 -0.036843542807940464 0.048437205354914109 -0.070346857788647146 -0.050199478206010811 -0.011779951335025957 0.0073221562637771735
leaf_weight=11.182813345556498 190.9624926391698 21.638010943701374 7.8279080498323301 3.5256935260840683 10.28136959466792 3.1588204726576787 1.1628561026445812 6.407857706406503 78.91750013831188 2.4995546333811935 38.83411732026434 2.4961192408227353 2.4870263155753483 3.1629334034223566 37.918818952479342 43.911847772615147 1.6411364195519116 3.0323127705196367 42.748801813097089 7.5079678461770527 9.3295391380670463 1.1885456737654738 5.4584359345026305 2.873688891530036 1.7375964460952671 20.530401338706724 1.696453988959546 0.84002624793356417 11.49454067294573 2.8565625101327896
leaf_count=310 737168 915 4068 67 412 1154 634 1202 1092 62 910 25 78 9314 2068 604 179 24 496 115 122 73 1909 24 22 274 67 99 4482 31
internal_value=7.14663e-11 0.0246296 0.027943 0.0338806 0.0173931 0.00929577 0.0366414 -0.0141778 0.0371579 0.0282667 0.0321452 0.0197174 0.0119235 -0.00287439 0.0154579 0.041793 0.0268071 0.0282686 0.0305422 0.00862682 0.0206174 0.0152057 0.00100251 0.0470875 0.0206288 0.0349302 0.0282273 0.0324423 0.00598716 0.0380563
internal_weight=579.312 388.349 346.595 221.777 124.818 22.3906 199.386 9.56668 198.223 67.9262 65.4267 116.991 61.2053 41.7539 58.7183 130.297 12.8239 55.7852 53.2891 10.5403 48.4369 39.1074 38.591 86.3853 7.46785 61.901 41.3706 39.6741 33.1326 5.73025
internal_count=768000 30832 14212 6731 7481 2845 3886 2356 3252 1479 1417 3413 2753 16620 2675 1773 489 660 635 139 2263 2141 7306 1169 77 1350 1076 1009 5397 55
is_linear=0
shrinkage=0.05


Tree=63
num_leaves=31
num_cat=0
split_feature=11 10 6 10 57 34 7 34 12 14 14 24 12 54 56 69 17 69 4 0 58 6 36 2 12 43 12 57 13 49
split_gain=259.29 13.5904 7.94623 5.97551 4.76852 4.44023 3.07203 3.02216 2.86943 2.86835 2.53142 4.12975 2.60766 2.39495 2.7504 2.33498 2.31625 2.28496 2.25095 2.2069 2.27268 2.18246 2.04488 2.04312 3.4388 3.43313 2.71624 2.04136 2.01296 1.87084
threshold=2.0263158082962041 5.7500000000000009 1.0000000180025095e-35 5.2500000000000009 0.69339519739151012 4.3533363342285165 1.0000000180025095e-35 3.6228868961334233 0.17519181966781619 3.5592596530914311 1.2089896798133852 0.5634920895099641 0.57518798112869274 1.8427736759185793 0.8745078742504121 10.522826671600344 0.90413644909858715 8.1768126487731951 1.0000000180025095e-35 14.500000000000002 0.16262540966272357 1.0000000180025095e-35 0.8893263339996339 5.5000000000000009 0.46862745285034185 4.4367339611053476 0.58578431606292736 0.94390377402305614 269.11048889160162 12.720951080322267
decision_type=2 2 2 2 2 2 2 2 2 2 2 2 2 2 2 2 2 2 2 2 2 2 2 2 2 2 2 2 2 2
left_child=1 3 4 5 17 6 18 10 -6 23 11 -4 16 19 -15 -11 22 -3 21 -14 -21 -1 29 -10 -25 27 -27 -26 -23 -12
right_child=-2 2 7 -5 8 -7 -8 -9 9 15 12 -13 13 14 -16 -17 -18 -19 -20 20 -22 28 -24 24 25 26 -28 -29 -30 -31
leaf_value=0.028267803586725759 -0.050082022790080241 0.027336917228854282 0.032216872320551752 -0.059927217201823313 -0.030739278313228896 -0.050372782840713552 -0.019126574316482806 -0.0079532704428186708 0.041035111005820156 -0.054732467808399132 0.019650304069139566 -0.0070077384065936046 0.03367001301018642 -0.040896839473782191 0.024204870474994398 0.020226793795567258 0.034289136068148623 -0.0088314668333852719 -0.050717682282149235 0.032117446520858579 -0.065093806623617953 -0.062252840435657354 0.043094483476059757 0.054984074864699597 -0.071573611661783082 0.04733109057431166 -0.022638188663767829 0.02127090513096519 0.0090315426219601657 -0.034558211782122435
leaf_weight=20.966520163667155 174.65259095080182 8.9786928959656525 10.767887930618601 3.6607631303850203 1.5416498164267967 3.2772227905043101 7.8563008978599091 10.205465089544303 146.61983423877973 1.2050029186648297 3.0564010377274808 17.808050292427652 9.1587620457721659 4.075773981952806 2.6952156980260042 7.5366564105715952 51.281206196290441 8.5014019824229745 1.2711036272448826 1.1206804197863669 1.2971473967772906 1.0411560137145013 2.7359295435016975 4.8141714155208311 1.9471456285100415 4.0611414873274043 2.1065230987151153 0.85068679972027883 20.293439299530291 3.3211099234613357
leaf_count=477 737168 629 228 1372 38 9594 2281 3899 2100 410 84 535 353 372 66 578 466 1901 1765 18 25 271 32 78 82 56 109 45 2736 232
internal_value=-1.4807e-11 0.0240266 0.0282479 0.00191805 0.0346189 0.00605657 0.00965247 0.0180475 0.0371662 0.0377851 0.0205201 0.00777275 0.0251461 0.00863786 -0.0149829 0.00989396 0.0301613 0.00974651 0.0148415 0.0224533 -0.0200357 0.0168115 0.00693383 0.0393051 0.0208977 0.0025945 0.0234336 -0.043344 0.00555277 -0.00857896
internal_weight=538.706 364.053 305.687 58.3665 188.163 54.7057 51.4285 117.524 170.683 169.141 107.318 28.5759 78.7422 18.3476 6.77099 8.74166 60.3946 17.4801 43.5722 11.5766 2.41783 42.3011 9.11344 160.4 13.7797 8.9655 6.16766 2.79783 21.3346 6.37751
internal_count=768000 30832 12336 18496 6026 17124 7530 6310 3496 3458 2411 763 1648 834 438 988 814 2530 5249 396 43 3484 348 2470 370 292 165 127 3007 316
is_linear=0
shrinkage=0.05


Tree=64
num_leaves=31
num_cat=0
split_feature=11 12 17 34 5 11 10 34 34 7 6 29 69 17 10 10 10 29 58 10 10 18 10 10 3 21 58 10 10 34
split_gain=235.004 12.2974 8.33299 6.15194 4.57532 4.51366 4.51446 3.91157 3.61902 3.44708 3.2 3.15208 3.12929 3.06921 2.83263 2.61898 2.79191 2.55317 2.40216 2.36723 12.3618 3.59279 2.34415 10.1558 2.14177 3.74261 2.10657 2.60912 11.8381 2.36966
threshold=2.0263158082962041 0.46862745285034185 0.90714332461357128 4.1963903903961191 1.0000000180025095e-35 1.3405797481536867 13.250000000000002 4.1185941696167001 1.3031104803085329 1.0000000180025095e-35 1.0000000180025095e-35 14.881042003631594 10.05018186569214 0.99626418948173534 13.250000000000002 8.7500000000000018 8.2500000000000018 13.786395072937013 0.28112146258354193 9.7500000000000018 9.2500000000000018 0.22281873971223834 8.7500000000000018 8.2500000000000018 3.5000000000000004 0.0046213048044592151 0.23970581591129306 10.250000000000002 10.750000000000002 3.4331562519073491
decision_type=2 2 2 2 2 2 2 2 2 2 2 2 2 2 2 2 2 2 2 2 2 2 2 2 2 2 2 2 2 2
left_child=1 2 4 5 7 6 10 14 -7 -8 11 -3 -6 19 15 16 17 -1 24 20 21 -4 23 -23 -12 -26 -21 -28 -29 -30
right_child=-2 3 13 -5 12 8 9 -9 -10 -11 18 -13 -14 -15 -16 -17 -18 -19 -20 26 -22 22 -24 -25 25 -27 27 28 29 -31
leaf_value=0.025346124052022717 -0.050076498875107713 0.040924731388294673 -0.0024039973263729896 -0.045086957683396656 0.0083838187196631445 -0.028406448477801619 -0.072481197558349128 -0.04351078589554571 0.0076131757621504302 0.053038078590246673 0.023406877051028188 -0.020811302113816044 -0.046281039776583169 -0.051174737085363013 -0.019516417286502618 0.038021938816459704 -0.068254880855196362 -0.034637925436096763 -0.020789012619526603 0.058546342718747479 -0.083729056235058746 0.03682267260083829 0.051768973995025697 -0.080670582740829319 -0.022283136064209258 0.048252014154383571 0.05647052559297347 -0.089083561601859818 0.044525099038032062 -0.016614077940191169
leaf_weight=14.372811378147167 159.89591990319423 26.073908677339208 5.7840613234584444 4.6397811907409041 6.2843797858877206 8.658743048363247 2.1782481753762108 2.2042220983003054 35.83069735103345 0.73038548964541394 40.146496777189896 2.2456361790391375 4.4874036711153167 0.97630749217932944 3.3715761277126139 26.247078424639767 0.9964966093248212 2.0237637641912434 4.2541364589415016 20.685164980823174 2.2194265445286865 59.018283825920662 23.437327164952876 1.8983467765501689 6.8872328218130843 2.5870521250617458 12.83597976475721 1.9631949037138863 18.914630359038714 1.7297840787796293
leaf_count=683 737168 533 94 12147 867 1938 117 2727 5042 24 881 54 1098 14 189 581 43 256 483 256 39 1506 346 32 304 46 185 23 261 63
internal_value=1.93973e-10 0.0232977 0.0308693 0.0114834 0.0151271 0.0135088 0.0202556 0.0215872 0.000602868 -0.0409621 0.0224219 0.0360293 -0.0143889 0.0371875 0.0246395 0.0280509 0.013004 0.0179425 0.0152692 0.0377685 0.032847 0.0357174 0.0383313 0.0331612 0.0183606 -0.00302278 0.0458668 0.0384668 0.0282449 0.0394023
internal_weight=503.578 343.683 209.45 134.232 59.9877 129.593 85.1031 49.2159 44.4894 2.90863 82.1945 28.3195 10.7718 149.463 47.0117 43.6402 17.3931 16.3966 53.8749 148.486 92.3574 90.138 84.354 60.9166 49.6208 9.47428 56.1288 35.4436 22.6076 20.6444
internal_count=768000 30832 9263 21569 6444 9422 2442 4479 6980 141 2301 587 1965 2819 1752 1563 982 939 1714 2805 2017 1978 1884 1538 1231 350 788 532 347 324
is_linear=0
shrinkage=0.05


Tree=65
num_leaves=31
num_cat=0
split_feature=10 12 17 6 10 10 18 14 12 10 10 36 7 1 37 5 36 10 12 19 13 10 10 1 12 13 36 10 36 18
split_gain=213.513 10.8317 6.26286 6.21375 3.2706 7.87209 2.96573 2.77428 2.72887 2.39835 6.76135 2.96007 2.70837 2.66238 2.33837 2.30315 2.50475 2.18318 2.15253 2.12397 2.39539 2.02321 4.7115 3.33207 2.09562 3.26837 2.11249 1.9451 1.93126 1.9167
threshold=2.7500000000000004 0.65686276555061351 0.84445098042488109 1.0000000180025095e-35 6.7500000000000009 6.2500000000000009 0.32312279939651495 2.4130655527114873 1.118055582046509 9.7500000000000018 9.2500000000000018 0.71486642956733715 1.0000000180025095e-35 17.500000000000004 0.93778014183044445 1.0000000180025095e-35 0.82820391654968273 1.7500000000000002 0.46410256624221807 0.020919729955494407 361.21192932128912 8.7500000000000018 8.2500000000000018 22.500000000000004 0.43167701363563543 299.09489440917974 0.91388580203056347 10.250000000000002 0.8893263339996339 0.32312279939651495
decision_type=2 2 2 2 2 2 2 2 2 2 2 2 2 2 2 2 2 2 2 2 2 2 2 2 2 2 2 2 2 2
left_child=17 2 7 4 5 -4 19 -2 29 10 12 14 21 28 -11 -8 27 -1 -18 -6 -21 22 24 -23 -5 -26 -27 -17 -14 -3
right_child=1 8 3 9 6 -7 15 -9 -10 11 -12 -13 13 -15 -16 16 18 -19 -20 20 -22 23 -24 -25 25 26 -28 -29 -30 -31
leaf_value=-0.050073070973164949 0.013318666570005156 0.0062243170327527519 0.027482271384456892 0.036073811758648572 0.049344778595227103 -0.075509884911569597 0.037306507292674922 -0.023145612768944002 -0.050142737675746452 0.031034953178046245 -0.077921092555353177 0.035889792354969682 -0.044578319888743209 -0.040715460454150303 -0.065530379896543464 0.0087212614967898811 0.0485077216279233 -0.017314408309579948 0.0043694340960371662 0.044630690689486302 -0.049109948963326877 0.049812515053122501 -0.068202671369383433 -0.013398689674267321 -0.018077902716776156 0.043471059178795041 0.010781863841980689 -0.053938445450860989 0.03220787078039411 -0.028499774207314362
leaf_weight=145.65477182068571 19.006767308557759 27.057602802411569 33.788121627221699 12.227671612665288 55.30283404122747 1.9631305151924596 46.812656291818712 7.1892308838359886 2.82702515202618 1.1685184018570027 1.9456505898706371 26.87003916114918 1.0497345713374651 3.8130908793318667 1.352598583063809 3.9115896023868144 6.4139552735432499 5.2700335137888024 4.8516145913890796 1.5956854227406432 1.1895141304994465 10.780611131689509 1.6235241333779402 2.584639438224257 7.1250917131255873 7.0542757523871868 16.507671151186514 1.812386184610659 3.723362381773768 4.6582003977091508
leaf_count=731500 1160 4410 1184 300 1010 101 965 4207 9944 19 59 366 48 300 24 56 120 8418 69 37 10 133 61 30 263 228 584 24 65 2305
internal_value=2.14927e-11 0.0233538 0.0265946 0.028982 0.0351249 0.0218269 0.0390253 0.00331141 -0.00307147 0.0190832 0.0139526 0.0310294 0.016641 -0.00956485 -0.0207731 0.0315835 0.0158145 -0.0489292 0.0294992 0.0471991 0.00459556 0.020527 0.0154071 0.0375884 0.0185701 0.0115956 0.0205688 -0.0111187 0.0153205 0.00112428
internal_weight=467.132 316.207 281.664 255.468 157.641 35.7513 121.89 26.196 34.5428 97.8265 68.4353 29.3912 66.4897 8.58619 2.52112 63.8022 16.9895 150.925 11.2656 58.088 2.7852 57.9035 44.5382 13.3653 42.9147 30.687 23.5619 5.72398 4.7731 31.7158
internal_count=768000 28082 11423 6056 3576 1285 2291 5367 16659 2480 2071 409 2012 413 43 1234 269 739918 189 1057 47 1599 1436 163 1375 1075 812 80 113 6715
is_linear=0
shrinkage=0.05


Tree=66
num_leaves=31
num_cat=0
split_feature=11 10 10 10 10 11 10 10 57 34 34 14 12 12 3 37 17 14 38 7 17 40 18 13 14 18 5 36 49 2
split_gain=193.74 11.3153 13.2996 6.38536 11.943 6.07283 5.48572 4.87489 3.56403 3.49286 3.4473 2.78891 2.54711 2.682 2.48095 2.69009 2.39184 2.22594 2.22996 2.2067 1.98579 1.91685 1.89574 1.8693 1.81129 1.66445 2.1706 3.83628 3.07377 2.30461
threshold=2.0263158082962041 7.7500000000000009 7.2500000000000009 6.7500000000000009 6.2500000000000009 0.78019323945045482 5.7500000000000009 5.2500000000000009 0.85037463903427135 4.3533363342285165 3.6601417064666752 2.4875915050506596 0.22474747896194461 0.58578431606292736 1.0000000180025095e-35 0.99675798416137706 0.89454162120819103 0.69704958796501171 0.39690588414669042 1.0000000180025095e-35 0.86875513195991527 0.00043661564996000385 0.21139135211706164 351.16787719726568 1.7636806368827822 0.3213160932064057 1.0000000180025095e-35 0.86381819844245922 13.109104156494142 2.5000000000000004
decision_type=2 2 2 2 2 2 2 2 2 2 2 2 2 2 2 2 2 2 2 2 2 2 2 2 2 2 2 2 2 2
left_child=1 2 3 4 6 8 7 9 19 14 12 -10 20 25 -1 16 -16 -15 -19 -3 -7 22 -8 -5 -20 -14 29 28 -28 -27
right_child=-2 5 -4 23 -6 10 21 -9 11 -11 -12 -13 13 17 15 -17 -18 18 24 -21 -22 -23 -24 -25 -26 26 27 -29 -30 -31
leaf_value=-0.054543535650371171 -0.050066701972408673 -0.056572933174220123 -0.066556324008840442 0.038214843055996511 -0.067324310472429302 -0.033398460815419605 -0.020356572360447522 -0.05917065777511981 0.030326126539480344 -0.050338693984277753 0.0048464340728543625 -0.060597465228794826 0.043371044601611522 -0.028632308975684962 -0.016890017214450298 -0.0073544453239128317 0.024946866846627429 0.03370013042151862 0.017609527927014985 0.011987420334013753 0.023995201748789212 -0.030142089528199772 0.033401150753637227 0.0061879985844026982 -0.073556045118279734 0.017757538232093306 0.016187179066659698 0.0410310307016373 -0.050881070275996421 0.04453114222015446
leaf_weight=1.5010224507059309 133.99201490133782 3.5685741947600018 5.3368388266972024 27.42310329672182 5.08320721489872 2.2650503776676478 1.7381503965807521 3.1192066302683079 6.8206848314730451 2.6577813414114635 10.262089099262083 0.96237224501965091 74.887864857300883 2.321988159994361 3.9425052705264561 13.834315391984999 25.595201956246456 10.98750379593548 1.2816498782922274 1.7488031343236796 4.5038776487344876 1.3670908165149729 29.034520640816481 5.4638225052040061 0.94771848813979875 10.797302254140957 4.2261016495031054 7.1182188612874597 2.8675055725907441 31.446139342879178
leaf_count=1250 737168 1125 839 1024 1090 188 160 1372 81 9594 2741 113 1146 109 1354 3201 1725 309 111 289 74 87 1347 306 148 225 70 117 54 583
internal_value=4.06914e-10 0.0221323 0.0106863 0.0141 0.00706628 0.030286 0.0116338 0.00138127 -0.0024727 0.00535499 0.0329041 0.0190835 0.0347781 0.0361601 0.00865367 0.0108408 0.0193627 0.016517 0.024449 -0.0340245 0.00478987 0.027791 0.0303647 0.0328939 -0.0211455 0.038484 0.0320013 0.0150983 -0.0109244 0.0376879
internal_weight=437.102 303.11 126.097 120.76 87.873 177.013 82.7898 50.65 13.1004 47.5308 163.913 7.78306 153.651 146.882 44.873 43.372 29.5377 15.5389 13.2169 5.31738 6.76893 32.1398 30.7727 32.8869 2.22937 131.343 56.4553 14.2118 7.09361 42.2434
internal_count=768000 30832 23349 22510 21180 7483 20090 18496 1608 17124 5875 194 3134 2872 7530 6280 3079 677 568 1414 262 1594 1507 1330 259 2195 1049 241 124 808
is_linear=0
shrinkage=0.05


Tree=67
num_leaves=31
num_cat=0
split_feature=11 12 17 11 34 12 14 2 57 5 6 10 58 69 14 3 11 5 10 29 10 17 69 18 6 13 3 41 5 23
split_gain=175.734 10.6124 7.21813 5.01194 3.22226 2.65961 2.83025 2.4839 2.41829 2.30807 2.30612 2.82357 5.49818 2.9342 2.27698 2.2487 2.22848 2.24834 1.9585 2.23105 1.84156 1.71418 1.70622 1.63944 1.62398 1.6671 1.65789 3.90837 1.7611 1.70652
threshold=2.0263158082962041 0.44722221791744238 0.90714332461357128 1.3405797481536867 4.1570899486541757 0.91987180709838878 0.4306021928787232 1.0000000180025095e-35 0.40444585680961614 1.5000000000000002 1.0000000180025095e-35 10.250000000000002 0.26129123568534857 14.651551723480226 3.4818214178085332 1.5000000000000002 0.78019323945045482 1.0000000180025095e-35 8.7500000000000018 13.786395072937013 8.2500000000000018 0.9959285855293275 7.6655185222625741 0.27440364658832556 4.5000000000000009 285.18365478515631 3.5000000000000004 0.0091983471065759676 1.0000000180025095e-35 3.2713826894760136
decision_type=2 2 2 2 2 2 2 2 2 2 2 2 2 2 2 2 2 2 2 2 2 2 2 2 2 2 2 2 2 2
left_child=1 2 4 8 7 6 -5 -1 -3 21 11 13 -13 -10 -8 -11 23 18 19 20 -18 -4 -19 -9 25 -12 29 28 -28 -27
right_child=-2 3 9 5 -6 -7 14 16 10 15 24 12 -14 -15 -16 -17 17 22 -20 -21 -22 -23 -24 -25 -26 26 27 -29 -30 -31
leaf_value=-0.053255566837057816 -0.050062034533842205 -0.03738078366108194 0.039209768082452745 -0.045524491983970836 -0.044098169879629286 -0.050337021827160114 0.0079557224959459216 0.045348424137713089 0.043852892727459854 -0.07224760419002127 -0.012016527428261932 0.04922756252737686 -0.043647544953181447 -0.027180229046550427 -0.034556296854093137 0.029096088434055728 0.024308988546884611 0.041417740414619562 0.036092804750132663 -0.041278784680338097 -0.065913313911547727 -0.027034740651037 -0.018911678742641668 -0.052656151833931145 -0.060367251880326933 -0.0034273150644358271 -0.04432051550893349 0.051026555983799349 0.0090663026452245336 0.026208411147126871
leaf_weight=1.2242105609984708 122.56806147994939 1.9129508093537868 104.5048482609709 3.0772568224565466 2.2686200400166845 2.7187057666596948 36.172905056482705 0.5642320077749895 21.276483405934421 0.92757089908991419 5.3842928577505509 3.0928821351990328 3.2871521169654443 1.5604342891892873 3.4501708093375774 1.3353940570959819 10.832023537157507 1.5216732782428142 21.398488553080824 1.7332776471157547 0.59674211021047163 0.98576838942244549 5.0995770302397432 1.7509101821633519 0.7373742544950791 5.6997121635140493 3.8228087206225592 2.4928911049210001 2.5922127216326771 32.877531875637942
leaf_count=827 737168 1867 2378 389 3618 7816 3238 14 656 46 303 102 192 28 5206 35 364 51 490 119 20 11 282 136 353 242 368 55 167 1459
internal_value=1.41421e-10 0.0215375 0.0303878 0.0110153 0.014035 -0.00238635 0.000666644 0.016984 0.0181986 0.0375189 0.0194823 0.0307835 0.001376 0.0389992 0.004254 -0.0124439 0.0189609 0.0216443 0.0267579 0.0115814 0.0195981 0.0385907 -0.00504698 -0.0287711 0.0133229 0.0143506 0.0173404 -0.00210189 -0.0227477 0.0218298
internal_weight=407.467 284.899 154.743 130.156 46.9898 45.419 42.7003 44.7211 84.7367 107.754 82.8238 29.217 6.38003 22.8369 39.6231 2.26296 43.4969 41.1818 34.5605 13.162 11.4288 105.491 6.62125 2.31514 53.6068 52.8694 47.4852 8.90791 6.41502 38.5772
internal_count=768000 30832 8391 22441 5921 16649 8833 2303 5792 2470 3925 978 294 684 8444 81 1476 1326 993 503 384 2389 333 150 2947 2594 2291 590 535 1701
is_linear=0
shrinkage=0.05


Tree=68
num_leaves=31
num_cat=0
split_feature=11 10 10 3 57 10 10 10 10 6 12 18 34 34 1 37 37 69 17 10 10 1 54 38 40 18 12 2 18 19
split_gain=159.823 9.31469 10.752 5.25294 4.76472 4.52645 8.73781 3.9848 4.09361 3.64694 2.75536 2.65188 2.50972 2.40997 1.99802 1.9954 1.92441 1.90659 1.90299 1.80032 6.67329 2.69645 1.7469 1.73585 1.59527 1.6154 1.52161 1.50287 2.3005 1.47136
threshold=2.0263158082962041 7.7500000000000009 7.2500000000000009 1.0000000180025095e-35 0.60095453262329113 6.7500000000000009 6.2500000000000009 5.7500000000000009 5.2500000000000009 1.0000000180025095e-35 0.17519181966781619 0.3213160932064057 4.3533363342285165 3.6601417064666752 13.500000000000002 0.99675798416137706 0.96975046396255504 8.6271224021911639 0.89454162120819103 10.250000000000002 10.750000000000002 14.500000000000002 2.5942772626876835 0.39888453483581549 0.00043661564996000385 0.21139135211706164 0.73030304908752453 2.5000000000000004 0.31272545456886297 0.020919729955494407
decision_type=2 2 2 2 2 2 2 2 2 2 2 2 2 2 2 2 2 2 2 2 2 2 2 2 2 2 2 2 2 2
left_child=1 2 3 -1 14 6 7 8 12 10 -6 26 15 16 -3 18 22 -16 -5 -13 -21 23 27 -22 25 -9 29 28 -11 -12
right_child=-2 4 -4 5 9 -7 -8 24 -10 13 11 19 -14 -15 17 -17 -18 -19 -20 20 21 -23 -24 -25 -26 -27 -28 -29 -30 -31
leaf_value=-0.049303388466649278 -0.050057898025043436 -0.041675960124036453 -0.06488508233077972 -0.016551106946174857 -0.03834079073756784 0.032078580517568678 -0.064756490659824847 -0.019352557588231033 -0.059122187907422366 0.00718763553126937 0.050955038482874283 0.037187976801227471 -0.050350441996607556 -0.019310032768120516 0.026754079706402169 -0.0067117333398433211 0.029084164479999727 -0.028805163662628121 0.022598145013970145 -0.081738233599074991 0.030889401865597604 0.036183944117222568 0.044263812290990363 -0.056394532100473398 -0.028546189287804766 0.032939975856330191 -0.015524081249390776 0.012412433418552929 -0.071204999341196673 0.0056693667702766709
leaf_weight=3.2634559315993092 112.39791324194084 2.6860069659596757 4.601669866256997 3.5837693636931389 1.1918674316402746 28.559901924774749 3.8410742644700795 1.5684450563567285 2.4841672962575094 2.10619418369606 38.979174573469209 32.142468640726293 1.8254929527429329 3.4916359330818514 4.8210537409031531 12.693154318396408 38.887953733326867 2.2717557682481129 23.188945742040232 1.5535831697998244 0.94393486311309915 12.765369884822574 2.4479950881795949 1.4364285063420537 1.2211475663934823 25.293690351849364 0.93841885745496156 6.1252154492176487 1.6842344243195837 1.8801656596915552
leaf_count=4410 737168 1802 839 1354 44 1069 821 158 1080 29 878 855 7563 774 473 3201 611 1150 1725 58 30 308 48 95 87 1042 122 131 36 39
internal_value=-2.70143e-10 0.0209566 0.00995892 0.013162 0.0288434 0.0151173 0.00871813 0.0126456 0.00321492 0.0310979 0.0371873 0.0381804 0.00696524 0.0208829 -0.0049492 0.00961638 0.0236212 0.00895901 0.0173577 0.0302687 0.0169507 0.0270738 0.00643816 -0.021782 0.0273458 0.0298867 0.0474254 -0.00290032 -0.0276453 0.0488712
internal_weight=380.876 268.478 112.125 107.523 156.353 104.26 75.6999 71.8588 43.7755 146.575 91.8314 90.6395 41.2914 54.7432 9.77882 39.4659 51.2516 7.09281 26.7727 48.8418 16.6993 15.1457 12.3636 2.38036 28.0833 26.8621 41.7978 9.91564 3.79043 40.8593
internal_count=768000 30832 23349 22510 7483 18100 17031 16210 14923 4058 2429 2385 13843 1629 3425 6280 855 1623 3079 1346 491 433 244 125 1287 1200 1039 196 65 917
is_linear=0
shrinkage=0.05


Tree=69
num_leaves=31
num_cat=0
split_feature=11 12 3 10 34 12 14 69 18 19 58 13 17 69 54 7 6 24 14 18 7 49 6 6 34 2 49 5 57 34
split_gain=145.267 8.88967 5.19123 3.76391 3.41058 3.3597 2.95815 4.38886 4.14977 2.38561 3.03263 2.38219 2.26302 2.30556 2.30406 2.12183 2.03665 2.23619 4.1527 1.78513 1.68617 1.48332 1.47488 1.58704 1.54703 1.44936 1.44436 1.4159 1.41481 1.51639
threshold=2.0263158082962041 0.53589746356010448 1.0000000180025095e-35 4.7500000000000009 3.5088274478912358 0.86190477013587963 1.1513625383377077 10.774120807647707 0.36828300356864935 0.00025262302369810646 0.18367839604616168 321.19192504882818 0.88466858863830578 11.276554584503176 3.337611317634583 1.5000000000000002 1.0000000180025095e-35 0.43650794029235845 2.0317808389663701 0.34717589616775518 1.0000000180025095e-35 13.348958492279055 1.0000000180025095e-35 1.5000000000000002 2.4393353462219243 2.5000000000000004 11.688463211059572 1.5000000000000002 0.92316392064094555 2.1178565025329594
decision_type=2 2 2 2 2 2 2 2 2 2 2 2 2 2 2 2 2 2 2 2 2 2 2 2 2 2 2 2 2 2
left_child=1 2 20 27 6 12 7 -5 9 10 -9 21 -3 14 22 16 17 18 -8 28 25 -6 -14 24 -24 -1 -18 -4 29 -15
right_child=-2 5 3 4 11 -7 15 8 -10 -11 -12 -13 13 19 -16 -17 26 -19 -20 -21 -22 -23 23 -25 -26 -27 -28 -29 -30 -31
leaf_value=-0.054400137533528653 -0.050054046150699694 -0.021051552213981597 0.0018371803157610955 0.036893730098867143 -0.01539654672728526 -0.02677126235650203 0.039842176921367954 -0.037470538854189057 -0.054573097711732382 -0.020584232464491401 0.036776029064623204 -0.011225183813521753 0.035661470625145235 -0.046400101486993958 -0.054644610522042163 -0.020218633079141204 -0.0064157749044372343 0.044009228922698637 -0.051455005402011283 -0.045392634652707216 -0.051143456227903811 0.036327681116450204 0.01073908427873296 0.023295825167986079 -0.042109302486315947 0.012372000877061943 0.030134134973594892 -0.067575601099580704 0.012754063542741801 0.0042841652118928457
leaf_weight=0.98403176219653588 102.91288040952713 5.6917741204451877 7.3703742764664621 17.334325102390721 1.7195982418925284 7.3443417630260219 4.060124111652839 1.6372730076836912 2.7925391526223384 4.0139718420978161 8.5965331414772646 8.0909022400301165 12.874823262412972 2.463766733701056 0.99903042623554839 1.6605501681333397 2.9255787361034882 69.289033741530147 1.7967215629469135 2.0168237773432329 2.1655426000106672 7.146330412106181 4.1130300417135031 14.107914531436107 2.0876239776480361 4.6674580439939746 35.524954979046015 0.81601060005050374 13.954122512855973 3.6798160757789447
leaf_count=1468 737168 2731 2033 407 311 11780 82 36 74 82 143 1320 396 205 1418 23 44 1695 43 372 1117 529 207 599 237 744 585 225 1402 524
internal_value=2.05069e-10 0.0204474 0.0262351 0.0280181 0.0296446 0.00520519 0.032053 0.0191799 0.00116047 0.0120842 0.0248976 0.0083926 0.00899371 0.0120314 0.02017 0.0358923 0.0367126 0.0415016 0.0118347 -0.000548565 -0.0136291 0.0262955 0.0224224 0.0140294 -0.00705381 0.000745703 0.0273532 -0.00508182 0.00395158 -0.0160418
internal_weight=354.838 251.925 182.592 174.775 166.588 69.3331 149.632 34.3746 17.0403 14.2478 10.2338 16.9568 61.9887 56.297 34.1824 115.257 113.596 75.1459 5.85685 22.1145 7.81703 8.86593 33.1834 20.3086 6.20065 5.65149 38.4505 8.18638 20.0977 6.14358
internal_count=768000 30832 10961 7632 5374 19871 3214 742 335 261 179 2160 8091 5360 2857 2472 2449 1820 125 2503 3329 840 1439 1043 444 2212 629 2258 2131 729
is_linear=0
shrinkage=0.05


Tree=70
num_leaves=31
num_cat=0
split_feature=11 10 10 10 57 69 6 3 12 18 11 10 18 3 13 57 10 14 6 69 6 49 23 63 34 36 6 12 63 2
split_gain=131.959 8.15124 8.59481 4.70417 4.67633 3.84115 3.31857 2.54384 2.6033 2.51206 2.44845 1.86165 1.82039 1.80781 1.71987 1.65755 1.59661 1.58268 1.57603 1.78381 1.71836 1.55407 1.58313 1.71187 1.55289 1.54525 1.42286 1.37667 1.42257 2.41624
threshold=2.0263158082962041 7.7500000000000009 7.2500000000000009 4.7500000000000009 0.79272520542144786 8.7381744384765643 1.0000000180025095e-35 1.0000000180025095e-35 0.43167701363563543 0.38468886911869055 0.78019323945045482 4.2500000000000009 0.32312279939651495 1.5000000000000002 327.16038513183599 0.87518799304962169 14.250000000000002 0.4306021928787232 1.0000000180025095e-35 11.150634765625002 2.5000000000000004 12.057850837707521 4.5162503719329843 3.4498615264892583 3.6601417064666752 0.74519053101539623 3.5000000000000004 0.62019231915473949 4.7664294242858896 4.5000000000000009
decision_type=2 2 2 2 2 2 2 2 2 2 2 2 2 2 2 2 2 2 2 2 2 2 2 2 2 2 2 2 2 2
left_child=1 2 3 11 5 10 12 -5 13 -7 -3 15 -6 14 -9 -1 27 -10 19 -17 -20 22 23 -8 25 -23 -22 28 -14 -30
right_child=-2 4 -4 7 6 9 21 8 17 -11 -12 -13 16 -15 -16 18 -18 -19 20 -21 26 24 -24 -25 -26 -27 -28 -29 29 -31
leaf_value=-0.030505608918945361 -0.050050601728425882 -0.035383892511535946 -0.063275091869319164 -0.045212204350956936 0.046700903777746758 0.0018975781630079951 0.0078229779571315668 0.031371538837396198 -0.030022192468210196 -0.050989832970289785 0.032448536376655381 -0.054864427864695198 0.037567447630241037 0.037814058698250191 -0.028661524605319656 0.048221721530767654 -0.02370819240987385 0.014008801312211367 -0.041364420579466182 -0.0046453657235354462 0.019512044068296434 -0.019716880374537726 0.048627835326899516 -0.06475326607796271 -0.012859734110515768 0.028883315230258846 -0.051102879594652033 -0.020736073736039067 -0.043034995301968915 0.053497689152130094
leaf_weight=4.557313554985746 94.354681323529803 1.500521995381862 3.962461775787232 1.5717370388883853 34.621357517542492 6.4897381918635784 1.8508900324595736 2.6078317705105318 2.1385943008936001 3.4329408742305532 11.728313522777169 2.0125480349488489 30.685396257315006 21.577742329340253 2.1990910842869198 3.2893333201936894 1.3031380516913476 44.665047929640423 2.9078667550311366 3.0986805537322653 4.0605859626593883 1.7117546619265329 0.969956351284054 1.4482451579315236 2.6489518603229945 36.73878237009194 0.86539224012085458 1.1657740016744345 1.4791029758343932 1.1539789929520337
leaf_count=6700 737168 357 839 1464 961 1261 88 205 186 1680 954 1681 807 823 177 358 32 4274 2933 441 1418 49 26 40 459 593 1850 130 28 18
internal_value=-4.23576e-10 0.0198056 0.00888257 0.0118749 0.0276297 0.00711582 0.0317318 0.0177255 0.0190771 -0.0163998 0.0247544 -0.00916201 0.0385269 0.0316367 0.00390736 -0.00426413 0.0306193 0.0119969 0.00414481 0.0225771 -0.0108856 0.0211863 -0.00752672 -0.0240363 0.0241687 0.0267197 0.00710647 0.0326723 0.034541 -0.000728416
internal_weight=332.798 238.443 99.5142 95.5518 138.929 23.1515 115.777 74.76 73.1883 9.92268 13.2288 20.7917 70.4087 26.3847 4.80692 18.7792 35.7874 46.8036 14.2219 6.38801 7.83384 45.3686 4.26909 3.29914 41.0995 38.4505 4.92598 34.4843 33.3185 2.63308
internal_count=768000 30832 23349 22510 7483 4252 3231 7129 5665 2941 1311 15381 1976 1205 382 13700 1015 4460 7000 799 6201 1255 154 128 1101 642 3268 983 853 46
is_linear=0
shrinkage=0.05


Tree=71
num_leaves=31
num_cat=0
split_feature=10 12 5 17 6 3 17 11 4 69 69 54 10 16 10 38 58 16 49 34 69 54 29 18 7 54 56 36 13 6
split_gain=120.086 7.26115 4.67508 4.06803 3.30699 3.03716 2.63439 2.1881 1.9424 1.84492 1.70599 2.07885 1.59485 1.64986 1.58105 1.57261 1.60284 1.53378 1.68206 1.53299 2.13664 2.14283 1.44442 1.37014 1.3561 1.48988 1.37863 1.34484 1.39494 1.31178
threshold=2.7500000000000004 0.53589746356010448 1.5000000000000002 0.85460850596427929 1.0000000180025095e-35 1.5000000000000002 0.88466858863830578 1.433035731315613 1.0000000180025095e-35 8.4729275703430194 11.276554584503176 3.337611317634583 7.7500000000000009 0.76523602008819591 1.7500000000000002 0.31032502651214605 0.25848318636417394 0.56524622440338146 11.441190242767336 3.3219519853591923 10.488283634185793 1.6702933311462405 10.274302005767824 0.34717589616775518 1.0000000180025095e-35 2.7444291114807133 0.55190372467041027 0.80498141050338756 315.15602111816412 1.0000000180025095e-35
decision_type=2 2 2 2 2 2 2 2 2 2 2 2 2 2 2 2 2 2 2 2 2 2 2 2 2 2 2 2 2 2
left_child=14 2 3 9 19 -4 -3 -7 10 -2 11 29 24 15 -1 -14 -17 18 -11 -5 21 -21 -18 -12 25 26 -6 28 -22 -8
right_child=1 6 5 4 12 7 8 -9 -10 17 23 -13 13 -15 -16 16 22 -19 -20 20 27 -23 -24 -25 -26 -27 -28 -29 -30 -31
leaf_value=-0.050049342535277798 0.023220564463813188 -0.025668467603607914 -0.06252452930794708 0.038471732522449502 0.038113701108347893 0.048854920233978229 0.032648464876224297 -0.049525311608353328 -0.050420595489853851 0.020648420255741567 0.0028643223744076562 -0.053747952059656837 -0.023267364517234879 0.033949566132255783 -0.016984913105615531 0.04219000311613641 0.048505644563411096 0.009894650561804455 -0.045143699619965942 0.036677534728018761 0.038059004975127098 -0.042532048609810566 -0.016593333103178343 -0.042967869111675834 -0.031192160092718624 0.04318975009010774 -0.0037442792234399832 0.046351835286143339 -0.028675312810233052 0.011585257719967695
leaf_weight=86.385139654172235 7.5458041959173014 6.2533519086500737 2.4217426629620595 73.939625777566107 2.4575892459542983 1.6815820644405906 11.855863963781305 0.8513143110758391 1.3601061596891657 1.2979825780348599 19.188341892451721 0.99895478548205474 2.6338855187495929 22.353493103641085 3.7733781269962483 4.3992742784757848 1.1388969976396763 5.1940028295939555 3.8619995198969264 1.3698412791418371 1.6307809513818923 2.2666570720757591 3.3836359250708483 1.7821083493872709 2.0117777714694958 3.1405951005144734 9.856809876742771 6.053669696659199 1.5064013660958151 19.631566532760189
leaf_count=731500 1075 7507 425 1996 64 66 413 64 3994 184 2815 2129 47 395 8418 89 15 858 2234 53 95 226 106 522 189 302 208 307 105 1599
internal_value=2.47581e-10 0.019758 0.0253265 0.0268447 0.0297507 -0.0224893 0.00507804 0.015789 0.00858551 0.0044172 0.0100868 0.0172633 0.0196972 0.0260198 -0.0486655 0.0106804 0.0207024 -0.00928636 -0.0285938 0.0357036 0.0197473 -0.0126944 -0.000199637 -0.00103058 0.00742272 0.0124492 0.00460933 0.0325833 0.00601475 0.0195161
internal_weight=312.226 222.068 160.997 156.043 138.143 4.95464 61.0703 2.5329 54.8169 17.8998 53.4568 32.4864 51.376 33.9092 90.1585 11.5557 8.92181 10.354 5.15998 86.767 12.8274 3.6365 4.52253 20.9705 17.4668 15.455 12.3144 9.19085 3.13718 31.4874
internal_count=768000 28082 9103 8548 4197 555 18979 130 11472 4351 7478 4141 1415 652 739918 257 210 3276 2418 2782 786 279 121 3337 763 574 272 507 200 2012
is_linear=0
shrinkage=0.05


Tree=72
num_leaves=31
num_cat=0
split_feature=11 10 12 17 10 6 10 58 18 5 10 12 2 6 6 43 40 56 14 57 6 12 3 34 14 29 13 63 10 23
split_gain=109.556 7.27016 4.62974 3.42456 3.11303 2.58035 2.30058 2.09689 2.01987 2.67135 1.58392 1.52915 1.51464 1.78883 1.60212 1.55386 1.43479 1.37482 1.6252 1.35511 1.29745 1.28109 1.26653 1.22537 1.54669 1.91047 1.58492 1.07282 1.04663 1.76547
threshold=2.0263158082962041 5.7500000000000009 0.55902779102325451 0.84445098042488109 5.2500000000000009 1.0000000180025095e-35 4.7500000000000009 0.28600546717643743 0.36661332845687872 1.5000000000000002 4.2500000000000009 0.25543478131294256 5.5000000000000009 1.0000000180025095e-35 2.5000000000000004 4.8559212684631357 0.0085116182453930395 0.39765882492065435 1.0923787951469424 0.87518799304962169 1.0000000180025095e-35 0.83974358439445507 1.0000000180025095e-35 3.5842828750610356 1.2652080655097964 13.635512351989748 309.10435485839849 4.7664294242858896 8.7500000000000018 3.0394595861434941
decision_type=2 2 2 2 2 2 2 2 2 2 2 2 2 2 2 2 2 2 2 2 2 2 2 2 2 2 2 2 2 2
left_child=1 4 3 11 6 8 10 12 -5 16 19 -3 13 -4 -14 -16 27 18 -15 -1 -8 -21 -13 24 25 26 -7 -10 -26 -30
right_child=-2 2 7 5 -6 23 20 -9 9 -11 -12 22 14 17 15 -17 -18 -19 -20 21 -22 -23 -24 -25 28 -27 -28 -29 29 -31
leaf_value=-0.029960839928483741 -0.050044597555603247 -0.029734176463418055 0.039649452558893322 0.039925931100388841 -0.057891327797363334 -0.018352901056393239 0.032731269269366349 -0.019817781061361086 0.031259175948644607 -0.059088876426837203 -0.054466099768717739 -0.031466976940560935 -0.031309314371133809 0.038563897631283005 -0.026345490928268524 0.072060027644835087 -0.040909927344786046 0.014244293848934129 -0.058234361175123761 0.0090570302184436683 0.004139897888840071 -0.038814037044572584 0.018014223032703263 -0.0080457892302264553 0.0165151960715367 -0.024136969088048393 0.032536781769276053 -0.022173305036020493 -0.02675166572929822 0.039677873233412153
leaf_weight=4.1012675939855461 79.654699122011152 2.7043865508385343 6.6786911557283082 58.765245913309627 2.2883741762489072 2.0196433711680566 6.7792315786864519 6.0185459719214114 18.053768203230003 0.9730751582828806 1.7863087114164944 1.4754718648473488 3.5190571843122589 0.62112104080734143 0.71735150065069297 0.91009650678461185 0.77531444680062023 17.11514546565013 1.4364527756406458 11.17899484567897 9.5681066776414792 1.5972532947416755 10.469969565965583 3.5353491833448052 11.089130828331692 3.4304502277227575 6.3105447510315571 0.99097293871454795 1.0603720993967751 17.618920372566208
leaf_count=6700 737168 1279 322 1759 1372 32 583 2371 606 15 1681 800 1680 25 146 95 12 894 192 2973 1160 4027 1034 407 201 63 96 24 17 266
internal_value=-1.98919e-10 0.0186634 0.0229066 0.0270839 -0.0013912 0.0297721 0.00230172 0.00718952 0.0351869 0.0217936 -0.00969351 0.00421623 0.0124333 0.0173647 -0.0123378 0.0286845 0.0257645 0.00960193 -0.0290138 -0.0049548 0.0159967 0.00307231 0.0119024 0.0202126 0.0226182 0.00726643 0.0201986 0.0284789 0.0286832 0.0359069
internal_weight=293.243 213.589 176.289 139.273 37.2995 124.623 35.0112 37.0165 79.5584 20.7931 18.6638 14.6498 30.9979 25.8514 5.14651 1.62745 19.8201 19.1727 2.05757 16.8775 16.3473 12.7762 11.9454 45.0644 41.5291 11.7606 8.33019 19.0447 29.7684 18.6793
internal_count=768000 30832 12336 6611 18496 3498 17124 5725 2416 657 15381 3113 3354 1433 1921 241 642 1111 217 13700 1743 7000 1834 1082 675 191 128 630 484 283
is_linear=0
shrinkage=0.05


Tree=73
num_leaves=31
num_cat=0
split_feature=11 10 10 12 12 10 10 6 58 10 37 7 0 16 58 10 1 58 12 10 17 29 27 5 63 16 54 14 12 17
split_gain=99.8612 6.78004 6.18752 4.00128 3.36628 3.22938 2.74849 2.42562 2.02403 1.97282 1.59364 1.50653 1.48483 2.39853 2.23552 1.46892 1.73064 1.60791 1.45373 1.44908 1.42716 1.39333 1.77023 1.44813 1.37922 1.32424 1.42398 1.27285 1.24698 1.28613
threshold=2.0263158082962041 6.7500000000000009 6.2500000000000009 0.55902779102325451 0.22474747896194461 5.7500000000000009 5.2500000000000009 1.0000000180025095e-35 0.35155680775642401 4.7500000000000009 0.95815667510032665 1.0000000180025095e-35 13.500000000000002 0.90443226695060741 0.27648861706256872 10.250000000000002 14.500000000000002 0.35325813293457037 0.88194444775581371 4.2500000000000009 0.86875513195991527 9.7558417320251483 46.969697952270515 1.0000000180025095e-35 2.7403194904327397 0.39136075973510748 1.6346065998077395 2.2348967790603642 0.91987180709838878 0.90998038649559032
decision_type=2 2 2 2 2 2 2 2 2 2 2 2 2 2 2 2 2 2 2 2 2 2 2 2 2 2 2 2 2 2
left_child=1 2 5 4 11 6 9 8 25 19 -9 20 14 21 18 17 -17 -10 27 28 -3 -14 -23 -24 -25 26 -6 -5 29 -1
right_child=-2 3 -4 12 7 -7 -8 10 15 -11 -12 -13 13 -15 -16 16 -18 -19 -20 -21 -22 22 23 24 -26 -27 -28 -29 -30 -31
leaf_value=-0.030971595050655328 -0.050041991267670838 -0.031900526249244478 -0.061542215590527131 0.04970371306489222 0.035723563349916117 0.023287729102895172 -0.057250736836545947 0.0016342745554960066 -0.055488325153903333 0.015118913169968454 0.025604759184616355 -0.056323150739388851 0.0382641154083962 0.024207431223091377 -0.024459033682886856 -0.069722596777490195 0.010700388159087262 0.034067851604347534 -0.020545804034794349 -0.054127231529071167 0.023454413728961621 -0.003022730170071783 -0.068293648326997955 -0.069557069123034207 0.026613274976683893 0.040455083969256712 -0.075766929349078554 0.0026836743201809924 -0.050396884169558114 0.0065839427175718897
leaf_weight=2.8107527489446573 73.288793271967734 1.7580351761607733 3.4029551651728971 6.2046208398096514 0.64913841290399321 21.252033940407273 2.0709245298421584 8.9657102865021425 0.53774662777141014 15.570542947869397 30.596790783260076 1.2520789716872966 1.0255292138244829 5.2883049554075106 2.2388986328369347 0.92481778299406903 2.4177282104137703 7.3742787775627221 1.1831920303957293 1.6327015081878915 3.4483216607040958 5.0829773700061178 2.771336861384043 0.58839081472251553 1.0175434826232956 57.532639190554619 0.51251768423389876 1.8740198997256809 1.3679065423457348 12.066100555031879
leaf_count=4214 737168 737 1090 144 43 1594 1372 982 13 1743 784 234 69 183 1646 109 145 338 1050 1681 104 382 212 15 60 2039 92 271 5283 4203
internal_value=-1.23047e-10 0.0180294 0.00394542 0.0239458 0.0279984 0.00787086 -0.00135351 0.0300672 0.0356635 0.00210736 0.0201725 -0.00707987 0.00671435 -0.003247 0.0203771 0.0162403 -0.0115511 0.0279811 0.0312155 -0.00922518 0.00476266 -0.0170931 -0.0230941 -0.0464013 -0.00862213 0.0393879 -0.0134656 0.0387964 -0.00471224 -0.000511599
internal_weight=276.707 203.419 60.1739 143.245 115.97 56.771 35.5189 109.511 69.9489 33.448 39.5625 6.45844 27.2748 15.7741 11.5007 11.2546 3.34255 7.91203 9.26183 17.8775 5.20636 10.4858 9.46025 4.37727 1.60593 58.6943 1.16166 8.07864 16.2448 14.8769
internal_count=768000 30832 21180 9652 5620 20090 18496 4545 2779 17124 1766 1075 4032 921 3111 605 254 351 1465 15381 841 738 669 287 75 2174 135 415 13700 8417
is_linear=0
shrinkage=0.05


Tree=74
num_leaves=31
num_cat=0
split_feature=11 6 57 11 4 10 10 10 10 17 12 14 10 10 10 10 34 18 7 0 69 10 10 3 0 12 58 40 12 63
split_gain=91.0479 6.55496 3.86759 3.27377 2.81947 2.23201 7.67075 2.38506 4.69488 1.86672 1.66885 1.63305 1.43768 6.19199 2.40828 4.9551 1.54026 1.37773 1.34838 1.39497 1.32968 1.31486 2.78132 1.39328 1.29269 1.27089 1.24209 1.22989 1.21903 1.19972
threshold=2.0263158082962041 1.0000000180025095e-35 0.69339519739151012 1.3405797481536867 1.0000000180025095e-35 8.7500000000000018 8.2500000000000018 7.7500000000000009 7.2500000000000009 0.85460850596427929 0.17519181966781619 0.4306021928787232 9.7500000000000018 9.2500000000000018 10.250000000000002 10.750000000000002 3.5467442274093632 0.36661332845687872 1.0000000180025095e-35 12.500000000000002 8.1768126487731951 6.7500000000000009 6.2500000000000009 1.5000000000000002 11.500000000000002 0.43167701363563543 0.25697118043899542 0.0070489696227014073 0.46862745285034185 3.4175922870635991
decision_type=2 2 2 2 2 2 2 2 2 2 2 2 2 2 2 2 2 2 2 2 2 2 2 2 2 2 2 2 2 2
left_child=1 2 20 9 5 6 7 8 11 -3 -7 -4 13 18 -14 -16 26 -12 19 -11 -1 22 23 -13 -5 -20 28 -19 -17 -30
right_child=-2 3 4 24 -6 10 -8 -9 -10 12 17 21 14 -15 15 16 -18 27 25 -21 -22 -23 -24 -25 -26 -27 -28 -29 29 -31
leaf_value=0.015760892548608095 -0.050039357599651883 -0.016586567730456161 -0.018690744794972795 -0.04082630298531123 -0.051067064291877157 -0.036166741224875773 -0.075581129477041098 0.047552734532626671 -0.064718669838843695 -0.0030293640276397786 0.043414785014739082 -0.0073530442380920326 0.050837370461231282 -0.07613519198385045 -0.070072836859354698 0.058187950680842593 -0.039464049640350184 0.027545379666039257 -0.061052903167045425 0.023515826816748762 -0.019240068334443076 0.042511503442248418 -0.061424123335789595 0.029270214655289891 -0.0051866499658894619 0.0023414030239830583 0.0073496700363630185 -0.043601629002503195 -0.026805159955730469 0.043002658102472113
leaf_weight=5.1807394705683674 67.372999011624415 5.0590205700063953 2.1006250172285936 2.9858983847007066 1.0904984857552324 0.75941983875236374 1.9287338731010084 10.174479519344457 1.5602834829987831 6.1409494872423265 35.738940374518279 3.0298891142047131 6.5577205101144527 2.001416954357409 1.5545270552829595 4.4884166887495631 0.86217540401412485 11.021325326681104 0.91920678683527413 25.501820533325372 5.697812789643649 9.3990429263285495 0.99678357010270602 18.174981400599791 17.203367182797592 5.6499882646385231 3.9117640964977909 0.64285395972547199 1.0288660962542056 1.5318431232299188
leaf_count=1000 737168 3283 106 8798 1354 25 81 351 129 955 1131 411 156 101 79 66 137 401 33 775 3072 336 140 1204 6161 402 72 9 32 32
internal_value=2.76415e-10 0.0174775 0.0256928 0.00713631 0.0288752 0.0297877 0.0220808 0.0262265 0.020073 0.0125836 0.037367 0.0239986 0.0150371 0.00959441 0.0260161 0.0138486 0.0248828 0.038545 0.0140846 0.0183642 -0.00257141 0.0268364 0.0202003 0.0240372 -0.0104576 -0.00652916 0.0299443 0.0236242 0.0424827 0.0149546
internal_weight=260.266 192.893 107.496 85.397 96.6179 95.5274 47.3648 45.4361 35.2616 65.2077 48.1625 33.7013 60.1487 40.2134 19.9353 13.3776 11.8231 47.4031 38.212 31.6428 10.8786 31.6007 22.2017 21.2049 20.1893 6.5692 10.9609 11.6642 7.04913 2.56071
internal_count=768000 30832 9750 21082 5678 4324 2758 2677 2326 6123 1566 2197 2840 2266 574 418 339 1541 2165 1730 4072 2091 1755 1615 14959 435 202 410 130 64
is_linear=0
shrinkage=0.05


Tree=75
num_leaves=31
num_cat=0
split_feature=11 10 10 57 10 10 10 10 6 18 34 69 16 19 13 10 10 10 10 1 1 12 49 34 34 24 57 12 58 38
split_gain=83.213 6.03802 5.93198 3.29164 3.03596 4.88502 2.74442 2.34441 2.13278 1.81131 1.71069 1.68664 1.5438 1.56182 1.3123 1.27508 1.34821 1.22483 3.47967 2.07527 1.20612 1.18335 1.17216 1.15346 1.16585 1.90007 1.66621 1.24059 1.25154 1.14733
threshold=2.0263158082962041 7.7500000000000009 7.2500000000000009 0.661432445049286 6.7500000000000009 6.2500000000000009 5.7500000000000009 5.2500000000000009 1.0000000180025095e-35 0.32312279939651495 4.3533363342285165 8.1768126487731951 0.4444520771503449 0.020919729955494407 351.16787719726568 4.7500000000000009 4.2500000000000009 10.250000000000002 10.750000000000002 14.500000000000002 13.500000000000002 0.69615384936332714 17.157552719116214 3.6601417064666752 1.728749215602875 0.58571431040763866 0.89890685677528392 0.55902779102325451 0.26426500082015997 0.23708857595920566
decision_type=2 2 2 2 2 2 2 2 2 2 2 2 2 2 2 2 2 2 2 2 2 2 2 2 2 2 2 2 2 2
left_child=1 2 4 11 5 6 7 10 9 12 15 20 -5 21 29 16 -1 -11 -19 -20 -3 -14 -21 24 25 -10 27 28 -26 -6
right_child=-2 3 -4 8 14 -7 -8 -9 23 17 -12 -13 13 -15 -16 -17 -18 18 19 22 -22 -23 -24 -25 26 -27 -28 -29 -30 -31
leaf_value=-0.001545714729280242 -0.050037178359925064 -0.043096352984471863 -0.061017745526354895 -0.036255737369768407 -0.032662246713880183 -0.060132923616600054 0.021738799180967938 -0.056893655375427857 0.033172154482622132 0.032493060931420813 -0.050289007764543474 -0.027616706204984937 0.049478405303853279 -0.0064454694906710616 -0.0017057648020128446 0.014743416182339403 -0.054308369384416605 -0.075556763976688257 -0.027516048470791733 0.039529553134149131 0.027593852404158688 -0.0085113658269192292 -0.019087683437431877 -0.014442075995309498 0.031694337637611779 -0.0045963058651814475 0.037969736431480931 -0.045820641175752339 -0.015205916929972127 0.035365597418433863
leaf_weight=13.613511394716626 61.957500749205792 0.71627299926330845 3.1293971467493966 0.60369497301872144 0.64648557373584736 2.8781288978498187 19.266605807562883 1.8408540844175139 5.3232086546631754 19.671749945307969 1.5317147238056339 4.1552676539758977 24.729180208480109 1.4204996321350325 3.4013569535636625 14.049209882585274 1.3289103247116152 1.0377950423426217 1.7983787758712404 6.7479785210416594 3.8295299008168513 0.9121859377992213 0.97623823309550051 2.5025700349942772 4.3639748061541495 8.8937710750324168 14.246144486001866 0.91400973076815706 2.1102965772734024 15.017020212595524
leaf_count=5900 737168 410 839 15 35 1090 1594 1372 104 801 9594 2811 896 49 306 803 827 48 108 258 422 116 27 703 95 230 268 84 38 989
internal_value=-6.45926e-11 0.0170662 0.00640313 0.0248592 0.00927082 0.00326407 0.0067981 -0.00209619 0.0275215 0.0335793 0.00120863 -0.00459163 0.0428241 0.0445882 0.0264449 0.0039294 -0.00623818 0.0251193 0.0113835 0.0208584 0.0164553 0.0474154 0.0321211 0.0183769 0.0206678 0.00954519 0.027977 0.0087089 0.0164071 0.0325579
internal_weight=243.613 181.656 76.7032 104.953 73.5738 54.5089 51.6308 32.3642 96.2517 57.8977 30.5233 8.70107 27.6656 27.0619 19.0649 28.9916 14.9424 30.2321 10.5604 9.5226 4.5458 25.6414 7.72422 38.354 35.8514 14.217 21.6344 7.38828 6.47427 15.6635
internal_count=768000 30832 23349 7483 22510 21180 20090 18496 3840 2318 17124 3643 1076 1061 1330 7530 6727 1242 441 393 832 1012 285 1522 819 334 485 217 133 1024
is_linear=0
shrinkage=0.05


Tree=76
num_leaves=31
num_cat=0
split_feature=11 10 10 57 3 12 6 10 10 14 57 12 69 37 18 10 10 5 36 19 69 40 29 14 1 13 12 1 10 57
split_gain=76.0039 5.55175 5.09831 3.03542 2.824 2.48384 2.0559 1.92167 3.76836 1.63688 1.51522 1.49948 1.46175 1.38734 1.35902 1.34345 1.90328 1.32853 2.22656 1.22436 1.16164 1.17524 1.07525 1.3019 1.04004 1.03544 1.02877 1.0226 1.01573 1.08935
threshold=2.0263158082962041 7.7500000000000009 7.2500000000000009 0.661432445049286 1.0000000180025095e-35 0.67708334326744091 1.0000000180025095e-35 6.7500000000000009 6.2500000000000009 3.5592596530914311 0.49019971489906317 0.17519181966781619 8.1768126487731951 0.97627702355384838 0.3213160932064057 5.7500000000000009 5.2500000000000009 1.0000000180025095e-35 0.82820391654968273 0.020919729955494407 15.80900812149048 0.00045016087824478751 13.428989410400392 1.6015546321868899 13.500000000000002 351.16787719726568 0.73030304908752453 28.500000000000004 13.250000000000002 0.70381441712379467
decision_type=2 2 2 2 2 2 2 2 2 2 2 2 2 2 2 2 2 2 2 2 2 2 2 2 2 2 2 2 2 2
left_child=1 2 4 12 -1 7 9 8 10 11 -6 -5 24 -11 19 16 -12 28 -19 26 21 27 -20 -24 -3 -9 -13 -17 29 -16
right_child=-2 3 -4 6 5 -7 -8 25 -10 13 15 14 -14 -15 17 20 -18 18 22 -21 -22 -23 23 -25 -26 -27 -28 -29 -30 -31
leaf_value=-0.048406209036525684 -0.05003496954371716 -0.041589478757754983 -0.0600199830647066 -0.035776071115779122 -0.046369222955837112 -0.011196545298421803 0.017772287571757094 0.035361303221915906 -0.061847622026691876 -0.030361943224036504 0.0092186753359694684 0.049333359430867703 -0.026569300278464471 0.044195458775276759 -0.021767763180566307 0.034911435451168447 -0.058206082611703597 -0.01979525018689527 0.050207323597093602 -0.0026905108582413943 -0.031387867674877772 -0.031445861991934283 -0.052067243739515337 0.037038583667713516 0.026015045439369718 0.002436214447694326 -0.017933652394737414 -0.018923951162008675 0.0025389634470599186 0.04249158099697916
leaf_weight=2.0962249212661836 56.988861748821364 0.67414830691995842 2.8033774740870276 0.73534967270097595 1.0726520780499402 11.022613016581088 36.589524314949813 13.147981061374596 1.7963003165023099 1.7962313667485426 20.613557152430079 21.867581072321634 3.9708790801887517 0.95602089734529716 0.6876944539253661 13.408917953143824 1.1026452915029938 3.3334620732202911 3.2064085051533766 1.2800238180789154 0.86733354697935361 0.78535042427392987 0.68777833753847506 1.0147103313938712 3.6441476660329499 2.9177923075694698 0.5835682036849893 0.94420117304253004 2.0451086913235477 16.105713871373155
leaf_count=4410 737168 410 839 22 1587 11585 1522 514 320 334 3175 776 2811 220 15 472 235 59 92 36 25 29 13 36 422 128 57 30 41 617
internal_value=1.43062e-10 0.0166015 0.00609329 0.0242915 0.00874953 0.0105198 0.0269331 0.0147447 0.00895152 0.0331061 0.0122297 0.0351121 -0.00467336 -0.00446372 0.0361379 0.013896 0.00579517 0.0284832 0.0117407 0.0448731 0.024887 0.0281112 0.0331557 0.00104125 0.015461 0.0293816 0.0475849 0.0313699 0.0358086 0.0398601
internal_weight=228.746 171.757 72.5789 99.1784 69.7756 67.6793 90.8892 56.6567 40.591 54.2997 38.7947 51.5474 8.28918 2.75225 50.812 37.722 21.7162 27.0809 8.24236 23.7312 16.0058 15.1385 4.9089 1.70249 4.3183 16.0658 22.4511 14.3531 18.8385 16.7934
internal_count=768000 30832 23349 7483 22510 18100 3840 6515 5873 2318 5553 1764 3643 554 1742 3966 3410 873 200 869 556 531 141 49 832 642 833 502 673 632
is_linear=0
shrinkage=0.05


Tree=77
num_leaves=31
num_cat=0
split_feature=10 6 4 57 0 69 12 1 36 18 17 54 69 12 11 2 0 34 7 58 0 12 2 17 58 24 49 63 13 57
split_gain=69.4682 5.0973 3.2821 2.82612 2.47288 2.18637 1.75946 2.48391 2.18449 1.69606 1.62457 1.4514 1.43712 1.41899 1.27051 1.24517 1.19004 1.18595 1.70314 1.36712 1.18352 1.1698 1.51429 1.12203 1.11528 1.11136 1.10332 1.08103 1.07916 1.05913
threshold=2.7500000000000004 1.0000000180025095e-35 1.0000000180025095e-35 0.82866308093070995 12.500000000000002 10.146486282348635 0.46862745285034185 19.500000000000004 0.89753684401512157 0.31272545456886297 0.85460850596427929 1.6015663743019106 12.898630619049074 0.62019231915473949 1.3405797481536867 4.5000000000000009 18.500000000000004 3.3219519853591923 1.0000000180025095e-35 0.25119361281394964 11.500000000000002 0.26969698071479803 2.5000000000000004 0.99626418948173534 0.15928744524717334 0.73214286565780651 13.333272933959963 2.6020033359527592 346.19506835937506 0.9344942867755891
decision_type=2 2 2 2 2 2 2 2 2 2 2 2 2 2 2 2 2 2 2 2 2 2 2 2 2 2 2 2 2 2
left_child=20 2 3 5 15 11 17 16 -9 -7 -6 13 27 -2 23 -3 -8 21 26 -20 -1 22 28 -12 -16 -13 -19 -10 29 -5
right_child=1 4 -4 6 10 9 7 8 12 -11 14 25 -14 -15 24 -17 -18 18 19 -21 -22 -23 -24 -25 -26 -27 -28 -29 -30 -31
leaf_value=-0.05003693507570002 0.038000644618443276 -0.0062039556778783703 -0.050781438864352428 0.0054245928601473802 -0.01902253564854153 0.027083901370919761 0.034699720827641098 -0.041028427362429294 -0.036374165102717161 -0.031294409264642609 0.017832089356171709 -0.040846197697415022 -0.019438281213142658 -0.026357169922720337 -0.057587152759512296 -0.047283352971134979 -0.06084290050924035 -0.022755077069487109 0.042608597933523354 -0.060324983793649582 -0.016688599448561794 0.043289070148937792 0.04830530531802453 -0.052005384277065636 0.0025525473997473798 0.01788153350364987 0.038499457585841487 0.045731011936206545 0.051320995380863467 -0.059006810493861708
leaf_weight=52.44936814441462 8.0966258142652805 9.4349425726322789 1.4171966476096702 2.6186225609853859 4.225455786479869 1.7103729175141769 12.293811320952955 2.6074655235497621 0.46458913372771382 4.5644525173011061 43.968019129362801 1.4244321613386992 1.9456569934900469 0.95779448774556009 0.83282422822958224 2.2929971109788303 0.33479153460211897 0.85861371776991191 0.46127338779479021 1.0728203535436476 2.8026889213124369 33.010778697323985 3.0534646194428205 0.58275492855318489 10.369407448068158 1.8542276575572032 5.1116230536717921 2.9244410595074442 0.89512778352946032 0.84318853449076403
leaf_count=727221 332 2958 3807 87 3037 228 1018 257 58 1672 1494 923 192 205 342 7731 4 64 27 79 12697 1255 136 26 1198 404 269 242 24 13
internal_value=3.75115e-10 0.0166711 0.0246976 0.0259257 0.00676244 0.00864621 0.0306199 0.0183883 -0.00352069 -0.0153818 0.0108683 0.0208712 0.0148122 0.0311927 0.0131337 -0.0142356 0.0321668 0.03587 0.0176156 -0.0293748 -0.0483453 0.039259 0.0213063 0.0169186 -0.00191851 -0.00763306 0.0296901 0.0344755 0.00238469 -0.0102689
internal_weight=215.48 160.228 88.5214 87.1042 71.7064 18.6079 68.4963 20.5708 7.94215 6.27483 59.9785 12.3331 5.33469 9.05442 55.753 11.7279 12.6286 47.9255 7.50433 1.53409 55.2521 40.4212 7.4104 44.5508 11.2022 3.27866 5.97024 3.38903 4.35694 3.46181
internal_count=768000 28082 11296 7489 16786 3764 3725 1771 749 1900 6097 1864 492 537 3060 10689 1022 1954 439 106 739918 1515 260 1520 1540 1327 333 300 124 100
is_linear=0
shrinkage=0.05


Tree=78
num_leaves=31
num_cat=0
split_feature=11 6 57 11 69 12 1 69 34 18 38 16 10 10 10 10 7 18 66 3 12 10 12 14 56 37 34 57 0 36
split_gain=63.5636 4.88629 2.94988 2.45037 1.89122 1.81606 2.11874 2.11107 1.52724 1.47466 1.43981 1.26499 1.1861 5.97811 1.44917 4.3979 1.45691 1.30891 1.13787 1.13707 1.17028 1.09378 1.01131 1.23614 1.08799 1.20854 0.994241 0.979916 0.979138 0.934487
threshold=2.0263158082962041 1.0000000180025095e-35 0.82866308093070995 1.3405797481536867 10.146486282348635 0.46410256624221807 19.500000000000004 10.868528842926027 3.893975138664246 0.32645875215530401 0.34238557517528539 0.63528841733932506 9.7500000000000018 9.2500000000000018 8.7500000000000018 8.2500000000000018 1.5000000000000002 0.36661332845687872 30.000000000000004 1.0000000180025095e-35 0.62019231915473949 4.7500000000000009 0.5419580638408662 1.2652080655097964 0.85657143592834484 0.98104798793792736 3.6601417064666752 0.86971896886825573 15.500000000000002 0.65640783309936535
decision_type=2 2 2 2 2 2 2 2 2 2 2 2 2 2 2 2 2 2 2 2 2 2 2 2 2 2 2 2 2 2
left_child=1 2 4 9 8 12 -7 18 19 22 -6 -9 13 14 15 16 21 -14 -8 -1 -21 -4 23 24 25 -3 -25 -5 -28 -11
right_child=-2 3 5 27 10 6 7 11 -10 29 -12 -13 17 -15 -16 -17 -18 -19 -20 20 -22 -23 -24 26 -26 -27 28 -29 -30 -31
leaf_value=-0.035701283942764332 -0.050031392755842979 -0.01866681066213428 0.0015604421131704819 -0.039520797509955588 0.028421466541629914 0.029471530833967498 0.035168208688580234 -0.099935919567471054 -0.039048596414291828 -0.04766464691418601 -0.029045586045219542 -0.015247521908015536 0.052826835807302623 -0.07834131659581671 0.054319220276062598 -0.081439221875377499 -0.056419305884401243 0.020816595785171171 -0.060329240872618345 0.033026811408260713 -0.025139272191830292 0.038666322007516504 0.0060196874660015586 0.032139269901216974 -0.047087482387483004 0.026692838994173351 0.042016685951347416 -0.0056608488790638213 -0.030487021011992566 -0.00086406258503120184
leaf_weight=0.76258929722826252 48.393674498425753 2.2339672250818721 2.2719510193819756 2.5097857523724114 1.403013245515466 13.315506430059033 3.3576012887206148 0.48908156795732782 1.0828146144522168 1.232686306202593 4.8847646771282598 4.4796337903062522 12.820768360892545 1.2596504924003955 6.179944664501817 0.89964112860616197 0.45680792713028395 4.2529106515139565 0.34386942747732963 9.2556740608342771 0.95386642318771997 15.781281145173123 18.82019263208349 16.617148921479387 0.91448997217230488 4.2853280735143926 0.72014655893872204 14.376602240916325 1.3176791265286736 7.9175000782634015
leaf_count=195 737168 82 294 6525 269 1377 437 23 1679 1736 2263 592 531 21 299 21 49 162 28 486 226 798 1999 423 17 76 129 8434 223 1438
internal_value=-8.41487e-11 0.0156008 0.0237421 0.00593268 0.00600745 0.0286778 0.0169466 -0.00228884 0.0176026 0.0111261 -0.0162228 -0.0235836 0.0345498 0.0279977 0.0332322 0.0265182 0.0317653 0.0448534 0.0262964 0.0231934 0.0275924 0.0339966 0.0148537 0.0212266 0.00398525 0.0111494 0.028097 -0.0106934 -0.00486496 -0.0071689
internal_weight=203.591 155.197 84.2514 70.9455 18.3427 65.9086 21.9857 8.67019 12.0549 54.0591 6.28778 4.96872 43.923 26.8493 25.5896 19.4097 18.51 17.0737 3.70147 10.9721 10.2095 18.0532 44.909 26.0888 7.43379 6.5193 18.655 16.8864 2.03783 9.15019
internal_count=768000 30832 9750 21082 5118 4632 2457 1080 2586 6123 2532 615 2175 1482 1461 1162 1141 693 465 907 712 1092 2949 950 175 158 775 14959 352 3174
is_linear=0
shrinkage=0.05


Tree=79
num_leaves=31
num_cat=0
split_feature=10 4 12 17 6 5 5 10 57 69 38 14 7 1 16 3 10 10 14 17 49 18 57 34 12 1 34 5 2 6
split_gain=58.1162 4.95163 4.18973 2.7613 2.1932 1.79161 1.6442 1.33708 1.32029 1.34713 2.31359 1.895 1.26845 1.28045 1.36174 1.24733 1.21712 1.27334 1.20388 1.85743 1.33961 1.10403 1.04397 1.02857 1.02734 1.10835 1.13821 1.02138 1.17922 1.01593
threshold=1.7500000000000002 1.0000000180025095e-35 0.53589746356010448 0.89755257964134227 1.0000000180025095e-35 1.0000000180025095e-35 1.5000000000000002 13.250000000000002 0.74964919686317455 10.834164142608644 0.42398425936698919 2.5609524250030522 1.0000000180025095e-35 18.500000000000004 0.80923157930374157 2.5000000000000004 8.7500000000000018 8.2500000000000018 3.5202401876449589 0.94421008229255687 14.125283241271974 0.30082206428051 0.9892365336418153 0.54594680666923534 0.69615384936332714 18.500000000000004 1.6594415903091433 1.0000000180025095e-35 2.5000000000000004 2.5000000000000004
decision_type=2 2 2 2 2 2 2 2 2 2 2 2 2 2 2 2 2 2 2 2 2 2 2 2 2 2 2 2 2 2
left_child=-1 2 3 5 6 7 18 16 -4 11 24 -10 22 14 -14 -8 17 -2 -5 20 -20 -7 -6 -18 25 27 -27 28 -11 -26
right_child=1 -3 8 4 12 21 15 -9 9 10 -12 -13 13 -15 -16 -17 23 -19 19 -21 -22 -23 -24 -25 29 26 -28 -29 -30 -31
leaf_value=-0.050032053316927998 0.0091550270253895148 -0.050478201628303236 -0.023334409729641053 0.037885586126167464 0.021257418533351058 0.027664490403303012 -0.034665272323937867 -0.029353974103773967 0.021930384581225974 -0.041175730228938924 -0.073230571607898767 -0.022200875939681002 -0.038104638460175949 -0.042191720151222495 0.050909070620836529 0.049617101243265488 -0.032267560132021075 -0.063763404865369425 -0.060386098682926409 0.045888888516720711 0.019158410323663489 -0.032517112682723011 -0.043968439849094786 0.034231807635324053 -0.040704596528727738 -0.04482533752575224 0.0063507958904396693 0.034488878536918462 0.018511220682757925 0.0034755650714793532
leaf_weight=44.596870997123915 6.0084695671666948 2.8249763462899855 4.169351694687065 40.591678200744354 27.990940002320716 0.95014139909835549 1.4897130647150327 1.6269603138607625 16.798741588499983 1.1989604304108126 1.1048238022594876 2.8443970273747246 0.68736294492555261 1.7576054803066652 1.1459756921467485 0.62238489553419629 0.62280667331651685 0.66495854546701583 1.1210753348277647 1.831134740506968 1.0027015576124538 3.8500098604308732 0.62720828963210706 8.7641023518481216 2.494113434904647 1.621870676826801 3.291448022449913 4.8332147235560114 2.6710662491022958 2.7205622771780327
leaf_count=731500 1411 12381 5777 1730 874 157 56 414 1758 46 683 3405 31 152 25 24 29 79 86 163 129 1069 20 830 3350 160 385 126 99 1051
internal_value=-1.42946e-10 0.0150834 0.0163598 0.0219417 0.0263485 0.00648622 0.0332761 0.0138384 0.00342785 0.00624704 -0.00290941 0.01554 0.0163131 -0.0116982 0.0175357 -0.00982927 0.018214 0.00188924 0.0353199 0.00898668 -0.0228306 -0.0206048 0.0198279 0.0298197 0.00121632 0.00844348 -0.0105423 0.0191617 1.97997e-05 -0.0176552
internal_weight=192.526 147.929 145.104 101.355 78.8678 22.4874 46.6587 17.6873 43.7485 39.5792 19.9361 19.6431 32.2091 3.59094 1.83334 2.1121 16.0603 6.67343 44.5466 3.95491 2.12378 4.80015 28.6181 9.38691 18.8312 13.6166 4.91332 8.70324 3.87003 5.21468
internal_count=768000 36500 24119 7279 3290 3989 2188 2763 16840 11063 5900 5163 1102 208 56 80 2349 1490 2108 378 215 1226 894 859 5217 816 545 271 145 4401
is_linear=0
shrinkage=0.05


Tree=80
num_leaves=31
num_cat=0
split_feature=11 12 17 6 11 37 14 18 5 14 17 49 17 12 11 7 1 18 14 69 38 2 5 3 34 38 34 38 10 37
split_gain=53.0966 5.08889 2.99598 2.16115 1.88312 2.93921 1.57477 1.45922 1.34846 1.21358 1.90237 1.20213 1.1895 1.17186 1.08625 1.05928 1.06776 1.62982 1.04276 1.81571 1.29534 1.33849 0.99725 1.42546 0.973622 1.45544 1.00107 1.03776 0.981217 1.02857
threshold=2.0263158082962041 0.53589746356010448 0.89755257964134227 1.0000000180025095e-35 1.6568627357482912 0.96646028757095348 2.8158065080642705 0.30600935220718389 1.5000000000000002 3.5202401876449589 0.94421008229255687 14.125283241271974 0.88466858863830578 0.22474747896194461 1.5119047760963442 1.0000000180025095e-35 18.500000000000004 0.29611647129058843 1.236014246940613 11.618271350860597 0.42210382223129278 4.5000000000000009 1.0000000180025095e-35 1.5000000000000002 1.1963902115821841 0.31536933779716497 3.5842828750610356 0.30713045597076422 6.7500000000000009 0.94139653444290172
decision_type=2 2 2 2 2 2 2 2 2 2 2 2 2 2 2 2 2 2 2 2 2 2 2 2 2 2 2 2 2 2
left_child=1 2 6 8 12 -6 13 -7 9 18 11 -11 -3 -1 -10 24 17 -17 19 -4 21 -21 -15 -24 25 -5 28 -28 -26 -30
right_child=-2 4 3 15 5 7 -8 -9 14 10 -12 -13 -14 22 -16 16 -18 -19 -20 20 -22 -23 23 -25 26 -27 27 -29 29 -31
leaf_value=-0.023006597469712127 -0.050028079736472976 -0.022056472399478409 0.041897119627733737 -0.027417630014378649 -0.080963848360252111 -0.029761127242902433 -0.022508710117637921 0.025497370362502075 0.018955599105802915 -0.060196792480987582 0.045356355894096867 0.015384163959696521 0.0076234200586106351 0.022452095050256617 -0.058773241963333292 0.049986934204404247 -0.039703934815429026 -0.055364006279019898 0.041211481451231206 0.03500275938464599 -0.051966559934840166 -0.044263883592302204 -0.048153893813196742 0.019469432989873081 0.0066816948966000322 0.024607760244484123 -0.054471072154466588 0.016172693187251428 -0.0065721343515259233 0.037202921087480807
leaf_weight=2.1985038702223454 41.135737863784016 3.7524489901825282 4.7762024388357514 2.6024482899083585 1.7017970290416986 2.6152847668345203 4.3192796603889283 2.1994612532125757 1.3068784609858983 1.1134790385804079 1.8119112867352667 0.99731315183817049 33.635884809074923 12.329128764486084 0.68509810865361931 1.161094358438276 1.6614408581517635 0.53686124891100906 30.87015714890731 1.976611450052588 1.0419221898118847 0.72898141625046253 1.3414735416226897 1.8595555231731848 4.6500567153561922 2.7807571132070734 0.79017638352161101 1.5196788021276004 1.4872332774102677 13.731559210806152
leaf_count=425 737168 4001 281 86 2457 6222 4946 1783 44 134 210 183 5408 1093 46 34 271 34 1465 86 29 25 359 124 179 75 110 358 21 343
internal_value=-5.0415e-10 0.0144739 0.0207964 0.0254914 0.000321543 -0.0244819 0.00456372 -0.00451807 0.0324462 0.034296 0.0077744 -0.0244861 0.00464462 0.0111594 -0.00777759 0.0153005 -0.0112071 0.016677 0.0369369 0.0214558 -0.00459659 0.0136456 0.0159961 -0.00886986 0.0185314 -0.000543312 0.0231612 -0.00799377 0.0267831 0.0329251
internal_weight=183.318 142.183 98.2778 76.2299 43.9049 6.51654 22.0479 4.81475 45.3086 43.3166 3.9227 2.11079 37.3883 17.7287 1.99198 30.9213 3.3594 1.69796 39.3939 8.52372 3.74752 2.70559 15.5302 3.20103 27.5619 5.38321 22.1787 2.30986 19.8688 15.2188
internal_count=768000 30832 10961 4014 19871 10462 6947 8005 2503 2413 527 317 9409 2001 90 1511 339 68 1886 421 140 111 1576 483 1172 161 1011 468 543 364
is_linear=0
shrinkage=0.05


Tree=81
num_leaves=31
num_cat=0
split_feature=10 4 6 57 10 10 10 10 0 12 12 17 18 2 29 18 11 14 29 56 56 56 24 34 58 13 58 11 14 17
split_gain=48.7429 4.31183 3.71252 2.21887 1.76635 5.98316 2.04647 2.59958 1.62102 1.18501 1.19508 1.13425 1.10163 1.08396 1.08347 1.18312 0.989436 1.23066 1.28775 1.00862 0.988958 1.08879 0.986582 0.958946 0.91237 1.13 0.861962 1.01233 1.13915 1.06851
threshold=1.7500000000000002 1.0000000180025095e-35 1.0000000180025095e-35 0.69339519739151012 8.7500000000000018 8.2500000000000018 7.7500000000000009 7.2500000000000009 12.500000000000002 0.17519181966781619 0.69615384936332714 0.89144143462181102 0.36661332845687872 4.5000000000000009 10.211449146270754 0.2758633047342301 1.6568627357482912 2.0957014560699467 11.859505176544191 0.42325016856193548 0.24602774530649188 0.37449187040328985 0.47727273404598242 3.5467442274093632 0.22221294045448306 354.14024353027349 0.17812992632389071 1.0178571343421938 1.1819536089897158 0.98403248190879833
decision_type=2 2 2 2 2 2 2 2 2 2 2 2 2 2 2 2 2 2 2 2 2 2 2 2 2 2 2 2 2 2
left_child=-1 2 3 -2 5 6 7 16 13 -6 12 14 -11 -4 -10 -16 24 18 -18 -20 -13 22 -22 26 -5 -26 27 -23 -29 -30
right_child=1 -3 8 4 9 -7 -8 -9 11 10 -12 20 -14 -15 15 -17 17 -19 19 -21 21 23 -24 -25 25 -27 -28 28 29 -31
leaf_value=-0.050028834965648042 -0.00275735605815304 -0.050466473737128009 -0.0042701466812256504 0.0472326467909207 -0.036489872104326908 -0.075367895465986823 0.047566545690295399 -0.061208014214478329 0.024521798322588918 0.042687281958466876 -0.043618969798107116 0.061269613411287366 0.02070961208492493 -0.046877358231224943 0.01630537970710182 -0.038754781460361813 0.025079554488019764 0.025500882263115882 0.045867810112298443 -0.053602539788833142 -0.079793480451912757 0.028362766036352099 0.0048155603096325167 -0.012589641718082771 0.024640139603471157 -0.023894976729792773 0.019248727780828909 -0.048324064873237482 0.017546094040513761 -0.040239265060341443
leaf_weight=37.989365348623323 7.4454787160448168 2.5380967063019844 8.8206407109901175 3.8937887360516603 0.5757292363850891 1.6318857070255024 6.5970257067710909 1.039021588894683 1.68931126310781 22.582804699559354 0.4651684244745401 1.0301646105945099 7.6276665212353683 1.7968398567554675 1.3937653335997309 3.252316518643056 1.1404617089629021 3.1435556238193385 0.29401046270686526 1.9132497632454031 0.60469989430566673 2.35707442415878 0.80082874038998852 3.3276846262724566 11.622507657368258 1.3372164639040409 30.320085405710415 1.4805963111830349 3.1132042826320685 1.0766483615880131
leaf_count=731500 3577 12381 2878 189 25 82 352 131 301 1060 110 41 371 7565 223 1986 186 1470 48 297 17 41 72 1039 753 84 877 177 117 50
internal_value=1.41748e-10 0.0140875 0.0153252 0.0230738 0.0260853 0.0179454 0.0228605 0.0161764 0.00627653 0.0345798 0.0359137 0.0100139 0.0371383 -0.0114807 -0.00976924 -0.0222374 0.0196206 0.00303427 -0.0180622 -0.0403529 0.0128552 0.0116975 -0.0315857 0.0131573 0.0260089 0.0196322 0.0153915 0.000822888 -0.0106248 0.00269724
internal_weight=172.901 134.912 132.373 71.3096 63.8641 32.6127 30.9808 24.3838 61.0639 31.2514 30.6756 50.4464 30.2105 10.6175 6.33539 4.64608 23.3448 6.49128 3.34772 2.20726 44.111 43.0808 1.40553 41.6753 16.8535 12.9597 38.3476 8.02752 5.67045 4.18985
internal_count=768000 36500 24119 8735 5158 3592 3510 3158 15384 1566 1541 4941 1431 10443 2510 2209 3027 2001 531 345 2431 2390 89 2301 1026 837 1262 385 344 167
is_linear=0
shrinkage=0.05


Tree=82
num_leaves=31
num_cat=0
split_feature=10 10 10 57 12 36 14 34 10 19 10 16 49 5 6 34 1 10 3 6 12 56 54 69 19 1 1 34 49 17
split_gain=44.7129 3.92917 3.09509 2.27336 2.16899 2.00245 2.75311 1.99161 1.69336 1.63876 1.62266 1.62231 1.56185 1.32471 1.362 1.17475 1.14707 1.08733 1.02968 1.00643 1.25969 1.00552 1.44076 0.984086 0.96088 1.39853 0.921232 0.893466 0.830206 0.826743
threshold=1.7500000000000002 6.7500000000000009 6.2500000000000009 0.40444585680961614 0.55902779102325451 0.82820391654968273 3.5592596530914311 1.1605892181396487 5.7500000000000009 0.00040029853698797529 5.2500000000000009 0.74298331141471874 15.304764270782472 1.0000000180025095e-35 1.0000000180025095e-35 4.3533363342285165 22.500000000000004 12.250000000000002 2.5000000000000004 1.0000000180025095e-35 0.26969698071479803 0.47180411219596868 1.3314403891563418 12.226908206939699 0.011532245669513943 19.500000000000004 17.500000000000004 3.5842828750610356 16.928318023681644 0.89454162120819103
decision_type=2 2 2 2 2 2 2 2 2 2 2 2 2 2 2 2 2 2 2 2 2 2 2 2 2 2 2 2 2 2
left_child=-1 2 8 -3 5 6 13 9 10 12 15 -8 -7 14 21 29 17 -16 -15 20 23 22 -5 -9 -22 -26 -6 -21 -10 -2
right_child=1 3 -4 4 26 7 11 19 28 -11 -12 -13 -14 18 16 -17 -18 -19 -20 27 24 -23 -24 -25 25 -27 -28 -29 -30 -31
leaf_value=-0.050027321796444563 -0.026936977345527115 -0.027384461121995132 -0.058141241882188346 0.040633260810720752 0.01026442705787362 0.043205282342908116 -0.0061773088162838871 -0.032932209996298915 0.021778902467982284 -0.035239589889352683 -0.056429672286986525 -0.092780214934683969 -0.021940872580411414 -0.023479264216514306 0.021171884866802434 -0.050221417266200746 -0.051222915413222048 -0.052952805199156398 0.034392338322767432 0.03053967234929747 0.051444397960700307 0.042244864276336967 -0.012089937569431036 0.034794984335069473 0.054802492388371815 -0.026510776286448635 -0.020580821427254176 -0.0077325574830626248 -0.022242635762402246 0.0051233422193694839
leaf_weight=35.094064536616315 2.2472183219270034 2.5160537701567582 2.1265309881000567 2.6386543884145892 14.829564796084016 2.8166904050158328 1.477746665485028 0.89538230811013209 12.396577463818174 1.790194733534008 1.3969457862767729 0.85285853065943218 1.3663108916371127 2.821241372479562 4.3282714916058458 1.1455899239781491 0.81952006561914448 0.55858899926533911 1.0564283595012964 13.943667035142424 16.516043169875051 9.2575156015664088 2.5460859352824627 1.3375794981475335 1.0988925113560974 1.0192868694721253 2.8928599690407273 1.7121837628110359 1.1722971792532906 19.115621787003874
leaf_count=731500 2654 3550 1245 158 2269 91 601 34 1640 51 1676 44 46 102 140 12184 23 32 31 369 986 498 131 83 36 38 492 225 157 6914
internal_value=-2.311e-10 0.0136423 0.00053812 0.0194671 0.0208287 0.0248438 0.0140166 0.031559 0.00386797 0.00479343 -0.00413964 -0.0378687 0.0219263 0.0190496 0.0242001 -0.000894356 0.00351897 0.0126991 -0.00771278 0.0359364 0.0431257 0.0323715 0.0147423 0.00763745 0.0473783 0.0156738 0.00522951 0.0263541 0.0179756 0.00175083
internal_weight=163.786 128.692 39.6008 89.0916 86.5756 68.8531 26.3569 42.4962 37.4743 5.9732 23.9054 2.33061 4.183 24.0263 20.1486 22.5084 5.70638 4.88686 3.87767 36.523 20.8672 14.4423 5.18474 2.23296 18.6342 2.11818 17.7224 15.6559 13.5689 21.3628
internal_count=768000 36500 26470 10030 6480 3719 1760 1959 25225 188 23428 645 137 1115 982 21752 195 172 133 1771 1177 787 289 117 1060 74 2761 594 1797 9568
is_linear=0
shrinkage=0.05


Tree=83
num_leaves=31
num_cat=0
split_feature=11 10 10 11 10 57 4 12 10 10 10 10 14 10 10 14 13 12 12 17 58 34 69 29 34 3 2 36 10 3
split_gain=41.0773 3.6721 3.4824 2.22174 1.8729 1.41017 1.37203 1.3206 1.40613 7.72915 1.6628 6.51929 1.72433 1.3733 10.8002 1.31011 1.22892 1.15741 1.15664 1.3342 1.00091 0.99819 1.58193 0.947021 1.18297 0.931935 0.946722 0.890216 0.846601 0.824931
threshold=2.0263158082962041 7.7500000000000009 7.2500000000000009 0.78019323945045482 4.7500000000000009 0.85037463903427135 1.0000000180025095e-35 0.22474747896194461 9.7500000000000018 9.2500000000000018 10.250000000000002 10.750000000000002 3.5980759859085087 8.2500000000000018 8.7500000000000018 2.4875915050506596 394.07733154296881 0.55902779102325451 0.38675214350223547 0.90094715356826793 0.25697118043899542 1.728749215602875 12.198879241943361 12.007631778717043 3.0980900526046757 5.5000000000000009 2.5000000000000004 0.60634109377861034 4.2500000000000009 2.5000000000000004
decision_type=2 2 2 2 2 2 2 2 2 2 2 2 2 2 2 2 2 2 2 2 2 2 2 2 2 2 2 2 2 2
left_child=1 2 4 5 28 -3 7 -5 9 13 -10 -12 17 -9 -15 -7 -16 20 19 -6 -13 22 -22 24 25 26 -20 -23 29 -1
right_child=-2 3 -4 6 18 15 -8 8 10 -11 11 12 -14 14 16 -17 -18 -19 23 -21 21 27 -24 -25 -26 -27 -28 -29 -30 -31
leaf_value=-0.022810660607647019 -0.050023934817057525 -0.035177991168052994 -0.058827701509112866 -0.0079404959971983453 -0.0027331489833056712 0.024579194150045103 -0.050900636950147182 0.039365378654154612 0.049192793094292205 -0.067959995110568647 -0.068586167173836962 0.05481903217199037 -0.055468353280371308 -0.068415580751497465 0.03840750248901284 -0.058118485505297163 -0.027453638157382512 -0.012359746919079869 0.042435610897559567 0.038893154463850048 0.039003938725492585 -0.038639182693405084 -0.04478481738428669 -0.00083210502405431071 -0.018633065114952843 -0.05138280423470977 0.010440303251866309 0.045947694550330757 -0.053679694586692063 0.005489683023090608
leaf_weight=4.7332090665386168 32.442536501431277 2.6529094325542237 2.1655486903709962 3.020676973164881 2.731509734041536 3.2345171121996832 0.6121825877144137 11.277442445947605 11.004943105115673 2.3821455110373781 1.7021456920010702 6.9152287179604119 0.5170731685193467 3.0561301504894809 13.747356066218343 0.56215509962203203 0.74675244586978884 1.0883560668844445 5.0267797573833377 6.5193560953266569 1.2342572196212134 0.33237330324482162 1.0362912837881593 17.998415630760064 1.8955315671510096 0.38786010045078079 4.2810196461541636 4.8483172536361963 1.0929148830982747 5.6472014731307354
leaf_count=7605 737168 1414 839 511 963 81 1337 768 597 262 196 273 327 345 799 113 31 110 172 419 67 18 31 3339 1594 60 582 203 1681 6095
internal_value=1.46556e-10 0.0132535 0.00325555 0.0207522 0.00592766 -0.00720881 0.0235911 0.024316 0.025943 0.0185988 0.0339353 0.0244351 0.0343485 0.0257514 0.0170034 0.0123345 0.0350143 0.0373535 0.0111707 0.0266021 0.0411196 0.0284056 0.000762273 0.00634629 0.0174927 0.0245553 0.0277197 0.0405209 -0.0118216 -0.00741457
internal_weight=154.893 122.451 52.4793 69.9713 50.3138 6.44958 63.5217 62.9095 59.8888 31.2098 28.679 17.674 15.9719 28.8277 17.5502 3.79667 14.4941 15.4548 38.8405 9.25087 14.3665 7.45124 2.27055 29.5896 11.5912 9.69566 9.3078 5.18069 11.4733 10.3804
internal_count=768000 30832 23349 7483 22510 1608 5875 4538 4027 2205 1822 1225 1029 1943 1175 194 830 702 7129 1382 592 319 98 5747 2408 814 754 221 15381 13700
is_linear=0
shrinkage=0.05


Tree=84
num_leaves=31
num_cat=0
split_feature=10 12 57 6 69 14 17 10 10 14 12 6 18 3 6 11 69 29 43 58 57 37 5 38 3 19 5 54 49 14
split_gain=37.6643 3.58837 2.43046 2.33889 1.4614 1.37823 1.74213 1.19719 1.28835 1.12187 1.11306 1.0804 1.06662 1.01098 1.00147 0.898993 0.856543 0.844489 0.804137 0.772806 0.909088 0.947665 0.764897 0.744653 0.719581 0.716719 0.682682 0.774207 0.669099 0.667867
threshold=1.7500000000000002 0.67708334326744091 0.67305442690849315 1.0000000180025095e-35 8.1768126487731951 3.5592596530914311 0.94421008229255687 5.7500000000000009 5.2500000000000009 2.0957014560699467 0.17519181966781619 2.5000000000000004 0.3213160932064057 2.5000000000000004 3.5000000000000004 1.2565789222717287 13.535726070404055 11.859505176544191 3.2769666910171513 0.28112146258354193 0.89890685677528392 0.99531710147857677 1.0000000180025095e-35 0.39305004477500921 3.5000000000000004 0.0090900626964867132 1.0000000180025095e-35 1.9825452566146853 17.157552719116214 2.633392453193665
decision_type=2 2 2 2 2 2 2 2 2 2 2 2 2 2 2 2 2 2 2 2 2 2 2 2 2 2 2 2 2 2
left_child=-1 2 4 5 -2 7 16 8 9 13 -9 26 29 17 -13 18 -7 -4 -5 -20 23 -22 28 -21 -17 -24 -3 -28 -14 -12
right_child=1 11 3 15 -6 6 -8 10 -10 -11 12 14 22 -15 -16 24 -18 -19 19 20 21 -23 25 -25 -26 -27 27 -29 -30 -31
leaf_value=-0.050024525166577585 0.010663389797596932 -0.044362105245251568 0.02498946413410048 -0.022862129231142191 -0.029990103467757375 -0.047061149734651926 0.037464157089802039 -0.03650923715172142 -0.058991152551567096 0.037816898798984082 0.046313658295036038 0.014958865147183793 0.034712768127824277 0.020563298092045303 -0.043148379560097642 0.0032193974340870603 0.020470553010351104 -0.054818795717634185 0.020656214495933169 -0.05914350233550103 0.034240115818100395 -0.0430955575642415 0.016576499026132036 0.00047859794889041339 -0.032981839649219663 -0.038387073422151363 -0.0022360260412168111 -0.05011841946706052 -0.0054942236939366429 0.022506275160170938
leaf_weight=29.845883620370842 4.6117967777263384 2.6605092931958989 0.46272400410634817 1.3482470768867667 4.2457689651637338 1.7820499996360006 1.6416045881233001 0.5932650469330828 0.62601796282251587 3.1573502354804077 14.378450302130661 4.4854184166506457 13.267821916895629 2.0507451567464159 0.88836790354162065 11.740028885111313 0.63751706018229004 1.168513201517271 21.784596148376298 0.93946449213399263 1.9732325311561001 0.49562476403661992 6.4334905747382427 1.1833374470988927 1.5544428755511024 0.65334827918559302 3.7971757413924934 1.0855405533193332 1.1222521302697703 3.7048675197802359
leaf_count=731500 1367 10645 68 56 4561 692 433 22 74 231 873 2601 818 129 2356 1736 185 149 785 62 90 28 244 143 319 18 2230 5308 78 199
internal_value=1.09195e-10 0.0130425 0.0161997 0.0185907 -0.00882338 0.0256664 -0.00229334 0.0280509 0.00966445 0.0159486 0.0314693 -0.0117796 0.0324888 -0.0028037 0.00535286 0.00967597 -0.0292676 -0.03218 0.0148017 0.016727 -0.00191486 0.0187149 0.0249552 -0.0259077 -0.0010134 0.0115093 -0.0239847 -0.0128814 0.0315771 0.0414361
internal_weight=144.319 114.474 101.557 92.699 8.85757 51.68 4.06117 47.6188 7.46535 6.83933 40.1535 12.917 39.5602 3.68198 5.37379 41.019 2.41957 1.63124 27.7245 26.3763 4.59166 2.46886 21.4769 2.1228 13.2945 7.08684 7.54323 4.88272 14.3901 18.0833
internal_count=768000 36500 13360 7432 5928 4213 1310 2903 651 577 2252 23140 2230 346 4957 3219 877 217 1164 1108 323 118 1158 205 2055 262 18183 7538 896 1072
is_linear=0
shrinkage=0.05


Tree=85
num_leaves=31
num_cat=0
split_feature=10 10 10 12 17 4 10 10 6 5 10 36 16 17 29 2 14 37 38 57 37 69 6 12 36 13 7 1 38 37
split_gain=34.6482 3.37253 2.64734 1.91231 1.84967 1.3612 1.15116 1.3157 1.06595 0.974841 0.992542 0.942311 0.879814 0.819826 0.803839 0.797292 0.794981 1.79641 0.792973 0.774145 0.81879 0.771802 0.860574 1.03168 0.746134 0.756678 0.710931 0.76871 0.920245 0.735308
threshold=1.7500000000000002 6.7500000000000009 6.2500000000000009 0.55902779102325451 0.89755257964134227 1.0000000180025095e-35 5.7500000000000009 5.2500000000000009 1.0000000180025095e-35 1.0000000180025095e-35 13.250000000000002 0.94142156839370739 0.46652437746524816 0.9351826310157777 10.872109889984133 1.5000000000000002 3.5592596530914311 0.97627702355384838 0.29096922278404241 0.72103795409202587 0.99675798416137706 10.737765312194826 1.0000000180025095e-35 0.65686276555061351 0.96098822355270397 366.16140747070318 1.0000000180025095e-35 18.500000000000004 0.33529372513294226 0.94139653444290172
decision_type=2 2 2 2 2 2 2 2 2 2 2 2 2 2 2 2 2 2 2 2 2 2 2 2 2 2 2 2 2 2
left_child=-1 2 5 4 9 6 7 19 16 10 12 21 14 -13 -3 -8 -6 -18 -17 -2 -21 22 23 -5 25 -20 29 28 -28 -10
right_child=1 3 -4 11 8 -7 15 -9 26 -11 -12 13 -14 -15 -16 18 17 -19 24 20 -22 -23 -24 -25 -26 -27 27 -29 -30 -31
leaf_value=-0.050023234281045471 -0.039272800838195801 0.017604052238526104 -0.058021417883139317 0.048033119664770599 0.036655064083719741 -0.050256213487816427 0.040787942953561827 -0.055873478357917616 -0.010729585490722856 -0.021628520529065075 -0.028784105166454483 -0.028914053313891904 0.026289654800217745 0.018638384013901315 -0.043105321609668769 -0.014875199555138658 -0.0379738333299319 0.055885495433202995 0.013676125117091079 0.011294101126054225 -0.011320976825257432 -0.031193028483016739 -0.023894783645287701 -0.024270720601639872 0.043682819489518056 -0.06149018479253146 0.048978619466488585 -0.046280850421472008 -0.035809351073665223 0.025394949887358433
leaf_weight=27.630650082720877 1.1339833619640618 1.2192649721619075 1.8795041487674087 1.4689071969623944 24.285467868525306 1.1565477292278945 2.7938260611044852 1.0847557300103279 1.5524062207405283 2.4959200452503856 1.2633668242633564 1.0164504396016116 7.667170907392574 8.3710615880372625 0.98634198357103731 2.3300653897786088 1.1318826236165471 0.92754351390612999 3.9472038380354206 11.396722618624155 6.1687338059791719 2.7825601907579767 1.6585684734282038 0.74286484387630469 2.0930532796501211 0.36584710016541055 0.80018251363071546 0.82740192433993787 0.5333038099706755 15.212439662871473
leaf_count=731500 4059 205 1245 125 1478 9511 192 1096 48 735 541 233 1030 824 685 225 112 98 612 3866 5425 1498 1000 730 187 52 29 28 26 605
internal_value=9.54576e-11 0.0126465 -0.000326874 0.0185928 0.0227608 0.00301266 0.00498007 -0.00233844 0.0276229 0.00661431 0.0129443 0.00328745 0.0182841 0.0134896 -0.00954503 0.0175378 0.0341258 0.0042994 0.0101025 0.000767132 0.00335201 -0.0111081 0.0033318 0.0237485 0.0191875 0.00730027 0.0185707 -0.00842167 0.0150692 0.0220499
internal_weight=136.924 109.293 34.3502 74.9431 58.9027 32.4707 31.3142 19.7842 45.2706 13.6321 11.1361 16.0404 9.87278 9.38751 2.20561 11.53 26.3449 2.05943 8.73617 18.6994 17.5655 6.6529 3.87034 2.21177 6.4061 4.31305 18.9257 2.16089 1.33349 16.7648
internal_count=768000 36500 26470 10030 5620 25225 15714 14446 2424 3196 2461 4410 1920 1057 890 1268 1688 210 1076 13350 9291 3353 1855 855 851 664 736 83 55 653
is_linear=0
shrinkage=0.05


Tree=86
num_leaves=31
num_cat=0
split_feature=10 4 6 18 57 0 69 11 23 3 12 69 34 14 2 18 2 13 14 10 10 38 38 57 11 26 37 7 58 3
split_gain=31.8926 3.16025 2.78378 1.84272 1.33986 1.26718 1.20915 1.12823 0.977982 0.899619 0.874037 1.18619 0.828548 0.85146 0.80742 0.803536 0.789076 0.768799 0.755697 0.754992 2.07592 0.939087 0.778498 0.736882 0.718856 0.713229 0.67188 0.843476 0.664848 0.72771
threshold=1.7500000000000002 1.0000000180025095e-35 1.0000000180025095e-35 0.32312279939651495 0.82866308093070995 12.500000000000002 10.146486282348635 1.6568627357482912 3.5750193595886235 1.0000000180025095e-35 0.46410256624221807 11.578847885131838 0.34240990877151495 3.5202401876449589 2.5000000000000004 0.30600935220718389 4.5000000000000009 321.19192504882818 0.4306021928787232 8.7500000000000018 8.2500000000000018 0.25469110906124121 0.22838322818279269 0.9102822244167329 1.3405797481536867 35.777778625488288 0.99913540482521068 1.5000000000000002 0.34234531223773962 3.5000000000000004
decision_type=2 2 2 2 2 2 2 2 2 2 2 2 2 2 2 2 2 2 2 2 2 2 2 2 2 2 2 2 2 2
left_child=-1 2 3 7 6 16 -5 12 -9 -7 14 17 -2 -14 -6 -10 -4 -12 -11 20 21 22 -20 -13 -23 -19 27 -25 29 -21
right_child=1 -3 5 4 10 9 -8 8 15 18 11 23 13 -15 -16 -17 -18 25 19 28 -22 24 -24 26 -26 -27 -28 -29 -30 -31
leaf_value=-0.050022048637009646 -0.021270445935028345 -0.050432540669808151 -0.005852898569627959 0.0094984978484420057 0.014475382727458033 -0.025088827815176698 -0.030449372041698088 -0.051989907512863788 -0.015485420477389589 -0.020969777253943125 0.043059127114486451 0.031626125730143027 0.039479369871802672 -0.0046020202102089293 0.037832287839213115 0.052569078103654687 -0.046654988173764712 0.028016814252838008 0.0070836410369771487 0.024524281273589528 -0.060967189985540404 0.024573699539784871 -0.038523193473845183 -0.052269587912835029 0.0015876826070443718 -0.04552238839364732 0.0385622634932122 0.049941440565757639 -0.040014065127928877 -0.0093152210817769674
leaf_weight=25.588891604897981 0.62788395230018679 1.9716855241085784 7.2318266445136015 5.7642885453487924 7.2125998706833361 1.8917808289879747 2.8213724872584862 0.67200737106395481 0.85462898243713403 1.8462142211319577 2.1152060562062611 0.58280657435170757 19.676347666114456 1.1600360500087834 7.5976623177193687 0.8807324893950863 1.4171303344783153 0.72422972516869755 2.1273674157091658 15.121856888072221 1.1245229968626507 8.21236368643258 1.6704205521891706 1.8598902642534092 5.806144214620871 0.6052546303053532 0.30247074090948434 0.22641646712145291 0.45907692760738328 1.7752411804249266
leaf_count=731500 33 12381 2878 1807 470 1360 1902 338 770 179 405 150 1219 370 622 215 7565 83 334 750 95 688 187 214 1121 92 35 10 97 130
internal_value=2.33949e-10 0.0122677 0.0134754 0.0213273 0.0130379 0.00481705 -0.00362895 0.0316796 -0.00077786 0.00856641 0.0197793 0.00436463 0.0353199 0.0370252 0.0264575 0.0190537 -0.0125383 0.0243322 0.0102356 0.0118228 0.00491991 0.00907855 -0.0129761 -0.018782 0.0150534 -0.00546229 -0.0310804 -0.0411771 0.019356 0.020969
internal_weight=129.928 104.339 102.368 53.6838 29.8122 48.6839 8.58566 23.8716 2.40737 40.035 21.2265 6.41627 21.4643 20.8364 14.8103 1.73536 8.64896 3.44469 38.1432 36.297 18.9408 17.8163 3.79779 2.97158 14.0185 1.32948 2.38878 2.08631 17.3562 16.8971
internal_count=768000 36500 24119 8735 5790 15384 3709 2945 1323 4941 2081 989 1622 1589 1092 985 10443 580 3581 3402 2425 2330 521 409 1809 175 259 224 977 880
is_linear=0
shrinkage=0.05


Tree=87
num_leaves=31
num_cat=0
split_feature=11 10 10 57 12 12 10 6 36 14 5 36 10 14 24 18 34 0 57 40 17 36 10 69 6 12 63 7 6 0
split_gain=29.3617 2.99749 2.21486 1.73069 1.58961 1.45477 1.29116 1.05366 0.862293 1.13478 1.1949 0.838032 0.821843 0.776876 1.01218 0.978695 0.875224 0.970034 0.724188 0.756283 0.808399 0.700313 0.67827 0.672642 0.674472 0.768514 0.64899 0.64305 0.650984 0.625116
threshold=2.0263158082962041 6.7500000000000009 6.2500000000000009 0.40444585680961614 0.55902779102325451 0.22474747896194461 4.7500000000000009 1.0000000180025095e-35 0.8370828926563264 3.5592596530914311 1.0000000180025095e-35 0.69684550166130077 13.250000000000002 1.2652080655097964 0.58571431040763866 0.32645875215530401 3.2838469743728642 15.500000000000002 0.49019971489906317 0.00041589869942981755 0.9916684925556184 0.94142156839370739 4.2500000000000009 10.737765312194826 1.0000000180025095e-35 0.65686276555061351 4.6491756439208993 1.0000000180025095e-35 1.0000000180025095e-35 13.500000000000002
decision_type=2 2 2 2 2 2 2 2 2 2 2 2 2 2 2 2 2 2 2 2 2 2 2 2 2 2 2 2 2 2
left_child=1 2 6 -3 5 27 22 8 9 10 12 -12 -7 14 -9 16 26 -18 -8 20 -20 23 -1 24 25 -6 -15 28 -5 -23
right_child=-2 3 -4 4 21 7 18 13 -10 -11 11 -13 -14 15 -16 -17 17 -19 19 -21 -22 29 -24 -25 -26 -27 -28 -29 -30 -31
leaf_value=-0.0085061630085880094 -0.050019370397741618 -0.027860795603345496 -0.057312556246198999 0.01489224197657075 0.048100700968932819 0.038104801382043189 -0.043824229325351162 0.029684442236405307 0.03918077831680053 -0.028239884328976984 0.052623334403337454 -0.018972361179977155 -0.01983418190917409 0.041236066261339598 -0.014356903397339636 -0.0015196519421152343 0.047971702648462719 -0.022294131363801657 0.015918012182757877 -0.033655861495969649 -0.02854260222393671 0.03110124649405771 -0.053520362838386265 -0.028980797855171454 -0.020212998304423673 -0.02055275401936774 -0.0084107209379528716 -0.05443596511797591 -0.049757141702355345 0.0031813934186823677
leaf_weight=8.6935341852295132 23.702579715761658 2.0172688802495022 1.6492468913684195 1.9009580829842887 1.2429671724021312 9.0255770893636509 0.61835644383154686 1.9979850057570754 15.927407039489479 1.0392697131355806 0.51282653905218412 2.0133722346217837 0.6565743020182716 7.9050043749157322 3.7592027610808145 3.2055285001079019 0.74549055752868243 1.4398348180038736 17.444573179182051 0.89863593555492016 1.0860364468862815 3.1635022061891487 0.92597732597005311 2.4466623262978828 1.4219260129666507 0.60654846028592135 0.71804953190439835 0.65003609165069054 0.48969530006434059 5.4736437440715235
leaf_count=13700 737168 3260 1090 177 94 694 1172 64 1194 293 19 77 27 286 130 382 78 155 3127 222 188 651 1681 825 465 284 19 68 56 354
internal_value=-2.08984e-10 0.0118945 -0.000916088 0.0177631 0.0191504 0.0232175 0.00221909 0.0253022 0.0313413 0.021916 0.0261856 -0.0044382 0.0341758 0.0163907 0.000927286 0.0227434 0.0299392 0.00167599 0.00944458 0.0111399 0.0133123 0.00442183 -0.0128392 -0.00915098 0.00567944 0.0255858 0.0371019 -0.0103403 0.00164963 0.0134075
internal_weight=123.378 99.6757 31.3164 68.3593 66.3421 51.9868 29.6671 48.9461 29.175 13.2476 12.2084 2.5262 9.68215 19.7711 5.75719 14.0139 10.8084 2.18533 20.0476 19.4292 18.5306 14.3552 9.61951 5.7181 3.27144 1.84952 8.62305 3.04069 2.39065 8.63715
internal_count=768000 30832 21180 9652 6392 3719 20090 3418 2304 1110 817 96 721 1114 194 920 538 233 4709 3537 3315 2673 15381 1668 843 378 305 301 233 1005
is_linear=0
shrinkage=0.05


Tree=88
num_leaves=31
num_cat=0
split_feature=12 10 57 6 57 69 14 12 17 11 18 10 14 17 34 3 3 21 1 10 10 13 36 16 12 14 49 56 34 17
split_gain=27.1015 2.74511 1.69678 1.60158 1.21276 1.12778 0.949999 0.89918 0.820617 0.79808 0.763504 0.691384 0.668269 0.588631 0.601857 0.572873 0.608919 0.988373 0.568216 0.554492 1.34262 1.11561 0.782347 0.553862 0.562755 0.553392 1.45576 0.590422 0.572655 0.829731
threshold=0.86190477013587963 5.7500000000000009 0.67305442690849315 1.0000000180025095e-35 0.86719319224357616 8.1768126487731951 3.5592596530914311 0.17519181966781619 0.94421008229255687 1.5941176414489748 0.336805209517479 5.2500000000000009 1.3543263077735903 0.99626418948173534 4.1963903903961191 1.0000000180025095e-35 3.5000000000000004 0.001975286984816194 13.500000000000002 9.7500000000000018 9.2500000000000018 313.11407470703131 0.68775001168251049 0.39136075973510748 0.70714285969734203 1.2089896798133852 12.66980028152466 0.42912946641445165 3.0603588819503789 0.91712909936904918
decision_type=2 2 2 2 2 2 2 2 2 2 2 2 2 2 2 2 2 2 2 2 2 2 2 2 2 2 2 2 2 2
left_child=1 4 5 6 -1 -3 7 -4 -8 -2 23 12 -6 14 15 -5 19 18 -18 20 -17 -21 -23 -9 -25 26 -12 -28 -27 -30
right_child=9 2 3 13 11 -7 8 10 -10 -11 25 -13 -14 -15 -16 16 17 -19 -20 21 -22 22 -24 24 -26 28 27 -29 29 -31
leaf_value=-0.030730339170494565 -0.019765037665846075 0.012017395397707843 -0.036733868496633806 -0.019753118589480454 -0.016746570327677325 -0.028067926553309322 -0.027112357087458377 -0.035547365268149195 0.030169681461697125 -0.050023423667424363 0.04674649732995035 -0.055247247022565518 0.009874450229652167 -0.045413189539385591 -0.039583208485290344 0.013984779060005489 -0.052690620868208832 0.037587732707438481 -0.0049512686404302219 -0.016288775710162323 -0.068501291172389109 -0.042793450473775613 0.038025290494096524 0.038397362780589611 -0.0043010368106594582 0.031779753528939407 0.035212503291259002 -0.030545084151922187 -0.038247995776846462 0.028576178644403011
leaf_weight=3.7717461156298695 2.4201973018771268 3.7039135473514753 0.52569167203182487 1.3274936926463947 3.0884817259075108 3.334158407882569 1.506698508126646 0.26974385232461173 1.0687248873800852 21.883279217878226 1.2793419921508751 0.51946344972202574 9.959779725007591 0.4619273676580623 0.56748892492305358 16.145699893615539 0.84495472346316036 1.0910577072936574 2.3761150039790664 1.2636718845460544 0.50887306590448034 0.31278571300208557 7.0200440660846652 18.35085360752419 0.80555303658547828 8.5072100449033297 0.41196485052933018 1.9917245071555951 0.77875761866016446 1.1512318124878218
leaf_count=26805 4480 890 22 127 2646 2872 503 8 259 713337 102 310 11454 51 826 640 29 30 107 25 15 9 243 1323 54 564 31 84 52 102
internal_value=-7.47202e-11 0.0122923 0.0164074 0.0188072 -0.0056507 -0.0069723 0.0259389 0.0281522 -0.003342 -0.0470102 0.029169 0.00132129 0.00357334 0.0106192 0.011442 0.0123794 0.0138223 -0.00354247 -0.0174743 0.0167876 0.0114645 0.0271006 0.0345779 0.0356 0.0366018 0.0203214 0.00365831 -0.019275 0.0262014 0.00161239
internal_weight=117.249 92.9452 75.6057 68.5676 17.3395 7.03807 36.6475 34.0721 2.57542 24.3035 33.5464 13.5677 13.0483 31.9201 31.4582 30.8907 29.5632 4.31213 3.22107 25.2511 16.6546 8.5965 7.33283 19.4262 19.1564 14.1202 3.68303 2.40369 10.4372 1.92999
internal_count=768000 50183 8968 5206 41215 3762 3104 2342 762 717817 2320 14410 14100 2102 2051 1225 1098 166 136 932 655 277 252 1385 1377 935 217 115 718 154
is_linear=0
shrinkage=0.05


Tree=89
num_leaves=31
num_cat=0
split_feature=12 10 10 3 11 36 10 12 4 17 10 10 10 10 14 54 7 5 13 11 10 5 12 2 34 10 10 34 16 14
split_gain=25.0567 2.58639 2.4919 1.95943 1.64435 1.0541 1.00337 0.96835 0.927241 0.898153 0.898099 5.17537 1.16841 4.46281 1.11841 0.893643 0.865189 0.982522 0.837585 0.79698 0.787677 0.809731 0.841798 0.78758 0.775469 0.74581 6.13697 0.723977 0.715699 0.679097
threshold=0.86190477013587963 7.7500000000000009 7.2500000000000009 1.5000000000000002 0.78019323945045482 0.72763636708259594 5.7500000000000009 0.22474747896194461 1.0000000180025095e-35 0.98079210519790661 9.7500000000000018 9.2500000000000018 10.250000000000002 10.750000000000002 3.5980759859085087 1.9115999937057497 1.0000000180025095e-35 1.0000000180025095e-35 396.27717590332037 1.5941176414489748 5.2500000000000009 1.0000000180025095e-35 0.46410256624221807 5.5000000000000009 2.69426441192627 8.7500000000000018 8.2500000000000018 3.9324661493301396 0.54728123545646679 0.46743613481521612
decision_type=2 2 2 2 2 2 2 2 2 2 2 2 2 2 2 2 2 2 2 2 2 2 2 2 2 2 2 2 2 2
left_child=1 2 3 16 5 -3 20 -6 10 29 11 18 -12 -14 23 -7 17 28 25 -2 21 22 -5 -15 -20 26 -9 -23 -1 -8
right_child=19 4 -4 6 7 15 9 8 -10 -11 12 -13 13 14 -16 -17 -18 -19 24 -21 -22 27 -24 -25 -26 -27 -28 -29 -30 -31
leaf_value=-0.044800342538149782 -0.01922701748493514 -0.049725969382891554 -0.058250011184790645 0.013721955774198547 -0.0089826618935258222 0.018636698306108583 -0.034121441539852269 0.037068114319387918 -0.050970531825291612 -0.0076262243257494457 0.047494496828951883 -0.06494661785032578 -0.065531015307376622 0.041024318332073595 -0.052624905951697026 -0.03784515293407878 -0.044905265267973116 -0.034665101007463221 0.026886044777335312 -0.050022254183388126 -0.055633973974985276 0.018564009380038011 -0.025860509268734302 0.0039741348657615942 -0.062010816524218151 0.036450897138424844 -0.061969813349677105 -0.05264087072054692 0.021310182326572603 0.026404408435558902
leaf_weight=0.48770648020945317 2.3423319352132266 1.1623280663516187 1.636891980603649 2.1605509943556171 2.3512372080740525 2.8445122487391932 0.48069718057377286 7.7321244930863102 0.40903327539672218 2.65050588350823 7.7768061509450517 1.7452519542530343 1.2831645803471463 9.6292530445207323 0.37182020061118315 0.9290236437373095 2.1759207850232087 1.9673628511118293 0.46216228848788787 20.389387949939191 0.60002670114590806 6.4527124150408781 3.5505948737413746 1.685398287419958 0.52285430623669527 10.094882912453613 1.9608772057690655 0.37788704040121945 2.5491350089660045 12.906061762638272
leaf_count=4484 4480 840 501 1506 689 110 34 581 794 209 533 182 131 528 233 183 11264 7518 19 713337 392 3020 7553 107 25 695 206 4438 2111 1297
internal_value=-3.61155e-10 0.0119716 0.00209804 0.00481492 0.0193334 -0.00809273 0.0105727 0.0222746 0.0239574 0.0189659 0.0246658 0.0177511 0.032171 0.0229827 0.0327014 0.00473118 -0.0185841 -0.00713914 0.024699 -0.046849 0.000330308 0.00300777 -0.0108863 0.0355054 -0.0203011 0.0269391 0.0170329 0.0146248 0.0106931 0.024231
internal_weight=111.689 88.9568 37.9961 36.3592 50.9607 4.93586 29.179 46.0249 43.6736 16.0373 43.2646 22.5182 20.7464 12.9696 11.6865 3.77354 7.18013 5.0042 20.7729 22.7317 13.1418 12.5417 5.71115 11.3147 0.985017 19.7879 9.693 6.8306 3.03684 13.3868
internal_count=768000 50183 44327 43826 5856 1133 18449 4723 4034 1540 3240 1708 1532 999 868 293 25377 14113 1526 717817 16909 16517 9059 635 44 1482 787 7458 6595 1331
is_linear=0
shrinkage=0.05


Tree=90
num_leaves=31
num_cat=0
split_feature=10 4 6 57 10 10 0 69 7 10 10 17 14 69 38 5 3 54 2 5 11 43 54 24 49 3 10 10 57 58
split_gain=22.9995 2.4781 2.20707 1.48638 0.986938 2.34639 0.95084 0.892298 0.861378 0.806158 1.39454 0.801955 0.784317 1.43408 0.74258 0.711016 0.696533 0.696201 0.636126 0.612541 0.595783 0.878866 0.671027 0.649965 0.626073 0.582584 0.543344 1.2387 0.536808 0.81238
threshold=1.7500000000000002 1.0000000180025095e-35 1.0000000180025095e-35 0.82866308093070995 8.7500000000000018 8.2500000000000018 12.500000000000002 10.522826671600344 1.5000000000000002 7.7500000000000009 7.2500000000000009 0.83447185158729564 1.2089896798133852 11.648032665252687 0.36356593668460851 1.0000000180025095e-35 1.0000000180025095e-35 1.8427736759185793 4.5000000000000009 2.5000000000000004 1.2565789222717287 3.4811217784881596 2.3393527269363408 0.92857143282890331 13.696221828460695 6.5000000000000009 6.7500000000000009 6.2500000000000009 0.89890685677528392 0.26276922225952154
decision_type=2 2 2 2 2 2 2 2 2 2 2 2 2 2 2 2 2 2 2 2 2 2 2 2 2 2 2 2 2 2
left_child=-1 2 3 7 5 8 18 16 9 10 26 -8 13 -6 -9 -15 -2 19 -4 25 21 -13 24 -24 -22 -18 27 -5 29 -23
right_child=1 -3 6 4 12 -7 11 14 -10 -11 -12 20 -14 15 -16 -17 17 -19 -20 -21 22 28 23 -25 -26 -27 -28 -29 -30 -31
leaf_value=-0.05001833464055401 -0.039811229345360084 -0.050398609980110566 -0.0060868899817581191 0.019001859278490192 0.042905578847396181 -0.063670132138791788 -0.023772338215224415 0.018037296664398073 -0.049626843589627274 0.045261709932325159 -0.058502035161574928 -0.022860186644332158 0.039741108891545113 -0.046332826950706979 -0.036730361183601047 0.022699794395835554 0.033646450461343895 -0.013664036554484615 -0.046250241663386843 -0.058717848872100201 0.0067156519561161537 0.016250465917881676 -0.054694918237039071 0.024803837650958227 -0.024130579442032719 -0.060250073568375397 0.037893387699193232 -0.059676168580306867 0.022924344841627094 -0.021029247977893198
leaf_weight=18.847053190449515 0.57786114578084191 1.6138040907912898 6.1943999208442611 8.7971950794235489 1.8556263261562009 0.86157022091356239 1.9464416422442798 0.88560855972900787 0.42192742912266012 3.1980605434291638 0.5802423848181214 1.5072324066204661 12.561658669083043 1.0363611567008773 2.0552882195561324 0.58273679856210936 4.4847140804686205 1.3879846584945879 1.1724859493465372 0.20215002614895627 3.0380027363225945 5.269647792274557 0.28177654269438823 2.93635287678444 3.5874854728826904 0.17151371262480086 3.3931311707165159 0.53042867435488084 12.736915116283852 2.0221084438217076
leaf_count=731500 648 12381 2878 2025 156 63 2164 271 120 308 99 75 1068 48 1712 22 542 1193 7565 13 224 285 335 680 459 31 296 120 537 182
internal_value=-3.93528e-10 0.0109756 0.0121508 0.0199692 0.0249309 0.0168196 0.00377688 0.00278572 0.0209179 0.0227219 0.0173025 0.00737036 0.0339254 0.0129009 -0.0202379 -0.021487 0.0127077 0.0175663 -0.0124791 0.0264885 0.00930211 0.01396 -0.000888379 0.017843 -0.00998657 0.0301877 0.0207603 0.0145277 0.0167308 0.00591227
internal_weight=104.738 85.8907 84.2769 43.5841 33.8189 17.7826 40.6928 9.76512 16.921 16.4991 13.301 33.326 16.0364 3.47472 2.9409 1.6191 6.82422 6.24636 7.36689 4.85838 31.3795 21.5359 9.84362 3.21813 6.62549 4.65623 12.7208 9.32762 20.0287 7.29176
internal_count=768000 36500 24119 8735 4325 3031 15384 4410 2968 2848 2540 4941 1294 226 1983 70 2427 1779 10443 586 2777 1079 1698 1015 683 573 2441 2145 1004 467
is_linear=0
shrinkage=0.05


Tree=91
num_leaves=31
num_cat=0
split_feature=10 12 57 10 10 10 10 69 10 10 34 14 24 69 54 56 6 12 43 6 3 49 10 10 13 34 38 13 58 10
split_gain=21.207 2.28801 1.68485 1.57514 3.04087 1.18841 1.82023 0.90307 0.898927 1.52121 0.826546 0.936419 1.79942 0.866863 0.730903 0.903457 0.728245 0.677306 0.669757 0.655218 0.654753 0.661162 0.65538 0.757242 0.629785 0.626969 0.633464 0.591794 0.547547 0.527708
threshold=1.7500000000000002 0.67708334326744091 0.67305442690849315 8.7500000000000018 8.2500000000000018 7.7500000000000009 7.2500000000000009 8.1768126487731951 6.7500000000000009 6.2500000000000009 4.1963903903961191 1.2089896798133852 0.58571431040763866 10.798275470733644 1.1437531113624575 0.57200461626052868 2.5000000000000004 0.55902779102325451 3.3140207529067998 3.5000000000000004 1.0000000180025095e-35 17.031807899475101 5.7500000000000009 5.2500000000000009 351.16787719726568 3.3219519853591923 0.2739821076393128 324.12513732910162 0.082791313529014601 12.250000000000002
decision_type=2 2 2 2 2 2 2 2 2 2 2 2 2 2 2 2 2 2 2 2 2 2 2 2 2 2 2 2 2 2
left_child=-1 2 7 4 5 6 8 -2 9 20 11 12 -5 -14 -13 17 28 29 -17 -18 -4 22 23 -22 -10 26 -7 -27 -3 -16
right_child=1 16 3 10 -6 25 -8 -9 24 -11 -12 14 13 -15 15 18 19 -19 -20 -21 21 -23 -24 -25 -26 27 -28 -29 -30 -31
leaf_value=-0.050017500402357112 0.007217497954370107 0.048234930714451896 -0.054137176553870306 0.035559228248409382 -0.060560924252843866 0.001458385076136095 -0.057785510272876019 -0.030071134889156484 0.033160738065240045 -0.05783628926758401 -0.036646122425999135 0.04882168468095377 0.021563002274870447 -0.028881136335494901 0.020731899616748845 -0.017205975114397958 0.013027060671979779 -0.052767764488136117 0.034651531444936677 -0.041706946486860186 0.0071011695372711946 -0.02612938992781428 0.024475668280019593 -0.055407963672997662 -0.0061762839944801721 0.029634973789678914 0.047972113673480539 -0.048936865951930399 -0.027429146860164261 -0.026429235262429532
leaf_weight=17.468368676059526 3.4029403541835554 0.25036052420864319 0.41828714481472573 3.6028218166902723 1.5155520560019784 0.89503164670895685 1.0290120377467236 3.1054968513944914 5.4409407085076955 0.93049612244976643 0.54917972378643654 4.2938883409369764 1.2351376539736523 2.7431580864649732 3.6681908808823236 0.65235521888825942 3.3158711607138689 0.42841722120647308 13.666875765600706 0.65474378472481465 9.8268309305076436 1.2363902322358615 6.3028956891430417 0.50961878562157004 1.251531721325591 0.55370101466905897 4.0180444505967898 0.42252373518749664 5.3165651448325661 0.70756471594359016
leaf_count=731500 1367 347 516 182 151 40 186 4561 414 229 467 337 87 139 215 26 2601 18 808 2356 2090 296 454 185 108 57 318 63 17836 46
internal_value=-2.46625e-11 0.0106624 0.0136947 0.0160916 0.00868354 0.0118796 0.0074326 -0.0105748 0.010022 0.00452782 0.024158 0.0252352 0.00996177 -0.0132198 0.0301798 0.0259941 -0.0123579 0.00723154 0.032289 0.00400157 0.00769987 0.00914684 0.011768 0.00401928 0.0258045 0.0322265 0.0394986 -0.00437202 -0.0240263 0.0131059
internal_weight=99.4128 81.9444 72.4069 65.8984 34.3509 32.8353 26.946 6.50844 25.917 19.2245 31.5476 30.9984 7.58112 3.9783 23.4173 19.1234 9.53754 4.80417 14.3192 3.97061 18.294 17.8757 16.6393 10.3364 6.69247 5.8893 4.91308 0.976225 5.56693 4.37576
internal_count=768000 36500 13360 7432 5107 4956 4478 5928 4292 3770 2325 1858 408 226 1450 1113 23140 279 834 4957 3541 3025 2729 2275 522 478 358 120 18183 261
is_linear=0
shrinkage=0.05


Tree=92
num_leaves=31
num_cat=0
split_feature=10 4 6 18 57 0 11 69 23 12 69 26 18 17 12 2 0 6 14 7 36 3 57 3 11 12 11 2 12 13
split_gain=19.5752 1.95641 1.97092 1.41283 0.858076 0.80443 0.775213 0.773219 0.763943 0.707205 0.813359 0.663597 0.662951 0.65237 0.595146 0.636131 0.539455 0.531327 0.514998 0.609353 0.544366 0.509475 0.507985 0.579837 0.569592 0.507765 0.516944 0.495535 0.480386 0.621729
threshold=2.7500000000000004 1.0000000180025095e-35 1.0000000180025095e-35 0.32312279939651495 0.82866308093070995 12.500000000000002 1.6568627357482912 10.146486282348635 3.5750193595886235 0.46410256624221807 14.651551723480226 35.777778625488288 0.30600935220718389 0.83447185158729564 0.69615384936332714 3.5000000000000004 11.500000000000002 4.5000000000000009 0.46743613481521612 1.0000000180025095e-35 0.87555310130119335 1.0000000180025095e-35 0.77248883247375499 3.5000000000000004 1.0178571343421938 0.22474747896194461 1.433035731315613 4.5000000000000009 0.43167701363563543 299.09489440917974
decision_type=2 2 2 2 2 2 2 2 2 2 2 2 2 2 2 2 2 2 2 2 2 2 2 2 2 2 2 2 2 2
left_child=16 2 3 6 7 27 14 -5 -8 -6 11 -11 -10 -7 21 -16 -1 18 -15 25 -21 -2 -22 24 -24 -20 28 -4 -27 -30
right_child=1 -3 5 4 9 13 8 -9 12 10 -12 -13 -14 17 15 -17 -18 -19 19 20 22 -23 23 -25 -26 26 -28 -29 29 -31
leaf_value=-0.050020321571512108 -0.02898668175114797 -0.050427910521545063 -0.0067049117101060018 0.0079517114671742908 0.024902588150458878 -0.022424069426869656 -0.052815821426829626 -0.029327416132508263 -0.019995475536815722 0.030756520938597771 -0.05128642908262937 -0.010009956384485147 0.054104267692954747 -0.018826604277675123 0.05043311451944036 -0.03068500298106773 -0.016193260144030597 -0.056618913533586848 -0.046745541882220319 -0.041458793541578373 0.046558963250093094 0.038023269843598419 0.038477500626996924 -0.056864888834340536 -0.017530266225125182 0.028572664063026637 -0.0034277682837962095 -0.045601951233154636 -0.020367802385388559 0.016066705531305018
leaf_weight=16.312474015844149 0.28944926327676768 1.2776729636248081 5.1612006086997999 4.2768308855029344 10.521187891918087 1.7772303453011797 0.5079092545875018 2.0613612675342665 0.55651205027197626 1.9400888466134341 0.63141525347737104 2.0562768852487352 0.65962030147420592 1.5183274844948815 0.37291685162926913 0.68679262233399641 1.2703878356360281 0.30710900026497157 0.3371876573546676 0.89887297120821985 0.54536154034940443 14.160245257235145 0.76829992389321011 0.46713898452981073 1.109490778588224 7.0451552621943909 3.2396819176683485 0.97320186410433951 1.3087758764122543 11.113666980798369
leaf_count=727221 83 9052 1747 1540 1051 1961 215 1622 488 402 77 322 152 146 32 214 12697 84 16 132 38 1291 42 40 188 409 603 5371 73 691
internal_value=1.49093e-10 0.0109251 0.0119663 0.0198282 0.0112748 0.0036422 0.0304928 -0.00417253 -0.00131383 0.0177378 0.00144867 0.00978067 0.0201956 0.00697139 0.0340285 -0.00213915 -0.0475763 0.00879429 0.00950284 0.0111058 -0.00747551 0.036681 0.0030932 -0.00701565 0.00538537 0.0141611 0.0150655 -0.0128758 0.0181431 0.0122281
internal_weight=94.1518 76.569 75.2913 38.7206 21.4872 36.5707 17.2334 6.33819 1.72404 15.149 4.62778 3.99637 1.21613 30.4363 15.5094 1.05971 17.5829 28.6591 28.352 26.8336 3.78916 14.4497 2.89029 2.34493 1.87779 23.0445 22.7073 6.1344 19.4676 12.4224
internal_count=768000 28082 19030 7489 5014 11541 2475 3162 855 1852 801 724 640 4423 1620 246 739918 2462 2378 2232 440 1374 308 270 230 1792 1776 7118 1173 764
is_linear=0
shrinkage=0.05


Tree=93
num_leaves=31
num_cat=0
split_feature=10 10 10 17 3 12 6 18 19 10 10 69 1 7 5 8 5 12 6 34 49 58 0 36 57 7 17 14 3 8
split_gain=18.0974 2.01387 1.8007 1.29025 1.09955 0.969449 0.844904 0.836907 0.705143 0.697371 1.23777 0.662308 0.770233 0.660483 0.718669 0.609787 0.590933 0.777917 1.11434 0.739295 0.58515 0.564145 0.537568 0.510622 0.510431 0.508648 0.474789 0.542354 0.458637 0.44621
threshold=1.7500000000000002 7.7500000000000009 7.2500000000000009 0.86875513195991527 1.5000000000000002 0.83974358439445507 1.0000000180025095e-35 0.32312279939651495 0.020919729955494407 6.7500000000000009 6.2500000000000009 8.7381744384765643 13.500000000000002 1.0000000180025095e-35 1.0000000180025095e-35 1.0000000180025095e-35 1.0000000180025095e-35 0.43167701363563543 2.5000000000000004 3.9324661493301396 12.632435798645021 0.19389924407005313 13.500000000000002 0.98757717013359081 0.94252166152000438 1.5000000000000002 0.9469181001186372 2.3047595024108891 3.5000000000000004 1.0000000180025095e-35
decision_type=2 2 2 2 2 2 2 2 2 2 2 2 2 2 2 2 2 2 2 2 2 2 2 2 2 2 2 2 2 2
left_child=-1 2 4 11 13 9 7 8 25 10 16 12 -3 14 22 -13 17 -6 29 20 -18 -20 -2 -11 -8 -5 27 -22 -25 -19
right_child=1 3 -4 6 5 -7 24 -9 -10 23 -12 15 -14 -15 -16 -17 19 18 21 -21 26 -23 -24 28 -26 -27 -28 -29 -30 -31
leaf_value=-0.050016003747804738 -0.010146745311940392 -0.035540527840405248 -0.056319950591562778 0.045056147491085448 0.019891888451482542 -0.028246142155655525 0.0076941982482768142 0.018330070470697311 -0.014623806872242143 0.033692728906608869 -0.056207747218640185 -0.029264517280611968 0.024942729166717359 -0.043225587830648393 -0.031119749802023745 0.041858526780862153 0.0414394427490586 -0.035020237343463871 -0.03277913251528488 -0.048911428643110724 -0.034496636981367818 0.029417033559570694 0.035973561602250063 0.017849955933065518 0.027998111817014823 -0.028255394611913127 0.019621917052989796 0.033515280814045562 -0.042110701069365139 0.040567668966374947
leaf_weight=15.056095507525695 1.3835763573056312 0.66935142552119886 1.3236245326934284 8.1395553253232702 2.8292605686210788 1.7515112022529127 12.528843722901003 10.216262711041052 0.56837093736976463 4.4375833898284318 0.78057501418788788 2.5988854528241068 2.4641583347347478 1.6416458573471571 1.692927789897112 0.34089889288588882 2.357514031711613 3.1506106894812551 0.46633611110064555 0.4046188455649834 0.95790475301691891 1.6710089619746211 1.162818717902155 1.0875977357154623 4.1110998306467073 0.24368190138920987 4.7598786812195613 0.42237432295951294 0.45123017378500652 0.20814123187665234
leaf_count=731500 3341 639 941 930 795 11335 1103 1054 47 467 341 2948 594 3163 3319 50 183 1808 151 978 101 346 840 68 269 15 531 66 28 49
internal_value=-3.24054e-10 0.0100645 0.000815112 0.0173394 0.00320702 0.0076643 0.0209537 0.0281098 0.0392711 0.0102867 0.00537514 -0.00397015 0.0120229 -0.0162988 -0.00587159 -0.0210171 0.00816542 -0.00141039 -0.0123763 0.0171207 0.0202648 0.0158468 0.0109142 0.0250863 0.0127105 0.0429251 0.0121348 -0.0136846 0.000267705 -0.0303361
internal_weight=89.8779 74.8218 32.9407 41.8811 31.6171 25.7361 35.8078 19.1679 8.95161 23.9846 18.0082 6.07329 3.13351 5.88097 4.23932 2.93978 17.2276 8.32536 5.4961 8.90229 8.49767 2.13735 2.5464 5.97641 16.6399 8.38324 6.14016 1.38028 1.53883 3.35875
internal_count=768000 36500 28851 7649 27910 17247 3418 2046 992 5912 5349 4231 1233 10663 7500 2998 5008 3149 2354 1859 881 497 4181 563 1372 945 698 167 96 1857
is_linear=0
shrinkage=0.05


Tree=94
num_leaves=31
num_cat=0
split_feature=10 4 6 18 10 57 69 17 12 1 19 13 34 10 10 12 69 27 2 38 0 56 54 23 10 6 17 3 27 36
split_gain=16.6988 1.72446 1.67482 1.27699 0.752713 0.743365 0.659887 0.630523 0.588696 0.561639 0.583032 0.668076 0.618081 0.779826 0.906146 0.558456 0.686068 0.551744 0.515692 0.514197 0.48258 0.474357 0.745636 0.568428 0.65223 0.467202 0.466308 0.481166 0.752674 0.493689
threshold=2.7500000000000004 1.0000000180025095e-35 1.0000000180025095e-35 0.32312279939651495 4.7500000000000009 0.82866308093070995 11.181778430938722 0.83447185158729564 0.69615384936332714 18.500000000000004 0.011532245669513943 361.21192932128912 0.34240990877151495 8.7500000000000018 8.2500000000000018 0.46410256624221807 14.651551723480226 48.285715103149421 3.5000000000000004 0.42210382223129278 11.500000000000002 0.46693989634513861 1.2686324119567873 4.8295059204101571 5.7500000000000009 4.5000000000000009 0.99626418948173534 3.5000000000000004 51.714284896850593 0.74519053101539623
decision_type=2 2 2 2 2 2 2 2 2 2 2 2 2 2 2 2 2 2 2 2 2 2 2 2 2 2 2 2 2 2
left_child=20 2 3 8 -4 6 -5 -6 9 -2 12 -12 -11 14 19 21 17 -17 -10 -14 -1 22 -7 24 -23 26 27 29 -29 -9
right_child=1 -3 4 5 7 15 -8 25 18 10 11 -13 13 -15 -16 16 -18 -19 -20 -21 -22 23 -24 -25 -26 -27 -28 28 -30 -31
leaf_value=-0.050018862104805842 0.045814773203043405 -0.050412063587846272 -0.02317259950964113 0.0040132075669127567 -0.02306435195056308 0.034126031169919156 -0.037667837769930657 -0.014845636211923335 0.044540640329287763 -0.040081084105600608 0.036647329141835959 -0.055681226894301453 0.028473551125863989 0.051977584484106491 -0.066018535648020765 0.027213273522622677 -0.049389488822397458 -0.011248864465793894 -0.029522135649123399 -0.047518421349080589 -0.016442696444826769 -0.0067620133128847675 -0.029666242454984566 -0.019417728632747433 0.03814460520458391 -0.055966798716299199 -0.037114063584121643 0.0044696143369049798 -0.046702305513394653 0.0132766367357562
leaf_weight=14.073694068010353 5.0090163144031967 1.1513846396546785 2.4839339227360133 4.6460550912293028 1.8288795409775982 0.86896641523344242 1.1935189759765306 1.6750199101825405 0.3448256922110875 0.31318670167820251 0.34506080139362971 0.45332758163567632 4.8411540996621607 2.9791775976573263 0.28916419848974317 2.0276734917060812 0.5690298595227431 1.7262091766178858 0.73817810271475537 0.2333337326763284 1.1582268829183693 0.92584259078466846 0.9687233719669166 0.56921469887311094 6.383772065393714 0.28993183126931299 0.56620894973093427 3.1590722950768386 0.93018304951874586 22.847082405643505
leaf_count=727221 398 9052 5026 2026 2704 97 1136 228 57 26 44 13 613 475 9 467 77 257 809 31 12697 121 93 43 697 99 103 479 169 2733
internal_value=2.90966e-10 0.0102761 0.0112857 0.0188813 0.00332033 0.0104862 -0.00450576 0.00542302 0.0296159 0.0322783 0.0251066 -0.0157771 0.0288776 0.0314662 0.0200735 0.016722 0.00177141 0.0095266 -0.00594073 0.0249793 -0.0474657 0.0233735 0.000498448 0.028709 0.0324567 0.00719107 0.00781866 0.00870786 -0.00717046 0.0113557
internal_weight=85.589 70.3571 69.2057 35.4254 33.7803 19.879 5.83957 31.2964 15.5464 14.4634 9.4544 0.798388 8.65602 8.34283 5.36365 14.0394 4.32291 3.75388 1.083 5.07449 15.2319 9.71652 1.83769 7.87883 7.30961 29.4675 29.1776 28.6114 4.08926 24.5221
internal_count=768000 28082 19030 7489 11541 5014 3162 6515 2475 1609 1211 57 1154 1128 653 1852 801 724 866 644 739918 1051 190 861 818 3811 3712 3609 648 2961
is_linear=0
shrinkage=0.05


Tree=95
num_leaves=31
num_cat=0
split_feature=10 12 34 14 24 10 10 17 3 13 18 38 1 10 43 49 34 54 12 69 12 12 36 37 24 40 16 69 34 23
split_gain=15.4599 1.79931 1.36337 1.12596 1.11546 1.09352 1.69029 0.903061 0.788663 0.6557 0.560406 0.555248 0.546537 0.541843 0.536125 0.608604 0.532209 0.516324 0.767039 0.586865 1.13951 0.511325 0.645093 0.487917 0.467935 0.455402 0.446325 0.525908 0.643904 0.640194
threshold=1.7500000000000002 0.65686276555061351 3.5467442274093632 1.2089896798133852 0.65151515603065502 8.7500000000000018 8.2500000000000018 0.84931859374046337 1.5000000000000002 369.20170593261724 0.32312279939651495 0.24434674531221393 13.500000000000002 11.250000000000002 4.0517470836639413 12.593303680419924 2.659067034721375 1.1437531113624575 0.57518798112869274 8.4306545257568377 0.41885964572429663 0.43167701363563543 0.7130790948867799 0.95944532752037059 0.78888890147209179 0.0025346063775941734 0.63528841733932506 11.259000301361086 3.0217120647430424 3.1479463577270512
decision_type=2 2 2 2 2 2 2 2 2 2 2 2 2 2 2 2 2 2 2 2 2 2 2 2 2 2 2 2 2 2
left_child=-1 2 3 4 8 6 9 13 23 21 11 -3 -10 -7 -6 -16 24 -9 19 20 -19 22 -5 -2 -13 26 -23 -28 29 -29
right_child=1 10 -4 5 14 7 -8 17 12 -11 -12 16 -14 -15 15 -17 -18 18 -20 -21 -22 25 -24 -25 -26 -27 27 28 -30 -31
leaf_value=-0.050014486721803766 -0.052015993176344678 -0.029938595600245019 -0.0093421948322904257 -0.0014186309117073129 0.0095509761167774394 0.017968551454102016 -0.058271666120794832 0.049877189643525499 -0.00081933643274338371 -0.022482988374833309 -0.036614947767432605 0.024497688193437304 0.039253409071396558 -0.036439296390340853 0.012502382591105555 -0.026921141941582006 -0.018436820156091136 -0.036299373864158359 -0.017787289004931452 0.034170177663247155 0.055213898916520746 -0.020224675594742308 0.037083163701119443 0.0093660913076224119 -0.0087903749736532952 -0.042344122595024181 0.027571064154718768 0.049218871227905289 0.035748708308521268 -0.015321040722203749
leaf_weight=12.994496512452768 0.51424845036490185 1.7448490006674982 6.2143180312923496 1.405957978718116 2.7028706722285261 1.096915264753991 0.83464445373101526 3.2000342331011806 1.1217127108975544 1.1226733478470112 1.6621265801772995 2.7394787395646745 3.5238695056068536 0.78514854659988476 1.2786561828761476 4.1767020891802531 2.188833613647148 0.85330331418662975 0.87171394974575456 12.101492496571153 0.56566318808472715 0.95335542101292681 4.8095535432275938 0.87391959252818197 1.7176551940792704 0.39520934856409518 4.6536100454159151 0.44033202553691841 1.1748869771654424 3.0159379052820441
leaf_count=731500 135 4588 7054 455 289 190 67 313 40 197 9136 1257 360 218 192 634 7513 40 31 858 30 208 627 84 1195 40 367 21 82 279
internal_value=3.82295e-11 0.0094547 0.0128028 0.0154254 0.00339633 0.019885 0.0112855 0.0281896 0.019696 0.0145159 -0.0100906 -0.00483641 0.0295775 -0.004729 -0.00865878 -0.0176808 0.00175399 0.0317113 0.0276722 0.0306031 0.000181889 0.0169812 0.028374 -0.013373 0.0116694 0.0103218 0.0123548 0.0157 0.00377142 -0.0070986
internal_weight=81.7342 68.7397 58.6867 52.4724 14.192 38.2804 18.8062 19.4743 6.03375 17.9715 10.0529 8.39082 4.64558 1.88206 8.15823 5.45536 6.64597 17.5922 14.3922 13.5205 1.41897 16.8488 6.21551 1.38817 4.45713 10.6333 10.2381 9.28477 4.63116 3.45627
internal_count=768000 36500 12811 5757 1734 4023 2343 1680 619 2276 23689 14553 400 408 1115 826 9965 1272 959 928 70 2079 1082 219 2452 997 957 749 382 300
is_linear=0
shrinkage=0.05


Tree=96
num_leaves=31
num_cat=0
split_feature=10 4 10 10 11 3 57 10 6 18 12 10 5 7 5 17 12 34 24 34 69 57 1 37 34 34 34 14 12 14
split_gain=14.3027 1.7162 1.54077 1.5207 1.08761 0.853837 0.848528 0.683433 0.662534 0.638782 0.617869 0.582845 0.612285 0.574905 0.612989 0.541368 0.528282 0.504974 0.632438 0.576353 0.633644 0.559911 0.554237 0.500811 0.46709 0.465564 0.460908 0.631077 0.459765 0.450734
threshold=1.7500000000000002 1.0000000180025095e-35 7.7500000000000009 7.2500000000000009 0.78019323945045482 1.5000000000000002 0.92131048440933239 5.7500000000000009 1.0000000180025095e-35 0.31951713562011724 0.80625000596046459 5.2500000000000009 1.0000000180025095e-35 1.0000000180025095e-35 1.0000000180025095e-35 0.98079210519790661 0.22474747896194461 1.728749215602875 0.78888890147209179 2.9131406545639043 9.1344842910766619 0.57949930429458629 13.500000000000002 0.99675798416137706 2.949266910552979 3.9324661493301396 2.4748060703277592 0.46743613481521612 0.65686276555061351 1.6015546321868899
decision_type=2 2 2 2 2 2 2 2 2 2 2 2 2 2 2 2 2 2 2 2 2 2 2 2 2 2 2 2 2 2
left_child=-1 2 3 5 6 13 -4 11 9 -6 15 12 23 14 24 26 -10 18 22 -19 21 -21 -18 -7 -2 -14 27 -9 -11 -28
right_child=1 -3 4 -5 8 7 -8 10 16 28 -12 -13 25 -15 -16 -17 17 19 -20 20 -22 -23 -24 -25 -26 -27 29 -29 -30 -31
leaf_value=-0.050013769870855943 -0.0049642807868773052 -0.050366885359831741 -0.023062527510872999 -0.055893329349007995 0.037426578558487196 -0.0020461826659862905 0.028579092906803712 -0.032649246642021047 -0.047320433998586903 0.020333342749075705 -0.036724687317165404 -0.054626399628915911 0.015756095650907343 -0.042126351257284492 -0.029536915361830347 -0.0055295083093332619 -0.034943924119228982 0.030068532905460479 -0.012933943864387449 0.042816759728184654 0.020002717810361056 -0.051025888383691514 0.032933968390333752 -0.039787812176141676 0.043791542562296309 -0.052160020960546984 -0.052726871758515176 0.036888635567066806 -0.039719045834466726 0.014795004347517186
leaf_weight=12.077554923018395 1.3472444299195627 1.1880873169782251 2.736929614094151 1.109552751585851 7.5506686701019161 3.090232717757317 1.121333295759541 0.3475768580101376 0.36739674653199372 10.666219121773789 0.52579897452187729 0.48974717747250984 5.1687884085240512 1.3957668222064965 1.4311631991540705 1.9102824713245361 0.35889257515873341 5.7079733777495658 3.1507275799053787 0.2021638491060006 1.7165660743175974 0.74358573571043962 1.8557052494561501 1.2283535626745559 0.77313423119358038 0.26528343863083126 0.26641152799129519 5.3229246359260287 0.3285418691189087 3.4195286802651026
leaf_count=731500 428 12381 1172 637 950 2607 60 27 191 1431 788 627 1625 2179 2120 145 48 348 168 158 672 147 93 2474 1501 2078 10 388 443 604
internal_value=-2.56627e-10 0.00918187 0.0102771 0.00147423 0.0170509 0.00383327 -0.00805384 0.00804779 0.0200176 0.0262289 0.0162543 -0.00140075 0.00127207 -0.0149378 -0.00425266 0.0187268 0.0118498 0.0134325 0.00145812 0.021108 0.00189679 -0.030966 0.0219338 -0.0127812 0.0128131 0.0124405 0.0236791 0.0326263 0.0185389 0.00991467
internal_weight=77.8641 65.7866 64.5985 28.0918 36.5067 26.9822 3.85826 22.0349 32.6484 18.5454 11.7925 10.2424 9.75266 4.94731 3.55154 11.2667 14.103 13.7356 5.36533 8.37029 2.66232 0.94575 2.2146 4.31859 2.12038 5.43407 9.35644 5.6705 10.9948 3.68594
internal_count=768000 36500 24119 18238 5881 17601 1232 11373 4649 2824 1962 9411 8784 6228 4049 1174 1825 1634 309 1325 977 305 141 5081 1929 3703 1029 415 1874 614
is_linear=0
shrinkage=0.05


Tree=97
num_leaves=31
num_cat=0
split_feature=10 57 6 0 34 69 4 18 10 34 11 10 10 6 13 12 58 38 34 36 36 1 38 8 17 63 63 11 69 16
split_gain=13.2407 1.37362 1.43764 1.22306 0.691719 0.610083 0.589011 0.563714 0.561238 0.535352 0.494883 0.494032 1.07453 0.465261 0.457205 0.433326 0.425276 0.412121 0.411933 0.401849 0.779307 0.38906 0.438369 0.42484 0.452228 0.416748 0.391578 0.388572 0.385917 0.379641
threshold=3.7500000000000004 0.67305442690849315 1.0000000180025095e-35 11.500000000000002 3.9324661493301396 8.1768126487731951 1.0000000180025095e-35 0.32312279939651495 3.2500000000000004 4.1963903903961191 1.2565789222717287 9.7500000000000018 9.2500000000000018 2.5000000000000004 377.20066833496099 0.57518798112869274 0.22620432823896411 0.30713045597076422 2.4393353462219243 0.80890613794326793 0.77823317050933849 17.500000000000004 0.3762671053409577 1.0000000180025095e-35 0.92779380083084118 2.6020033359527592 3.0677825212478642 1.1558704376220705 12.617284297943117 0.50923192501068126
decision_type=2 2 2 2 2 2 2 2 2 2 2 2 2 2 2 2 2 2 2 2 2 2 2 2 2 2 2 2 2 2
left_child=3 5 4 -1 6 -2 7 11 -5 10 16 12 14 15 19 -12 27 18 -18 20 -3 23 -23 24 26 -26 -19 -4 -16 -13
right_child=1 2 9 8 -6 -7 -8 -9 -10 -11 13 29 -14 -15 28 -17 17 21 -20 -21 -22 22 -24 -25 25 -27 -28 -29 -30 -31
leaf_value=-0.049345247059763717 0.0028058110107194701 0.034662270208985206 0.021514556490733621 -0.002979629276490486 -0.012522205666405051 -0.030770518292294824 -0.050869602484036769 0.016639666738537482 -0.056605023049897507 -0.043231144628296032 -0.0031957381951035892 -0.031128599303895683 -0.066208411086818048 0.01629032677348952 0.029952906962350329 -0.033227042251670807 -0.04130664900486878 0.01772419340139807 0.0089462946512575484 0.039186508774755692 -0.031791497872555349 0.047466540077049091 -0.0035539995275779002 0.043710318251945657 -0.048634796117127781 0.011790472412828254 -0.050839140545324513 -0.0035501461843293596 -0.049669499697217435 0.048076691547296289
leaf_weight=11.882559497972123 2.8008437986532035 1.3272792755487985 8.5762971541262303 2.4231934243491646 1.4441687383889519 2.6169548563393619 0.2667140516591634 13.133850524150601 0.61092972801998247 0.56754649821868852 4.3963512265090667 0.15701259585330252 0.31599350812757609 2.0245646943371867 0.279104588953487 1.6527399571123167 0.97938810250343411 0.28016375017978157 0.69873567351532984 4.9507888919415564 0.66082421461032925 1.0701820321846751 0.69404229700012354 0.48415548961202137 0.32295291043192298 2.4506684703464998 0.81123282590306189 1.8863836463660852 0.33465014626199263 4.149517002828361
leaf_count=731919 2143 152 443 13603 1960 6907 620 1361 825 3630 352 10 7 446 52 1683 49 33 53 603 51 73 52 25 26 154 110 181 36 441
internal_value=3.01701e-10 0.0105868 0.0129985 -0.0421106 0.0211443 -0.0134125 0.0230453 0.0238243 -0.0137773 0.00481491 0.00585063 0.0315746 0.0241234 -0.00445702 0.0279028 -0.0114009 0.0104096 0.0015659 -0.0203824 0.0315615 0.0125738 0.00759069 0.0273952 -0.000442917 -0.00597382 0.00475472 -0.0332388 0.0169955 -0.0134613 0.0451889
internal_weight=74.2498 59.3331 53.9153 14.9167 27.0199 5.4178 25.5757 25.309 3.03412 26.8954 26.3279 12.1752 7.86864 8.07366 7.55265 6.04909 18.2542 7.79152 1.67812 6.93889 1.9881 6.1134 1.76422 4.34917 3.86502 2.77362 1.0914 10.4627 0.613755 4.30653
internal_count=768000 21653 12603 746347 5293 9050 3333 2713 14428 7310 3680 1352 901 2481 894 2035 1199 575 102 806 203 473 125 348 323 180 143 624 88 451
is_linear=0
shrinkage=0.05


Tree=98
num_leaves=31
num_cat=0
split_feature=10 12 57 10 10 10 10 11 58 14 10 10 34 29 34 17 43 49 3 3 38 34 57 0 69 6 54 13 69 11
split_gain=12.2851 1.37626 1.11753 1.06217 2.20809 0.873566 1.15564 0.675438 0.718304 0.69678 0.611319 1.07983 0.566806 0.757143 0.471587 0.470094 0.457755 0.557519 0.450975 0.415875 0.391375 0.5594 0.421616 0.387561 0.378682 0.372608 0.475101 0.370697 0.368976 0.383394
threshold=2.7500000000000004 0.65686276555061351 0.40444585680961614 8.7500000000000018 8.2500000000000018 7.7500000000000009 7.2500000000000009 0.78019323945045482 0.32603697478771215 2.4875915050506596 6.7500000000000009 6.2500000000000009 0.81955704092979442 12.720206260681154 4.1963903903961191 0.95592814683914196 4.1510088443756112 16.15383338928223 1.5000000000000002 2.5000000000000004 0.27239225804805761 3.3219519853591923 0.88832902908325206 11.500000000000002 10.196917057037355 2.5000000000000004 1.4989955425262453 344.03761291503912 15.94508743286133 1.433035731315613
decision_type=2 2 2 2 2 2 2 2 2 2 2 2 2 2 2 2 2 2 2 2 2 2 2 2 2 2 2 2 2 2
left_child=23 2 -2 4 5 6 10 8 9 -5 11 18 13 19 -14 -3 -17 25 -4 24 -7 -22 -23 -1 -9 26 -18 -12 29 -20
right_child=1 15 3 7 -6 20 -8 12 -10 -11 27 -13 14 -15 -16 16 17 -19 28 -21 21 22 -24 -25 -26 -27 -28 -29 -30 -31
leaf_value=-0.050016431531536502 -0.031094113421860178 -0.026788079486983751 -0.01418810287539672 0.021073310726455411 -0.058423205652470771 -0.0060396061148273042 -0.055697076556002312 0.032912356367145783 -0.056397223830257609 -0.052091828607295422 0.030553341802716339 -0.056454904828899588 0.02731987130645876 -0.043193769052090714 -0.030419982516733463 -0.02343321357395179 0.016452201619734704 -0.044542977652201103 0.023743235938936569 0.057213991725460912 0.045941716892864901 -0.047423138832927793 0.031214362212340675 -0.017107241663259196 -0.039905079809783417 0.030958000002185189 -0.03852643570278283 -0.0012432134240917972 -0.041922464470492776 0.0038865980706853684
leaf_weight=10.557888153078007 1.4472693097786749 2.7102221881896167 2.3782174636053357 2.0485228499674157 1.2561936921274526 0.63757832309602136 0.75144925772747129 0.36739969333575817 0.4990120799275245 0.38685968550726091 3.6978525114755021 0.74411642663653843 19.665862587411542 0.70901303414211714 0.36010691096180281 1.6679079709492723 1.1984768019656264 0.45129737623369681 3.9733061318356668 0.49319890816695988 2.9393875210880656 0.30951166227259808 0.37937391082959948 0.97746024555908739 0.34733654934825609 1.7381893440992824 0.58463925331488997 1.2187498291732479 0.33253572488592986 6.2623386340510478
leaf_count=727221 3693 10054 1239 87 200 48 223 28 123 112 421 272 1720 54 543 2233 674 858 406 40 351 88 53 12697 25 780 2060 173 53 1471
internal_value=1.18349e-10 0.00914753 0.012217 0.0134767 0.00617196 0.00960671 0.00509331 0.0207825 -0.00174686 0.00945105 0.00754834 0.00211725 0.0237953 -0.00217824 0.0262816 -0.00967386 -0.00145061 0.00777884 0.00548378 0.0218964 0.0300886 0.0364373 -0.00411694 -0.0472278 -0.00247434 0.0144845 -0.00157392 0.0226715 0.00991066 0.0115946
internal_weight=71.0913 59.5559 51.2052 49.7579 24.8806 23.6244 19.3586 24.8773 2.93439 2.43538 18.6071 13.6905 21.9429 1.91695 20.026 8.35073 5.64051 3.9726 12.9464 1.20794 4.26585 3.62827 0.688886 11.5353 0.714736 3.52131 1.78312 4.9166 10.5682 10.2356
internal_count=768000 28082 11423 7730 4998 4798 4258 2732 322 199 4035 3441 2410 147 2263 16659 6605 4372 3169 93 540 492 141 739918 53 3514 2734 594 1930 1877
is_linear=0
shrinkage=0.05


Tree=99
num_leaves=31
num_cat=0
split_feature=10 10 10 12 17 10 12 36 57 34 24 19 34 24 69 69 18 10 0 34 54 6 38 56 10 58 5 57 37 40
split_gain=11.3756 1.42115 1.09391 1.04569 0.970993 0.753044 0.572639 0.510281 0.515123 0.50364 0.858816 0.987677 0.524493 0.527731 0.585136 0.517922 0.514922 0.59708 0.55204 0.500273 0.658048 0.573689 0.521022 0.469732 0.460121 0.459068 0.481567 0.426181 0.42117 0.397764
threshold=1.7500000000000002 6.7500000000000009 6.2500000000000009 0.55902779102325451 0.92417654395103466 4.7500000000000009 0.22474747896194461 0.94142156839370739 0.88050693273544323 1.6594415903091433 0.78888890147209179 0.00033273827284574514 2.1536211967468266 1.0000000180025095e-35 15.200715541839601 12.467247486114504 0.27735897898674017 9.7500000000000018 15.500000000000002 2.9131406545639043 1.2686324119567873 1.0000000180025095e-35 0.38164174556732183 0.88935971260070812 12.250000000000002 0.33140911161899572 1.0000000180025095e-35 0.49019971489906317 0.95815667510032665 0.00028183672111481434
decision_type=2 2 2 2 2 2 2 2 2 2 2 2 2 2 2 2 2 2 2 2 2 2 2 2 2 2 2 2 2 2
left_child=-1 2 5 4 6 28 -3 -5 -9 10 -6 24 -11 -14 15 16 17 18 -15 21 -21 25 -22 -10 -12 -8 -27 -7 -2 -29
right_child=1 3 -4 7 9 27 19 8 23 12 11 -13 13 14 -16 -17 -18 -19 -20 20 22 -23 -24 -25 -26 26 -28 29 -30 -31
leaf_value=-0.050011941220763037 -0.039278623467831064 -0.020797509998345266 -0.054891593176606281 -0.015398273780525541 0.037363080945208509 -0.044879086260222883 0.037629595921240037 -0.020862632301925421 0.024244287253045681 0.048868622154544579 0.021193978129174645 -0.046369104887162095 -0.059617922388680092 0.042498898617957886 -0.0060455270121786168 0.049368914241543424 0.033550491031191336 0.046235609589452012 -0.04005154795263903 0.040753946919758414 0.019127559954514969 -0.00042817530439039086 -0.036182439725488826 -0.022224819294714631 -0.04562316284474132 0.024492351828507945 -0.031765386986117743 0.010851461425162566 -0.0074688313536681056 -0.033085975654299236
leaf_weight=9.7362468313040136 1.3586605626715087 1.5689694279699349 0.9624144111780869 3.7134316114957056 2.2951653004565769 0.38226194840444705 3.5698493463933101 1.1468459582506509 3.4925561572481456 3.1791807239060281 2.3248255049547888 0.9232044433010741 0.17955606777468247 0.26438974672055138 1.1646528987912459 2.7486788446767605 3.2965509167352138 0.47179743851665978 0.86546806913611363 0.55952225019791457 0.59694817742820339 2.8542786757770955 1.4849495938387915 0.64412504880783661 0.28976755391340692 1.1761867068962599 0.56222186666855112 10.955797028367211 4.4448035497157434 0.54051914152569303
leaf_count=731500 6059 1033 1245 3353 206 1611 549 349 548 307 164 53 25 22 110 334 444 56 65 84 306 318 1316 160 14 172 42 3720 13582 253
internal_value=-1.53831e-10 0.00839278 -0.00297917 0.0137778 0.0182123 -0.000153634 0.00742907 -0.00119459 0.00878821 0.0256233 0.0135435 -0.00190966 0.0314129 0.0252407 0.0269699 0.0319983 0.0222505 -0.00100722 -0.0207345 0.0115282 -0.0073855 0.0176487 -0.0203233 0.0170086 0.0137888 0.0273687 0.00629793 0.00705869 -0.0149159 0.00878567
internal_weight=67.7538 58.0176 18.6445 39.3731 30.3762 17.682 12.3729 8.99696 5.28353 18.0032 5.83296 3.5378 12.1703 8.99109 8.81154 7.64689 4.89821 1.60166 1.12986 10.804 2.64142 8.16254 2.0819 4.13668 2.61459 5.30826 1.73841 11.8786 5.80346 11.4963
internal_count=768000 36500 26470 10030 5620 25225 3820 4410 1057 1800 437 231 1363 1056 1031 921 587 143 87 2787 1706 1081 1622 708 178 763 214 5584 19641 3973
is_linear=0
shrinkage=0.05


Tree=100
num_leaves=31
num_cat=0
split_feature=12 10 57 6 18 57 14 2 11 37 37 17 57 69 12 69 26 23 54 40 3 12 10 14 10 45 7 17 11 58
split_gain=10.5955 1.36295 0.94546 0.883621 0.705059 0.630425 0.509002 0.527708 0.495163 0.437879 0.435825 0.483367 0.415902 0.684025 0.515121 0.49264 0.477192 0.528048 0.422419 0.40289 0.402495 0.38887 0.370336 0.36704 0.358115 0.330221 0.317092 0.308484 0.321586 0.759821
threshold=0.86190477013587963 5.7500000000000009 0.40444585680961614 1.0000000180025095e-35 0.31951713562011724 0.86719319224357616 2.633392453193665 5.5000000000000009 1.5941176414489748 0.97718599438667308 0.97627702355384838 0.93341732025146495 0.81814688444137584 10.146486282348635 0.46410256624221807 12.467247486114504 43.666666030883796 3.533616423606873 1.3314403891563418 0.0085116182453930395 1.0000000180025095e-35 0.20526316016912463 14.250000000000002 1.3543263077735903 6.7500000000000009 50.000000000000007 1.5000000000000002 0.99626418948173534 1.1558704376220705 0.21838089823722842
decision_type=2 2 2 2 2 2 2 2 2 2 2 2 2 2 2 2 2 2 2 2 2 2 2 2 2 2 2 2 2 2
left_child=1 5 -3 4 6 -1 7 21 -2 -9 11 -8 13 18 19 16 17 -16 -6 22 -5 -4 26 -7 -12 -22 -14 28 29 -27
right_child=8 2 3 20 12 23 10 9 -10 -11 24 -13 14 -15 15 -17 -18 -19 -20 -21 25 -23 -24 -25 -26 27 -28 -29 -30 -31
leaf_value=-0.031242877398729031 -0.019133348095983146 -0.029627331352598381 -0.024675593880082072 -0.024939414148420637 0.035268702736945268 -0.019416736164810062 0.018017468753236135 0.039529126816359755 -0.050014984389752659 -0.033187917404356518 -0.040111911327589581 -0.049799024006599898 0.033594399320391787 -0.03275343622885251 -0.026913318456528248 -0.029910858570046484 -0.046230170291817377 0.041114106884763461 -0.0097121310261961864 -0.028089031383852804 -0.047760077917772564 0.045976552304661578 -0.016620575222859889 0.0050896306311293037 0.04486073270030435 0.025848971460876204 -0.046852394024808418 -0.043915038943187212 0.00058466684262043942 0.0012324308388732604
leaf_weight=2.1740500813493773 1.5134045546747064 1.2718417192286313 0.20148532767780292 0.96071211607022888 1.1653204978792926 2.029153303477413 0.59090787687637225 0.39186684238666192 9.1214788961383402 0.43889397961356735 0.14361270216431854 0.47313650612341007 6.0222367060068773 1.1540088151095913 0.37034409270017965 0.89380831688504248 0.27093857301770174 1.2417044015883218 0.94539291756700539 0.32601066780625831 0.26000946710246964 5.8324850747030723 0.41906846512574691 6.1852500912577852 0.90771403259714134 6.7158439399736398 0.12503525155807427 0.27188125720567669 6.3860561765909543 5.8786465288621912
leaf_count=26805 4480 2687 29 527 147 2717 194 49 713337 50 63 40 958 357 77 112 25 196 259 23 53 832 23 11693 179 415 9 46 964 654
internal_value=3.77585e-10 0.00897669 0.0128498 0.0141244 0.0211021 -0.00730065 0.0318655 0.0384735 -0.0456204 0.00111245 0.0104214 -0.0121377 0.0136291 -0.00180113 0.018839 0.000656969 0.0151668 0.0254858 0.0151217 0.0261642 0.0066555 0.0436173 0.0288578 -0.000964026 0.0332534 0.0082111 0.0319581 0.00896701 0.0097245 0.0143589
internal_weight=64.6823 54.0474 43.659 42.3871 21.914 10.3885 8.9801 6.86473 10.6349 0.830761 2.11537 1.06404 12.9339 3.26472 9.66915 2.7768 1.88299 1.61205 2.11071 6.89235 20.4731 6.03397 6.56634 8.2144 1.05133 19.5124 6.14727 19.2524 18.9805 12.5945
internal_count=768000 50183 8968 6281 3622 41215 1436 960 717817 99 476 234 2186 763 1423 410 298 273 406 1013 2659 861 990 14410 242 2132 967 2079 2033 1069
is_linear=0
shrinkage=0.05


Tree=101
num_leaves=31
num_cat=0
split_feature=11 10 10 17 10 12 17 34 14 29 10 2 3 37 69 1 13 17 49 6 6 5 49 34 56 10 43 24 6 8
split_gain=9.83225 1.28653 1.09987 0.848842 0.726206 0.584455 0.589826 0.517405 0.625619 0.728026 0.608982 0.480632 0.681498 0.572939 0.471999 0.498239 0.455391 0.54451 0.454396 0.446343 0.571696 0.445884 0.442416 0.455479 0.394415 0.536632 0.454751 0.393544 0.583577 0.391243
threshold=2.0263158082962041 7.7500000000000009 7.2500000000000009 0.86875513195991527 4.7500000000000009 0.58578431606292736 0.97926262021064769 3.6601417064666752 1.2089896798133852 12.691147327423097 8.2500000000000018 2.5000000000000004 1.5000000000000002 0.99597573280334484 8.7381744384765643 13.500000000000002 266.13594055175787 0.90714332461357128 11.618282318115236 2.5000000000000004 1.0000000180025095e-35 1.0000000180025095e-35 13.44248151779175 2.69426441192627 0.24602774530649188 9.2500000000000018 4.6298508644104013 0.58571431040763866 1.0000000180025095e-35 1.0000000180025095e-35
decision_type=2 2 2 2 2 2 2 2 2 2 2 2 2 2 2 2 2 2 2 2 2 2 2 2 2 2 2 2 2 2
left_child=1 2 4 14 -1 7 24 8 9 27 -11 12 -6 16 15 -3 -14 22 -10 20 -13 -15 23 -18 -7 26 -26 -5 -29 -16
right_child=-2 3 -4 5 11 6 -8 -9 18 10 -12 19 13 21 29 -17 17 -19 -20 -21 -22 -23 -24 -25 25 -27 -28 28 -30 -31
leaf_value=-0.014570390441153323 -0.05000985628758764 -0.034636979008386956 -0.054827782706473177 0.041732217584757376 -0.038088279065722194 0.044201409968001142 0.026679971829714013 -0.0067892546212874119 -0.0023337448296556415 0.043484596376374425 -0.025745066273735226 0.0047050656680646197 -0.026795010291244693 -0.024823419897186082 -0.030097319149383652 0.022432217453152756 0.046758984470831877 0.041912865842016436 0.031628776089780819 0.02083467541040035 -0.025545620994242249 0.014734414630967793 -0.028326457643843506 -0.029625864180741542 -0.026344073896462331 -0.040111565546920747 0.030867002725691386 0.039800924266483573 -0.029875392585941407 0.038832702916435209
leaf_weight=5.4458771642707751 8.4834018491962961 0.48613684996053352 0.90660684246222345 1.5912994865502796 0.58436332078372544 0.29198859910411501 1.5916836371507086 1.4715478910165973 1.0620939032378363 0.387424876680598 1.7640083055084685 3.5523937042648859 0.3630051445670669 1.114750895082125 1.8803290252199079 1.7931190442650402 0.74203113417206601 3.5880114591777783 13.543722340684324 1.6169851264394308 2.7872796928820662 1.9734299616388851 0.57427434090914165 0.26480867326336011 0.64377438216706673 1.2990996217122299 0.75432364901735127 0.58225006479187846 0.62106601259438321 0.23116712777118653
leaf_count=15381 737168 594 839 145 816 36 177 471 54 30 129 1690 81 174 2835 592 78 408 1445 874 2264 210 328 206 243 362 204 86 31 49
internal_value=1.08896e-10 0.00792866 -0.000827836 0.0147931 0.0013377 0.0182762 0.00209295 0.0218025 0.0239544 0.00858472 -0.0132784 0.00638588 0.0141656 0.0177078 -0.00551857 0.0102601 0.0273387 0.0311403 0.0291591 -0.00261406 -0.00859485 0.000455092 0.00669419 0.026669 -0.0109992 -0.016975 0.00452334 0.025416 0.00383897 -0.0225508
internal_weight=61.9923 53.5089 23.5138 29.995 22.6072 25.6043 4.58087 21.0234 19.5519 4.94605 2.15143 17.1613 9.20467 8.62031 4.39075 2.27926 5.53213 5.16913 14.6058 7.95666 6.33967 3.08818 1.58111 1.00684 2.98919 2.6972 1.3981 2.79462 1.20332 2.1115
internal_count=768000 30832 23349 7483 22510 3413 1022 2391 1920 421 159 7129 2301 1485 4070 1186 1101 1020 1499 4828 3954 384 612 284 845 809 447 262 117 2884
is_linear=0
shrinkage=0.05


Tree=102
num_leaves=31
num_cat=0
split_feature=10 4 6 18 11 34 12 3 18 1 12 37 27 57 63 38 57 14 11 12 18 24 11 58 39 54 24 49 3 69
split_gain=9.14588 1.27786 1.12272 0.905495 0.547845 0.530405 0.495781 0.436349 0.435708 0.408069 0.421194 0.628976 0.472413 0.399123 0.36957 0.359185 0.459837 0.43975 0.363345 0.433169 0.545371 0.380971 0.352539 0.595832 0.457476 0.347567 0.477177 0.453008 0.391608 0.344592
threshold=1.7500000000000002 1.0000000180025095e-35 1.0000000180025095e-35 0.32312279939651495 1.3405797481536867 3.893975138664246 0.69615384936332714 1.0000000180025095e-35 0.32645875215530401 18.500000000000004 0.46862745285034185 0.97876527905464183 52.916666030883796 0.52284491062164318 3.7726949453353886 0.31861895322799688 0.93617758154869091 0.53590562939643871 0.78019323945045482 0.53589746356010448 0.26833993196487432 0.61250001192092907 1.0178571343421938 0.20109411329030993 0.0006090304523240776 2.3747513294219975 0.92857143282890331 13.944991111755373 1.5000000000000002 10.224065303802492
decision_type=2 2 2 2 2 2 2 2 2 2 2 2 2 2 2 2 2 2 2 2 2 2 2 2 2 2 2 2 2 2
left_child=-1 2 3 6 8 13 7 -2 15 -9 -11 14 -13 -5 -12 22 17 -17 -19 -20 21 -21 23 -4 -25 27 -27 28 -24 -15
right_child=1 -3 4 5 -6 -7 -8 9 -10 10 11 12 -14 29 -16 16 -18 18 19 20 -22 -23 25 24 -26 26 -28 -29 -30 -31
leaf_value=-0.050010639469031393 -0.036999557266620985 -0.050353352711188681 0.031593533294693499 -0.017336699275176268 -0.012135388751630043 -0.022556646743810825 -0.0099362381163054844 0.046009805707490171 -0.011188820211985235 0.033075074563698355 -0.0597278498342598 0.041456334254906371 -0.025956009828202981 0.024063888743976605 0.035204394031480332 -0.056248315683019606 0.039444030506886593 -0.036068285610409541 0.030932740411057976 0.050015684843932921 -0.029105494920878799 -0.040204578965090394 -0.041336838548101801 -0.026093670501938011 0.033383137207015051 -0.056395747944951669 0.025212671235807078 -0.0276791552475683 0.015026799329371277 0.0068228637587842093
leaf_weight=7.9192471107519387 0.23474151300797608 0.93003231948455223 2.1860411385532736 1.1299193363774964 5.8165180153273459 1.2863354498713295 0.82711570684341573 3.3786430756481405 3.2963464944286889 4.3630960727750789 0.45286369921086578 0.99469768195285702 0.35180201321873028 4.8401640125566683 0.13252053905216599 0.24044232858068326 1.7965331880686788 0.34371846193698719 2.3860282898376686 0.53805517403543468 0.87542231600309606 0.14952761306267348 0.37718302532448467 1.1118591376362017 0.45585941190074653 0.20504555963725546 1.41680832320435 2.265177505043539 1.6843281876881517 7.2230881961249906
leaf_count=731500 129 12381 201 801 10800 3274 1240 368 2299 871 62 176 58 689 41 37 182 122 316 63 323 31 25 137 52 157 312 171 156 1026
internal_value=3.5273e-10 0.00772173 0.00879424 0.0162494 0.00131826 0.0080908 0.0272534 0.0303579 0.00536689 0.0319924 0.024469 0.00503233 0.0238434 0.0110789 -0.0382369 0.00877091 0.0180366 0.00955275 0.0132384 0.0175299 -0.00293031 0.0303956 0.002726 0.014724 -0.00879907 -0.0048452 0.0148952 -0.0122449 0.00471426 0.0137405
internal_weight=59.2092 51.2899 50.3599 25.215 25.1449 14.4795 10.7355 9.90836 19.3284 9.67362 6.29498 1.93188 1.3465 13.1932 0.585384 16.032 6.32973 4.53319 4.29275 3.94903 1.56301 0.687583 9.7023 3.75376 1.56772 5.94854 1.62185 4.32669 2.06151 12.0633
internal_count=768000 36500 24119 8735 15384 5790 2945 1705 4584 1576 1208 337 234 2516 103 2285 1074 892 855 733 417 94 1211 390 189 821 469 352 181 1715
is_linear=0
shrinkage=0.05


Tree=103
num_leaves=31
num_cat=0
split_feature=12 10 17 6 17 14 10 11 18 14 49 38 5 49 17 49 57 69 6 24 34 54 12 14 19 12 34 45 34 58
split_gain=8.54925 1.13461 0.830008 0.740776 0.547913 0.501636 0.427739 0.426169 0.375672 0.371716 0.563155 0.468824 0.391103 0.371408 0.349214 0.34318 0.413247 0.341788 0.320124 0.315743 0.309097 0.31844 0.307769 0.343598 0.37915 0.300436 0.294983 0.294628 0.274509 0.271925
threshold=0.86190477013587963 5.7500000000000009 0.82266744971275341 1.0000000180025095e-35 0.92417654395103466 3.5592596530914311 5.2500000000000009 1.5941176414489748 0.3213160932064057 1.2089896798133852 12.56633234024048 0.36175741255283361 1.0000000180025095e-35 17.157552719116214 0.94421008229255687 8.9535770416259783 0.67305442690849315 11.618271350860597 1.0000000180025095e-35 0.43650794029235845 1.728749215602875 2.6708064079284672 0.70714285969734203 2.633392453193665 0.020919729955494407 0.22474747896194461 2.9131406545639043 50.000000000000007 2.4005811214447026 0.34234531223773962
decision_type=2 2 2 2 2 2 2 2 2 2 2 2 2 2 2 2 2 2 2 2 2 2 2 2 2 2 2 2 2 2
left_child=1 4 15 5 -1 8 18 -2 22 10 -10 -12 13 -11 -7 -3 28 -13 -6 -14 -21 -22 23 24 -4 -5 -25 -27 -17 -29
right_child=7 2 3 25 6 14 -8 -9 9 12 11 17 19 -15 -16 16 -18 -19 -20 20 21 -23 -24 26 -26 27 -28 29 -30 -31
leaf_value=-0.029083605552807625 -0.019532140936795089 0.020986511034664198 0.044535428102962231 -0.04690424381483195 0.015057377269307684 -0.029331545282725514 -0.054738090658081023 -0.050013552207141869 0.04330070061372876 0.036637421427913784 0.044476364793521045 0.00098104103950244471 -0.040406952315699574 -0.01060320535728445 0.022665555290233754 -0.013035296620839312 0.020474793661943724 -0.047977764773663556 -0.0070107710731959457 -0.023441432128602599 0.040798891579378223 -0.0061795243262123337 -0.0097445831225085756 -0.010935286701283737 -0.0090984412609710422 -0.053234825805763546 0.034392781906419291 0.0098030392971737712 -0.048415566019637313 -0.024472774081300892
leaf_weight=2.2109363317764501 1.3556802841171682 0.65790250334975953 4.9769718151728801 0.25364595937662926 2.819890460851866 0.78241971602483207 0.34681203207264832 7.4389435721449217 0.5620601962855275 4.0277774445080468 0.28316414542496193 0.64919964211003367 0.31093833557679351 0.46399352542357508 0.54981138488255965 1.2409277933597884 0.52976565597691649 0.79060822102110251 3.9386532027571093 0.43749444531567894 1.0130634128727249 0.56018391980614968 0.40507416853506573 0.66604369605920488 0.35287580121075723 0.19480502231181773 0.77839171903178794 16.541151488459036 0.98217196831910758 0.59962412242612018
leaf_count=27210 4480 131 852 27 4052 497 304 713337 107 650 12 89 18 74 259 582 190 57 9649 32 115 41 52 55 38 38 144 1932 2818 158
internal_value=-3.12679e-10 0.00831541 0.0120944 0.0143764 -0.00734613 0.0216256 -0.00058219 -0.0453149 0.0240398 0.0172925 -0.000158865 -0.014336 0.0231451 0.0317575 -0.00787236 -0.0114562 -0.0192096 -0.0259026 0.0021968 0.00648264 0.0137336 0.0240714 0.0325908 0.0351223 0.0409845 0.00711865 0.0134916 0.00790909 -0.0286664 0.00860399
internal_weight=56.721 47.9264 38.6101 35.1993 9.31629 17.6101 7.10536 8.79462 16.2778 9.09848 2.28503 1.72297 6.81345 4.49177 1.33223 3.41077 2.75287 1.43981 6.75854 2.32168 2.01074 1.57325 7.17936 6.77428 5.32985 17.5892 1.44444 17.3356 2.2231 17.1408
internal_count=768000 50183 8968 5247 41215 3092 14005 717817 2336 1195 265 158 930 724 756 3721 3590 146 13701 206 188 156 1141 1089 890 2155 199 2128 3400 2090
is_linear=0
shrinkage=0.05


Tree=104
num_leaves=31
num_cat=0
split_feature=10 4 10 10 17 3 6 18 10 10 69 1 57 10 10 19 49 58 8 12 57 38 13 12 54 58 16 63 38 1
split_gain=7.93014 1.13719 1.03237 0.953577 0.688781 0.551394 0.488986 0.548155 0.429088 0.915135 0.405857 0.406607 0.397566 0.387247 0.399054 0.386268 0.358443 0.317582 0.316726 0.308257 0.29524 0.392887 0.449268 0.300613 0.400644 0.383391 0.379589 0.347924 0.307895 0.357063
threshold=1.7500000000000002 1.0000000180025095e-35 7.7500000000000009 7.2500000000000009 0.86875513195991527 1.0000000180025095e-35 1.0000000180025095e-35 0.32312279939651495 6.7500000000000009 6.2500000000000009 8.7381744384765643 13.500000000000002 0.49019971489906317 4.7500000000000009 4.2500000000000009 0.020919729955494407 17.031807899475101 0.34234531223773962 1.0000000180025095e-35 0.75961539149284374 0.94252166152000438 0.34056873619556433 318.14021301269537 0.57518798112869274 0.34978967905044561 0.21206753700971606 0.78189584612846386 2.8029010295867924 0.30876514315605169 15.500000000000002
decision_type=2 2 2 2 2 2 2 2 2 2 2 2 2 2 2 2 2 2 2 2 2 2 2 2 2 2 2 2 2 2
left_child=-1 2 3 5 10 -2 7 15 9 12 11 -4 -7 14 -14 19 -15 20 -12 -6 23 22 -22 26 -25 27 28 -26 -8 -30
right_child=1 -3 4 -5 6 8 17 -9 -10 -11 18 -13 13 16 -16 -17 -18 -19 -20 -21 21 -23 -24 24 25 -27 -28 -29 29 -31
leaf_value=-0.050009863527688408 -0.048153117639896367 -0.050340618323618691 -0.033409050538988384 -0.054543749274462539 0.04367416479860213 -0.047454434589998332 -0.031476352688451767 0.015801953369120901 0.016894690026894737 -0.054935320221934439 -0.029274948041603573 0.022417651346510178 -0.0036294174217112265 0.012115306317376062 -0.053458907377020193 -0.012774371064424925 -0.025709185860685897 -0.032303045199651624 0.038329772291354501 -0.037390139929153625 -0.042178645685405372 0.052823755292203879 0.024728976297122628 0.031706396773185125 -0.05915374385740102 -0.053720703402833608 0.023446185270800887 0.014736416994070004 -0.015432029183477148 0.029141957864295066
leaf_weight=6.9210003969410527 0.53284313617996915 0.84146397510357829 0.41214616588536346 0.77458471968338827 4.5452660359333112 0.39263148501163492 0.6535861229203842 6.5359905244467882 4.5104118718124928 0.73970404668716661 1.6134874820359071 1.5633365110388693 3.8091614616128018 8.548075061172991 0.44916826900839613 0.35144585981834087 0.67586932705080549 0.41476755989515446 0.194089209507183 0.12037751445132006 0.30789655019725648 0.93708952356655562 1.3552579986280759 0.45238373426764145 0.20533416989746889 0.58194869646467851 3.5768485286516807 0.71081190132645133 0.83445591265626695 0.97335735327214934
leaf_count=731500 3191 12381 439 637 786 2236 42 961 893 627 2048 420 7376 2233 851 39 194 77 43 56 17 73 119 32 48 165 260 100 56 100
internal_value=3.29133e-10 0.00726929 0.00830573 -0.000128392 0.0148483 0.00201575 0.0181595 0.025344 0.00341351 -0.0007471 -0.0048951 0.0107705 0.0021418 0.00358615 -0.00888543 0.0377749 0.00934378 0.0106162 -0.0220159 0.0415826 0.0122974 0.0269313 0.0123425 0.00753417 -0.00953135 -0.021984 0.0130467 -0.00182445 -0.00206562 0.00856736
internal_weight=54.5348 47.6138 46.7723 20.4324 26.3399 19.6579 22.5568 11.5531 19.125 14.6146 3.78306 1.97548 13.8749 13.4823 4.25833 5.01709 9.22394 11.0037 1.80758 4.66564 10.589 2.60024 1.66315 7.98873 1.95048 1.49809 6.03825 0.916146 2.4614 1.80781
internal_count=768000 36500 24119 18238 5881 17601 2931 1842 14410 13517 2950 859 12890 10654 8227 881 2427 1089 2091 842 1012 209 136 803 345 313 458 148 198 156
is_linear=0
shrinkage=0.05


Tree=105
num_leaves=31
num_cat=0
split_feature=12 57 10 10 34 14 24 10 54 69 2 3 69 11 54 54 12 16 10 12 3 29 34 10 57 36 29 10 10 14
split_gain=7.38865 1.00468 0.927542 0.824468 0.496733 0.509226 0.865182 0.466237 0.454443 0.451335 0.450714 0.446983 0.417929 0.393087 0.392959 0.376912 0.429275 0.375247 0.408746 0.386422 0.378181 0.354893 0.507989 0.329689 0.328529 0.292019 0.282976 0.294428 1.13848 0.278044
threshold=0.86190477013587963 0.67305442690849315 7.7500000000000009 7.2500000000000009 3.6601417064666752 1.2089896798133852 0.58571431040763866 8.2500000000000018 1.1437531113624575 8.3950252532959002 4.5000000000000009 1.0000000180025095e-35 8.1768126487731951 1.5941176414489748 1.6015663743019106 4.1939470767974862 0.38675214350223547 0.60741743445396434 10.250000000000002 0.55050507187843334 1.5000000000000002 11.412330627441408 2.8390505313873295 9.2500000000000018 0.91212290525436412 0.97570812702178966 9.8427290916442889 8.7500000000000018 8.2500000000000018 0.78818055987358104
decision_type=2 2 2 2 2 2 2 2 2 2 2 2 2 2 2 2 2 2 2 2 2 2 2 2 2 2 2 2 2 2
left_child=1 12 3 11 5 6 -4 25 -7 10 14 -3 -1 -2 -10 16 -13 18 -11 26 -21 22 -18 -22 -9 -8 -19 28 -28 -23
right_child=13 2 4 -5 -6 8 7 24 9 17 -12 15 -14 -15 -16 -17 21 19 -20 20 23 29 -24 -25 -26 -27 27 -29 -30 -31
leaf_value=-2.5711874116022174e-06 -0.019523425066231125 -0.050743926895708981 0.028317976548214198 -0.054566378377281115 -0.009167875731287493 0.043037455368507962 0.051515262465038958 -0.0033088816881374009 0.021034068791541974 0.024235317730954491 0.044304644326966736 0.022642651505313433 -0.031852214315057421 -0.050012629242265218 -0.052227814452360799 -0.045533521218736057 0.026838745067933323 -0.046847181468846713 -0.038518824341149442 0.034224486894544902 0.017236549867065715 -0.02719666763762614 -0.024958686691417962 -0.033609745115545799 -0.038326642254625419 -0.018459862468532217 0.041415008534533601 0.035321556848660826 -0.059465893309840735 0.0002557280779260283
leaf_weight=2.0947347612463991 1.262890985067769 0.36921513537936945 2.5713607490179191 0.63078247766134055 1.6976553980557572 2.5472209298095541 0.4330607619340302 1.452981116855881 0.26943332460359559 0.54143029684928368 0.28214151839347323 3.1285213894428869 2.0263667232281932 6.4890826278852956 0.57078130595618859 0.36247770194029172 2.4666339473722014 0.11726864462252606 0.49829122307164653 0.75201723460486336 0.58617216138372874 1.0298735059741364 0.58575066097546358 0.69894743828626815 1.2425885976699644 0.22737738264549989 0.8805819409317317 7.160929043093347 0.40983405819861218 8.8340025211136872
leaf_count=5045 4480 3795 239 269 922 388 52 167 41 60 25 755 19612 713337 42 8594 1031 6 41 53 46 1389 771 36 95 14 182 829 17 5667
internal_value=1.49465e-10 0.00785258 0.0102545 0.00155165 0.0168583 0.0189383 0.00649456 -0.0102265 0.0237544 0.0199074 -0.0103739 0.00366164 -0.0156632 -0.0450456 -0.0287348 0.00488594 0.006025 0.0228258 -0.00583989 0.025636 0.00606221 0.00199994 0.0168989 -0.0104176 -0.0194512 0.027424 0.0302896 0.0313599 0.0093754 -0.00261054
internal_weight=52.2204 44.4684 40.3473 17.4073 22.9401 21.2424 5.92737 3.35601 15.315 12.7678 1.12236 16.7765 4.1211 7.75197 0.840215 16.4073 16.0448 11.6455 1.03972 10.6058 2.03714 12.9163 3.05238 1.28512 2.69557 0.660438 8.56861 8.45135 1.29042 9.86388
internal_count=768000 50183 25526 22271 3255 2333 567 328 1766 1378 108 22002 24657 717817 83 18207 9613 1270 101 1169 135 8858 1802 82 262 66 1034 1028 199 7056
is_linear=0
shrinkage=0.05


Tree=106
num_leaves=31
num_cat=0
split_feature=10 12 17 10 10 10 10 34 14 24 54 56 43 13 10 10 54 24 56 6 63 8 38 34 11 69 23 69 10 37
split_gain=6.85899 0.967586 0.761727 0.727004 1.401 0.477944 0.639197 0.437051 0.476353 0.778143 0.379241 0.398921 0.362874 0.360408 0.414485 0.572288 0.319092 0.500842 0.355868 0.317194 0.313954 0.29173 0.28633 0.338835 0.274836 0.267273 0.290503 0.264476 0.263692 0.320307
threshold=2.7500000000000004 0.65686276555061351 0.82266744971275341 8.7500000000000018 8.2500000000000018 7.7500000000000009 7.2500000000000009 4.1963903903961191 1.2089896798133852 0.58571431040763866 1.1437531113624575 0.57200461626052868 3.3140207529067998 349.09611511230474 6.7500000000000009 6.2500000000000009 1.7371867299079897 0.68333333730697643 0.8745078742504121 2.5000000000000004 4.1026091575622567 1.0000000180025095e-35 0.26342816650867468 3.3219519853591923 1.0178571343421938 10.798275470733644 3.7284921407699589 15.132852077484133 12.250000000000002 0.92389097809791576
decision_type=2 2 2 2 2 2 2 2 2 2 2 2 2 2 2 2 2 2 2 2 2 2 2 2 2 2 2 2 2 2
left_child=-1 2 21 4 5 6 13 8 9 -5 -10 28 -13 14 15 -4 17 24 -18 -20 -19 -2 -7 -24 -3 -11 -27 -15 29 -12
right_child=1 16 3 7 -6 22 -8 -9 10 25 11 12 -14 27 -16 -17 18 20 19 -21 -22 -23 23 -25 -26 26 -28 -29 -30 -31
leaf_value=-0.046649048260374665 -0.019011799781802757 0.032473665918270458 0.0073078032726979856 0.028779877801831024 -0.057023238024849758 -0.015475638784654503 -0.054147622842666422 -0.037967286617257789 0.045097777174787392 0.012192423526741112 0.051604542120427067 -0.018657082808161762 0.030282903518354956 -0.025252622565094581 0.027151727740593701 -0.055918244844834757 -0.037870485096388712 -0.044225634789962429 -0.051314346031819752 0.033889328989714154 0.007360340501132036 0.022457026733093195 0.043214012143683873 -0.0035513268186908261 -0.0014601685061798445 0.01478207710333225 -0.038586870965354653 0.028607022559590179 -0.031335935987415596 0.0029187079253638246
leaf_weight=6.8062879974321495 2.7619310401016715 0.89772147792245904 8.1945605947516853 1.979670711880323 0.85578764484580538 0.33709428468955716 0.44573401412935787 0.31910809998726009 2.1440885453048386 0.63519294538855353 0.41578008470241812 0.39951846282929171 7.2909845362446504 1.287688470796639 2.656457220306037 0.3742459076693202 1.6422738926441982 0.90846813211510358 0.15375342557626925 0.37722628796632307 0.43674002298871528 0.50104704371642572 1.9117446813033896 0.48574331536883608 1.7793999121249724 0.32858146580110759 1.1384030292792884 0.27695115517144575 0.41598421045273415 1.8020376094718811
leaf_count=739918 4906 272 1999 183 147 36 170 415 350 85 44 26 800 614 411 163 11259 1315 1058 300 475 209 333 108 1980 32 100 76 42 174
internal_value=2.83593e-10 0.00735754 0.010423 0.0126567 0.00530291 0.00864275 0.00471109 0.0199916 0.0211091 0.00628366 0.0259626 0.0219888 0.0277405 0.00676234 0.00989593 0.00454638 -0.0109285 -0.00258779 -0.0263658 0.00921728 -0.0274776 -0.012644 0.0276724 0.0337391 0.00991889 -0.0149016 -0.0266331 -0.0157191 0.00519421 0.012046
internal_weight=49.9602 43.1539 36.9583 33.6954 16.826 15.9702 13.2356 16.8693 16.5502 4.08185 12.4684 10.3243 7.6905 12.7899 11.2253 8.56881 6.19558 4.02233 2.17325 0.53098 1.34521 3.26298 2.73458 2.39749 2.67712 2.10218 1.46698 1.56464 2.6338 2.21782
internal_count=768000 28082 11423 6308 4057 3910 3433 2251 1836 400 1436 1086 826 3263 2573 2162 16659 4042 12617 1358 1790 5115 477 441 2252 217 132 690 260 218
is_linear=0
shrinkage=0.05


Tree=107
num_leaves=31
num_cat=0
split_feature=10 4 6 18 11 57 12 3 18 10 10 16 69 37 36 57 19 38 57 14 56 10 2 8 57 17 12 69 10 13
split_gain=6.41696 0.976002 0.874641 0.706927 0.431313 0.414765 0.371005 0.338409 0.338304 0.33811 0.488203 0.389056 0.328786 0.326771 0.447386 0.331029 0.310651 0.279296 0.36922 0.340001 0.277422 0.317652 0.273868 0.272878 0.379073 0.416453 0.272866 0.453912 0.356037 0.312051
threshold=1.7500000000000002 1.0000000180025095e-35 1.0000000180025095e-35 0.32312279939651495 1.3405797481536867 0.82866308093070995 0.69615384936332714 1.0000000180025095e-35 0.32645875215530401 9.7500000000000018 9.2500000000000018 0.46652437746524816 11.181778430938722 0.97627702355384838 0.79256787896156322 0.90822842717170726 0.020919729955494407 0.31861895322799688 0.93617758154869091 0.53590562939643871 0.66797900199890148 12.250000000000002 3.5000000000000004 1.0000000180025095e-35 0.89890685677528392 0.94816115498542797 0.46410256624221807 11.578847885131838 5.7500000000000009 325.09553527832037
decision_type=2 2 2 2 2 2 2 2 2 2 2 2 2 2 2 2 2 2 2 2 2 2 2 2 2 2 2 2 2 2
left_child=-1 2 3 6 8 12 7 -2 17 10 13 -11 -5 14 -9 -16 -13 -4 19 -19 21 -21 -8 24 -10 -26 28 29 -7 -28
right_child=1 -3 4 5 -6 26 22 9 23 11 -12 16 -14 -15 15 -17 -18 18 -20 20 -22 -23 -24 -25 25 -27 27 -29 -30 -31
leaf_value=-0.050008795163109791 -0.037190916568803085 -0.050350908200744005 0.0020002079483754463 0.00031269722214558444 -0.012520762113088311 -0.011366658458196649 0.036913835274954523 0.0334778521459108 -0.033392291331354053 -0.054766508193557675 -0.06198269369695765 0.053365271235023042 -0.038058134410810344 0.036115274917011046 0.014986099241501384 -0.044192355514025526 -0.01340231734511459 -0.055442646993509016 0.038357815594851213 0.026075899302147178 -0.010718245248694257 -0.039368514832240582 -0.030572858632046181 0.035411308082838586 0.04864647272063391 -0.016763668048485846 0.03877358002754 -0.019601075784368208 0.024587111579953611 -0.010075046010472493
leaf_weight=5.6558459615040411 0.18873781676120582 0.73631602266959717 8.0095345912882312 2.8059777027108335 4.8759789964565234 0.8026839715857913 0.2202101187106108 0.97409365322619101 1.4343004946176732 0.094467140075721878 0.16362063024826046 2.4073141435437724 0.6969426937831712 3.0005909354717915 0.46938284737098002 0.47589537504609325 0.18780450077611011 0.19656226160623136 1.4456087053367808 2.3223716995030381 0.96085419723976873 0.20150343763089029 0.47372605898135589 0.28074852350982826 0.37216705907121628 0.70299213216048884 0.87825491654734855 1.4111082138449544 4.843298916391177 0.52080850234392528
leaf_count=731500 129 12381 1211 2372 10800 199 92 217 2024 18 17 445 1337 585 206 69 19 37 182 588 215 52 1148 59 45 171 418 409 893 162
internal_value=-4.908e-11 0.00670975 0.00772417 0.0150231 0.000491071 0.00714593 0.0259064 0.0289625 0.00447467 0.0305687 0.0229837 0.0449052 -0.00732158 0.0258093 0.00969788 -0.014807 0.0485334 0.00783314 0.0169457 0.00853734 0.0121462 0.0208509 -0.00915698 -0.0113372 -0.0165672 0.0058781 0.013139 0.000408046 0.0194756 0.0205894
internal_weight=47.8097 42.1539 41.4175 20.6149 20.8026 11.9591 8.65584 7.96191 15.9266 7.77317 5.08358 2.68959 3.50292 4.91996 1.91937 0.945278 2.59512 13.1364 5.1269 3.68129 3.48473 2.52388 0.693936 2.79021 2.50946 1.07516 8.45615 2.81017 5.64598 1.39906
internal_count=768000 36500 24119 8735 15384 5790 2945 1705 4584 1576 1094 482 3709 1077 492 275 464 2285 1074 892 855 640 1240 2299 2240 216 2081 989 1092 580
is_linear=0
shrinkage=0.05


Tree=108
num_leaves=31
num_cat=0
split_feature=12 10 57 6 18 17 14 2 11 10 12 54 10 10 24 1 10 10 10 10 41 37 3 17 34 13 12 69 37 10
split_gain=5.99765 0.90278 0.638438 0.553895 0.449783 0.425314 0.353101 0.361249 0.346941 0.338142 0.311428 0.308829 0.299266 0.649265 0.488294 0.387828 0.360659 0.673548 0.430735 0.513635 0.296255 0.293807 0.289965 0.281141 0.274909 0.273703 0.258054 0.300248 0.257193 0.257072
threshold=0.86190477013587963 5.7500000000000009 0.40444585680961614 1.0000000180025095e-35 0.31951713562011724 0.92417654395103466 2.633392453193665 5.5000000000000009 1.5941176414489748 5.2500000000000009 0.20526316016912463 3.8810737133026127 10.250000000000002 10.750000000000002 0.43650794029235845 14.500000000000002 9.7500000000000018 9.2500000000000018 8.7500000000000018 8.2500000000000018 0.34620136022567755 0.97627702355384838 1.0000000180025095e-35 0.93341732025146495 3.2122231721878056 344.03761291503912 0.46862745285034185 13.503933429718019 0.97718599438667308 6.7500000000000009
decision_type=2 2 2 2 2 2 2 2 2 2 2 2 2 2 2 2 2 2 2 2 2 2 2 2 2 2 2 2 2 2
left_child=1 5 -3 4 6 -1 7 10 -2 -7 -4 12 16 -14 -15 -16 17 18 19 25 -18 23 -5 -8 -17 26 -6 -28 -9 -23
right_child=8 2 3 22 11 9 21 28 -10 -11 -12 -13 13 14 15 24 20 -19 -20 -21 -22 29 -24 -25 -26 -27 27 -29 -30 -31
leaf_value=-0.029036691175019426 -0.01948474183304414 -0.029467681732161133 -0.028655821883748923 -0.024988926420139043 0.036057197601264392 0.0012216806560226277 0.01340398060574103 0.036167371116518673 -0.050011660265005142 -0.05412326781097402 0.044212720635465635 -0.022963498037236157 -0.060568430453958655 -0.042657309296348374 -0.021476901290503468 0.037881773667462093 0.051389042616202842 -0.057267091692062212 0.043616259013376894 -0.055621767275266167 -0.028108231531572471 -0.04069130117988267 0.0070837421186397201 -0.047176599460130836 -0.027907337239618329 -0.01774822421594931 0.016123658627725013 -0.059211913934506526 -0.031942967870161924 0.042867100070539801
leaf_weight=1.8276545764761056 1.1277714324214674 0.94268590666593155 0.15232320964423962 0.74084296461137356 1.4073625936453003 5.6766937703116582 0.44130203326722017 0.25171821860294574 5.3275163489888655 0.29008658997804548 3.9218966742846533 0.59035652148827544 0.37137755459843935 0.36994506015616968 0.45110620055129436 1.4786321389601651 1.2062390401952141 0.30802007062084147 1.2762193551861853 0.27941467368054862 0.1298041027621365 0.10739573655064305 14.452448907280312 0.33834391020354815 0.1778932218949193 0.50256151886287614 0.64284334546573507 0.16651586945226882 0.30843765407644241 0.64411029539678566
leaf_count=27210 4480 2687 29 527 393 13701 194 49 713337 304 832 681 23 42 48 225 200 28 243 32 8 63 2132 40 29 122 100 12 50 179
internal_value=9.71196e-11 0.00731005 0.0110628 0.0123067 0.018949 -0.00793314 0.0294344 0.0363122 -0.0446785 -0.00146902 0.0414884 0.0120409 0.0143978 0.0010831 0.0103244 0.0196241 0.0208065 0.0141425 0.0192878 0.00893378 0.0436654 0.00861727 0.00551984 -0.0128862 0.0308167 0.0155671 0.0231201 0.000624276 -0.00133611 0.030926
internal_weight=45.9095 39.4542 31.6598 30.7171 15.5238 7.79443 6.16553 4.63438 6.45529 5.96678 4.07422 9.35829 8.76793 2.84895 2.47758 2.10763 5.91898 4.58294 4.27492 2.9987 1.33604 1.53115 15.1933 0.779646 1.65653 2.71928 2.21672 0.809359 0.560156 0.751506
internal_count=768000 50183 8968 6281 3622 41215 1436 960 717817 14005 861 2186 1505 367 344 302 1138 930 902 659 208 476 2659 234 254 627 505 112 99 242
is_linear=0
shrinkage=0.05


Tree=109
num_leaves=31
num_cat=0
split_feature=10 12 57 10 10 10 10 34 12 6 69 10 10 18 54 24 49 10 17 29 23 34 40 38 34 0 17 10 10 24
split_gain=5.58199 0.910963 0.713052 0.684158 1.11735 0.42155 0.541296 0.414544 0.37935 0.369462 0.351104 0.327358 0.62754 0.302124 0.288929 0.420607 0.28682 0.317435 0.307624 0.286972 0.285967 0.302093 0.267071 0.257195 0.249589 0.246038 0.263917 0.24344 0.563546 0.307492
threshold=1.7500000000000002 0.67708334326744091 0.67305442690849315 8.7500000000000018 8.2500000000000018 7.7500000000000009 7.2500000000000009 4.1963903903961191 0.17519181966781619 1.0000000180025095e-35 8.1768126487731951 6.7500000000000009 6.2500000000000009 0.31609262526035314 1.7371867299079897 0.68333333730697643 17.031807899475101 4.7500000000000009 0.99090027809143078 11.437575817108156 3.0394595861434941 0.46517780423164373 0.00030559494916815316 0.25319968163967138 2.7285441160202031 17.500000000000004 0.99200943112373363 9.2500000000000018 9.7500000000000018 0.43650794029235845
decision_type=2 2 2 2 2 2 2 2 2 2 2 2 2 2 2 2 2 2 2 2 2 2 2 2 2 2 2 2 2 2
left_child=-1 2 10 4 5 6 11 8 -5 13 -2 12 16 -10 15 -3 17 18 19 24 -11 -22 25 -13 -4 26 -19 -15 -29 -30
right_child=1 14 3 7 -6 -7 -8 -9 9 20 -12 23 -14 27 -16 -17 -18 22 -20 -21 21 -23 -24 -25 -26 -27 -28 28 29 -31
leaf_value=-0.050008161650611518 0.0021792882595316233 0.0081765826577252579 0.025609344743168273 -0.042409363327623614 -0.056091834295950264 0.026214759366144015 -0.053678753954093751 -0.038515701677928948 0.042068456325010301 -0.024522816404556853 -0.030865925855514589 -0.022186739855176302 -0.055021040643318302 0.042152986246387192 -0.030423686719635787 -0.031620475769306947 -0.029507122696042023 0.020322050073882773 0.042629547635927689 -0.025893205535840316 -0.033196053644744837 0.018201380767152692 -0.040521384735824152 0.024785138101092088 -0.039625398049702616 -0.03085227342896877 -0.026253084712104077 -0.057167127200672296 -0.016831559618456039 0.026501694121339334
leaf_weight=4.9529255009734916 1.7289111470463461 2.0318148330670733 0.63064219980787584 0.23659655201299479 0.72997514198732538 2.454803311044544 0.39950179529000784 0.30487904600931948 2.7994934643138532 0.47266934410436068 1.5022626596042981 0.32653304780524317 0.47686093319043799 1.0899513987023963 1.7370967390907024 0.98615458989422666 0.60229894681288065 4.9238561830995877 0.27047658757510351 1.6044837686838489 0.30000147149621614 6.0775964026979636 0.22527551358871267 2.7104323176308753 0.19104253748037081 0.27764226978115392 0.32418372714528221 0.25035928485158399 0.47485173093446098 2.9693477881228318
leaf_count=731500 1367 3096 150 23 151 478 186 467 618 31 4561 33 229 231 17433 2611 347 968 75 1472 25 426 60 489 358 75 36 20 54 430
internal_value=1.87227e-10 0.00633308 0.00917205 0.011493 0.00435403 0.00721587 0.00361811 0.0191908 0.02039 0.0214194 -0.0131844 0.00544004 0.000883136 0.029022 -0.0141782 -0.00482754 0.00382886 0.00620566 -0.00794867 -0.0135873 0.0130025 0.0157837 0.0128427 0.0197347 0.0104422 0.0150183 0.017445 0.0213883 0.0152624 0.0205273
internal_weight=44.0629 39.11 34.3549 31.1238 16.148 15.418 12.9632 14.9757 14.6709 14.4343 3.23117 12.5637 9.52676 7.584 4.75507 3.01797 9.0499 8.4476 2.69665 2.42617 6.85027 6.3776 5.75096 3.03697 0.821685 5.52568 5.24804 4.78451 3.69456 3.4442
internal_count=768000 36500 13360 7432 5107 4956 4478 2325 1858 1835 5928 4292 3770 1353 23140 5707 3541 3194 2055 1980 482 451 1139 522 508 1079 1004 735 504 484
is_linear=0
shrinkage=0.05


Tree=110
num_leaves=31
num_cat=0
split_feature=12 4 10 10 3 17 5 6 2 12 69 16 58 10 10 5 12 49 7 5 34 12 36 54 23 54 17 3 14 34
split_gain=5.20949 0.843053 0.764411 0.604976 0.513303 0.504563 0.487185 0.395613 0.399656 0.395361 0.486054 0.36217 0.34558 0.309459 0.319465 0.364372 0.28765 0.283569 0.283041 0.385987 0.284684 0.265702 0.265567 0.262035 0.25998 0.259468 0.256934 0.255638 0.241744 0.271404
threshold=0.93095237016677868 1.0000000180025095e-35 7.7500000000000009 7.2500000000000009 1.5000000000000002 0.89755257964134227 1.0000000180025095e-35 1.0000000180025095e-35 5.5000000000000009 0.25543478131294256 12.551512241363527 0.46652437746524816 0.28433397412300115 5.7500000000000009 5.2500000000000009 1.0000000180025095e-35 0.37797619402408605 12.093477725982668 1.0000000180025095e-35 1.0000000180025095e-35 2.949266910552979 0.46410256624221807 0.76209992170333873 3.5668416023254399 3.6477210521698002 0.23091123998165133 0.90714332461357128 3.5000000000000004 0.46743613481521612 2.2945959568023686
decision_type=2 2 2 2 2 2 2 2 2 2 2 2 2 2 2 2 2 2 2 2 2 2 2 2 2 2 2 2 2 2
left_child=1 2 3 4 18 6 11 8 9 10 -7 -4 -10 14 15 21 26 -9 19 20 -1 24 -19 -11 -6 -23 -15 -24 -18 -30
right_child=-2 -3 5 -5 13 7 -8 17 12 23 -12 -13 -14 16 -16 -17 28 22 -20 -21 -22 25 27 -25 -26 -27 -28 -29 29 -31
leaf_value=-0.0078420397721334755 -0.047075426396236839 -0.050362924341082596 -0.018173687642170738 -0.053346850751053214 0.035990040296573669 -0.041531414775114295 -0.029767189817079983 -0.016819217257588379 0.026307805588626235 0.038332335352686146 0.033620082349974281 0.017884512270137636 -0.039134456592830984 0.0012520492131329608 -0.053624343588425938 0.011434735552166198 -0.043624171223589053 -0.027986105963858546 -0.041960541801615445 -0.034541933133242622 0.042767325121663965 0.02284168712870057 0.019170299541895676 -0.0013534398452577229 -0.01725971596703273 -0.034156421854824391 0.048274358463111094 -0.011798530564642301 0.021017950729501543 -0.0023756019771630187
leaf_weight=0.78276405906728797 5.1583874056321966 0.63930113911203434 0.94472513585538154 0.52692356231932613 0.42771325191767884 0.39846774795296269 1.0891657840857076 0.84108101263563906 0.40009646663293086 5.3654099762134138 0.46767743029522535 2.6490527364649097 0.40688236043843062 0.42267353131046526 0.29309605405524042 3.1030337648159048 0.21991310215162219 0.36177042155759398 0.85816194096935294 0.80423795821252486 0.4307971671175892 0.23258928866516715 6.3670666362932025 0.45089399171047251 0.49390324536545904 1.4105425699808618 0.92903090898653318 0.74426382593492224 2.6194543066740152 2.3540544377724473
leaf_count=784 707850 24133 912 368 307 50 545 85 137 1052 86 946 102 146 306 6962 35 35 7657 4665 2355 250 607 104 704 5578 229 83 286 641
internal_value=5.41954e-10 0.00655691 0.00755673 -0.000666167 0.00113846 0.0139422 -0.000472679 0.0182137 0.0265488 0.0305626 -0.000953161 0.0084056 -0.00668848 0.00551855 -0.00272314 -9.08993e-05 0.0130245 0.0107054 -0.0179082 -0.00767884 0.0101236 -0.0140355 0.0138032 0.0352558 0.00745298 -0.0260882 0.0335706 0.0159291 0.00767697 0.00994535
internal_weight=42.1931 37.0347 36.3954 15.9089 15.382 20.4866 4.68294 15.8036 7.48943 6.68245 0.866145 3.59378 0.806979 12.506 5.96088 5.66778 6.54513 8.31418 2.87596 2.0178 1.21356 2.56475 7.4731 5.8163 0.921616 1.64313 1.3517 7.11133 5.19342 4.97351
internal_count=768000 60150 36017 31273 30905 4744 2403 2341 1531 1292 136 1858 239 15444 14107 13801 1337 810 15461 7804 3139 6839 725 1156 1011 5828 375 690 962 927
is_linear=0
shrinkage=0.05


Tree=111
num_leaves=31
num_cat=0
split_feature=10 4 10 10 10 12 10 34 12 3 1 10 13 3 6 11 14 49 14 34 3 13 38 13 7 5 34 43 17 65
split_gain=4.8698 0.787595 0.718103 1.07136 0.63005 0.576182 0.555307 0.499352 0.464149 0.397774 0.331713 0.366626 0.419464 0.330461 0.367281 0.343035 0.308289 0.277423 0.272947 0.268675 0.265986 0.263079 0.258934 0.255893 0.255348 0.286552 0.254392 0.247738 0.24342 0.24618
threshold=1.7500000000000002 1.0000000180025095e-35 8.7500000000000018 8.2500000000000018 7.7500000000000009 0.62019231915473949 7.2500000000000009 4.1185941696167001 0.22474747896194461 1.5000000000000002 13.500000000000002 10.250000000000002 342.64369201660162 5.5000000000000009 1.0000000180025095e-35 1.433035731315613 1.0011085271835329 12.914186000823976 3.4818214178085332 3.3219519853591923 3.5000000000000004 287.12956237792974 0.25762608647346502 340.22480773925787 1.0000000180025095e-35 1.0000000180025095e-35 2.949266910552979 3.9415346384048466 0.93856495618820202 35.000000000000007
decision_type=2 2 2 2 2 2 2 2 2 2 2 2 2 2 2 2 2 2 2 2 2 2 2 2 2 2 2 2 2 2
left_child=-1 2 3 4 6 7 9 8 -4 24 11 27 -13 14 -11 17 -14 18 -16 22 28 -19 -6 -23 25 26 -2 -10 -7 -30
right_child=1 -3 5 -5 19 20 -8 -9 10 13 -12 12 16 -15 15 -17 -18 21 -20 -21 -22 23 -24 -25 -26 -27 -28 -29 29 -31
leaf_value=-0.050007554583618267 -0.0080529144690085763 -0.050342193871081867 -0.014561056151123379 -0.055064488405326267 -0.0090326149944057257 -0.038933943329330534 -0.053045320421700938 -0.038031758166739871 -0.01217559062162833 0.015989150072237807 0.025359713908683246 -0.032953800812806702 0.052910610259063455 -0.037679807653553866 0.029251041300969973 -0.018091658345618929 -0.020456428520074298 -0.035846178063083149 -0.054352102336636267 -0.0098131019426938304 -0.046769832150954788 0.012790248026735743 0.037987108208755754 -0.025475711273440796 -0.04069105680168341 -0.029972338687137157 0.041074276796196296 0.043730611878162448 0.036057648845303505 -0.02461817102301378
leaf_weight=4.3456518382690765 0.76294742281391348 0.60948136412605336 0.94829271995240638 0.83127571513682497 0.34142383944345045 0.29851394383422192 0.49627203124976027 0.39091067398658275 0.27300710614872459 5.2599616877657773 10.948324832155775 0.87149346480327927 0.33714665548541234 0.44682530152522382 1.4202533055140518 2.1553091514216476 0.24888523164554499 0.49906948129046247 0.10483413416932297 0.47660007986723929 0.45530366124580712 1.8944142652812845 2.0558954944715424 0.5678478995714612 0.78104086399127925 0.79813895199606566 0.40254468066325444 0.72276937525748508 0.47356118582138151 0.25838218032504301
leaf_count=731500 428 12381 259 472 35 821 637 1180 23 2774 1642 101 13 1263 228 5862 41 175 285 378 214 509 459 277 2179 2120 1501 57 114 72
internal_value=-3.29525e-11 0.0060147 0.00698168 0.000462179 0.00296215 0.0147339 -0.00100358 0.0177251 0.019244 0.000707579 0.021636 0.00501831 -0.0109581 0.00453438 0.00611922 -0.00169733 0.0217519 0.00617862 0.0235042 0.0244741 -0.0149433 -0.00274405 0.0312906 0.00396534 -0.0165095 -0.00689122 0.00891493 0.0284031 -0.000880889 0.0146386
internal_weight=40.4764 36.1307 35.5212 19.2947 18.4634 16.2266 15.5895 14.7408 14.3499 15.0932 13.4016 2.4533 1.45753 12.3485 11.9017 6.64173 0.586032 4.48642 1.52509 2.87392 1.48576 2.96133 2.39732 2.46226 2.74467 1.96363 1.16549 0.995776 1.03046 0.731943
internal_count=768000 36500 24119 19582 19110 4537 18238 3316 2136 17601 1877 235 155 11373 10110 7336 54 1474 513 872 1221 961 494 786 6228 4049 1929 80 1007 186
is_linear=0
shrinkage=0.05


Tree=112
num_leaves=31
num_cat=0
split_feature=10 12 10 17 17 5 3 34 34 13 34 29 6 6 12 10 13 34 19 12 16 14 41 36 6 14 1 17 7 56
split_gain=4.53164 0.743521 0.692398 0.637288 0.404193 0.321456 0.346485 0.320446 0.319122 0.336174 0.302973 0.486065 0.430816 0.473807 0.389219 0.324243 0.399986 0.371907 0.302097 0.292591 0.289842 0.280296 0.266688 0.244908 0.241334 0.351329 0.257583 0.239135 0.238359 0.234267
threshold=1.7500000000000002 0.53589746356010448 4.7500000000000009 0.92417654395103466 0.88466858863830578 1.0000000180025095e-35 3.5000000000000004 4.1570899486541757 3.5842828750610356 335.12585449218756 1.6594415903091433 13.101078033447267 2.5000000000000004 1.0000000180025095e-35 0.46862745285034185 9.7500000000000018 337.18989562988287 2.3301675319671635 0.0074979742057621488 0.22474747896194461 0.7687329649925233 0.4306021928787232 0.38807299733161932 0.73706510663032543 1.0000000180025095e-35 2.9604374170303349 22.500000000000004 0.46555763483047491 1.0000000180025095e-35 0.30687443912029272
decision_type=2 2 2 2 2 2 2 2 2 2 2 2 2 2 2 2 2 2 2 2 2 2 2 2 2 2 2 2 2 2
left_child=-1 2 -2 7 -3 6 29 19 10 20 11 18 13 14 -13 16 -12 -18 -5 -4 -10 -7 -8 -17 25 27 -26 -21 -19 -6
right_child=1 4 3 8 5 21 22 -9 9 -11 15 12 -14 -15 -16 23 17 28 -20 24 -22 -23 -24 -25 26 -27 -28 -29 -30 -31
leaf_value=-0.050007218132328494 -0.022613977813976484 -0.032813239864589838 -0.02071761303533582 0.035545958123472554 0.039353470536830339 -0.038389303661184544 -0.043892330710796019 -0.041169050490089981 -0.01734928173503578 -0.037092783684713325 0.031839778613826857 0.036735779680669149 0.057514998102453412 -0.033917899084617759 -0.03973462843508125 -0.018070046547970283 0.032696748392388585 0.0011798845782664694 -0.031661287446150176 -0.044148112594933731 0.041825375702490397 0.00935115338998283 0.039915070437491998 0.046379878095768011 0.0030038749083907885 -0.019056807936666531 -0.041129706906841118 0.024051655706122818 -0.04903131190896369 -0.0072235001759997563
leaf_weight=4.0559471107910658 1.4260949708069599 1.1261977858231365 0.98059445984517868 1.9080427247245082 0.29216664372438428 0.32579204046373877 0.97507306938120997 0.3960250398155275 0.36890103527821227 0.46636849907599753 2.9724456893054594 0.61468271840203703 0.25117502355715249 1.0868171581687418 0.22816258031525649 0.15625559381442178 0.57986272350171919 0.6341764314111058 0.18326687489752647 0.13331392490727045 0.47131434169341446 5.4631150514659339 0.10516215986137922 2.6009493432356976 2.4154957078987995 0.619744729742706 0.38303882751847584 3.5845314714797496 0.37678644154220819 3.5527203352667129
leaf_count=731500 2656 9442 488 273 373 416 2553 2735 108 279 519 126 12 94 21 10 109 162 23 85 127 7226 85 428 511 164 105 918 25 6427
internal_value=-1.13064e-10 0.00584881 0.0111204 0.0133672 -0.00431923 -0.0013241 -0.0107136 0.00274882 0.0203747 -0.00305084 0.0230149 0.0124339 -0.00408161 -0.0120993 0.0160348 0.0291899 0.0210103 0.000775413 0.0296564 0.00489163 0.0158444 0.00666438 -0.0357336 0.0427274 0.00841067 0.0157963 -0.00303674 0.0216062 -0.0175339 -0.00368419
internal_weight=38.7342 34.6783 22.838 21.412 11.8402 10.714 4.92512 8.51274 12.8992 1.30658 11.5926 4.27215 2.18084 1.92966 0.842845 7.32048 4.56327 1.59083 2.09131 8.11672 0.840215 5.78891 1.08024 2.7572 7.13612 4.33759 2.79853 3.71785 1.01096 3.84489
internal_count=768000 36500 9978 7322 26522 17080 9438 5006 2316 514 1802 549 253 241 147 1253 815 296 296 2271 235 7642 2638 438 1783 1167 616 1003 187 6800
is_linear=0
shrinkage=0.05


Tree=113
num_leaves=31
num_cat=0
split_feature=11 10 10 12 17 10 12 12 13 36 36 1 36 57 56 69 14 12 11 5 10 3 6 3 57 49 8 19 12 14
split_gain=4.23768 0.68674 0.596019 0.569422 0.597659 0.383268 0.278056 0.27494 0.388686 0.262694 0.265739 0.300657 0.261085 0.293737 0.267731 0.251047 0.4318 0.469745 0.389476 0.25056 0.245855 0.239943 0.252966 0.235136 0.212844 0.22659 0.197406 0.194944 0.322126 0.257582
threshold=2.0263158082962041 6.7500000000000009 6.2500000000000009 0.55902779102325451 0.92417654395103466 4.7500000000000009 0.22474747896194461 0.25543478131294256 344.16569519042974 0.82820391654968273 0.81275406479835521 13.500000000000002 0.94142156839370739 0.88050693273544323 0.88935971260070812 14.651551723480226 1.2652080655097964 0.44722221791744238 1.1558704376220705 1.0000000180025095e-35 4.2500000000000009 2.5000000000000004 1.0000000180025095e-35 4.5000000000000009 0.49019971489906317 17.031807899475101 1.0000000180025095e-35 0.0052352112252265224 0.36038962006568914 1.6015546321868899
decision_type=2 2 2 2 2 2 2 2 2 2 2 2 2 2 2 2 2 2 2 2 2 2 2 2 2 2 2 2 2 2
left_child=1 2 5 4 6 20 -3 8 -6 10 11 26 -5 -14 -15 27 -17 -18 -19 -13 21 -1 23 -23 -7 -26 -8 -9 -29 -30
right_child=-2 3 -4 12 7 24 9 15 -10 -11 -12 19 13 14 -16 16 17 18 -20 -21 -22 22 -24 -25 25 -27 -28 28 29 -31
leaf_value=-0.02538853696766127 -0.050006046564594168 -0.021221350936294139 -0.053584296686037904 -0.016955739923572275 -0.033199385035470423 -0.044598777486107938 -0.04147809922806342 0.03305039065624258 0.051184115309333512 0.022194152127965962 -0.041234070530468195 0.017031350998919878 -0.023265604716760216 0.021228639490066672 -0.023906973316120218 -0.04618038287580925 0.044693116847890318 0.024254361583454627 -0.05197915154566625 -0.019820055147375185 -0.052629614487661104 0.033211531078239924 -0.019163301689654539 -0.027743400884159393 0.009120877563823673 -0.026564546341805325 0.040868080843589789 0.04999572663756896 -0.033975497480413182 0.02168308815316132
leaf_weight=1.4535403502320576 3.8030073605240196 0.93493809980350917 0.58510594256006321 2.1615979985159575 0.4596599928845525 0.20931683859373595 0.48175504878395292 6.2061030699351232 0.19408697107064654 2.1433646093955758 0.3477054477968976 2.5984468594037939 0.68260877374314111 2.0196090486651888 0.39238175688842591 0.29914598699178885 0.83273823703711947 0.35739972263399977 0.31539757690552506 0.56080859821759066 0.38971870388922969 0.72287695148884246 0.75263936240821749 0.20254234347908096 6.2846037754861754 0.47872027321591293 0.085732271960296202 0.36773911460477371 0.41660884470911697 0.41487451399461861
leaf_count=7605 737168 1033 1090 2985 62 1172 552 1261 43 622 85 1223 343 545 159 28 170 16 33 289 1681 645 5013 437 3266 271 16 53 50 84
internal_value=1.01672e-10 0.00570205 -0.00447078 0.0107623 0.0152056 -0.00173239 0.00420166 0.0231851 -0.00814728 0.00802438 0.000570365 0.00447072 -0.00362237 0.00569107 0.013886 0.0254091 0.00868707 0.0195891 -0.0114828 0.0104898 -0.0151785 -0.0105178 0.0023632 0.0198706 0.00505818 0.006595 -0.0290378 0.0294843 0.0110294 -0.00620425
internal_weight=37.1548 33.3518 11.0791 22.2727 17.0165 10.494 7.15275 9.86375 0.653747 6.21781 4.07445 3.72674 5.2562 3.0946 2.41199 9.21001 1.80468 1.50554 0.672797 3.15926 3.52132 3.1316 1.67806 0.925419 6.97264 6.76332 0.567487 7.40533 1.19922 0.831483
internal_count=768000 30832 21180 9652 5620 20090 3820 1800 105 2787 2165 2080 4032 1047 704 1695 247 219 49 1512 15381 13700 6095 1082 4709 3537 568 1448 187 134
is_linear=0
shrinkage=0.05


Tree=114
num_leaves=31
num_cat=0
split_feature=11 10 10 10 10 11 58 54 34 3 34 29 57 10 12 10 5 12 3 58 10 3 17 34 34 14 57 69 17 58
split_gain=3.95332 0.674783 0.890523 0.554781 0.47485 0.447874 0.386197 0.439342 0.357849 0.356023 0.329106 0.312806 0.293642 0.275357 0.324266 0.274774 0.301004 0.259143 0.301362 0.282725 0.242002 0.317826 0.240445 0.240324 0.239381 0.274804 0.271163 0.234006 0.262208 0.349757
threshold=2.0263158082962041 8.7500000000000018 8.2500000000000018 7.7500000000000009 7.2500000000000009 0.78019323945045482 0.32603697478771215 1.9115999937057497 0.81955704092979442 1.5000000000000002 4.1963903903961191 12.669895172119142 0.69339519739151012 5.7500000000000009 0.80625000596046459 5.2500000000000009 1.0000000180025095e-35 0.55902779102325451 1.0000000180025095e-35 0.21206753700971606 3.7500000000000004 2.5000000000000004 0.98079210519790661 3.3219519853591923 2.4748060703277592 0.46743613481521612 0.917253077030182 15.200715541839601 0.92779380083084118 0.26426500082015997
decision_type=2 2 2 2 2 2 2 2 2 2 2 2 2 2 2 2 2 2 2 2 2 2 2 2 2 2 2 2 2 2
left_child=1 2 3 4 9 6 7 12 11 -1 17 -7 -3 15 22 16 -11 18 -10 -19 21 -18 24 -5 25 -15 -26 28 29 -20
right_child=-2 5 -4 23 -6 8 -8 -9 10 13 -12 -13 -14 14 -16 -17 20 19 27 -21 -22 -23 -24 -25 26 -27 -28 -29 -30 -31
leaf_value=-0.017785758388315684 -0.050005810225524285 -0.038770393357714171 -0.054506220493481833 0.02974255024787861 -0.052752262504006081 0.010929144242231514 -0.054197314113485474 -0.039726039181156039 -0.010042178690119634 -0.015896283409216679 -0.035184960841790749 -0.04268437777752021 0.028780251086633447 -0.034178405186374286 -0.039994920007443709 -0.053147376519040793 -0.053200010501159446 0.026983030600413904 0.038450603786449794 -0.014520525422821833 0.018360083742694096 0.0077794544727407466 -0.008757104514074571 -0.011040073236169847 -0.010332903933565306 0.031874800434823124 0.030657121969450831 0.0076745711522489286 0.03852420456450853 0.0056690549709936533
leaf_weight=2.538975574402575 3.5583866899157774 0.19151619391459407 0.74617879056563552 2.1170302953842106 0.45553066897844097 0.71356675448987406 0.37390138273713081 0.4553985027876023 0.59952030538260714 2.3211388720462747 0.26655983880482459 0.43970870711473253 1.0056729946463745 0.16795853861185639 0.30034844120450532 0.28165885635803523 0.31773486098325077 0.7089854933515205 1.4189527584694572 0.97409465639680093 1.9530592350909046 0.65247396317568018 1.0025589654305802 0.43555113927482114 1.148445098213642 2.5196124949666228 0.62198933667286826 1.3793221430460105 4.1210054623879842 1.9074613478205718
leaf_count=8310 737168 159 655 552 839 140 678 571 192 6750 1707 99 96 33 973 811 1029 121 331 330 1288 1912 170 529 605 442 187 175 772 376
internal_value=-1.88257e-10 0.00553711 -0.00105555 0.00131368 -0.00252374 0.0134997 -0.00830859 0.00207383 0.017027 -0.000868837 0.0197175 -0.00951205 0.0179741 0.00293658 0.0105854 -0.00503725 -0.00245342 0.0210348 0.0242617 0.00296255 0.0082205 -0.0121908 0.0133674 0.0227837 0.018343 0.0277468 0.00406772 0.0265916 0.0300952 0.0196527
internal_weight=35.6943 32.1359 17.5802 16.8341 14.2815 14.5557 2.02649 1.65259 12.5292 13.826 11.3759 1.15328 1.19719 11.287 5.76091 5.52607 5.24441 11.1093 9.42626 1.68308 2.92327 0.970209 5.46056 2.55258 4.45801 2.68757 1.77043 8.82674 7.44742 3.32641
internal_count=768000 30832 25085 24430 23349 5747 1504 826 4243 22510 4004 239 255 14200 2410 11790 10979 2297 1846 451 4229 2941 1437 1081 1267 475 792 1654 1479 707
is_linear=0
shrinkage=0.05


Tree=115
num_leaves=31
num_cat=0
split_feature=10 4 6 57 11 11 58 6 6 18 10 10 18 10 16 8 18 49 57 12 57 34 17 18 12 54 0 43 23 16
split_gain=3.69222 0.667357 0.639169 0.523976 0.457732 0.325436 0.518313 0.250783 0.294616 0.239931 0.253893 0.35811 0.260881 0.236601 0.233459 0.301864 0.233115 0.288098 0.272447 0.24247 0.231446 0.221045 0.211867 0.211914 0.219019 0.285258 0.252138 0.28194 0.242097 0.207956
threshold=1.7500000000000002 1.0000000180025095e-35 1.0000000180025095e-35 0.71274510025978099 1.3405797481536867 1.1558704376220705 0.22620432823896411 2.5000000000000004 3.5000000000000004 0.32312279939651495 10.250000000000002 10.750000000000002 0.39206844568252569 4.7500000000000009 0.75779366493225109 1.0000000180025095e-35 0.34890969097614294 12.383790016174318 0.93675455451011669 0.38675214350223547 0.9071708917617799 3.3579038381576543 0.99544459581375133 0.31107382476329809 0.58578431606292736 0.57601362466812145 14.500000000000002 4.4005842208862314 3.1026227474212651 0.93956002593040477
decision_type=2 2 2 2 2 2 2 2 2 2 2 2 2 2 2 2 2 2 2 2 2 2 2 2 2 2 2 2 2 2
left_child=-1 2 3 -2 9 6 22 13 -9 -5 -11 -12 21 -7 15 -8 18 -18 19 -6 -21 -13 23 24 -4 -26 27 28 -27 -16
right_child=1 -3 5 4 16 7 14 8 -10 10 11 12 -14 -15 29 -17 17 -19 -20 20 -22 -23 -24 -25 25 26 -28 -29 -30 -31
leaf_value=-0.050006442352686857 -0.0096695415710366245 -0.050351443429499321 0.030264660185456056 0.035476410062743206 0.029388410615684674 -0.042674771129022002 -0.030924094536988272 0.013050430321353583 -0.049323637861587166 0.026880679274458436 -0.059727626520851222 0.030672472832716846 -0.024955440740706981 -0.010353399691538003 0.0067906206315060356 0.050917580386879602 0.027307995976606322 -0.019578406285887244 0.034124386249051092 0.0087301258658923995 -0.032144464942265555 -0.042208518396757669 -0.049713083490638917 -0.041572627590173182 0.034507983069188369 0.046775628170010339 -0.041941449732941977 0.032552870001468913 -0.041991717663148048 -0.045703100441646938
leaf_weight=3.331554599486366 2.0471674177987387 0.52760304156794191 2.5057039298239925 3.2643187159433165 0.61740525716049965 0.64831692234360971 1.3117824997627852 1.7863117292273498 0.21175867256113168 2.8202629711399823 0.20402772800116498 0.99838618759531506 0.37874358468843627 4.4707644937100213 2.0363753969743361 0.12325493634853035 0.42862127545515694 1.3905502938778225 1.0925233622969015 0.84081946086439507 0.5888733341716943 0.11614036980336095 0.1165654635087775 0.14211132384707514 0.67136457717788278 0.099315773961279552 0.34947207616824016 0.52040815237342031 0.33897070667671869 0.20793171055265691
leaf_count=731500 3666 12381 288 817 310 5762 1509 2028 1622 666 32 174 83 3068 413 29 254 877 564 759 482 51 23 168 72 36 50 155 134 27
internal_value=3.34649e-10 0.00539927 0.00636914 0.0138102 0.0175829 -0.000711546 0.00593942 -0.00858306 0.00643993 0.0251482 0.0176851 0.00240562 0.010895 -0.0144468 -0.00814404 -0.0238947 0.00571061 -0.00853134 0.0139627 0.00320258 -0.00810563 0.0230778 0.0168624 0.0185395 0.0204441 0.00801323 -0.00558414 0.00766915 -0.021877 0.00192716
internal_weight=34.1874 30.8559 30.3282 14.7878 12.7407 15.5404 8.42326 7.11715 1.99807 7.78188 4.51756 1.6973 1.49327 5.11908 3.67934 1.43504 4.95879 1.81917 3.13962 2.0471 1.42969 1.11453 4.74391 4.62735 4.48524 1.97953 1.30817 0.958695 0.438286 2.24431
internal_count=768000 36500 24119 8735 5069 15384 2904 12480 3650 1823 1006 340 308 8830 1978 1538 3246 1131 2115 1551 1241 225 926 903 735 447 375 325 170 440
is_linear=0
shrinkage=0.05


Tree=116
num_leaves=31
num_cat=0
split_feature=12 17 12 11 17 5 34 6 14 1 12 38 43 54 7 23 5 26 6 69 18 1 6 58 1 34 63 16 2 37
split_gain=3.46917 0.63737 0.579824 0.339873 0.321109 0.300078 0.332431 0.319773 0.279128 0.275807 0.314515 0.273219 0.245757 0.346335 0.230516 0.291722 0.454773 0.222612 0.255948 0.222173 0.314644 0.218064 0.217691 0.329661 0.283749 0.21335 0.21208 0.211145 0.204527 0.387538
threshold=0.93095237016677868 0.83447185158729564 0.44722221791744238 1.1558704376220705 0.92417654395103466 1.0000000180025095e-35 3.6601417064666752 2.5000000000000004 1.3543263077735903 25.500000000000004 0.25543478131294256 0.26342816650867468 4.388237953186036 1.6346065998077395 1.0000000180025095e-35 3.7940471172332768 1.0000000180025095e-35 37.750000000000007 1.0000000180025095e-35 10.997056484222414 0.30934442579746252 16.500000000000004 1.0000000180025095e-35 0.17812992632389071 13.500000000000002 2.4393353462219243 3.3497501611709599 0.93702450394630443 2.5000000000000004 0.99936914443969738
decision_type=2 2 2 2 2 2 2 2 2 2 2 2 2 2 2 2 2 2 2 2 2 2 2 2 2 2 2 2 2 2
left_child=1 25 4 12 14 7 8 17 28 10 -6 -9 13 -4 15 -3 -17 18 -5 -10 -21 -15 -12 -24 -25 -1 -22 -26 29 -7
right_child=-2 2 3 5 9 6 -8 11 19 -11 22 -13 -14 21 -16 16 -18 -19 -20 20 26 -23 23 24 27 -27 -28 -29 -30 -31
leaf_value=-0.0053785093215205047 -0.046547149822315184 0.03179944695931896 0.01411900236988688 0.013656826525259689 -0.013134902405556748 0.03095170967776735 -0.043171866866240735 -0.032548185535118949 0.031666592127800618 -0.0028430665834278993 0.037727419060681652 0.021010874684176464 0.019245503623351003 -0.035667275076746122 -0.016625812410901521 0.011176857327840179 -0.045572761791703699 -0.045083330374064395 -0.02894334174968189 0.022174444011504649 -0.054468535815773073 0.016212239165356367 -0.032093927479699191 -0.037994426378820237 0.034770493594616571 -0.033666742965807121 0.0010862491316644062 -0.018675330484250938 -0.030926544492417919 -0.045055203015413318
leaf_weight=1.5785914499480811 3.5681223165768179 1.193488953328542 1.539588900591297 0.53578700307269755 0.46893169037866744 0.52383791907294586 0.35897044274798862 0.33323306898256511 1.2533359387895191 0.92887638252619797 3.390793168493019 0.83419532961357845 3.3972910731924912 0.81480737376455159 0.91427753687310076 2.1622726820460803 0.42191195894338296 0.9469673273424063 1.0311916409984858 0.989639800081761 0.28851983640095114 0.26955790658121259 0.28658470046684703 0.16705029577133279 1.935154694329299 1.1536314531676906 0.42461084899969137 0.20430662573380676 0.68540732923344194 0.24667979970473652
leaf_count=5330 707850 540 173 2289 74 894 8800 781 1266 831 892 2633 628 268 675 711 179 3894 2979 1278 245 41 37 19 334 22222 299 24 1105 709
internal_value=-1.98577e-10 0.00567243 0.00803907 0.00129008 0.0161296 -0.00517677 0.00309879 -0.0159018 0.00686345 0.0226305 0.0262974 0.00572287 0.010368 -0.00112592 0.00590189 0.0113541 0.00191152 -0.0259438 -0.0143773 0.0156894 0.0039293 -0.0227708 0.0293876 0.0184822 0.0247663 -0.0173227 -0.0213902 0.0296667 -0.0110568 0.00661824
internal_weight=32.8476 29.2795 26.5473 14.4736 12.0736 8.45238 4.771 3.68137 4.41203 7.3817 6.45282 1.16743 6.02125 2.62395 4.69195 3.77767 2.58418 2.51395 1.56698 2.95611 1.70277 1.08437 5.98389 2.5931 2.30651 2.73222 0.713131 2.13946 1.45593 0.770518
internal_count=768000 60150 32598 28282 4316 27172 14596 12576 5796 2211 1380 3414 1110 482 2105 1430 890 9162 5268 3088 1822 309 1306 414 377 27552 544 358 2708 1603
is_linear=0
shrinkage=0.05


Tree=117
num_leaves=31
num_cat=0
split_feature=10 17 6 0 4 18 12 10 0 34 11 11 54 24 34 7 6 57 38 14 14 49 8 69 38 2 3 36 7 36
split_gain=3.26023 0.550489 0.587938 0.45691 0.296717 0.29436 0.247863 0.246499 0.241959 0.225847 0.222712 0.235138 0.221508 0.22295 0.362833 0.269549 0.194437 0.271634 0.204371 0.198276 0.231832 0.258215 0.19023 0.207628 0.212633 0.185969 0.209852 0.176698 0.173683 0.173088
threshold=3.7500000000000004 0.83447185158729564 1.0000000180025095e-35 10.500000000000002 1.0000000180025095e-35 0.3402294665575028 0.69615384936332714 3.2500000000000004 12.500000000000002 3.5467442274093632 0.78019323945045482 1.3405797481536867 2.7799751758575444 0.47727273404598242 0.70589840412139904 1.0000000180025095e-35 2.5000000000000004 0.89308768510818493 0.25025920569896704 2.5975841283798222 2.2348967790603642 13.633690834045412 1.0000000180025095e-35 7.7894504070281991 0.43605996668338781 4.5000000000000009 2.5000000000000004 0.9547502100467683 1.0000000180025095e-35 0.92197644710540783
decision_type=2 2 2 2 2 2 2 2 2 2 2 2 2 2 2 2 2 2 2 2 2 2 2 2 2 2 2 2 2 2
left_child=3 22 4 -1 5 6 -3 -5 25 12 -7 -12 13 15 -15 -10 18 -18 27 20 21 -20 23 24 -2 26 -4 29 -13 -16
right_child=1 2 8 7 -6 10 -8 -9 9 -11 11 28 -14 14 16 -17 17 -19 19 -21 -22 -23 -24 -25 -26 -27 -28 -29 -30 -31
leaf_value=-0.050018181060186163 0.017777997991758342 0.027814620488669173 0.0078845071008179623 -0.0069084368924979631 -0.050765047329361157 -0.04867280457071628 -0.0095206884196681416 -0.054301399266998479 0.032915818165332025 -0.01928252975506585 0.018413929022270036 0.00080610521529723153 0.03036276523870592 -0.032757700228680776 -0.031018380894404691 -0.021721630341482771 -0.01952979485170251 0.030190497455982946 0.01743352622591866 -0.027675577339723825 0.032771773988771007 -0.010959140893833437 0.020206542946840114 -0.033567055283996949 -0.031390767182786758 -0.047418316887117458 -0.027422875696462564 -0.041970421264504877 -0.050399192742400623 0.044095395950309535
leaf_weight=3.0425972420491716 0.53551394604676605 6.0647526158988967 0.98090399353986801 1.2700352132411579 0.15812872560940228 0.1632212670674561 0.47970422776461408 0.34996697077360739 1.1743359980271124 0.90207727302095086 3.1453703317592954 1.2425942961828012 0.90970031099323101 0.71889310809592633 0.15406094896070488 0.27945072181137209 0.34902275076547074 1.2899786815396508 1.4555149248662935 0.44269379645083962 0.74369340682005702 1.7801398941724071 0.32532271383143996 1.2995819423705368 0.373063668870941 0.34649852207155607 0.73707897308588599 0.49227182650406576 0.19106611209838309 0.15272456592174422
leaf_count=722330 424 1688 500 22891 1316 38 574 1126 117 1343 745 709 142 188 17 25 77 143 158 47 84 254 257 7367 1017 3354 782 137 127 23
internal_value=2.71092e-12 0.00669321 0.00900073 -0.0385971 0.0172515 0.0182044 0.025078 -0.0171467 0.00168581 0.00467252 0.0087187 0.0107644 0.00684595 0.00447755 0.00103716 0.0224133 0.00457864 0.0196026 -0.000137677 0.00406742 0.00759876 0.00181291 -0.0154885 -0.0207474 -0.00241079 -0.0140032 -0.00726368 -0.023409 -0.0060181 0.00637491
internal_weight=31.55 26.8874 24.3539 4.6626 11.4448 11.2867 6.54446 1.62 12.909 10.8446 4.74225 4.57903 9.94248 9.03278 7.57899 1.45379 6.8601 1.639 5.2211 4.42204 3.97935 3.23565 2.53348 2.20816 0.908578 2.06448 1.71798 0.799057 1.43366 0.306786
internal_count=768000 21653 12588 746347 5197 3881 2262 24017 7391 2755 1619 1581 1412 1270 1128 142 940 220 720 543 496 412 9065 8808 1441 4636 1282 177 836 40
is_linear=0
shrinkage=0.05


Tree=118
num_leaves=31
num_cat=0
split_feature=10 12 17 10 10 10 10 10 10 34 13 36 10 10 10 34 34 58 14 49 54 24 49 13 10 10 63 10 2 10
split_gain=3.04795 0.56062 0.474054 0.448986 1.02162 0.542057 1.24201 0.495424 0.721884 0.411647 0.353467 0.313453 0.304059 0.2682 0.321309 0.251151 0.355212 0.220379 0.277853 0.260618 0.212077 0.2788 0.21196 0.210571 0.241758 0.350514 0.196791 0.178318 0.239579 0.22453
threshold=2.7500000000000004 0.67708334326744091 0.84445098042488109 9.7500000000000018 9.2500000000000018 10.250000000000002 10.750000000000002 8.7500000000000018 8.2500000000000018 3.6601417064666752 343.19065856933599 0.65640783309936535 11.250000000000002 7.7500000000000009 7.2500000000000009 2.69426441192627 1.2688759565353396 0.25697118043899542 1.8297640085220339 12.593303680419924 1.7371867299079897 0.68333333730697643 10.755387306213381 349.09611511230474 6.7500000000000009 6.2500000000000009 4.2268071174621591 5.7500000000000009 1.5000000000000002 5.2500000000000009
decision_type=2 2 2 2 2 2 2 2 2 2 2 2 2 2 2 2 2 2 2 2 2 2 2 2 2 2 2 2 2 2
left_child=-1 2 -2 4 7 22 -7 8 13 11 -9 -8 -13 14 23 16 -12 -14 19 -19 21 -3 -5 24 25 27 -17 29 -29 -4
right_child=1 20 3 5 -6 6 9 10 -10 -11 15 12 17 -15 -16 26 -18 18 -20 -21 -22 -23 -24 -25 -26 -27 -28 28 -30 -31
leaf_value=-0.04577006040264809 -0.012265314214807302 0.0076387995571772357 0.0015787742123274835 -0.004449121312697279 -0.056970726424605378 -0.057448656378250175 -0.025265155916628021 0.04113060091873811 -0.054628764674434442 -0.039472757451218268 -0.025606084628149558 0.049197726750000878 0.033434846103501725 0.024975179782760329 -0.052692819376719414 -0.041579193887218063 0.052927834746147817 0.04521429148661299 0.034322443826083557 -0.025766201752046428 -0.032146892981350671 -0.031556886354282242 0.048634103829498031 -0.016714351221761271 0.023611448126433079 -0.054305986270960095 0.028027136345737409 0.045070250291889824 0.0060135738429413811 -0.053480140368055221
leaf_weight=3.2485682921929451 2.5549636244414335 1.4154797737959368 3.3814372662635539 0.21034494187915598 0.62682687639471701 0.56854366189986638 0.2912051603780127 1.7201822913839362 0.5100933888682001 0.26484424256773298 0.21950938091322292 1.2222615662612955 1.3524531113253035 1.6215694934392111 0.25296092432131523 0.35278853619047368 0.41847762831457658 0.15901668010337722 0.50425711771822535 0.69247224314312916 1.0896549157042157 0.6676948305348559 1.774420466424999 1.0292493814700945 1.7601791993815821 0.2599327867399096 0.14258134734154737 0.55758415290893015 1.3273395709893518 0.1958918047712358
leaf_count=739918 5511 2185 1456 26 129 96 29 406 146 201 34 250 186 475 179 61 115 27 107 76 12281 1740 438 716 412 171 17 96 344 172
internal_value=-4.39357e-10 0.00547767 0.0080919 0.0105205 0.0054545 0.0208662 0.0121725 0.00830035 0.00344339 0.0209951 0.0268466 0.0247886 0.028497 0.00629548 0.00283947 0.0051668 0.025907 0.0191544 0.00490858 -0.0125105 -0.0142733 -0.00492412 0.0430084 0.00448986 0.00740664 0.00242194 -0.0215445 0.00512146 0.017567 -0.00143621
internal_weight=30.3928 27.1442 23.9714 21.4164 14.3766 7.03982 5.05505 13.7498 10.8962 4.48651 2.85354 4.22167 3.93046 10.3861 8.76458 1.13336 0.637987 2.7082 1.35575 0.851489 3.17283 2.08317 1.98477 8.51161 7.48236 5.72219 0.49537 5.46225 1.88492 3.57733
internal_count=768000 28082 11876 6365 4929 1436 972 4800 4167 876 633 675 646 4021 3546 227 149 396 210 103 16206 3925 464 3367 2651 2239 78 2068 440 1628
is_linear=0
shrinkage=0.05


Tree=119
num_leaves=31
num_cat=0
split_feature=10 4 10 10 10 10 11 58 54 34 3 34 24 10 2 6 6 13 36 17 12 3 57 12 10 34 58 17 38 29
split_gain=2.8531 0.551214 0.514868 0.708745 0.396561 0.375849 0.354927 0.290826 0.293315 0.285733 0.260258 0.240382 0.228864 0.225275 0.240625 0.250033 0.252206 0.229473 0.244195 0.278448 0.220355 0.225195 0.215132 0.21339 0.208922 0.193013 0.192964 0.188585 0.187963 0.186046
threshold=1.7500000000000002 1.0000000180025095e-35 8.7500000000000018 8.2500000000000018 7.7500000000000009 7.2500000000000009 0.78019323945045482 0.32603697478771215 1.9115999937057497 0.81955704092979442 1.0000000180025095e-35 4.1963903903961191 0.47727273404598242 4.7500000000000009 2.5000000000000004 2.5000000000000004 1.0000000180025095e-35 266.13594055175787 0.93777653574943554 0.90714332461357128 0.55902779102325451 1.0000000180025095e-35 0.69339519739151012 0.34166666865348821 4.2500000000000009 3.3219519853591923 0.21206753700971606 0.98571288585662853 0.28775851428508764 10.338033676147463
decision_type=2 2 2 2 2 2 2 2 2 2 2 2 2 2 2 2 2 2 2 2 2 2 2 2 2 2 2 2 2 2
left_child=-1 2 3 4 5 10 7 8 22 12 -2 20 -8 24 17 16 -16 -15 19 -19 21 -11 -4 -18 -12 -6 -22 29 -17 -28
right_child=1 -3 6 -5 25 -7 9 -9 -10 11 13 -13 -14 14 15 28 23 18 -20 -21 26 -23 -24 -25 -26 -27 27 -29 -30 -31
leaf_value=-0.050005561447358404 -0.047577681880323831 -0.050344616094524522 -0.037356865777516089 -0.054012664335841447 0.02897474392984737 -0.052428498362604596 0.027955013497008775 -0.053369977540176861 -0.036917739642272379 -0.0086281577160668317 -0.0069451414879390452 -0.033940287341105296 -0.025966132046362857 -0.033878752386397211 0.0027387856842926691 -0.014855162165135761 0.058232466445891133 0.0020780703847286313 0.0010496093532655305 0.037507397802814535 0.024784405379336835 0.026613689527854256 0.026347087536167071 -0.030251010838897925 -0.052544916157183263 -0.011326704084564036 0.02777377548668027 0.051859172985722117 0.037984924402948449 -0.035565995267476662
leaf_weight=2.5960846249741989 0.28255961661688012 0.44329283371041484 0.15816390677127745 0.59354956413142268 1.7080534743009832 0.35553821030544064 0.28429776552229569 0.29064200469770174 0.35748692258562187 0.48420606528634014 2.2385084441221461 0.2033884459042391 0.63932339383677572 0.24682597497530689 1.6781730788477496 0.24616226011562492 0.071728454902768024 0.83260764973772472 1.6881479987198416 1.6607344130370618 0.57057766223897466 7.1008410390422796 0.81770643552681577 1.3612576643587315 0.2829367180880239 0.359642663836098 0.14653546564045428 0.097543868985667359 0.53208717980396614 0.55513242494498627
leaf_count=731500 3191 12381 115 472 494 637 48 528 432 131 8771 1186 138 87 1184 164 2 567 310 327 86 1552 78 1554 1100 378 25 8 344 210
internal_value=3.72155e-10 0.00493839 0.00588663 -0.000534844 0.00180859 -0.00182269 0.0136426 -0.00805018 0.00182852 0.0171369 -0.000204934 0.01981 -0.00936878 0.00103 0.00499872 -0.00407564 -0.0104162 0.0129688 0.0157341 0.0256764 0.0210308 0.024364 0.0160223 -0.0258219 -0.012062 0.021965 0.0025741 -0.0132824 0.0212715 -0.0223382
internal_weight=28.8837 26.2877 25.8444 14.1385 13.545 11.4773 11.7058 1.624 1.33336 10.0818 11.1217 9.15822 0.923621 10.8392 8.31772 3.88941 3.11116 4.42832 4.18149 2.49334 8.95484 7.58505 0.97587 1.43299 2.52145 2.0677 1.36979 0.799212 0.778249 0.701668
internal_count=768000 36500 24119 19582 19110 18238 4537 1153 625 3384 17601 3198 186 14410 4539 3248 2740 1291 1204 894 2012 1683 193 1556 9871 872 329 243 508 235
is_linear=0
shrinkage=0.05


Tree=120
num_leaves=31
num_cat=0
split_feature=10 12 17 6 11 18 19 11 1 6 6 10 10 1 69 24 18 58 57 10 38 49 21 10 10 36 54 14 29 43
split_gain=2.66457 0.525874 0.448147 0.40096 0.308801 0.235534 0.207142 0.199022 0.198204 0.183703 0.183144 0.181042 0.346705 0.239677 0.205835 0.199532 0.173937 0.197252 0.195339 0.183636 0.171708 0.200082 0.159815 0.170776 0.384432 0.182496 0.158532 0.158085 0.154804 0.152607
threshold=1.7500000000000002 0.67708334326744091 0.84445098042488109 1.0000000180025095e-35 1.3405797481536867 0.32312279939651495 0.011532245669513943 1.2565789222717287 18.500000000000004 2.5000000000000004 3.5000000000000004 10.250000000000002 10.750000000000002 14.500000000000002 9.892881393432619 0.70714285969734203 0.34890969097614294 0.37507063150405889 0.93675455451011669 6.7500000000000009 0.43809494376182562 9.2601008415222186 0.21426549553871158 9.7500000000000018 9.2500000000000018 0.91388580203056347 2.7444291114807133 2.4130655527114873 11.986687183380129 3.2769666910171513
decision_type=2 2 2 2 2 2 2 2 2 2 2 2 2 2 2 2 2 2 2 2 2 2 2 2 2 2 2 2 2 2
left_child=-1 2 20 4 5 6 -4 29 -8 -3 -11 22 -13 -14 -15 -16 18 -18 19 26 21 -2 23 24 25 -7 28 -23 -6 -5
right_child=1 9 3 7 16 11 8 -9 -10 10 -12 12 13 14 15 -17 17 -19 -20 -21 -22 27 -24 -25 -26 -27 -28 -29 -30 -31
leaf_value=-0.050005324927053479 0.036085350928842463 -0.024827986605554041 0.04159882400712709 -0.025900536453360008 0.014602487892500342 0.039822047809826983 0.043853679433828646 -0.0074050666896347721 -0.036355365921661879 0.0081843818533787679 -0.042631213063385243 -0.057516443348576696 -0.024927130363245047 0.053494033579593585 -0.036256664795183788 0.026841301535622131 -0.018841594854705261 0.024243034443492937 0.033826297015557109 0.03062733434041855 -0.029700661890194116 0.00034837606782612673 -0.048930924420972022 0.05087520574844652 -0.055451436411899584 -0.00016750592733352912 0.024655120017176103 -0.039402545020613682 -0.033343629783572588 0.0094655894767601348
leaf_weight=2.4301777381501806 0.27662755877737 1.7998562129202462 2.1469554662530776 0.32031779890257706 0.24105105432147478 0.92703690539610872 0.13512310285841511 3.1821678613107451 0.17911816926425672 1.083105310047358 0.21202229122468441 0.20682199854240924 0.32223366444827639 0.37945601447245281 0.1876287080772272 0.37711287107595126 1.0550844738518206 0.35504994233610876 0.82465560237460511 0.44611868528727416 0.92557388905970572 0.8770009523086626 0.070183438316234859 0.57766385420109134 0.15587310770388274 0.41213371511003061 0.28315217794818182 0.34990119966550992 0.55819766986837749 6.3899153505901722
leaf_count=731500 123 18183 747 54 152 326 31 2007 24 2601 2356 36 67 84 40 120 596 257 264 317 4054 590 6 170 41 93 369 1459 262 1071
internal_value=6.4773e-11 0.00481139 0.00750752 0.0100021 0.0171481 0.024118 0.0360494 0.00289351 -0.00186564 -0.0144948 -0.00013452 0.0159974 0.00250467 0.0123068 0.0250139 0.00587775 0.00589248 -0.00799355 0.0142137 0.00363239 -0.0127576 -0.00232737 0.0252737 0.0277863 0.0188651 0.0275151 -0.00749375 -0.0109882 -0.0188832 0.00777736
internal_weight=27.6873 25.2571 22.1622 19.7331 9.84065 6.07734 2.4612 9.8924 0.314241 3.09498 1.29513 3.61614 1.47325 1.26643 0.944198 0.564742 3.76331 1.41013 2.35318 1.52852 2.4291 1.50353 2.14289 2.07271 1.49504 1.33917 1.0824 1.2269 0.799249 6.71023
internal_count=768000 36500 13360 7134 4002 1785 802 3132 55 23140 4957 983 347 311 244 160 2217 853 1364 1100 6226 2172 636 630 460 419 783 2049 414 1125
is_linear=0
shrinkage=0.05


Tree=121
num_leaves=31
num_cat=0
split_feature=11 4 6 57 11 17 10 2 12 14 5 7 37 69 12 54 14 57 12 34 54 17 69 57 14 58 14 6 56 19
split_gain=2.50064 0.485605 0.474194 0.368164 0.343742 0.266466 0.233512 0.192604 0.20017 0.200269 0.169208 0.172014 0.165076 0.153901 0.153404 0.178492 0.349361 0.185184 0.175417 0.171263 0.206739 0.211689 0.2089 0.194387 0.208883 0.172202 0.211134 0.162071 0.165638 0.185674
threshold=2.0263158082962041 1.0000000180025095e-35 1.0000000180025095e-35 0.71274510025978099 1.3405797481536867 0.83447185158729564 4.7500000000000009 7.5000000000000009 0.20526316016912463 3.5592596530914311 1.5000000000000002 1.5000000000000002 0.97627702355384838 8.1768126487731951 0.5419580638408662 0.57601362466812145 0.46743613481521612 0.89308768510818493 0.22474747896194461 3.5467442274093632 2.7444291114807133 0.92417654395103466 14.878560543060305 0.97895076870918285 2.5609524250030522 0.25848318636417394 1.1243013739585879 2.5000000000000004 0.82376471161842357 1.0000000180025095e-35
decision_type=2 2 2 2 2 2 2 2 2 2 2 2 2 2 2 2 2 2 2 2 2 2 2 2 2 2 2 2 2 2
left_child=1 2 3 13 7 -4 -7 8 -5 -10 11 -6 -11 -1 18 16 -16 -17 -8 20 21 25 23 24 -23 26 -20 28 29 -19
right_child=-2 -3 5 4 10 6 14 -9 9 12 -12 -13 -14 -15 15 17 -18 27 19 -21 -22 22 -24 -25 -26 -27 -28 -29 -30 -31
leaf_value=0.0060270962521903719 -0.050004370180797987 -0.050359320347580144 -0.030397809937980125 -0.014025251835563106 0.011117241786038307 -0.021182362677251626 -0.047908470884684549 -0.044189818038680967 0.030077229373816031 -0.030660835804619174 -0.022111630674412752 -0.049028325878021126 0.031615644876572618 -0.024403193037744509 -0.046165939954871428 -0.032458398146908277 0.030369346862742175 0.012345024465139945 -0.03566231674413773 -0.018805290861949878 0.038912962190799261 0.026081920003399192 -0.013165793833806692 -0.029065890840182341 -0.030116244412194005 -0.026515243955038226 0.024570572527697961 0.0093986570414268233 -0.042256155056042854 -0.036593656551624477
leaf_weight=0.84498867453158755 2.2860186334730477 0.39420572594610703 0.73584587025840065 0.30881626103928095 3.3087590732486669 1.1104510396515355 0.13834490608564731 0.10182446363387487 5.1708535068046331 0.25900594684344458 0.50242090096878644 0.12330698017569819 0.18060898251451363 0.81745730809484485 0.1870704924565415 0.72013738906321156 0.73468634310597736 0.58817322060906485 0.1989080583443863 0.50833078230994022 0.61319456389173854 2.7713849690917427 0.57788977496966243 0.19301094496040594 0.17583869423833665 0.675378906307742 0.54173695162353397 1.2165912452865084 0.41069561812821576 0.2890693395498829
leaf_count=689 737168 8947 4907 61 2040 6441 20 75 1387 158 228 160 142 1931 117 745 162 433 18 358 80 341 63 26 22 71 66 392 470 282
internal_value=2.5234e-10 0.00468507 0.00558901 0.0128452 0.0164824 -0.00121692 0.000626086 0.0239927 0.0251656 0.0273228 0.00498906 0.00895634 -0.00507551 -0.00893607 0.00292364 -0.00456683 0.0148365 -0.0101132 0.0077811 0.00901268 0.0114731 0.0081958 0.0144613 0.0195455 0.022729 -0.00825591 0.00839439 -0.00368819 -0.0160501 -0.00378127
internal_weight=26.685 24.399 24.0048 11.618 9.9556 12.3867 11.6509 6.02111 5.91928 5.61047 3.93449 3.43207 0.439615 1.66245 10.5404 4.14642 0.921757 3.22467 6.39402 6.25567 5.74734 5.13415 3.71812 3.14023 2.94722 1.41602 0.740645 2.50453 1.28794 0.877243
internal_count=768000 30832 21885 6871 4251 15014 10107 1823 1748 1687 2428 2200 300 2620 3666 2601 279 2322 1065 1045 687 607 452 389 363 155 84 1577 1185 715
is_linear=0
shrinkage=0.05


Tree=122
num_leaves=31
num_cat=0
split_feature=12 57 10 6 18 10 14 2 11 34 13 57 12 69 25 56 3 14 12 17 37 69 58 24 3 13 29 29 12 3
split_gain=2.35038 0.455012 0.424895 0.317001 0.256495 0.226594 0.193189 0.203634 0.193062 0.176468 0.203445 0.175471 0.195053 0.197846 0.224516 0.17453 0.171484 0.170006 0.166742 0.165903 0.16055 0.16052 0.160032 0.154983 0.146717 0.142918 0.139037 0.13879 0.137541 0.141865
threshold=0.86190477013587963 0.40444585680961614 5.7500000000000009 1.0000000180025095e-35 0.31951713562011724 5.2500000000000009 2.633392453193665 5.5000000000000009 1.5941176414489748 3.0603588819503789 334.22550964355474 0.79966711997985851 0.46410256624221807 12.504599571228029 47.750000000000007 0.66797900199890148 1.0000000180025095e-35 1.6015546321868899 0.20526316016912463 0.92417654395103466 0.97627702355384838 10.196917057037355 0.43809729814529424 0.43650794029235845 1.0000000180025095e-35 347.20008850097662 11.205268859863283 10.274302005767824 0.22474747896194461 3.5000000000000004
decision_type=2 2 2 2 2 2 2 2 2 2 2 2 2 2 2 2 2 2 2 2 2 2 2 2 2 2 2 2 2 2
left_child=1 -1 5 4 6 19 7 18 -2 11 15 21 23 14 -14 -11 22 -9 -4 27 -8 24 -5 26 -6 -21 -13 -3 -18 -30
right_child=8 2 3 16 9 -7 20 17 -10 10 -12 12 13 -15 -16 -17 28 -19 -20 25 -22 -23 -24 -25 -26 -27 -28 -29 29 -31
leaf_value=-0.03382982069010132 -0.019278443468367476 0.015045596077623747 -0.028339911157453032 -0.03735886770299459 -0.045844083576832804 -0.052775385678642595 -0.013992015116463093 -0.041797989571835378 -0.05000839168519438 -0.011413079401105877 -0.034038787894174138 0.046789290312237532 0.029955992573599849 -0.030428791480907342 -0.045615166843597586 0.038539923218667421 -0.046597027178272354 0.029557547991855365 0.042245261077030111 0.0032702197542069261 0.029111719394935648 -0.029762134860594858 0.049875396156679297 0.034568135112318821 0.022867802213771354 -0.038072995144829272 -0.031806863251693948 -0.034951819233579304 0.0086049031694994237 -0.0097518124499502493
leaf_weight=0.71817414478429142 0.66736744665450887 0.17603513839395901 0.086988688310160156 0.40536102627635173 0.091900523989806859 0.2565538861464346 0.44533904009472269 0.14973349648289502 2.182916030150011 0.42688766208311768 0.44108942371792637 0.082582211252884563 0.58890635988791451 0.31254992027970729 0.11797028797445819 0.29617587314101002 0.12667115680983343 0.18863317152954551 2.1914196447464747 3.1627171897929434 0.41956006782697841 0.36849354063224382 0.060409029152879157 1.8158316021981591 0.50236025229150982 0.2238279589041382 0.17659654968883842 0.65630361174220297 7.1347825393485191 1.23464247610093
leaf_count=18094 4480 1292 29 483 19 542 234 48 713337 472 416 47 111 48 14 147 42 51 832 9529 242 95 44 654 135 4172 28 10273 1743 347
internal_value=1.67513e-10 0.00533849 0.00660901 0.0100954 0.0168923 -0.00715219 0.027404 0.0341752 -0.0428133 0.00988297 -0.0072771 0.0148068 0.0206068 0.00269713 0.017344 0.0090483 0.00349489 -0.00201859 0.0395503 -0.00437781 0.00691748 -0.00383522 -0.0260448 0.0294056 0.0122417 0.00053771 -0.00676375 -0.0243776 0.0051143 0.00589695
internal_weight=25.7088 22.8585 22.1403 17.6649 8.70302 4.47544 3.48167 2.61678 2.85028 5.22134 1.16415 4.05719 3.09444 1.01943 0.706877 0.723064 8.96187 0.338367 2.27841 4.21888 0.864899 0.962754 0.46577 2.07501 0.594261 3.38655 0.259179 0.832339 8.4961 8.36943
internal_count=768000 50183 32089 6281 3622 25808 1436 960 717817 2186 1035 1151 902 173 125 619 2659 99 861 25266 476 249 527 729 154 13701 75 11565 2132 2090
is_linear=0
shrinkage=0.05


Tree=123
num_leaves=31
num_cat=0
split_feature=10 4 10 10 10 10 12 34 12 3 34 34 3 6 2 13 58 11 13 3 6 34 17 19 58 38 49 14 7 5
split_gain=2.20121 0.455765 0.425793 0.600485 0.317502 0.326914 0.287267 0.278486 0.27328 0.224942 0.194555 0.181063 0.175964 0.185828 0.208286 0.19241 0.175793 0.252449 0.237008 0.190365 0.166408 0.164756 0.16178 0.155565 0.155669 0.152986 0.144849 0.209824 0.144592 0.184425
threshold=1.7500000000000002 1.0000000180025095e-35 8.7500000000000018 8.2500000000000018 7.7500000000000009 7.2500000000000009 0.62019231915473949 4.1185941696167001 0.22474747896194461 1.5000000000000002 0.46517780423164373 0.25754672288894659 5.5000000000000009 1.0000000180025095e-35 3.5000000000000004 287.12956237792974 0.32603697478771215 0.78019323945045482 312.19490051269537 1.0000000180025095e-35 1.0000000180025095e-35 3.3219519853591923 0.93856495618820202 0.011532245669513943 0.22221294045448306 0.26342816650867468 12.76598644256592 2.8875210285186772 1.0000000180025095e-35 1.0000000180025095e-35
decision_type=2 2 2 2 2 2 2 2 2 2 2 2 2 2 2 2 2 2 2 2 2 2 2 2 2 2 2 2 2 2
left_child=-1 2 3 4 5 9 7 8 -4 28 11 -10 13 -11 15 -15 19 -18 -19 -12 23 25 -8 -21 -25 -6 27 -17 29 -2
right_child=1 -3 6 -5 21 -7 22 -9 10 12 16 -13 -14 14 -16 26 17 18 -20 20 -22 -23 -24 24 -26 -27 -28 -29 -30 -31
leaf_value=-0.050004818323973237 0.0083083434484479083 -0.050335846555971245 -0.014919852388276075 -0.053640964412580351 -0.0081014672804306988 -0.052270324495438482 -0.044249274567503077 -0.037052758396411735 0.026550554305467419 0.013378935054869819 -0.021542165942079222 -0.045073751162853691 -0.035119086955368473 -0.024762588761840943 -0.026388831847181604 0.033659075887189908 -0.052668751869262669 0.048098633223474248 0.00086620359037110721 0.040311116086707795 0.018640169402228603 -0.012109864636559782 0.00052389814414325166 -0.03139594932378157 0.028714888578668753 0.035074253151294171 0.00087074518706325944 -0.052598588646241486 -0.039300844777716351 -0.030266937822663771
leaf_weight=2.0216037008878258 0.75192314005829508 0.37363921123269861 0.62164354521291443 0.51722772048503962 0.2464585700054166 0.31406259209728737 0.29229341541270137 0.24424737295260079 0.14793892109264373 3.3786825551450761 0.21462356078518485 0.21864536080101971 0.28891768192357847 0.53680502462293622 0.74273138006799388 0.74887067505596894 0.16389078946849611 0.35666393283827336 1.0402089041244833 2.4119389447660073 3.2821973226891714 0.31296274061958218 0.65136909140051102 0.15803902954212379 0.33817237593757454 1.2246774245778622 2.1243645870424643 0.077828851221624973 0.49989790775060772 0.52700223802531809
leaf_count=731500 1929 12381 259 472 41 637 991 1180 41 2774 65 36 1263 501 4944 177 53 74 212 913 415 378 230 14 54 453 1413 301 2179 2120
internal_value=1.57085e-10 0.00443223 0.00534438 -0.00091244 0.00140367 -0.00206579 0.0129279 0.0156233 0.0170602 -0.000436433 0.0194461 -0.016169 0.0031813 0.00463553 -0.00234721 0.00277238 0.0210851 0.00603817 0.0129261 0.0247517 0.0263568 0.0208329 -0.0133443 0.0350658 0.00957011 0.027841 0.00778105 0.0255384 -0.0164996 -0.00758724
internal_weight=24.8295 22.8079 22.4343 12.2924 11.7752 9.99109 10.1419 9.19821 8.95396 9.67702 8.33232 0.366584 7.8982 7.60928 4.2306 3.48787 7.96573 1.56076 1.39687 6.40497 6.19035 1.7841 0.943663 2.90815 0.496211 1.47114 2.95106 0.8267 1.77882 1.27893
internal_count=768000 36500 24119 19582 19110 18238 4537 3316 2136 17601 1877 77 11373 10110 7336 2392 1800 339 286 1461 1396 872 1221 981 68 494 1891 478 6228 4049
is_linear=0
shrinkage=0.05


Tree=124
num_leaves=31
num_cat=0
split_feature=10 12 17 10 10 6 18 16 24 10 10 2 19 37 3 21 37 37 23 6 58 36 58 38 14 34 3 43 38 6
split_gain=2.05502 0.43539 0.379709 0.34623 0.348806 0.298306 0.274021 0.193859 0.206421 0.182454 0.170443 0.165223 0.162527 0.159427 0.150995 0.15333 0.150098 0.191768 0.155374 0.149837 0.149542 0.261446 0.143162 0.139697 0.151824 0.135749 0.137487 0.136476 0.133657 0.161542
threshold=1.7500000000000002 0.69615384936332714 0.84445098042488109 6.7500000000000009 6.2500000000000009 1.0000000180025095e-35 0.32312279939651495 0.75779366493225109 0.47727273404598242 5.7500000000000009 5.2500000000000009 1.5000000000000002 0.020919729955494407 0.91465884447097789 3.5000000000000004 0.0026813719887286429 0.94139653444290172 0.97718599438667308 4.7964837551116952 2.5000000000000004 0.17698703706264499 0.96098822355270397 0.082791313529014601 0.24589308351278308 2.5609524250030522 2.4005811214447026 1.5000000000000002 3.2384861707687382 0.39099882543087011 2.5000000000000004
decision_type=2 2 2 2 2 2 2 2 2 2 2 2 2 2 2 2 2 2 2 2 2 2 2 2 2 2 2 2 2 2
left_child=-1 2 25 4 9 6 12 8 -7 10 -4 -11 -5 -10 16 -16 -9 -18 28 22 -13 -22 -3 -21 -25 26 -2 -27 29 -19
right_child=1 19 3 5 -6 7 -8 14 13 11 -12 20 -14 -15 15 -17 17 18 -20 23 21 -23 -24 24 -26 27 -28 -29 -30 -31
leaf_value=-0.0500045878469427 -0.023026905130967324 0.044478767266615753 -0.0024138720690265736 0.03813050010646199 -0.053702292507948723 0.026433165163653918 0.012789713105121215 -0.046622974249605875 0.02003540663589946 0.039886270981811391 -0.052652189557524189 -0.038800794388447815 -0.012879756305011035 -0.023576209986212213 -0.030664097843635347 0.038458522238181116 0.043227590426292678 0.01138158925470455 -0.035376445885904516 -0.03133836042441545 -0.0078429364390662174 0.039299400743721499 -0.03065253266386438 0.020990915508202521 -0.035904771723428958 0.02549089644156137 0.010494995823004494 -0.036219134143436894 -0.016191006544275771 0.040429951030094904
leaf_weight=1.8917001617765574 0.51013628941092937 0.066719140942495314 3.2071312742742211 2.3051645864134103 0.29875958504430844 0.35884266309903967 3.3927381030873676 0.095430012694123767 0.25413290430196855 0.47509622246661809 0.17821152017654629 0.16609421798602841 0.16750005552421487 1.1946240728814244 0.35548011246044087 0.10361223152858656 0.58239468240617531 2.0195863951094011 0.16412705904258462 0.28487756196494707 0.70606305253409096 0.50406622985883587 1.2766286452550444 0.59809048141323728 0.14584436326197192 0.1018838441873412 0.76390885768955741 0.74280824245852273 0.31492719840798589 0.62726272259260429
leaf_count=731500 768 346 2793 1039 232 63 1259 21 34 115 259 53 49 338 86 13 109 340 32 1160 284 99 17573 914 2767 162 399 4998 102 93
internal_value=1.65826e-10 0.00430712 0.0067569 0.00918103 -0.00115471 0.0139744 0.0220159 0.00620451 -0.00751699 0.00184321 -0.00505852 0.0144638 0.034675 -0.0159261 0.0120229 -0.0150639 0.0152922 0.0168855 0.0119777 -0.0159239 0.00568752 0.0117937 -0.026921 -0.00156456 0.00983683 -0.0132326 -0.0029274 -0.0287759 0.0146018 0.0182656
internal_weight=23.8538 21.9621 19.59 17.4712 5.53542 11.9358 5.8654 6.07042 1.8076 5.23666 3.38534 1.85132 2.47266 1.44876 4.26282 0.459092 3.80373 3.7083 3.1259 2.37216 1.37622 1.21013 1.34335 1.02881 0.743935 2.11874 1.27405 0.844692 2.96178 2.64685
internal_count=768000 36500 13740 7413 3835 3578 2347 1231 435 3603 3052 551 1088 372 796 99 697 676 567 22760 436 383 17919 4841 3681 6327 1167 5160 535 433
is_linear=0
shrinkage=0.05


Tree=125
num_leaves=31
num_cat=0
split_feature=10 4 10 10 10 10 11 34 57 10 2 3 37 13 17 29 49 34 37 5 18 54 6 69 54 6 6 23 49 13
split_gain=1.92963 0.413638 0.369106 0.537254 0.264096 0.289196 0.256754 0.23173 0.229907 0.21016 0.215066 0.215616 0.200043 0.208544 0.212602 0.188342 0.186568 0.183967 0.173249 0.172743 0.195989 0.165524 0.153924 0.21357 0.181165 0.15079 0.164927 0.157812 0.159587 0.159049
threshold=1.7500000000000002 1.0000000180025095e-35 8.7500000000000018 8.2500000000000018 7.7500000000000009 7.2500000000000009 0.78019323945045482 0.81955704092979442 0.92131048440933239 4.7500000000000009 2.5000000000000004 1.5000000000000002 0.99597573280334484 266.13594055175787 0.90714332461357128 12.669895172119142 13.44248151779175 4.1963903903961191 0.95815667510032665 1.0000000180025095e-35 0.25935623049736029 2.5942772626876835 1.0000000180025095e-35 12.576331615448 0.42364057898521429 2.5000000000000004 1.0000000180025095e-35 3.4975163936614995 16.125826835632328 340.07829284667974
decision_type=2 2 2 2 2 2 2 2 2 2 2 2 2 2 2 2 2 2 2 2 2 2 2 2 2 2 2 2 2 2
left_child=-1 2 3 4 5 9 8 15 -4 18 11 -11 13 -13 16 -8 21 -9 -2 -14 -21 -15 23 24 -20 26 27 28 -12 -29
right_child=1 -3 6 -5 -6 -7 7 17 -10 10 25 12 19 14 -16 -17 -18 -19 22 20 -22 -23 -24 -25 -26 -27 -28 29 -30 -31
leaf_value=-0.050004382525322133 -0.039194686365593152 -0.050325276793339771 -0.021353674582150248 -0.053444152431718517 0.019726824417069216 -0.052043165372229611 0.0088883574857684649 0.01961483379758408 0.024909464589719925 -0.035462096034008447 -0.043917041236702758 -0.033773456740851727 -0.025547600256686811 0.041875011214709462 0.039916450516357671 -0.042558009290517174 -0.030126998048652067 -0.033518219967260163 -0.039012585688110661 0.031493004266980838 -0.019144019590340389 -0.042408210820837913 -0.019912081940923976 -0.041916932651798355 0.035848129801344039 0.015745572476539248 -0.025066060311422174 0.022895286477223692 0.035723263414885208 -0.020738632010396045
leaf_weight=1.7800030312351705 0.51747620688877338 0.34229694658080134 0.937774338713665 0.4675673260080665 1.6490628042490705 0.279815054445124 0.46796795982799988 7.2110708673184831 0.37631106394155722 0.22239266192298179 0.29896554319253787 0.14226452219213648 0.44309010242704949 0.31315495598346377 1.3676209737104725 0.28700929178194201 0.23797171523722227 0.1666761517095664 0.096085450469217681 0.5272726095681719 0.29970422828114351 0.071565950890885688 0.91405440724625464 0.15449630796729252 0.50862004232288882 0.66245354706393289 1.1504698155732738 0.74016348958463118 0.079664394424867169 0.29093328240776373
leaf_count=731500 3648 12381 1096 472 872 637 114 2012 57 427 263 72 118 69 324 72 226 1186 96 75 77 127 6818 398 1004 740 1900 815 66 338
internal_value=3.87234e-10 0.00419375 0.00508743 -0.000954696 0.00128308 -0.00198094 0.0124011 0.0157146 -0.00810543 -0.000431092 0.00388133 0.0122361 0.0153536 0.0247094 0.0288897 -0.0106693 0.00467166 0.0184145 -0.0139107 -0.000355913 0.0131417 0.0261966 -0.00609124 0.0105486 0.023953 -0.00551662 -0.0110182 0.000446106 -0.0271606 0.0105836
internal_weight=23.004 21.224 20.8817 11.4349 10.9673 9.31824 9.44681 8.13272 1.31409 9.03842 6.84769 3.62504 3.40265 2.13258 1.99031 0.754977 0.622693 7.37775 2.19073 1.27007 0.826977 0.384721 1.67326 0.759202 0.604705 3.22265 2.5602 1.40973 0.37863 1.0311
internal_count=768000 36500 24119 19582 19110 18238 4537 3384 1153 17601 5637 1515 1088 818 746 186 422 3198 11964 270 152 196 8316 1498 1100 4122 3382 1482 329 1153
is_linear=0
shrinkage=0.05


Tree=126
num_leaves=31
num_cat=0
split_feature=12 57 10 10 10 10 10 10 14 10 13 36 3 10 10 69 12 11 58 54 34 16 63 34 43 25 14 10 18 10
split_gain=1.81304 0.392645 0.340166 0.724392 0.425917 0.777002 0.314277 0.438267 0.304982 0.261842 0.242554 0.232529 0.207449 0.228201 0.238735 0.175192 0.172107 0.16377 0.156814 0.155239 0.153746 0.433681 0.189524 0.153445 0.158012 0.152012 0.202553 0.147889 0.18868 0.17568
threshold=0.86190477013587963 0.67305442690849315 9.7500000000000018 9.2500000000000018 10.250000000000002 10.750000000000002 8.7500000000000018 8.2500000000000018 2.9224967956542973 11.250000000000002 394.07733154296881 0.71919968724250805 1.0000000180025095e-35 7.7500000000000009 7.2500000000000009 8.1768126487731951 0.46862745285034185 1.5941176414489748 0.23970581591129306 4.1939470767974862 1.5885593891143801 0.88889971375465404 1.8688347935676577 1.0121138691902163 4.5053346157073983 46.190477371215827 1.8978620171546938 5.7500000000000009 0.21139135211706164 5.2500000000000009
decision_type=2 2 2 2 2 2 2 2 2 2 2 2 2 2 2 2 2 2 2 2 2 2 2 2 2 2 2 2 2 2
left_child=1 15 3 6 -4 -6 7 12 9 -7 20 -11 -3 14 19 -1 18 -2 -13 27 21 -8 -22 -18 -25 26 -20 29 -29 -14
right_child=17 2 4 -5 5 8 10 -9 -10 11 -12 16 13 -15 -16 -17 23 -19 25 -21 22 -23 -24 24 -26 -27 -28 28 -30 -31
leaf_value=-0.0021597017654701161 -0.019250817444427373 -0.039623987244720306 0.03927317943230671 -0.055602219911199152 -0.05587653231798996 0.043559814346060974 0.036268683773192908 -0.053219001446296356 -0.029841279405768386 -0.028810690545637965 -0.038739083412494373 0.050223407588549901 -0.0010389628573252458 0.023368916607201685 -0.052092292384265951 -0.032555946546380755 0.031406599332535493 -0.050007592801854697 -0.030488121396374603 -0.046647212601349727 -0.047411560125595761 -0.053847142341282385 0.039287694667987927 -0.050192577446252232 0.014447616180160078 0.03946120867241882 0.033113397543765209 -0.025231332250906964 0.014157373887865855 -0.052325933475383939
leaf_weight=0.98716890625499931 0.58028941151411517 0.2735944299059242 1.5941994800059536 0.51324571713803457 0.41724197350015435 0.91661187730824245 0.38623260152417227 0.35647663533006912 0.32495994930184213 0.30387666951855896 0.15237404283197964 0.49884042683697749 3.3920983182726716 1.3696704484837026 0.20444116205652552 0.91196250650131105 0.19668184599140648 1.702933007695776 0.28576057363534346 0.15621716931619278 0.066022777891703188 0.20403747363889124 1.3923887941959945 0.22329642358090496 0.16396276195519022 0.37110340667277342 0.22277214490168262 0.33371123156462124 3.4188731774104326 0.17561833288647211
leaf_count=5045 4480 3891 514 164 119 266 135 193 330 58 30 89 8290 511 216 19612 17 713337 61 8594 19 22 483 26 35 93 47 141 977 205
internal_value=-1.76907e-10 0.00486188 0.00715363 0.002556 0.0174788 0.00862691 0.00506821 0.00119074 0.0162992 0.02101 0.0221221 0.0118896 0.00327089 0.00456758 0.00121492 -0.016756 0.018192 -0.0421906 0.0278293 0.00267257 0.0266488 0.00511853 0.0353628 -0.00455841 -0.0228244 0.0151297 -0.0026263 0.00372507 0.0106546 -0.00356353
internal_weight=22.0967 19.8134 17.9143 12.395 5.51931 3.92511 11.8818 9.6807 3.50787 3.18291 2.20106 2.26629 9.32422 9.05063 7.68096 1.89913 1.96242 2.28322 1.37848 7.47652 2.04868 0.59027 1.45841 0.583941 0.387259 0.879636 0.508533 7.3203 3.75258 3.56772
internal_count=768000 50183 25526 23871 1655 1141 23707 23018 1022 692 689 426 22825 18934 18423 24657 368 717817 290 18207 659 157 502 78 61 201 108 9613 1118 8495
is_linear=0
shrinkage=0.05


Tree=127
num_leaves=31
num_cat=0
split_feature=10 12 17 6 18 16 13 34 14 10 69 7 14 14 38 23 4 57 6 36 38 34 6 2 1 38 19 2 16 29
split_gain=1.69138 0.378248 0.330372 0.276624 0.203017 0.17624 0.161623 0.160241 0.202956 0.152248 0.151834 0.145702 0.188118 0.15421 0.145175 0.140681 0.135366 0.13278 0.13269 0.131979 0.141511 0.184342 0.137842 0.128633 0.117207 0.160641 0.115339 0.112148 0.110352 0.109443
threshold=1.7500000000000002 0.67708334326744091 0.89454162120819103 1.0000000180025095e-35 0.34890969097614294 0.87750262022018444 331.11410522460943 3.1350153684616093 1.2089896798133852 4.7500000000000009 8.6271224021911639 1.0000000180025095e-35 1.6652443408966067 1.1513625383377077 0.43605996668338781 4.8585152626037607 1.0000000180025095e-35 0.4527812004089356 1.5000000000000002 0.87555310130119335 0.25025920569896704 3.0217120647430424 2.5000000000000004 5.5000000000000009 18.500000000000004 0.4259129017591477 0.011532245669513943 5.5000000000000009 0.77561488747596752 11.348460197448732
decision_type=2 2 2 2 2 2 2 2 2 2 2 2 2 2 2 2 2 2 2 2 2 2 2 2 2 2 2 2 2 2
left_child=-1 2 10 4 16 6 15 8 29 -5 14 -11 13 -13 28 -6 24 -12 -19 -3 -21 22 23 -22 -4 26 -26 -10 -2 -8
right_child=1 19 3 9 5 -7 7 -9 27 11 17 12 -14 -15 -16 -17 -18 18 -20 20 21 -23 -24 -25 25 -27 -28 -29 -30 -31
leaf_value=-0.05000411007960244 0.02140876371446146 -0.044712454927841649 0.037279087248349378 -0.021946901539547283 0.026900750694732148 -0.027596936978522536 0.032504161746891184 -0.039374535185396603 0.045102777772931368 0.0084629826482872841 -0.050308837191071792 -0.010089423922361989 -0.034425674250563837 0.051080299658706786 -0.015142226095441989 -0.039679024151848249 -0.050482350890968142 -0.0063080622216510661 -0.050614172879323717 -0.033863237718118937 0.0019248282501651585 -0.038175324178268168 0.024225422630607518 -0.048713159861692765 0.026175463071020779 -0.028288404879710516 -0.0096378956554069219 -0.039836799773109756 -0.044714326728379661 -0.046485276642119461
leaf_weight=1.5653714923486486 0.86850545174912175 0.31492329666144714 1.3857573678760653 0.55022725339574652 1.2070148773024136 0.3336296520955101 0.058326221245806553 0.24854455957984101 0.29012383527697239 5.6746011299026122 0.25620333445630183 0.31371316631702928 0.48637232418673193 0.15342253636663372 0.58505160070080819 0.084921945630867302 0.059456406540220885 1.4241848938110022 0.19173615031968427 0.47890753891348969 0.60335138653022091 0.30144158868981197 0.55125759357792958 0.15832117623767772 2.2026120052230462 0.16610402395008339 0.25037044435885025 0.044870899298985023 0.068041078057262894 0.17670735039882857
leaf_count=731500 565 9117 418 1067 713 87 18 163 135 1376 3299 42 163 27 1384 16 386 1509 513 4613 776 7010 524 1100 1189 81 74 15 67 53
internal_value=-1.41465e-10 0.00401643 0.00663198 0.0100946 0.0175598 0.00617229 0.0115105 -0.00587229 0.00873541 0.00332615 -0.0073328 0.00542418 -0.0126606 0.0100007 0.00439816 0.0225243 0.0244078 -0.0168673 -0.0115652 -0.0145347 -0.00999461 -0.00291393 0.0051819 -0.00860078 0.0255197 0.0192978 0.0225201 0.0337255 0.0166049 -0.0268832
internal_weight=21.0541 19.4887 17.0805 13.6868 6.50844 2.44414 2.11051 0.818573 0.570028 7.17834 3.39372 6.62811 0.953508 0.467136 1.5216 1.29194 4.0643 1.87212 1.61592 2.4082 2.09328 1.61437 1.31293 0.761673 4.00484 2.61909 2.45298 0.334995 0.936547 0.235034
internal_count=768000 36500 13360 6023 3348 1200 1113 384 221 2675 7337 1608 232 69 2016 729 2148 5321 2022 23140 14023 9410 2400 1876 1762 1344 1263 150 632 71
is_linear=0
shrinkage=0.05


Tree=128
num_leaves=31
num_cat=0
split_feature=10 57 12 10 17 34 5 3 14 12 63 69 13 41 2 37 34 13 6 34 56 16 54 12 34 37 16 12 13 17
split_gain=1.58975 0.335775 0.33003 0.300185 0.24957 0.166516 0.159855 0.176989 0.168347 0.154769 0.210784 0.1799 0.148711 0.147945 0.14315 0.164525 0.135391 0.160561 0.130334 0.207573 0.144307 0.179705 0.142943 0.130477 0.14907 0.128828 0.126852 0.126262 0.18561 0.125702
threshold=2.7500000000000004 0.40444585680961614 0.53589746356010448 4.7500000000000009 0.92417654395103466 3.5842828750610356 1.0000000180025095e-35 3.5000000000000004 0.4306021928787232 0.45804196596145635 3.65057384967804 14.171226024627687 324.12513732910162 0.56667828559875499 4.5000000000000009 0.98104798793792736 1.5885593891143801 322.11039733886724 1.0000000180025095e-35 3.0217120647430424 0.4401834905147553 0.79134154319763195 1.2686324119567873 0.22474747896194461 1.1605892181396487 0.94493386149406444 0.7687329649925233 0.25543478131294256 344.16569519042974 0.99626418948173534
decision_type=2 2 2 2 2 2 2 2 2 2 2 2 2 2 2 2 2 2 2 2 2 2 2 2 2 2 2 2 2 2
left_child=-1 -2 3 -3 18 9 7 -4 -8 27 11 -11 26 -9 15 -10 17 -12 19 23 -20 -22 -21 24 -5 -23 -7 28 -6 -29
right_child=1 2 6 4 5 12 8 13 14 10 16 -13 -14 -15 -16 -17 -18 -19 20 22 21 25 -24 -25 -26 -27 -28 29 -30 -31
leaf_value=-0.044733601131304368 -0.033552901862816252 -0.022381619229514732 -0.0058599239555680444 -0.050975702732954577 -0.02901422770970425 -0.015263485995834282 -0.04100260969671355 -0.04334206466952753 -0.020342052120538783 0.0079385658910038782 -0.040984891117999918 -0.035953078258086961 -0.030807461936504729 0.043031562311870858 -0.015923838681639726 0.016591091391884003 0.0425573336674775 0.031130099514447632 0.017520399042898455 0.042645697566609873 -0.027920769910791093 -0.029896256678807038 -0.025807286692276356 0.022922193206155867 0.016139187127892776 0.036170369829224995 0.040059034229983956 0.031334842923692707 0.053164925130135016 -0.035066249327955872
leaf_weight=1.809494237346956 0.56599249732849699 0.65704958009826242 2.2064633064987045 0.1380411538266334 0.21685042791796183 0.18884415043930847 0.19884179151674208 0.5758524844024463 0.34930166131926021 0.9909660122721109 0.12791672430103052 0.3054057545869 0.30517463754688379 0.054247196792289287 0.58266999065924086 2.2050922236905421 0.61226625100334786 0.19461110029078554 0.41816278999772283 0.089345551286896696 0.91366228417570006 0.10908719821600243 0.52086434709207197 1.7434540113576984 0.20650449146296523 0.22802963537992582 0.22959536748521714 3.4320209255388368 0.10057836211308313 0.072785443167958763
leaf_count=739918 7637 1005 6485 27 56 95 303 2128 341 282 20 47 319 45 3608 1710 106 37 306 50 454 30 667 814 85 71 100 1206 40 8
internal_value=1.01537e-11 0.00436605 0.00556012 0.0104601 0.0123964 0.0184029 -0.0038082 -0.0125342 0.00361161 0.0211127 0.0106485 -0.00240165 -0.00426568 -0.0359059 0.00643947 0.0115407 0.0287465 0.0025288 0.00307542 0.00986875 -0.0079075 -0.0164086 -0.0157846 0.0173658 -0.0107502 0.014792 0.0150917 0.027221 -0.00297549 0.0299559
internal_weight=20.3492 18.5397 17.9737 11.8012 11.1442 6.77702 6.17247 2.83656 3.33591 6.0534 2.23117 1.29637 0.723614 0.6301 3.13706 2.55439 0.934794 0.322528 4.36715 2.69821 1.66894 1.25078 0.61021 2.088 0.344546 0.337117 0.41844 3.82224 0.317429 3.50481
internal_count=768000 28082 20445 5825 4820 2316 14620 8658 5962 1802 492 329 514 2173 5659 2051 163 57 2504 1643 861 555 717 926 112 101 195 1310 96 1214
is_linear=0
shrinkage=0.05


Tree=129
num_leaves=31
num_cat=0
split_feature=12 17 10 10 6 18 10 11 10 2 38 36 10 10 10 43 5 16 24 14 13 12 19 12 54 7 1 34 16 37
split_gain=1.50607 0.32971 0.303852 0.327425 0.241864 0.178911 0.161224 0.14333 0.14198 0.134752 0.151161 0.14435 0.118499 0.223566 0.149829 0.161672 0.125832 0.118313 0.178098 0.151834 0.125547 0.11822 0.12686 0.117246 0.166807 0.147327 0.172738 0.146926 0.293888 0.136767
threshold=0.86190477013587963 0.83447185158729564 6.7500000000000009 6.2500000000000009 1.0000000180025095e-35 0.3213160932064057 5.7500000000000009 1.5941176414489748 5.2500000000000009 1.5000000000000002 0.29096922278404241 0.96098822355270397 10.250000000000002 10.750000000000002 11.250000000000002 3.9219243526458745 1.0000000180025095e-35 0.76523602008819591 0.5634920895099641 2.2348967790603642 263.17729187011724 0.69615384936332714 0.020919729955494407 0.55902779102325451 0.5505889654159547 1.0000000180025095e-35 18.500000000000004 1.1963902115821841 0.88889971375465404 0.94139653444290172
decision_type=2 2 2 2 2 2 2 2 2 2 2 2 2 2 2 2 2 2 2 2 2 2 2 2 2 2 2 2 2 2
left_child=1 -1 3 6 5 21 8 -2 -3 -8 -11 -12 16 -14 -15 -16 -7 18 19 -6 -20 22 -4 25 -25 27 -27 28 -19 -29
right_child=7 2 4 -5 17 12 9 -9 -10 10 11 -13 13 14 15 -17 -18 23 20 -21 -22 -23 -24 24 -26 26 -28 29 -30 -31
leaf_value=-0.016385763550243359 -0.019365861836410765 -0.0038786862521065345 0.037365932618090861 -0.053271691393511768 0.030263064530245645 0.030161970046081784 0.038429492563113669 -0.050007125955123036 -0.05216597593417345 -0.022927528797655722 -0.0016340745877022559 0.038826018868721529 -0.055975051914778862 0.044412350732000561 0.040128108090625066 -0.014166686522772864 0.0034884052644034908 0.035654561133781883 0.050084411683069797 -0.040837201032107168 -0.020449093341117761 -0.011807428676734507 -0.011791878551522458 0.026654581456389128 -0.0125371663140037 0.020421616422810741 -0.048932779099793204 -0.041286361090313375 -0.052169742753095882 0.030990936976423002
leaf_weight=1.6937233183646245 0.52170864676065676 3.2003639597987923 1.8344955631528121 0.30483486507119995 0.43704300637182303 1.1117631413900428 0.39398903766073079 1.4216052957221164 0.1598336978143492 0.35108430011155156 0.51285946005327787 0.38663932599183681 0.15856693074601924 0.21973730567697181 0.17582180166209582 0.62265363727306067 0.73410108997359191 0.1984842515375943 0.06668393332074618 0.090664298025671997 1.1702834169836931 0.15274425705047168 0.14135674327735603 0.36990742270472754 1.0205118692027779 0.18455736324085581 0.17482577555756507 0.068310036823959197 0.1831555974076764 1.5639959121906484
leaf_count=25318 4480 19282 1014 368 74 766 126 713337 433 153 290 110 42 108 46 202 234 30 12 100 370 77 48 63 416 43 26 17 20 395
internal_value=3.88617e-11 0.00459163 0.00681374 -0.00296166 0.0116738 0.0194689 0.000102668 -0.0417811 -0.00617556 0.0129304 0.00489701 0.0157572 0.0116492 -0.000749745 0.00785053 -0.00221114 0.0195539 0.00441051 -0.00627176 0.0180475 -0.0166467 0.0305728 0.0338491 0.00941901 -0.00211059 0.0161736 -0.0133166 0.0214361 -0.00649385 0.0279662
internal_weight=19.6263 17.683 15.9893 5.3096 10.6797 5.15124 5.00477 1.94331 3.3602 1.64457 1.25058 0.899499 3.02264 1.17678 1.01821 0.798475 1.84586 5.52842 1.76467 0.527707 1.23697 2.1286 1.97585 3.76375 1.39042 2.37333 0.359383 2.01395 0.38164 1.63231
internal_count=768000 50183 24865 20762 4103 2537 20394 717817 19715 679 553 400 1398 398 356 248 1000 1566 556 174 382 1139 1062 1010 479 531 69 462 50 412
is_linear=0
shrinkage=0.05


Tree=130
num_leaves=31
num_cat=0
split_feature=12 4 10 10 3 10 10 11 36 34 54 24 10 2 34 13 37 17 3 10 6 6 38 23 49 13 24 12 12 12
split_gain=1.41256 0.368764 0.314678 0.413789 0.229193 0.229691 0.216505 0.209191 0.176847 0.176098 0.156145 0.154157 0.151672 0.154739 0.15067 0.145004 0.158276 0.211921 0.147175 0.144135 0.138918 0.137136 0.125275 0.120043 0.132264 0.128679 0.119928 0.119127 0.118723 0.141697
threshold=1.118055582046509 1.0000000180025095e-35 8.7500000000000018 8.2500000000000018 1.0000000180025095e-35 7.7500000000000009 7.2500000000000009 0.78019323945045482 0.74519053101539623 0.81955704092979442 1.9115999937057497 0.47727273404598242 4.7500000000000009 2.5000000000000004 4.1963903903961191 266.13594055175787 0.99597573280334484 0.90714332461357128 3.5000000000000004 4.2500000000000009 2.5000000000000004 1.0000000180025095e-35 0.30373561382293707 3.4975163936614995 16.125826835632328 340.15644836425787 0.5634920895099641 0.34166666865348821 0.55902779102325451 0.22474747896194461
decision_type=2 2 2 2 2 2 2 2 2 2 2 2 2 2 2 2 2 2 2 2 2 2 2 2 2 2 2 2 2 2
left_child=1 2 3 4 -1 6 12 8 -4 11 -10 -9 19 15 28 -14 17 -17 26 -6 21 23 -22 24 -15 -25 -18 -23 29 -11
right_child=-2 -3 7 -5 5 -7 -8 9 10 14 -12 -13 13 20 -16 16 18 -19 -20 -21 22 27 -24 25 -26 -27 -28 -29 -30 -31
leaf_value=-0.040715469076605192 -0.050006968525316491 -0.050314558361031859 -0.045118606496902858 -0.052949856437354975 -0.0072790584139868914 0.021894877321155026 -0.051808759813363428 0.028324897364564807 0.015657111350680136 -0.0065506756623300638 -0.034046070625369865 -0.026244956828396612 -0.033198735948230827 -0.042835232820724954 -0.033578318205554784 -0.00028841085204921483 -0.028558646148709867 0.036399304104806011 -0.029919124282828721 -0.052207853629985458 -0.0079286831769249822 0.055436754885712383 0.041209536149229634 0.023563326749757495 0.037971789037423209 -0.020421397653760793 0.021353893665500431 -0.028520967088386452 0.0028417492968141351 0.024752471412655304
leaf_weight=0.32202936335785004 1.3140765019153651 0.31004503260478955 0.25014344514738585 0.37383891304830363 1.5890664962500816 1.2709842504254991 0.20461996713305541 0.1844609742402098 0.61388676194337677 0.39225419589388355 0.21278803672782942 0.43371390005540889 0.16632800108823209 0.23755290760198089 0.13810102003390046 0.59403572367267576 0.1504271143585354 1.1666675067947379 0.30257207583008494 0.20109960845189778 0.2412132512286006 0.044354074634611496 0.28058893068180168 0.59355222689873699 0.064357879675299046 0.23099280692827051 0.60189260006336553 0.89077440835188781 0.92957158899844206 4.6129866198643867
leaf_count=11008 685481 34428 695 320 28194 588 306 45 98 165 134 122 87 137 960 568 48 342 111 602 103 2 142 437 41 156 123 849 190 1518
internal_value=6.36052e-11 0.00373265 0.00470156 -0.00138848 0.000717436 0.00222831 -0.00107799 0.0121707 -0.00828276 0.0154623 0.0028634 -0.00996152 0.000333277 0.00440538 0.0180503 0.0121656 0.0148454 0.0240214 -0.000470129 -0.0123262 -0.00455195 -0.0103852 0.0184944 0.00136447 -0.0256097 0.0112412 0.0113738 -0.0245388 0.0192516 0.0222993
internal_weight=18.919 17.6049 17.2949 9.52695 9.15311 8.83108 7.5601 7.76791 1.07682 6.69109 0.826675 0.618175 7.35548 5.56531 6.07291 2.98192 2.8156 1.7607 1.05489 1.79017 2.58339 2.06158 0.521802 1.12646 0.301911 0.824545 0.75232 0.935128 5.93481 5.00524
internal_count=768000 82519 48091 44164 43844 32836 32248 3927 927 3000 232 167 31942 3146 2833 1279 1192 910 282 28796 1867 1622 245 771 178 593 171 851 1873 1683
is_linear=0
shrinkage=0.05


Tree=131
num_leaves=31
num_cat=0
split_feature=12 4 6 18 17 11 58 11 10 10 1 7 38 11 23 18 34 6 5 12 1 18 12 34 43 6 16 16 11 19
split_gain=1.3269 0.313129 0.281071 0.265424 0.181372 0.169485 0.20612 0.169319 0.174416 0.193249 0.189658 0.153468 0.150374 0.130616 0.13921 0.153488 0.129666 0.118979 0.141797 0.156578 0.154714 0.140876 0.134168 0.133934 0.131841 0.124709 0.117459 0.115028 0.111077 0.121936
threshold=0.93095237016677868 1.0000000180025095e-35 1.0000000180025095e-35 0.32312279939651495 0.83447185158729564 1.1558704376220705 0.22620432823896411 1.3405797481536867 10.250000000000002 10.750000000000002 14.500000000000002 1.0000000180025095e-35 0.36175741255283361 1.6568627357482912 3.5750193595886235 0.30600935220718389 3.2122231721878056 2.5000000000000004 1.0000000180025095e-35 0.46862745285034185 22.500000000000004 0.25364305078983312 0.67708334326744091 3.6601417064666752 3.4811217784881596 3.5000000000000004 0.4444520771503449 0.52239674329757702 1.1558704376220705 0.011532245669513943
decision_type=2 2 2 2 2 2 2 2 2 2 2 2 2 2 2 2 2 2 2 2 2 2 2 2 2 2 2 2 2 2
left_child=1 2 3 13 -4 6 -6 8 -5 -10 12 -9 -11 26 -15 -16 27 18 19 20 21 -7 23 -20 -22 -19 -1 -12 -28 -30
right_child=-2 -3 4 7 5 17 -8 11 9 10 16 -13 -14 14 15 -17 -18 25 22 -21 24 -23 -24 -25 -26 -27 28 -29 29 -31
leaf_value=-0.02221200441443939 -0.045116624327117209 -0.050330183501823139 -0.030410641038945363 0.020842956174297905 0.016752462060114204 -0.024013615679627492 -0.0054168948073075769 -0.0026209128454725626 -0.055108436236790362 0.04914167751765134 -0.032249069687315536 -0.045569100807406976 -0.046343951224195643 -0.049214808151039714 -0.023013902170188467 0.048439014719771398 -0.03522255100179008 0.012026761344954402 0.015837503978490177 -0.039260545116997975 0.040502163271965014 0.035002200400177173 -0.037401124030677683 -0.051288374441505996 -0.041965821824279666 -0.048950662926337929 0.041131125929356117 0.03208423903293265 0.024624478172481271 -0.022366028153163992
leaf_weight=0.12005470960276543 1.4957398249035083 0.26067847251817866 0.50812416600721899 1.7992534264287203 2.4266773023232417 0.1612483245885421 1.8460818665963641 1.3775722748370496 0.1583837746404696 0.049595392627452162 0.078479804231847083 0.2449950817091916 0.24451344219824023 0.119674554910432 0.14305889227681234 0.15834915877213973 0.10396280766065047 0.96259204039506563 0.77796718884647453 0.74642756533587828 0.056504766362763803 0.2711845499836727 0.18605685925811599 0.082157980081177584 0.3405711893489638 0.091849855704481342 1.0499109544530258 0.60600112009706208 1.5791367208893232 0.15127977649262891
leaf_count=87 707850 24133 9202 991 434 43 544 4197 89 10 52 3654 293 647 1519 429 215 2020 553 3063 38 117 3166 972 250 1817 408 197 951 59
internal_value=1.74987e-10 0.00404032 0.00490235 0.0116307 -0.00144953 0.000401679 0.007174 0.00393643 0.0108971 -0.00352351 0.00402367 -0.00910576 -0.0302423 0.0224321 -0.00359033 0.0145249 0.0168057 -0.00746886 -0.0131727 -0.0226462 -0.00769598 0.012996 0.00109787 0.00942573 -0.0302304 0.00671517 0.0262101 0.024708 0.028301 0.0205164
internal_weight=18.1981 16.7023 16.4417 7.98422 8.45744 7.94932 4.27276 4.66276 3.04019 1.24094 1.08255 1.62257 0.294109 3.32146 0.421083 0.301408 0.788444 3.67656 2.62212 1.57594 0.829509 0.432433 1.04618 0.860125 0.397076 1.05444 2.90038 0.684481 2.78033 1.73042
internal_count=768000 60150 36017 13798 22219 13017 978 9698 1847 856 767 7851 303 4100 2595 1948 464 12039 8202 3511 448 160 4691 1525 288 3837 1505 249 1418 1010
is_linear=0
shrinkage=0.05


Tree=132
num_leaves=31
num_cat=0
split_feature=10 12 17 6 18 16 69 10 13 34 14 23 38 7 14 14 54 24 57 6 4 1 57 57 12 58 16 56 24 34
split_gain=1.25293 0.301199 0.272806 0.22589 0.152858 0.130527 0.128162 0.119781 0.115795 0.117758 0.160983 0.116546 0.11469 0.111471 0.135352 0.126007 0.108903 0.170604 0.107455 0.105428 0.104485 0.0984662 0.114161 0.217068 0.23529 0.131062 0.136295 0.0955128 0.121608 0.178223
threshold=1.7500000000000002 0.67708334326744091 0.89454162120819103 1.0000000180025095e-35 0.34890969097614294 0.87750262022018444 8.6271224021911639 4.7500000000000009 331.11410522460943 3.1350153684616093 1.2089896798133852 4.8585152626037607 0.43605996668338781 1.0000000180025095e-35 1.6652443408966067 1.1513625383377077 1.7371867299079897 0.61250001192092907 0.4527812004089356 1.5000000000000002 1.0000000180025095e-35 18.500000000000004 0.93506991863250744 0.90822842717170726 0.51315790414810192 0.22620432823896411 0.85671526193618786 0.37449187040328985 0.22500000149011615 0.66181784868240368
decision_type=2 2 2 2 2 2 2 2 2 2 2 2 2 2 2 2 2 2 2 2 2 2 2 2 2 2 2 2 2 2
left_child=-1 2 6 4 20 8 12 -5 11 10 -10 -6 -2 27 15 -15 17 -3 -8 -20 21 -4 23 -23 25 -25 -27 -9 -29 -30
right_child=1 16 3 7 5 -7 18 13 9 -11 -12 -13 -14 14 -16 -17 -18 -19 19 -21 -22 22 -24 24 -26 26 -28 28 29 -31
leaf_value=-0.050003538206207301 0.015712463703053899 0.0091316790991689614 0.036410451955480483 -0.021424303261812442 0.025635220436147434 -0.025573232096150991 -0.050230481350916727 -0.024555866956552853 -0.026248771102507076 -0.037643308741993162 0.033547913641676315 -0.038482907759791393 -0.014969749220594786 -0.010718142562413947 -0.032652738191364425 0.050644943901952004 -0.029944456485976285 -0.028037881892177527 -0.0070418261380096533 -0.05026928203059932 -0.050420251465846402 0.027537825308073218 0.035877298661929943 0.050925017208305182 -0.052214342683735843 -0.034549443347778638 0.032653689706240809 0.040157949475233476 -0.029950539415700524 0.010021648053706634
leaf_weight=1.1692568231319054 0.80414428373018443 0.77018302513030723 1.1473411699012093 0.46595771288986032 1.0195310758249436 0.2795379274108426 0.21194157971328298 0.21725272219782699 0.19382943286996113 0.19758012432623673 0.26843076329350879 0.076166808825519072 0.49026267830333836 0.26395243740807917 0.40429091145938401 0.12248165268511002 0.73041940073530032 0.51523463045961648 1.2282558977610731 0.15935130832207267 0.047136638927042784 0.86172685719600417 0.65101099576349941 0.13867423280316871 0.22399369515937906 0.18710822005050431 0.12642401610355591 0.29980151579809433 0.29992099798437255 3.9712639919781907
leaf_count=731500 632 2594 418 1067 713 87 3299 97 71 163 150 16 1384 42 163 27 17433 3113 1509 513 386 718 278 69 87 120 72 62 82 1135
internal_value=3.34873e-11 0.00357089 0.00611198 0.00957495 0.0169883 0.00615998 -0.00760536 0.00292979 0.0112129 -0.00533472 0.00847468 0.0211781 0.00409143 0.00496386 -0.0124281 0.0087311 -0.0145275 -0.00576702 -0.0170708 -0.012006 0.0235015 0.0245459 0.018327 0.0108979 -0.0103076 0.0104503 -0.00745146 0.00783595 0.00937549 0.00721482
internal_weight=17.5425 16.3732 14.3574 11.4634 5.41849 2.03508 2.89396 6.04492 1.75554 0.65984 0.46226 1.0957 1.29441 5.57896 0.790725 0.386434 2.01584 1.28542 1.59955 1.38761 3.38342 3.33628 2.18894 1.53793 0.6762 0.452206 0.313532 4.78824 4.57099 4.27118
internal_count=768000 36500 13360 6023 3348 1200 7337 2675 1113 384 221 729 2016 1608 232 69 23140 5707 5321 2022 2148 1762 1344 1066 348 261 192 1376 1279 1217
is_linear=0
shrinkage=0.05


Tree=133
num_leaves=31
num_cat=0
split_feature=12 34 10 10 3 10 10 14 24 16 10 12 23 14 54 13 0 13 10 10 57 10 10 0 38 36 34 13 10 10
split_gain=1.17894 0.311966 0.28153 0.355663 0.180471 0.1754 0.191941 0.174565 0.275348 0.209804 0.186598 0.186405 0.131643 0.126988 0.12127 0.154851 0.11759 0.116315 0.111671 0.26914 0.116336 0.121184 0.128006 0.114862 0.114212 0.111674 0.108018 0.106866 0.105918 0.365071
threshold=1.118055582046509 4.3533363342285165 8.7500000000000018 8.2500000000000018 1.0000000180025095e-35 7.7500000000000009 7.2500000000000009 1.2089896798133852 0.58571431040763866 0.62440800666809093 11.250000000000002 0.57518798112869274 3.7008498907089238 0.4306021928787232 1.9115999937057497 283.12522888183599 14.500000000000002 313.14616394042974 6.7500000000000009 6.2500000000000009 0.49019971489906317 5.7500000000000009 5.2500000000000009 17.500000000000004 0.29096922278404241 0.89849412441253673 3.6978234052658085 336.10350036621099 9.7500000000000018 9.2500000000000018
decision_type=2 2 2 2 2 2 2 2 2 2 2 2 2 2 2 2 2 2 2 2 2 2 2 2 2 2 2 2 2 2
left_child=1 2 3 4 -1 6 13 8 -4 10 14 26 17 -6 -9 -16 -13 -10 19 20 -15 22 -22 24 25 -23 28 -28 29 -11
right_child=-2 -3 7 -5 5 -7 -8 9 12 11 -12 16 -14 18 15 -17 -18 -19 -20 -21 21 23 -24 -25 -26 -27 27 -29 -30 -31
leaf_value=-0.039751582430161844 -0.050006433944030482 -0.038873418598489744 0.020046023410474813 -0.052666413958282414 -0.029606514608411745 0.020363334321585512 -0.051689114651800622 0.031904627042277582 -0.044682909590612677 0.027166336023452017 -0.035247481265960889 0.014069599027466734 -0.030719295187593872 -0.046679832816823238 0.046811925008720785 -0.033608547349867506 -0.030799641922273337 0.026512442453276816 0.014149360805680159 -0.052472595554967666 -0.001246700976246232 0.036810511995494268 -0.051995231862518559 -0.034870326841775399 0.027747112902681288 -0.020549607728055853 0.023652260872580568 -0.038441981667344055 0.035030534643531064 -0.055421790672179366
leaf_weight=0.2686835393589283 1.1019776197829561 0.4231958553463081 0.83503502571073873 0.32679188451743435 0.33671320808200267 1.1070792593171743 0.18252775858434223 0.3382682676102603 0.076611766385667357 1.0222734021226649 0.32345762759837271 0.36102471503261302 0.70127228377805295 0.12427233084675027 0.082284876752964919 0.21961984061454132 0.2451908069538149 0.22839307132380782 1.4346945802934667 0.24804438857438516 2.7873005417909984 0.1197135430933256 0.13005607559779253 0.11056171116524627 0.9403625320798028 0.29139849059333756 0.15622624528987206 0.12451849817261973 2.142164424680459 0.1539601186668732
leaf_count=8556 685481 45985 281 184 2446 512 177 176 24 386 350 119 314 3506 23 151 66 80 549 240 16720 25 267 39 350 102 35 40 798 18
internal_value=3.20959e-10 0.00347854 0.00464099 -0.00152821 0.000539693 0.00192533 -0.00111872 0.0120404 -0.00117929 0.0167495 -0.00429411 0.0215715 -0.0187926 0.000296323 0.0113456 -0.0116897 -0.00407828 0.00862944 0.00192387 -0.0017674 0.00102525 0.00237896 -0.00350908 0.014128 0.0181364 -0.00384666 0.0258918 -0.00388835 0.0284113 0.0163562
internal_weight=16.9437 15.8417 15.4185 8.4082 8.08141 7.81272 6.70565 7.0103 1.84131 5.16899 0.963631 4.20536 1.00628 6.52312 0.640173 0.301905 0.606216 0.305005 6.1864 4.75171 4.50367 4.37939 2.91736 1.46204 1.35147 0.411112 3.59914 0.280745 3.3184 1.17623
internal_count=768000 82519 36534 33673 33489 24933 24421 2861 699 2162 700 1462 418 24244 350 174 185 104 21798 21249 21009 17503 16987 516 477 127 1277 75 1202 404
is_linear=0
shrinkage=0.05


Tree=134
num_leaves=31
num_cat=0
split_feature=10 4 10 10 57 3 10 10 6 38 5 10 2 10 3 37 13 17 49 34 3 2 18 5 57 34 16 23 57 6
split_gain=1.1059 0.279105 0.260963 0.327297 0.175594 0.166318 0.168498 0.174485 0.147813 0.119806 0.151493 0.119573 0.129226 0.127318 0.119521 0.132498 0.134973 0.135275 0.127939 0.121887 0.119767 0.115842 0.127703 0.114123 0.106115 0.149453 0.120835 0.120419 0.111576 0.10323
threshold=1.7500000000000002 1.0000000180025095e-35 8.7500000000000018 8.2500000000000018 0.69339519739151012 1.0000000180025095e-35 7.7500000000000009 7.2500000000000009 1.0000000180025095e-35 0.43999971449375158 1.0000000180025095e-35 4.7500000000000009 2.5000000000000004 4.2500000000000009 1.5000000000000002 0.99597573280334484 266.13594055175787 0.90714332461357128 13.44248151779175 2.69426441192627 3.5000000000000004 7.5000000000000009 0.36661332845687872 1.0000000180025095e-35 0.94252166152000438 0.78192403912544262 0.94403597712516796 3.1931903362274174 0.97682583332061779 2.5000000000000004
decision_type=2 2 2 2 2 2 2 2 2 2 2 2 2 2 2 2 2 2 2 2 2 2 2 2 2 2 2 2 2 2
left_child=-1 2 3 5 9 -2 7 11 21 10 -4 13 14 -7 -13 16 -16 18 19 -18 23 22 -6 -17 25 -10 28 -27 -26 -14
right_child=1 -3 4 -5 8 6 -8 -9 24 -11 -12 12 29 -15 15 20 17 -19 -20 -21 -22 -23 -24 -25 26 27 -28 -29 -30 -31
leaf_value=-0.050003319998846808 -0.038966044559432374 -0.050297127687922799 0.022311877236165623 -0.052515004005944381 0.030948089737316997 -0.0070798418657287187 0.019610329783805731 -0.05156355923202928 -0.044311077427224926 -0.033386090547216349 -0.039613053888182127 -0.032786276856344942 -0.010518882605425743 -0.051981035087379834 -0.0329325534617727 -0.019371094248446612 0.046241146838188009 0.037813141071264128 -0.029243436774597377 -0.026462141316575663 -0.029872553297938614 -0.041607634962920519 0.0077060099242527123 0.02489511207966685 0.045740219708107765 -0.030670853949496608 -0.021880696152453704 0.0090631919238336536 -0.013583463292979065 0.016027391828389814
leaf_weight=1.035346804401345 0.26186136015160766 0.2382043898491738 0.36230281159754518 0.30568646563978052 2.0068689157383242 1.3643017298328031 1.1055182403308661 0.16951462187930122 0.16259151800750338 0.33079891503859926 0.13577758236601767 0.14460663401217777 1.779466262700595 0.178535387782773 0.10026129766026803 0.21708409858342737 0.20124861478689104 0.95333101430469469 0.17256425858374769 0.080791754394283544 0.25784985910070191 0.068689790932978556 0.83770160650396963 0.44218655629174464 0.43284988089328624 0.21043260415149267 0.11393656826930965 2.0316464880921217 0.09702646137566262 0.46111309172937343
leaf_count=731500 3529 12381 506 472 1080 8771 714 457 37 1479 155 203 2740 1100 72 65 61 324 226 135 112 104 382 93 83 62 30 589 30 508
internal_value=-2.9515e-10 0.00340044 0.00425393 -0.00175178 0.0115025 0.000214909 0.00155988 -0.00149937 0.0145005 -0.0100606 0.00543103 -0.000163602 0.00372104 -0.0122758 0.011373 0.0140059 0.0231192 0.0271107 0.00466707 0.025415 -0.000980794 0.0225541 0.0241035 0.0103192 0.00680408 0.00197717 0.0248328 0.00533391 0.0348774 -0.00505564
internal_weight=16.2601 15.2247 14.9865 8.19592 6.79062 7.89023 7.62837 6.52286 5.96174 0.828879 0.49808 6.35334 4.8105 1.54284 2.56992 2.42532 1.5082 1.40794 0.454605 0.28204 0.917121 2.91326 2.84457 0.659271 3.04848 2.40467 0.643813 2.24208 0.529876 2.24058
internal_count=768000 36500 24119 19582 4537 19110 15581 14867 2397 2140 661 14410 4539 9871 1291 1088 818 746 422 196 270 1566 1462 158 831 688 143 651 113 3248
is_linear=0
shrinkage=0.05


Tree=135
num_leaves=31
num_cat=0
split_feature=12 34 10 10 12 36 34 56 5 10 12 6 10 37 69 39 57 6 69 54 3 12 5 13 17 2 0 69 17 3
split_gain=1.04042 0.282331 0.247161 0.297882 0.15517 0.19436 0.18746 0.165646 0.156595 0.20059 0.150879 0.148232 0.145681 0.123544 0.116305 0.111423 0.110927 0.108861 0.138798 0.129015 0.108677 0.147339 0.152225 0.142306 0.115192 0.108232 0.118191 0.141592 0.107493 0.1212
threshold=1.118055582046509 4.3533363342285165 8.7500000000000018 8.2500000000000018 0.55902779102325451 0.8370828926563264 1.1963902115821841 0.7649616301059724 1.0000000180025095e-35 12.250000000000002 0.26969698071479803 1.5000000000000002 4.7500000000000009 0.95815667510032665 15.294150829315187 0.003619855386205018 0.74964919686317455 1.0000000180025095e-35 12.576331615448 0.42364057898521429 1.5000000000000002 0.43167701363563543 1.0000000180025095e-35 333.21366882324224 0.90714332461357128 2.5000000000000004 13.500000000000002 10.798275470733644 0.98403248190879833 1.5000000000000002
decision_type=2 2 2 2 2 2 2 2 2 2 2 2 2 2 2 2 2 2 2 2 2 2 2 2 2 2 2 2 2 2
left_child=1 2 3 12 5 8 7 15 9 11 -8 16 13 -1 -12 -7 -4 18 19 -15 23 24 -23 25 -22 -14 27 -27 29 -6
right_child=-2 -3 4 -5 28 6 10 -9 -10 -11 14 -13 20 17 -16 -17 -18 -19 -20 -21 21 22 -24 -25 -26 26 -28 -29 -30 -31
leaf_value=-0.038526824750286848 -0.05000614621090943 -0.038789088468358116 -0.0017978503817194528 -0.052390095328143017 0.013532275613731116 0.046673966859919203 -0.011706868829929159 -0.032104403825536747 -0.023106344442575526 -0.022455586561676406 0.037547394284675087 -0.03767261229708007 -0.035716371314270828 -0.039025950736194776 0.0040493528305225995 -0.029617567318843369 0.030574283449202766 -0.019272938265860341 -0.040803198760343974 0.035638895272406559 -0.0013224142443296436 -0.0097759601896015482 0.011481952718408364 -0.034621434926647592 0.031937501429407752 0.023320956720289346 0.031174434763011051 -0.036557343231320594 0.042042473067776698 -0.021249989265356206
leaf_weight=0.3703888526224367 0.9754037871984601 0.38755468896114642 0.34912190290663181 0.27797740433675233 0.38320652095137553 0.17382401762733968 0.20438874747014812 0.25700922537362203 0.42002962927290344 0.37060352149126163 1.9715360403151865 0.10922771300363354 0.15831067271915322 0.068843721740918573 0.29832893173079345 0.066042425954947248 1.0933889867465039 0.64357543626331903 0.10330263463022504 0.36249132023009167 0.36954635084759935 1.5146285391258518 1.8967281534660854 0.38117902062373332 0.88082728541667166 0.18404044497106042 0.3460887523879137 0.21298057875475251 0.11277564578267618 0.72295570620121907
leaf_count=12427 685481 45985 228 184 211 63 88 61 203 302 788 81 205 589 92 17 449 13239 1728 1963 260 910 683 480 521 155 174 155 28 250
internal_value=-3.99389e-10 0.00332016 0.00446113 -0.00156506 0.0116298 0.0153207 0.0238116 -0.00421451 0.00455075 0.0105938 0.0294397 0.018487 0.000320478 -0.0133388 0.0331447 0.0256686 0.0227395 -0.00542056 0.0112544 0.0237219 0.00387896 0.00742512 0.00204353 -0.00900993 0.0221076 0.00182028 0.00981701 -0.00880055 -0.00445944 -0.00920041
internal_weight=15.6663 14.6909 14.3033 7.77091 6.53244 5.3135 2.97113 0.496876 2.34237 1.92234 2.47425 1.55174 7.49293 1.5486 2.26986 0.239866 1.44251 1.17821 0.534638 0.431335 5.94433 4.66173 3.41136 1.2826 1.25037 0.90142 0.74311 0.397021 1.21894 1.10616
internal_count=768000 82519 36534 33673 2861 2372 1109 141 1263 1060 968 758 33489 29946 880 80 677 17519 4280 2552 3543 2374 1593 1169 781 689 484 310 489 461
is_linear=0
shrinkage=0.05


Tree=136
num_leaves=31
num_cat=0
split_feature=12 57 10 10 12 3 12 10 10 4 6 18 19 5 2 17 1 43 58 17 37 5 49 10 23 57 58 16 6 54
split_gain=0.979632 0.249765 0.245062 0.252968 0.19769 0.184996 0.134357 0.128788 0.124319 0.104972 0.111898 0.11519 0.115905 0.115509 0.139734 0.109388 0.100858 0.10031 0.0971636 0.0915747 0.100204 0.100995 0.0912617 0.0886365 0.108909 0.0848119 0.089788 0.0836529 0.128908 0.129426
threshold=0.93095237016677868 0.40444585680961614 6.7500000000000009 6.2500000000000009 0.55902779102325451 1.0000000180025095e-35 0.22474747896194461 5.7500000000000009 5.2500000000000009 1.0000000180025095e-35 1.0000000180025095e-35 0.3213160932064057 0.020919729955494407 1.0000000180025095e-35 3.5000000000000004 0.89755257964134227 17.500000000000004 4.5271940231323251 0.34234531223773962 0.92417654395103466 0.99675798416137706 1.0000000180025095e-35 16.928318023681644 11.250000000000002 3.7652007341384892 0.87518799304962169 0.41718509793281561 0.90330776572227489 1.0000000180025095e-35 1.8427736759185793
decision_type=2 2 2 2 2 2 2 2 2 2 2 2 2 2 2 2 2 2 2 2 2 2 2 2 2 2 2 2 2 2
left_child=1 -1 3 7 5 17 -7 8 19 10 11 12 -8 23 15 -15 27 -4 -12 -3 -21 -22 -9 -13 -25 26 -19 28 -6 -30
right_child=-2 2 4 -5 16 6 9 22 -10 -11 18 13 -14 14 -16 -17 -18 25 -20 20 21 -23 -24 24 -26 -27 -28 -29 29 -31
leaf_value=-0.033902193020392941 -0.044691732659803175 -0.024680111401182529 -0.047507088045002727 -0.052679392001106329 0.014971301586985159 -0.012111654508254969 0.040775751378669185 0.014676888624663107 -0.051900254264896042 -0.050814634962260664 0.012931341921030765 0.03469335483849758 -0.014761089466932793 -0.03103654251185127 -0.028805101481077025 0.031970687330527645 -0.028335853300748594 -0.039115990383185063 -0.036570547686854353 0.0075829268027673537 -0.038614014053298805 -0.0022458351028918871 -0.02980745134903395 0.042944183372042227 -0.015567957942955716 0.043809285626540267 0.042821247468384567 0.019357525232594607 -0.0055622178917387986 -0.050175388759623088
leaf_weight=0.42944677031451917 1.1338921194584024 0.50077808528869372 0.17240253970078168 0.25873869794094151 0.501762689024986 0.40084031821220367 1.1850596602134831 1.2746290663901048 0.15170367200963131 0.055246493073809577 2.6698257569084949 0.86563161368962915 0.10203562622336892 0.08786091646220473 0.25570330673872377 0.3189674817967898 0.34498322900287792 0.12910002552604283 0.10295131697193927 1.3368005950539159 0.28528332645123544 0.5769713935612657 0.12676227533381723 0.12222217589078355 0.22765801630544047 0.081849399066186379 0.045119743046484473 0.46856079070482781 0.63667954571064911 0.21831149476778933
leaf_count=19365 707850 13720 194 511 344 225 821 785 628 329 710 699 38 45 69 123 394 193 45 8849 3844 7142 93 42 113 42 31 154 168 434
internal_value=-2.21012e-10 0.00363686 0.00483062 -0.00467868 0.00960143 0.0137827 0.015914 -0.00175842 -0.00785807 0.0177884 0.0184267 0.024851 0.036373 0.0169545 0.000158711 0.0183633 -0.00354255 -0.0180231 0.0110934 -0.00538334 -0.000988996 -0.0142785 0.0106531 0.0261094 0.00487184 0.00182752 -0.0178957 0.00114337 -0.00514697 -0.0169536
internal_weight=15.0678 13.9339 13.5044 4.51167 8.99277 6.82247 6.394 4.25293 2.85154 5.99316 5.93792 3.16514 1.2871 1.87804 0.662532 0.406828 2.1703 0.428472 2.77278 2.69983 2.19906 0.862255 1.40139 1.21551 0.34988 0.256069 0.17422 1.82531 1.35675 0.854991
internal_count=768000 60150 40785 35572 5213 3719 3259 35061 34183 3034 2705 1950 859 1091 237 168 1494 460 755 33555 19835 10986 878 854 155 266 224 1100 946 602
is_linear=0
shrinkage=0.05


Tree=137
num_leaves=31
num_cat=0
split_feature=10 34 6 57 17 11 58 69 11 13 12 13 54 14 5 3 12 17 7 23 6 54 12 69 18 49 14 5 12 38
split_gain=0.926723 0.255121 0.2345 0.164794 0.143592 0.142373 0.125274 0.119775 0.115488 0.104695 0.10246 0.118877 0.130188 0.139938 0.100984 0.0999912 0.102179 0.1345 0.0943496 0.109423 0.0936846 0.100811 0.0938673 0.0936253 0.0871183 0.0870628 0.0868835 0.0826068 0.102603 0.0833522
threshold=1.7500000000000002 3.5842828750610356 1.0000000180025095e-35 0.83388909697532665 0.85460850596427929 1.1558704376220705 0.22620432823896411 10.146486282348635 1.3405797481536867 324.12513732910162 0.55902779102325451 336.10350036621099 0.5248686969280244 2.0957014560699467 1.0000000180025095e-35 1.0000000180025095e-35 0.62019231915473949 0.75012463331222545 1.0000000180025095e-35 3.4605635404586796 2.5000000000000004 2.1613011360168461 0.31414473056793218 13.503933429718019 0.30082206428051 17.055108070373539 0.46743613481521612 1.0000000180025095e-35 0.28869047760963445 0.33890816569328314
decision_type=2 2 2 2 2 2 2 2 2 2 2 2 2 2 2 2 2 2 2 2 2 2 2 2 2 2 2 2 2 2
left_child=-1 2 3 7 -4 6 10 15 -5 23 -6 -12 -13 -14 18 -2 17 -17 19 -7 22 -22 -21 -3 26 27 -16 28 -8 -30
right_child=1 9 4 8 5 14 25 -9 -10 -11 11 12 13 -15 24 16 -18 -19 -20 20 21 -23 -24 -25 -26 -27 -28 -29 29 -31
leaf_value=-0.050003027301037277 -0.042879429648531031 -0.013694557178782702 -0.029728569527955353 0.024403818461446958 0.02741619361702723 0.016372303928324571 -0.04970520397990752 -0.021441025235338907 0.0077856874244202337 -0.03072340382081671 0.029045178491073433 0.03268632831173067 -0.042952840689525901 0.014475680233407062 -0.051234347780688187 -0.0095009066869856454 -0.031330297503937364 0.037373155475675143 -0.048430536960430509 0.03438345718961653 -0.016150510015935066 0.036488800259034705 -0.031307622362807534 0.023649510215387897 -0.036952098366815157 0.038413993534933133 0.014301153609984752 -0.035151618821670019 -0.014560622954978706 0.016693066637907466
leaf_weight=0.87113610080559389 0.083590471873035588 0.69779951648612726 0.40595841654771891 2.6139415117054341 0.99328260625952702 0.30031859657006554 0.099001736518402828 0.50558691148033574 1.7423496652282464 0.66820563502388097 0.31625221878016418 0.14363393915846245 0.28921962039248683 0.16751659796136664 0.053816120394301725 0.2303098117791933 0.10493301484366668 0.45612895817373555 0.18568333190357567 0.058452064875382126 0.25256091683786508 0.14214674695077179 0.78064925969717081 0.22099177823825755 0.10923155771202175 0.11202303404206748 0.83937800415701247 0.22286011320488797 0.3597796001399729 0.52409135245488869
leaf_count=731500 256 8753 2133 1274 173 566 17 1225 2093 11954 96 38 63 29 262 156 393 305 678 15 472 175 1534 1471 298 24 1734 68 96 149
internal_value=6.24016e-10 0.00318424 0.00565785 0.0129866 -0.000957143 0.00100592 0.00810901 -0.00206684 0.0177572 -0.0156643 0.0162912 0.00423575 -0.00883292 -0.0218899 -0.00741598 0.00912832 0.0146218 0.0216463 -0.0147682 -0.0106939 -0.017282 0.00280657 -0.0267316 -0.0047124 0.0051979 -0.00374991 0.0103526 -0.0076673 -0.00143541 0.00397125
internal_weight=14.5508 13.6797 12.0927 5.73684 6.35586 5.9499 3.22766 1.38055 4.35629 1.587 1.9099 0.916622 0.60037 0.456736 2.72224 0.874962 0.791372 0.686439 1.71981 1.53413 1.23381 0.394708 0.839101 0.918791 1.00243 1.31776 0.893194 1.20573 0.982873 0.883871
internal_count=768000 36500 14322 5702 8620 6487 753 2335 3367 22178 399 226 130 92 5734 1110 854 461 3440 2762 2196 647 1549 10224 2294 354 1996 330 262 245
is_linear=0
shrinkage=0.05


Tree=138
num_leaves=31
num_cat=0
split_feature=10 12 17 6 18 4 27 57 8 69 11 58 13 13 14 17 10 57 56 49 12 56 18 13 10 11 34 54 11 56
split_gain=0.877938 0.227088 0.212278 0.162587 0.153987 0.100023 0.0992526 0.0957716 0.0894591 0.100872 0.0854782 0.115689 0.100585 0.0866758 0.113584 0.0837898 0.0832005 0.146767 0.0819602 0.0800914 0.0891748 0.0800797 0.103327 0.0915475 0.130812 0.0797557 0.0777945 0.094851 0.0982579 0.0877268
threshold=2.7500000000000004 0.65686276555061351 0.83994024991989147 1.0000000180025095e-35 0.34890969097614294 1.0000000180025095e-35 47.386363983154304 0.88050693273544323 1.0000000180025095e-35 7.4991328716278085 1.1558704376220705 0.22620432823896411 344.11839294433599 331.11410522460943 1.1243013739585879 0.98447790741920482 6.7500000000000009 0.9344942867755891 0.55190372467041027 17.055108070373539 0.28869047760963445 0.58366665244102489 0.35761789977550512 331.11410522460943 4.7500000000000009 1.3405797481536867 0.58456042408943187 1.7371867299079897 1.0178571343421938 0.8745078742504121
decision_type=2 2 2 2 2 2 2 2 2 2 2 2 2 2 2 2 2 2 2 2 2 2 2 2 2 2 2 2 2 2
left_child=-1 2 8 4 5 16 18 -3 9 25 11 15 13 -12 -15 -5 17 -4 -6 20 -13 -8 -23 24 -24 -2 -9 28 -28 -29
right_child=1 7 3 10 6 -7 21 26 -10 -11 12 19 -14 14 -16 -17 -18 -19 -20 -21 -22 22 23 -25 -26 -27 27 29 -30 -31
leaf_value=-0.043682625712111255 0.017292842046814649 -0.030179282318443829 -0.0065189205864244612 0.020946378447529616 0.03308851456851266 -0.05042193053429183 -0.027352967980273504 -0.048484465894830416 0.02235182625842573 -0.029669330791518969 -0.0055198135847339506 -0.044484965844833128 -0.023698794150817003 -0.022582142476588653 0.039624779069893937 -0.014901858911897069 0.029333575383014916 0.034626333609163736 0.0037453904371237976 0.038823406594700682 -0.0019127075001563688 -0.033508949857330071 -0.031628395236624272 -0.013957615425072732 0.045567571667918 -0.040636945795190477 0.03724773649624416 -0.034494551655115384 -0.0020638730054031397 0.010354385123569844
leaf_weight=1.0633185909796274 0.25471449953306435 0.53568860654519213 0.5111834573848445 1.4258432904817939 0.40071065024960695 0.046297470187653178 0.31931141891493553 0.097291564162588773 0.15046070884983453 0.70098020626649316 1.1461960267486691 0.13921053405056216 0.5512505462935734 0.10145660726072936 0.26516962334125083 0.18404289783279626 1.9913275160675992 0.37626775066519258 0.5859723384075437 0.1042698592536907 1.0567720481863032 0.15023712543748502 0.069385950105242955 0.19192394625886777 0.26245863381916479 0.077491003058980823 0.21539114434654016 0.32708298949538062 0.60661362857449319 0.16355915494489182
leaf_count=739918 341 9010 426 297 396 369 190 478 213 4505 753 45 659 38 255 39 1330 114 448 32 390 47 40 129 120 247 75 4275 1574 1247
internal_value=-7.71957e-10 0.00357061 0.00634104 0.00873842 0.0151978 0.0224865 0.00443002 -0.0121822 -0.0136686 -0.0189142 0.00236884 0.00788887 -0.00541385 0.00124892 0.0224102 0.0168482 0.023659 0.0109261 0.0156622 -0.00320396 -0.00686805 -0.00672712 0.00304441 0.0135293 0.0294265 0.00378001 -0.00534442 -0.00214693 0.00823701 -0.0195438
internal_weight=14.0719 13.0086 11.0629 9.87929 4.90508 2.92508 1.98 1.94563 1.18365 1.03319 4.97421 2.91014 2.06407 1.51282 0.366626 1.60989 2.87878 0.887451 0.986683 1.30025 1.19598 0.993317 0.674006 0.523769 0.331845 0.332206 1.40994 1.31265 0.822005 0.490642
internal_count=768000 28082 11423 6117 3609 2239 1370 16659 5306 5093 2508 803 1705 1046 293 336 1870 540 844 467 435 526 336 289 160 588 7649 7171 1649 5522
is_linear=0
shrinkage=0.05


Tree=139
num_leaves=31
num_cat=0
split_feature=12 4 10 57 12 3 37 34 13 17 10 10 58 34 69 36 54 49 14 11 18 12 6 17 14 6 69 54 69 38
split_gain=0.832126 0.244481 0.209434 0.177958 0.179416 0.156125 0.102905 0.101626 0.142636 0.0992437 0.120743 0.208598 0.146869 0.176729 0.126348 0.103383 0.101164 0.120795 0.110063 0.123141 0.120449 0.128612 0.0978488 0.0927992 0.0898988 0.0876836 0.112527 0.100553 0.0875051 0.173474
threshold=1.118055582046509 1.0000000180025095e-35 4.7500000000000009 0.40444585680961614 0.5419580638408662 1.0000000180025095e-35 0.95815667510032665 3.5842828750610356 324.12513732910162 0.92417654395103466 9.7500000000000018 9.2500000000000018 0.24386485666036609 1.6594415903091433 10.868528842926027 0.74206149578094494 2.8165795803070073 13.761374473571779 2.7444480657577519 1.5119047760963442 0.25364305078983312 0.51315790414810192 1.0000000180025095e-35 0.97994592785835277 2.9604374170303349 1.0000000180025095e-35 12.576331615448 0.42364057898521429 10.224065303802492 0.4124154001474381
decision_type=2 2 2 2 2 2 2 2 2 2 2 2 2 2 2 2 2 2 2 2 2 2 2 2 2 2 2 2 2 2
left_child=1 2 6 -4 5 -5 -1 9 -9 22 11 16 -12 14 -14 -15 17 -11 19 20 21 -19 24 -21 28 26 27 -8 -7 -30
right_child=-2 -3 3 4 -6 7 25 8 -10 10 12 -13 13 15 -16 -17 -18 18 -20 23 -22 -23 -24 -25 -26 -27 -28 -29 29 -31
leaf_value=-0.038106228528333619 -0.050005748564199162 -0.050278908184832161 -0.030683963483464905 -0.018870807443315485 -0.0026324668683261384 0.032493767703619829 -0.038596685416271259 0.014090786955467303 -0.028710052750778137 0.027923598324786261 0.048227819410206943 -0.054484874578429932 0.033565432573592367 -0.034239116027198861 -0.034965591309979747 0.040980620747001567 0.03845728802213122 -0.021974483648107293 -0.037861219466899104 -0.044302876646636374 0.029490224917859222 0.041861868899625086 -0.0060515756025930631 0.031266601911189185 -0.029095463921239701 -0.019650768111810289 -0.040603495843406993 0.032567190867902454 0.025009929580705005 -0.027776985495124723
leaf_weight=0.34391467797499053 0.78407514864796546 0.21135667531673696 0.31770068046929978 0.40317677350338765 3.2212281810029708 0.60935742614674404 0.058787663961403558 0.46800050164256379 0.33327100189046632 0.7476440399514116 0.68035100341876364 0.1089113987982272 0.098786106733314227 0.050263480494322721 0.21072134735368309 0.50090784019994317 0.42461246986931644 0.30703131502377778 0.14739121978345782 0.16742433707622684 0.60167227495185216 0.10619079675961984 0.90021324322515273 0.053640459656890016 0.1063840194565272 0.57480573924789979 0.090426505341973495 0.31893364386802858 0.4420321785746637 0.24022234147196286
leaf_count=17539 685481 34428 2219 451 2798 374 292 432 487 358 261 8 52 8 61 235 167 90 28 72 347 20 194 16 60 16478 1746 2866 335 97
internal_value=1.7103e-10 0.00305233 0.00394452 0.0062051 0.0072774 0.0114187 -0.0143882 0.0130904 -0.00371127 0.0151604 0.0197263 0.0132833 0.0308665 0.0171427 -0.0130924 0.034121 0.0161714 0.0117308 0.00297922 0.00784954 0.0152153 -0.00556967 0.00680524 -0.0259663 0.0150841 -0.00656716 0.00949728 0.0214914 0.018723 0.00642362
internal_weight=13.6294 12.8454 12.634 11.2471 10.9294 7.70821 1.38687 7.30503 0.801272 6.50376 4.20555 2.66452 1.54103 0.860679 0.309507 0.551171 2.55561 2.13099 1.38335 1.23596 1.01489 0.413222 2.29821 0.221065 1.398 1.04295 0.468148 0.377721 1.29161 0.682255
internal_count=768000 82519 48091 9170 6951 4153 38921 3702 919 2783 1723 1106 617 356 113 243 1098 931 573 545 457 110 1060 88 866 21382 4904 3158 806 432
is_linear=0
shrinkage=0.05


Tree=140
num_leaves=31
num_cat=0
split_feature=12 11 6 57 57 57 12 58 6 4 12 18 12 19 10 12 38 58 1 10 6 23 5 19 54 37 36 63 1 14
split_gain=0.783413 0.230429 0.169478 0.143524 0.140999 0.109404 0.102207 0.0977501 0.0966031 0.0937417 0.0933974 0.0881776 0.104437 0.0899347 0.0844464 0.0844845 0.0827053 0.0907831 0.108376 0.0828578 0.106258 0.119722 0.103608 0.123321 0.113296 0.0819034 0.0799733 0.0795886 0.0792779 0.0764789
threshold=1.118055582046509 1.3405797481536867 1.0000000180025095e-35 0.60095453262329113 0.83388909697532665 0.89890685677528392 0.17519181966781619 0.27957689762115484 1.0000000180025095e-35 1.0000000180025095e-35 0.55902779102325451 0.3213160932064057 0.72077924013137828 0.020919729955494407 13.250000000000002 0.22474747896194461 0.32026019692420965 0.21708940714597705 17.500000000000004 12.750000000000002 2.5000000000000004 3.677175879478455 1.0000000180025095e-35 1.0000000180025095e-35 2.410967350006104 0.99475497007370006 0.94466316699981701 3.2384861707687382 11.500000000000002 2.9604374170303349
decision_type=2 2 2 2 2 2 2 2 2 2 2 2 2 2 2 2 2 2 2 2 2 2 2 2 2 2 2 2 2 2
left_child=1 2 3 -1 -3 7 -5 10 -6 11 14 12 13 -8 15 -4 19 -18 25 20 22 -22 24 -24 -7 -19 -23 28 -12 -13
right_child=-2 4 5 6 8 16 9 -9 -10 -11 27 29 -14 -15 -16 -17 17 18 -20 -21 21 26 23 -25 -26 -27 -28 -29 -30 -31
leaf_value=-0.012735672629078957 -0.050005564988606969 -0.029381142781125642 -0.052720556719941573 -0.038156266349777486 0.0044881388613720631 -0.042122841895589964 0.040009468144140643 -0.027284455607043862 -0.013090820955807096 -0.050815520522100789 -0.04348734880822485 0.019137150788680432 -0.019990632651454784 -0.011332318363567866 -0.044330923531646957 0.018063780509984577 0.039041078627399833 0.010957443833819306 0.036251777786269666 0.039392397498025464 -0.020729113681117073 -0.010552407553377038 0.016463268072332293 -0.036888082376137603 0.0076566238451043619 -0.028511813568533807 0.039653584789639151 -0.039206937046271283 0.015249710784084167 -0.0077735398190384251
leaf_weight=0.39830603926540531 0.73911373220139687 0.60613297271682087 0.044773723319224024 0.076289360566420661 1.816942828635469 0.37690717031432563 1.0587487591637916 0.4906975978130389 1.3714249049211558 0.045554511574778078 0.078131066959031159 1.6122329538320626 0.090217492103306429 0.092769065271568141 0.067716492766692227 0.72056471698067526 0.34971611868053265 0.35993540260960799 0.24657212124066064 0.12929370704847531 0.17394408732081945 0.10293216069771915 0.44043190022523504 0.14363960804780618 0.16405383591279588 0.20704716068308926 0.34574863842047421 0.23699447759980785 0.21699816170260533 0.31571862895054881
leaf_count=1369 685481 36394 101 45 11058 115 711 1819 26717 254 187 734 50 34 110 620 154 169 131 17 81 31 151 68 118 158 130 358 272 363
internal_value=-6.92033e-11 0.00298534 0.0075201 0.0156121 -0.0072756 0.00142176 0.0190424 -0.00814446 -0.00307317 0.0203996 -0.00126481 0.0214231 0.0318145 0.0358732 0.0091875 0.0139228 0.00726137 0.0177368 0.00857885 0.000769082 -0.00208832 0.0144843 -0.0112601 0.00334267 -0.0270265 -0.00345569 0.0281358 -0.0176282 -0.000300051 0.0147303
internal_weight=13.1195 12.3804 8.58593 3.68984 3.7945 4.8961 3.29153 1.85588 3.18837 3.21524 1.36518 3.16969 1.24174 1.15152 0.833055 0.765338 3.04022 1.16327 0.813555 1.87695 1.74766 0.622625 1.12503 0.584072 0.540961 0.566983 0.448681 0.532124 0.295129 1.92795
internal_count=768000 82519 8350 3560 74169 4790 2191 3467 37775 2146 1648 1892 795 745 831 721 1323 612 458 711 694 242 452 219 233 327 161 817 459 1097
is_linear=0
shrinkage=0.05


Tree=141
num_leaves=31
num_cat=0
split_feature=10 12 17 10 10 10 10 10 10 14 13 1 10 69 14 16 34 34 54 6 10 10 38 49 69 49 10 10 3 6
split_gain=0.741589 0.210151 0.187057 0.158389 0.382134 0.210844 0.423834 0.187338 0.23824 0.16133 0.151572 0.138894 0.114702 0.119962 0.143716 0.140743 0.112108 0.136921 0.111842 0.109714 0.0994847 0.186502 0.117934 0.0975778 0.091784 0.0820532 0.0982629 0.0888756 0.0781433 0.0757012
threshold=1.7500000000000002 0.67708334326744091 0.83994024991989147 9.7500000000000018 9.2500000000000018 10.250000000000002 10.750000000000002 8.7500000000000018 8.2500000000000018 3.5592596530914311 343.19065856933599 13.500000000000002 11.250000000000002 9.892881393432619 1.2089896798133852 0.63528841733932506 2.69426441192627 1.2688759565353396 1.6702933311462405 1.5000000000000002 6.7500000000000009 6.2500000000000009 0.25469110906124121 10.755387306213381 7.5277934074401864 17.031807899475101 5.7500000000000009 5.2500000000000009 1.5000000000000002 2.5000000000000004
decision_type=2 2 2 2 2 2 2 2 2 2 2 2 2 2 2 2 2 2 2 2 2 2 2 2 2 2 2 2 2 2
left_child=-1 2 -2 4 7 23 -7 8 20 11 -9 18 -13 -14 -15 -16 17 -12 -8 -17 21 25 -22 -5 -24 26 27 -4 -18 -3
right_child=1 29 3 5 -6 6 9 10 -10 -11 16 12 13 14 15 19 28 -19 -20 -21 22 -23 24 -25 -26 -27 -28 -29 -30 -31
leaf_value=-0.0500027048194326 -0.013988545221507085 -0.024315698123892615 -0.00074920349282771108 -0.0080425087208731028 -0.053816767877552865 -0.053892422566526377 0.012780784792301027 0.037721240064824156 -0.052387588282396702 -0.050650176418022691 -0.02343730657958867 0.047014746219385783 0.044977677871294267 -0.033489239286834227 -0.046941845415684767 0.041095943263839085 0.011272519354668702 0.051534898844570465 -0.042283321228382506 -0.029345409801050323 -0.021277273468561456 -0.05281750407087147 -0.021028727551928403 0.04533836619844215 0.021923026132014363 -0.03199300055618725 0.017192305914626078 -0.051936836010820969 -0.047526800213208306 -0.0014845619231383647
leaf_weight=0.70059487091088435 1.1112966282166343 0.85910220334614595 1.6557014764814817 0.097246023204661802 0.28023294741728921 0.23782775953611723 0.2782427371603261 0.73581925820985794 0.19680167489059375 0.0846340047562818 0.095593135105445981 0.48830602431189596 0.27412299951538444 0.1732582727818226 0.068667721063320641 0.35819673192418122 0.096160987546454635 0.16779355714061239 0.13792879498760158 0.065364291585865431 0.21710377029182826 0.16907409413704488 0.13653991210992433 0.71540070021762858 1.3964297473988549 0.17390639373428474 0.87090157413564373 0.089376932762377126 0.13701818598212867 0.62881165960494911
leaf_count=731500 6158 18183 2384 27 132 97 56 409 150 184 34 255 108 46 24 165 30 115 33 15 78 222 86 441 1022 345 485 211 48 4957
internal_value=1.11821e-10 0.00292007 0.00541014 0.00770408 0.00328169 0.0172318 0.00908534 0.00588845 0.00151043 0.016851 0.0233164 0.019949 0.0273571 0.0171412 0.00567496 0.0194603 0.00197098 0.0243246 -0.00546872 0.0302254 0.00376295 -0.00182614 0.0132128 0.0389505 0.0180974 0.00126407 0.00347495 -0.00337086 -0.0232785 -0.014667
internal_weight=12.6975 11.9969 10.5089 9.39765 6.41845 2.9792 2.16655 6.13822 4.90584 1.92872 1.23239 1.84409 1.42792 0.93961 0.665487 0.492229 0.496566 0.263387 0.416172 0.423561 4.70903 2.95896 1.75007 0.812647 1.53297 2.78989 2.61598 1.74508 0.233179 1.48791
internal_count=768000 36500 13360 7202 5751 1451 983 5619 4983 886 636 702 613 358 250 204 227 149 89 180 4833 3647 1186 468 1108 3425 3080 2595 78 23140
is_linear=0
shrinkage=0.05


Tree=142
num_leaves=31
num_cat=0
split_feature=12 10 57 6 14 4 12 69 37 5 2 37 18 21 37 34 29 63 54 54 34 54 58 69 10 10 66 11 17 17
split_gain=0.697141 0.217387 0.177837 0.149165 0.113435 0.0908289 0.0918724 0.0901266 0.0896041 0.087104 0.0893256 0.146201 0.0846499 0.0815422 0.0812703 0.0780883 0.0752787 0.114491 0.0885257 0.0839511 0.0750923 0.0902154 0.0809871 0.0738234 0.072357 0.110479 0.0875246 0.0710918 0.0748161 0.10247
threshold=1.118055582046509 4.7500000000000009 0.67305442690849315 1.0000000180025095e-35 3.5592596530914311 1.0000000180025095e-35 0.17519181966781619 8.1542124748229998 0.95815667510032665 2.5000000000000004 5.5000000000000009 0.97718599438667308 0.31107382476329809 0.21825697273015979 0.97627702355384838 4.1963903903961191 12.282866001129152 3.4498615264892583 1.2033249139785769 1.6702933311462405 2.7285441160202031 2.0168181657791142 0.28274072706699377 9.0811424255371112 9.7500000000000018 9.2500000000000018 30.000000000000004 1.3405797481536867 0.90413644909858715 0.96271821856498729
decision_type=2 2 2 2 2 2 2 2 2 2 2 2 2 2 2 2 2 2 2 2 2 2 2 2 2 2 2 2 2 2
left_child=1 8 7 4 5 6 -4 -3 -1 10 12 -12 24 16 -6 -5 19 27 -19 -14 21 -10 -22 -21 25 26 -8 28 -18 -30
right_child=-2 2 3 15 14 -7 9 -9 20 -11 11 -13 13 -15 -16 -17 17 18 -20 23 22 -23 -24 -25 -26 -27 -28 -29 29 -31
leaf_value=-0.038316455034724854 -0.050005220045425153 -0.00049818096579307386 -0.036496118281688604 0.0024994102977432559 -0.02876499953337297 -0.05037725421349909 0.033333415873732827 -0.030340464614120266 -0.01019788578235141 -0.052429495680127891 0.028268215791853346 -0.034092630540177839 0.041561202186106566 -0.05087443598078098 0.018077121804857574 -0.042600200132404897 -0.040940015958622705 -0.011916884361861745 0.035498332174170394 -0.029511280674994835 -0.047343932594412663 0.031148332571608425 0.0051299247477538607 0.023653600096037324 0.051651214814351046 -0.054080516579436605 -0.033388541442681573 -0.031529179064874673 0.034178600174715489 -0.022784920588901709
leaf_weight=0.33945250650211167 0.65911891345639695 0.54004198792585956 0.076124348837764866 4.7681096980553832 0.2460309454998536 0.049365071290452422 0.76622629390476615 0.47601269512300348 0.48758963116424781 0.042211312476865603 0.18569833511051559 0.19030492573483571 0.52412756086141676 0.044187663494085316 0.14848019963596926 0.097951676075879734 0.071555601487488962 0.1250275202364719 0.46292526460638328 0.089011580887927266 0.20457899285412395 0.18087186099959496 0.11478893787268873 0.24507059908501105 0.36151824077205674 0.042014379985630512 0.052520009168802062 0.18349649381161726 0.23583158135079429 0.11867687669655425
leaf_count=31619 685481 1152 19 1979 627 335 503 3831 9602 10 139 113 403 13 585 1580 35 63 266 42 20473 1641 6727 121 307 3 30 122 124 55
internal_value=-4.91217e-10 0.00287358 0.00536368 0.00757278 0.0144043 0.0170106 0.0178822 -0.014479 -0.0161547 0.0189889 0.0198041 -0.00329421 0.0224183 0.0163292 -0.0111353 0.00159157 0.0177737 0.0096738 0.0254155 0.029076 -0.00853917 0.000989546 -0.0284835 0.00948855 0.0328796 0.0249956 0.0290534 -0.00550992 0.005696 0.0151092
internal_weight=12.1289 11.4698 10.1425 9.12647 4.2604 3.86589 3.81653 1.01605 1.32728 3.7404 3.69819 0.376003 3.32219 2.09991 0.394511 4.86606 2.05572 1.19751 0.587953 0.85821 0.987829 0.668461 0.319368 0.334082 1.22228 0.860761 0.818746 0.609561 0.426064 0.354508
internal_count=768000 82519 12457 7474 3915 2703 2368 4983 70062 2349 2339 252 2087 1244 1212 3559 1231 665 329 566 38443 11243 27200 163 843 536 533 336 214 179
is_linear=0
shrinkage=0.05


Tree=143
num_leaves=31
num_cat=0
split_feature=12 57 11 6 69 14 12 11 16 11 3 13 14 24 14 57 12 34 38 2 16 21 49 14 56 54 57 10 24 63
split_gain=0.659993 0.187785 0.168464 0.152963 0.0865368 0.084105 0.0860055 0.0810499 0.0731133 0.0721822 0.0707234 0.0667024 0.0771156 0.0753069 0.0700737 0.0697875 0.0648528 0.0640912 0.0616648 0.070509 0.0672197 0.060314 0.0594945 0.103085 0.0996439 0.0761342 0.102086 0.0660112 0.0733645 0.057598
threshold=0.86190477013587963 0.67305442690849315 1.3405797481536867 1.0000000180025095e-35 8.1542124748229998 3.5592596530914311 0.17519181966781619 1.5941176414489748 0.8005608618259431 1.3405797481536867 1.0000000180025095e-35 346.98332214355474 1.3238819241523745 0.47727273404598242 4.176084280014039 0.9158110022544862 0.22474747896194461 4.1963903903961191 0.36008127033710485 5.5000000000000009 0.39136075973510748 0.21825697273015979 12.66980028152466 1.3543263077735903 0.61134067177772533 1.3001471757888796 0.84690457582473766 8.7500000000000018 0.5634920895099641 3.5114340782165532
decision_type=2 2 2 2 2 2 2 2 2 2 2 2 2 2 2 2 2 2 2 2 2 2 2 2 2 2 2 2 2 2
left_child=1 4 3 5 9 6 -3 -2 -7 -1 -4 12 15 -14 -15 -12 -5 -18 19 20 -8 22 -20 24 -24 -25 -27 -28 -29 -21
right_child=7 2 10 16 -6 8 18 -9 -10 -11 11 -13 13 14 -16 -17 17 -19 21 29 -22 -23 23 25 -26 26 27 28 -30 -31
leaf_value=0.0067030511991851456 -0.019293059611742311 -0.035162740587796913 -0.045474830377692572 -0.046198750208684296 -0.031278489464650394 -0.034268388945936139 -0.045997207377267681 -0.050006387588741555 0.022465298548161466 -0.036548138799852185 0.0027282769867472793 -0.019611032302236403 -0.033761574291204126 0.0097837342626646354 -0.045007798870950154 -0.032018506664710476 0.0056084066534437651 -0.040261735360157321 0.035774306192683819 -0.0423656773345387 0.039587129720977055 -0.049714870075427339 0.028452711441548345 0.048541141359286881 -0.033614695208147832 -0.028375921095363334 -0.013885591561600758 -0.033010293922279436 0.041322110324170359 0.03572323431091972
leaf_weight=0.43851847326734972 0.32368226144569767 0.064302578905652719 0.098917603583160818 0.063715199500848363 0.50837717187899756 0.13060669000074643 0.023559755543829275 0.63857163827288232 0.10047352591925574 0.12367134691406534 0.27883078074071299 0.47900283904865393 0.11485658080721317 1.7690862460472798 0.060344113483530859 0.29996878826325002 3.713432500691511 0.077745828129536565 0.3664479046665291 0.053337425080826506 0.87624987287108524 0.033244196418308891 0.096974870290068571 0.19997376088940655 0.19407776885418571 0.11958316537220526 0.092758313701779116 0.037091811773279915 0.31594573189613584 0.042374194172225543
leaf_count=784 4480 19 3781 30 19740 309 5 713337 119 4133 924 5299 778 3863 5931 1050 1106 778 231 22 553 12 94 179 81 67 46 12 212 25
internal_value=1.51073e-10 0.00354366 0.00573636 0.0102517 -0.0163295 0.0192675 0.021919 -0.0396751 -0.00960062 -0.00281141 -0.00387656 -0.00250592 0.000741453 0.0055108 0.00797642 -0.0152796 0.003827 0.00466775 0.0234161 0.0330064 0.0373463 0.0168593 0.0184148 0.0123931 -0.0129347 0.0220249 0.0126461 0.0236501 0.0335124 -0.00779355
internal_weight=11.7357 10.7735 9.7029 6.6019 1.07057 2.747 2.51592 0.962254 0.23108 0.56219 3.10101 3.00209 2.52309 1.94429 1.82943 0.5788 3.85489 3.79118 2.45162 0.995521 0.89981 1.4561 1.42285 1.05641 0.291053 0.765353 0.565379 0.445796 0.353038 0.0957116
internal_count=768000 50183 25526 3900 24657 1986 1558 717817 428 4917 21626 17845 12546 10572 9794 1974 1914 1884 1539 605 558 934 922 691 175 516 337 270 224 47
is_linear=0
shrinkage=0.05


Tree=144
num_leaves=31
num_cat=0
split_feature=10 57 12 0 34 6 18 10 36 49 27 54 24 56 63 4 6 7 10 10 58 54 38 14 10 29 10 38 11 11
split_gain=0.627548 0.177476 0.159451 0.144135 0.123676 0.116899 0.109794 0.0892757 0.0814904 0.0847215 0.0744016 0.0737724 0.112096 0.0919197 0.0909426 0.0732818 0.0700453 0.0670878 0.0662382 0.117431 0.102913 0.0905648 0.10116 0.0983187 0.0715043 0.100775 0.0674408 0.0654293 0.0721955 0.0648665
threshold=3.7500000000000004 0.40444585680961614 0.65686276555061351 10.500000000000002 3.5467442274093632 1.0000000180025095e-35 0.34890969097614294 3.2500000000000004 0.76569539308547985 12.147132873535158 46.969697952270515 1.7371867299079897 0.68333333730697643 0.8745078742504121 4.1026091575622567 1.0000000180025095e-35 2.5000000000000004 1.0000000180025095e-35 9.7500000000000018 9.2500000000000018 0.25119361281394964 2.4481493234634404 0.25469110906124121 2.633392453193665 6.7500000000000009 11.367444992065431 13.250000000000002 0.22838322818279269 1.0178571343421938 1.0178571343421938
decision_type=2 2 2 2 2 2 2 2 2 2 2 2 2 2 2 2 2 2 2 2 2 2 2 2 2 2 2 2 2 2
left_child=3 -2 4 -1 5 6 15 17 9 -7 -8 12 29 -13 -14 -3 -15 -5 19 21 26 22 27 24 25 -24 -20 28 -10 -4
right_child=1 2 11 7 -6 8 10 -9 18 -11 -12 13 14 16 -16 -17 -18 -19 20 -21 -22 -23 23 -25 -26 -27 -28 -29 -30 -31
leaf_value=-0.05002065618220547 -0.032545060518422778 0.024976148804804123 0.032684802310626163 0.00084390188952108535 -0.0092888720674632903 0.0053542642787800087 0.017088439965577081 -0.052135710772173063 0.052585841924248304 -0.035259119938733104 -0.0051548552085702408 -0.038788831360123253 -0.043047150284898701 -0.050831706793163137 0.011378425979193585 -0.050392908555179174 0.031027981798830526 -0.050372104567648096 0.037288573154363076 -0.054244339112510032 -0.0027921631583055161 0.024206852613084945 0.027812051482099309 -0.05312746102690892 0.019476018899286088 -0.018163833597968745 -0.010850794080211397 -0.044014575381216878 -0.020065396809471159 -0.00098021777085846758
leaf_weight=0.63132279086551502 0.31879681442607122 2.1123045929562059 0.21851610571030622 0.4324394509550018 0.91580967518433443 0.2626718436230252 0.768487137376894 0.13760300443681928 0.045153818603013263 0.25121899208630794 0.73599300710219495 0.35893603093703774 0.22898375205055288 0.035406077203681718 0.11545343205449399 0.032751577035810331 0.099770678872687313 0.07503445766001704 0.52007682531620947 0.088445844674424623 0.37478128191105498 0.46089103149205346 0.17022764655109746 0.067449418464093358 0.70327108289575335 0.39751271635520879 0.084588032392048262 0.19247858050675859 0.1408962765524393 0.41452581001634314
leaf_count=722330 6401 1540 141 13888 2831 75 572 1126 5 192 377 5481 673 672 273 203 140 9003 154 13 82 153 64 9 226 170 16 57 92 1041
internal_value=2.10413e-10 0.00416869 0.00536341 -0.0330366 0.00804534 0.0101879 0.0165624 -0.0164147 0.00400017 -0.0144999 0.006207 -0.00980868 -0.00184924 -0.0255544 -0.024804 0.0238254 0.00958694 -0.00672883 0.00692921 0.00223358 0.0177944 0.0045272 -0.000755404 0.00569873 0.00882049 -0.00437872 0.0305542 -0.0235769 -0.00243315 0.0106404
internal_weight=11.3918 10.1154 9.7966 1.2764 8.32501 7.4092 3.64954 0.645077 3.75966 0.513891 1.50448 1.47159 0.977479 0.494113 0.344437 2.14506 0.135177 0.507474 3.24577 2.26633 0.979446 2.17788 1.71699 1.33846 1.27101 0.56774 0.604665 0.378529 0.18605 0.633042
internal_count=768000 21653 15252 746347 6831 4000 2692 24017 1308 267 949 8421 2128 6293 946 1743 812 22891 1041 789 252 776 623 469 460 234 170 154 97 1182
is_linear=0
shrinkage=0.05


Tree=145
num_leaves=31
num_cat=0
split_feature=10 4 12 17 10 10 34 14 24 54 56 43 10 10 38 69 69 57 8 69 38 37 34 24 54 56 38 13 13 34
split_gain=0.590888 0.171954 0.155257 0.149103 0.130231 0.202006 0.0834715 0.0824311 0.173376 0.079864 0.0932131 0.0848041 0.0717823 0.16251 0.105096 0.0768257 0.0714338 0.070384 0.0679743 0.0763273 0.0674157 0.0655752 0.0767623 0.0623349 0.12786 0.0830772 0.0651091 0.0589484 0.0575397 0.0567382
threshold=2.7500000000000004 1.0000000180025095e-35 0.65686276555061351 0.83994024991989147 8.7500000000000018 8.2500000000000018 4.2333810329437265 1.2089896798133852 0.58571431040763866 1.1437531113624575 0.57200461626052868 3.3140207529067998 6.7500000000000009 6.2500000000000009 0.25469110906124121 7.4991328716278085 10.798275470733644 0.88050693273544323 1.0000000180025095e-35 8.7381744384765643 0.43605996668338781 0.9172172248363496 1.6935646533966067 0.68333333730697643 1.7371867299079897 0.89712753891944896 0.29096922278404241 334.06430053710943 414.09326171875006 3.3219519853591923
decision_type=2 2 2 2 2 2 2 2 2 2 2 2 2 2 2 2 2 2 2 2 2 2 2 2 2 2 2 2 2 2
left_child=-1 2 3 18 5 12 7 8 -6 28 21 -12 13 -5 -14 -16 27 -4 19 20 -2 -11 -23 24 -19 -25 -27 -10 -9 -17
right_child=1 -3 17 4 6 -7 -8 9 16 10 11 -13 14 -15 15 29 -18 23 -20 -21 -22 22 -24 25 -26 26 -28 -29 -30 -31
leaf_value=-0.042928958459145329 0.013308485680199038 -0.050280917112094141 -0.028529108684559712 0.0026880982038144387 0.025980701156402775 -0.052126113044526447 -0.035660801448984134 0.045965411348327406 -0.016830753495948026 0.034099961844056122 -0.023323696887181729 0.025682860270693719 -0.022449899207682561 -0.052603889394062756 -0.020262485301768728 0.027862097991856558 -0.02980990912610787 0.018107019452811297 0.02245117242452474 -0.034114888499824206 -0.026204404634327789 0.041684209597544361 -0.016722391598880199 -0.030618373143833574 -0.047280738900951337 -0.021698181675116255 0.036635289170827853 0.047529339870785184 -0.022828933456554245 0.00056222402151477916
leaf_weight=0.74721826864542329 0.25467827637393181 0.14855249694553485 0.411041237387331 2.1559746918613896 0.45052446049157957 0.16259229059414781 0.07815144641642735 0.39744777436772016 0.078558101427915972 0.11233967626685659 0.093307150666077976 1.6375667907759632 0.17908594748871554 0.14162012971809179 0.11666454444514318 0.93171152732793394 0.33636525148904184 0.46364283803650586 0.12234492210180292 0.37467280920245116 0.1873710986812398 0.065504314288773458 0.39842019960087782 0.3543070630570071 0.089134977670006776 0.087601938725519801 0.10537513148405253 0.065027874225052074 0.032911926808083081 0.23918305144002261
leaf_count=739918 242 9052 5709 1760 169 99 287 322 35 40 23 755 64 140 69 612 113 676 179 2297 640 25 160 2094 1387 672 164 39 8 250
internal_value=-6.37841e-10 0.00312289 0.00390656 0.00650035 0.00880193 0.00243961 0.0154712 0.0165606 0.00370398 0.0209306 0.0172421 0.023041 0.00479652 -0.000720013 0.0134385 0.0184302 -0.0172069 -0.0108758 -0.0123055 -0.0175121 -0.00343981 -0.000175726 -0.00847561 -0.00427961 0.0075633 -0.0162414 0.0101548 0.0123169 0.0407043 0.0222854
internal_weight=11.0189 10.2717 10.1231 8.61202 7.67296 3.92683 3.74612 3.66797 0.930476 2.7375 2.30714 1.73087 3.76424 2.29759 1.46665 1.28756 0.479951 1.5111 0.939067 0.816722 0.442049 0.576264 0.463925 1.10006 0.552778 0.547284 0.192977 0.143586 0.43036 1.17089
internal_count=768000 28082 19030 8328 4970 2994 1976 1689 356 1333 1003 778 2895 1900 995 931 187 10702 3358 3179 882 225 185 4993 2063 2930 836 74 330 862
is_linear=0
shrinkage=0.05


Tree=146
num_leaves=31
num_cat=0
split_feature=12 11 6 57 57 38 57 58 38 6 11 11 27 12 19 6 38 5 54 19 58 58 18 58 24 57 8 14 14 34
split_gain=0.558762 0.165934 0.127913 0.111304 0.105583 0.0831326 0.0830244 0.0779599 0.072216 0.0717546 0.0710831 0.0700349 0.064935 0.0648107 0.0630475 0.0682414 0.0653249 0.082899 0.11554 0.070966 0.0659829 0.0854023 0.0626694 0.103742 0.0758758 0.0612013 0.0592741 0.0580248 0.0559063 0.0645286
threshold=0.86190477013587963 1.3405797481536867 1.0000000180025095e-35 0.69339519739151012 0.83388909697532665 0.43605996668338781 0.89890685677528392 0.27957689762115484 0.36008127033710485 1.0000000180025095e-35 0.78019323945045482 1.5941176414489748 49.444444656372077 0.53589746356010448 0.002547665149904788 2.5000000000000004 0.31861895322799688 1.0000000180025095e-35 2.3747513294219975 1.0000000180025095e-35 0.21708940714597705 0.22221294045448306 0.34890969097614294 0.37507063150405889 0.27500000596046453 0.93675455451011669 1.0000000180025095e-35 0.72696512937545787 2.9982473850250249 1.7622199058532717
decision_type=2 2 2 2 2 2 2 2 2 2 2 2 2 2 2 2 2 2 2 2 2 2 2 2 2 2 2 2 2 2
left_child=1 2 3 5 -3 13 7 10 -5 22 -4 -2 -11 -1 16 -16 17 18 -8 -19 -18 -22 24 -24 -6 -26 -9 -14 29 -10
right_child=11 4 6 8 9 -7 14 26 28 12 -12 -13 27 -15 15 -17 20 19 -20 -21 21 -23 23 -25 25 -27 -28 -29 -30 -31
leaf_value=0.029656477452669729 -0.019507509336184309 -0.02785574573462915 -0.031428742503975642 0.030564518692975585 -0.043436494487382689 -0.028660133131351819 -0.021575124027774353 -0.033303749946121029 0.0031808781250111662 -0.022941026374519769 0.004757350858241644 -0.050005892771562012 -0.051128238807395303 -0.026014410823939588 -0.031445359679168165 0.018272000500626429 0.04305657947422338 0.024543766303363565 0.025205659318385726 -0.027342984743092977 -0.046624602543068813 0.018472238094792127 -0.022993971683465991 0.02705017046064297 0.005189124631637905 0.031463606841193627 0.025716423766247106 0.0078061208143752753 -0.0095378476115027481 0.026607318610956467
leaf_weight=0.17729270364185223 0.28863271986546202 0.48027659785301713 0.1589288224696761 0.96788054308316906 0.057788539808214745 0.22369693130094959 0.47871097018287467 0.35578751881502046 0.49076716761101102 0.60874883072891328 0.92907574914264046 0.54115650782561175 0.046416337716799205 0.074142193580996718 0.194333037689148 0.10703376545234278 0.24842016506676134 0.48352036975768442 0.18223477656266596 0.076297341607187263 0.055618100012907234 0.53534529466338654 0.37843092286995983 0.14257543783651982 0.5584176294047154 0.367483480280967 0.048317892569457399 0.41681638816650946 0.23241029289201254 0.73299514054951942
leaf_count=313 4480 25531 262 691 152 1028 136 1578 312 6423 1093 713337 486 93 116 55 92 152 120 37 16 323 1487 809 2767 1136 38 3995 391 551
internal_value=2.54088e-10 0.00333255 0.00770787 0.0156417 -0.00633254 -0.00648677 0.00173905 -0.00749374 0.019979 -0.00232074 -0.000528485 -0.0393974 -0.0122062 0.0132405 0.00757274 -0.0137877 0.0106974 0.00331458 -0.00867681 0.0174721 0.0214347 0.0123457 0.00472187 -0.0092992 0.0121481 0.0156173 -0.0262469 0.00190084 0.0129431 0.0172126
internal_weight=10.6396 9.80976 6.75281 2.89918 3.05695 0.475132 3.85362 1.49211 2.42405 2.57668 1.088 0.829789 1.07198 0.251435 2.36151 0.301367 2.06015 1.22076 0.660946 0.559818 0.839384 0.590963 1.5047 0.521006 0.98369 0.925901 0.404105 0.463233 1.45617 1.22376
internal_count=768000 50183 7397 3379 42786 1434 4018 2971 1945 17255 1355 717817 10904 406 1047 171 876 445 256 189 431 339 6351 2296 4055 3903 1616 4481 1254 863
is_linear=0
shrinkage=0.05


Tree=147
num_leaves=31
num_cat=0
split_feature=10 4 10 10 17 12 17 10 2 3 17 34 36 10 54 58 34 36 23 13 54 29 6 12 69 5 69 58 3 6
split_gain=0.527983 0.167991 0.15818 0.142741 0.133452 0.094813 0.101798 0.0857216 0.108441 0.0898912 0.087036 0.0836266 0.0830815 0.0817617 0.0807155 0.0985219 0.0774064 0.1363 0.105316 0.091097 0.0988061 0.0822307 0.0807563 0.0767104 0.0786727 0.0763446 0.073887 0.0732873 0.070676 0.0692584
threshold=1.7500000000000002 1.0000000180025095e-35 7.7500000000000009 7.2500000000000009 0.84445098042488109 0.58578431606292736 0.97436261177062999 4.7500000000000009 2.5000000000000004 1.5000000000000002 0.97994592785835277 3.6601417064666752 0.97665333747863781 4.2500000000000009 0.5248686969280244 0.22356637567281726 1.728749215602875 0.82128340005874645 4.4790756702423105 287.12956237792974 1.3314403891563418 12.646152496337892 2.5000000000000004 0.26969698071479803 12.814583778381349 1.0000000180025095e-35 7.6785573959350595 0.13155309110879901 2.5000000000000004 1.0000000180025095e-35
decision_type=2 2 2 2 2 2 2 2 2 2 2 2 2 2 2 2 2 2 2 2 2 2 2 2 2 2 2 2 2 2
left_child=-1 2 3 7 26 11 -7 13 9 -9 14 16 -8 28 -11 -16 21 18 19 -18 -21 27 -23 24 -19 -12 -4 -6 -2 -30
right_child=1 -3 4 -5 5 6 12 8 -10 10 25 -13 -14 -15 15 -17 17 23 -20 20 -22 22 -24 -25 -26 -27 -28 -29 29 -31
leaf_value=-0.050002282263141198 -0.024086604878774578 -0.050269243162723659 0.010686417763423507 -0.051440744202175405 -0.053244997809455311 -0.017087948992384614 -0.029486536086409654 -0.032898707017353923 -0.0074668677773144249 -0.011867350158332911 -0.038225906153895338 -0.0097176662724171494 0.029938694793014826 -0.05151818065643296 0.043377057382464557 0.012569442274465163 0.036190623418951968 -0.041536165404614162 0.048136358750321101 0.033201599328349637 -0.024178531126312474 -0.011224412241482091 0.04552703683266579 0.03561020345152334 0.033369745364496634 0.012477566100338419 -0.025025532055123392 0.024619858296744387 0.01987412220947974 -0.017699894475167382
leaf_weight=0.50224161191851102 0.4247590822316416 0.14821885147801772 0.22462006781113064 0.1507989732032583 0.03183204602100953 0.51050313501315248 0.074129284852006094 0.10904523733380278 1.5286436648162505 0.1727916129721051 0.13382937443270737 0.30077836982650286 0.28474236218357873 0.12944722510038531 0.4335959516082537 0.6463711429862542 0.11765408512656028 0.068540165845661138 0.12005761260661529 0.093297716347478854 0.38304275478367344 0.56050353820592136 0.070578052647761069 1.357165448526757 0.071747310976206791 0.16673710421127907 0.40777565802990523 0.59649199948034948 0.28406714934745736 0.21581667540441174
leaf_count=731500 5742 12381 412 637 4 589 81 427 4122 100 55 394 117 1370 223 645 55 32 59 74 186 257 13 870 54 65 2366 318 1231 3621
internal_value=2.18558e-10 0.00255799 0.00336776 -0.00363663 0.00920655 0.0121426 -0.00274272 -0.00193849 0.00214514 0.0109839 0.0140645 0.0155737 0.0176637 -0.0143007 0.0198618 0.0249384 0.0177654 0.0234002 0.00542444 -0.00320845 -0.0129399 0.00787081 -0.00487752 0.0319718 -0.00322699 -0.0100985 -0.012341 0.0206751 -0.00909038 0.00365215
internal_weight=10.3198 9.81758 9.66936 4.3959 5.27346 4.64106 0.869375 4.2451 3.19101 1.66237 1.55333 3.77169 0.358872 1.05409 1.25276 1.07997 3.47091 2.21151 0.714052 0.593995 0.47634 1.25941 0.631082 1.49745 0.140287 0.300566 0.632396 0.628324 0.924643 0.499884
internal_count=768000 36500 24119 18238 5881 3103 787 17601 5637 1515 1088 2316 198 11964 968 868 1922 1330 374 315 260 592 270 956 86 120 2778 322 10594 4852
is_linear=0
shrinkage=0.05


Tree=148
num_leaves=31
num_cat=0
split_feature=12 10 57 6 4 18 14 37 16 11 13 69 49 6 69 24 6 58 34 12 38 1 41 57 36 37 12 17 5 14
split_gain=0.498723 0.173193 0.137998 0.120024 0.0853619 0.0750721 0.0705158 0.0700533 0.069886 0.0843005 0.0824778 0.0671982 0.0625085 0.0624966 0.0806996 0.0664546 0.0626995 0.0609012 0.0592091 0.0626762 0.0708746 0.0893317 0.0758285 0.0671675 0.0653516 0.0664214 0.0605078 0.0576761 0.057549 0.0848712
threshold=1.118055582046509 4.7500000000000009 0.67305442690849315 1.0000000180025095e-35 1.0000000180025095e-35 0.32312279939651495 3.6774028539657597 0.95815667510032665 0.4444520771503449 1.1558704376220705 375.25582885742193 8.1542124748229998 17.132326126098636 1.0000000180025095e-35 12.576331615448 0.92857143282890331 2.5000000000000004 0.23162563890218738 3.5467442274093632 0.57518798112869274 0.25469110906124121 9.5000000000000018 0.01029244437813759 0.88050693273544323 0.73706510663032543 0.91930359601974498 0.60555556416511547 0.99740719795227062 1.0000000180025095e-35 1.2089896798133852
decision_type=2 2 2 2 2 2 2 2 2 2 2 2 2 2 2 2 2 2 2 2 2 2 2 2 2 2 2 2 2 2
left_child=1 7 11 4 5 8 12 -1 -4 -10 -11 -3 28 14 15 -9 27 -17 19 24 21 -21 -23 -22 25 -5 -25 -15 29 -7
right_child=-2 2 3 18 -6 6 -8 13 9 10 -12 -13 -14 16 -16 17 -18 -19 -20 20 23 22 -24 26 -26 -27 -28 -29 -30 -31
leaf_value=-0.038085258039594561 -0.050004882380371589 -0.0012786962058347626 -0.042715480177911963 0.011843359403076348 -0.050600094614494211 -0.0038895305302788612 -0.021042045182598015 -0.019888111442655357 0.040807978050106671 0.021341795163735622 -0.023577982015915201 -0.029490392268841033 -0.028207538256029698 -0.04949114982647948 -0.041288308502101877 -0.05226468613395896 -0.0042269905871032522 0.042773975277380777 -0.017594363968475506 0.05208016457308471 -0.028356849265360376 -0.038380966979337655 0.036207506919920279 -0.026195215026867693 0.010801858529954104 -0.035438468012274925 0.015551483646442994 0.04700674560823543 0.0027264390829285826 0.030690380438512445
leaf_weight=0.27573709392805301 0.47483605042877464 0.4622688392847446 0.039437630986868366 0.13533564919282604 0.050607812450529255 0.23904379671512266 0.18650179862031269 0.079511237992349493 0.52822882220573297 0.86340886429891839 0.11590657156631323 0.38844304788240436 0.094448980490739021 0.18865386623222236 0.069564969133061538 0.0185580733763544 0.2480718577397738 0.18383259075371683 0.37899896013615819 0.035820105167658545 0.14580027301732912 0.32863969513405777 0.03801612560846479 0.10262329264514847 2.1553085252056121 0.16463847414615884 0.56284376559642624 0.016869220460101531 0.69205764556173222 0.68853560668367209
leaf_count=31619 685481 1152 14 39 710 182 545 3814 389 922 125 3831 107 17995 3443 876 10345 1588 1792 3 155 362 16 29 741 63 359 382 300 621
internal_value=4.35471e-10 0.00250526 0.00493017 0.00708232 0.0138656 0.0148119 0.00815535 -0.0163343 0.0229901 0.0247089 0.0160253 -0.0141604 0.0113322 -0.00888448 0.00694168 0.0188434 -0.0211473 0.0340595 0.00122041 0.00316392 -0.00613074 -0.0232847 -0.0306474 0.00237946 0.00775863 -0.0141069 0.00911362 -0.0415707 0.0136379 0.0217789
internal_weight=9.95255 9.47771 8.39691 7.5462 3.49818 3.44757 1.90059 1.0808 1.54698 1.50754 0.979315 0.850712 1.71409 0.805062 0.351467 0.281902 0.453595 0.202391 4.04802 3.66903 1.21374 0.402476 0.366656 0.811267 2.45528 0.299974 0.665467 0.205523 1.61964 0.927579
internal_count=768000 82519 12457 7474 3915 3205 1755 70062 1450 1436 1047 4983 1210 38443 9721 6278 28722 2464 3559 1767 924 381 378 543 843 102 388 18377 1103 803
is_linear=0
shrinkage=0.05


Tree=149
num_leaves=31
num_cat=0
split_feature=12 11 57 6 57 38 11 3 6 58 18 58 24 27 57 11 14 34 12 12 16 54 0 58 16 6 13 3 13 54
split_gain=0.471556 0.151696 0.116019 0.121318 0.092877 0.0717291 0.0627653 0.0625017 0.0593946 0.0583033 0.0567785 0.0868847 0.0630449 0.054161 0.0539367 0.0531584 0.0510456 0.0504118 0.0500659 0.0500768 0.0767627 0.114393 0.0887338 0.0704195 0.054252 0.0700481 0.049116 0.0489155 0.0488228 0.0487231
threshold=0.86190477013587963 1.3405797481536867 0.40444585680961614 1.0000000180025095e-35 0.83388909697532665 0.36008127033710485 1.5941176414489748 1.0000000180025095e-35 1.0000000180025095e-35 0.43809729814529424 0.34890969097614294 0.37507063150405889 0.27500000596046453 49.444444656372077 0.93675455451011669 0.78019323945045482 0.72696512937545787 4.3533363342285165 0.22474747896194461 0.5419580638408662 0.90330776572227489 1.8427736759185793 13.500000000000002 0.24246351420879367 0.93335407972335827 2.5000000000000004 277.17869567871099 3.5000000000000004 372.17256164550787 1.430603623390198
decision_type=2 2 2 2 2 2 2 2 2 2 2 2 2 2 2 2 2 2 2 2 2 2 2 2 2 2 2 2 2 2
left_child=1 2 -1 5 -3 -4 -2 9 10 -5 12 26 -6 -10 -14 -7 -15 18 -9 -20 21 22 23 -21 -22 -26 -12 -18 -16 -17
right_child=6 4 3 7 8 15 -8 17 13 -11 11 -13 14 16 28 29 27 -19 19 20 24 -23 -24 -25 25 -27 -28 -29 -30 -31
leaf_value=-0.028468575472676307 -0.019364703784540523 -0.027737606245291715 0.028222226139556335 -0.037043402441737254 -0.042682521041891353 -0.02266593616174592 -0.050005777163384738 -0.045201356619825633 -0.022350787494271416 0.046343671740222137 0.018250930626905283 0.025151691260544663 0.0045617843058559206 -0.051071774355702204 0.036311028678098704 0.023665840971686419 0.012832659366696237 -0.047057830167350587 0.011097173793068358 0.028788089426788843 0.029572731678395678 -0.040725971168533402 -0.020671639885038198 -0.032145192768720278 -0.045344692135644904 0.017362867543635179 -0.031876535715977136 -0.048966117609528806 -0.03130918176086929 0.0053812808505024077
leaf_weight=0.21598121610652565 0.26265921679211679 0.43603570217813858 0.92567955607586361 0.15688235792279703 0.050694594390634728 0.11087919212529573 0.45951898147101389 0.048808072670795677 0.5519908892578832 0.024195020376907905 0.059126561019162693 0.1279004954548526 0.51419519661052249 0.041778338901700351 0.3042758730899493 0.63783351900053709 0.34733546441558971 0.047106661035357322 1.8484446640797503 0.27116067152132906 0.26160386917399592 0.23080052398211137 0.26702191027243316 0.057464193195755797 0.069899866187370208 0.12272457461949671 0.28160802491588655 0.035272083755678807 0.029260776353737583 0.8496991090300412
leaf_count=2553 4480 25531 747 429 152 135 713337 19 6423 43 326 809 2767 486 984 599 3375 828 655 87 65 139 86 32 46 34 1161 620 152 900
internal_value=-2.67085e-10 0.0031443 0.00752774 0.00883874 -0.00654871 0.0171463 -0.0388615 0.00268243 -0.00260616 -0.0259015 0.004121 -0.00998786 0.0114804 -0.0120251 0.0147194 0.010732 0.00140534 0.00428734 0.00504844 0.00583223 -0.00176684 -0.010842 0.000737382 0.0181331 0.014745 -0.00539255 -0.0231781 0.00713551 0.0303788 0.0132214
internal_weight=9.64784 8.92566 6.14618 5.9302 2.77947 2.52409 0.722178 3.40611 2.34344 0.181077 1.36706 0.468635 0.898426 0.976377 0.847732 1.59841 0.424386 3.22504 3.17793 3.12912 1.28068 0.826447 0.595647 0.328625 0.454228 0.192624 0.340735 0.382608 0.333537 1.48753
internal_count=768000 50183 7397 4844 42786 2381 717817 2463 17255 472 6351 2296 4055 10904 3903 1634 4481 1991 1163 1144 489 344 205 119 145 80 1487 3995 1136 1499
is_linear=0
shrinkage=0.05


Tree=150
num_leaves=31
num_cat=0
split_feature=10 12 17 10 4 6 18 14 10 37 16 8 54 24 63 12 19 10 34 49 34 49 14 21 16 17 36 36 3 21
split_gain=0.447668 0.143866 0.133123 0.112399 0.0849422 0.0911508 0.0805857 0.0815809 0.0713665 0.0639724 0.0681686 0.0597002 0.05928 0.0667055 0.0598801 0.0575371 0.0610013 0.0557121 0.0555662 0.0549444 0.0548233 0.0708789 0.0740806 0.0591285 0.0525931 0.0708769 0.0524228 0.0725227 0.0513523 0.0885184
threshold=2.7500000000000004 0.69615384936332714 0.82266744971275341 5.7500000000000009 1.0000000180025095e-35 1.0000000180025095e-35 0.3213160932064057 2.633392453193665 5.2500000000000009 0.97627702355384838 0.75072184205055248 1.0000000180025095e-35 1.7371867299079897 0.68333333730697643 4.1026091575622567 0.20526316016912463 0.020919729955494407 6.7500000000000009 3.7351663112640385 17.132326126098636 1.728749215602875 12.56633234024048 1.6329476833343508 0.21825697273015979 0.77874848246574413 0.97072464227676403 0.86692708730697643 0.72427368164062511 3.5000000000000004 0.0026813719887286429
decision_type=2 2 2 2 2 2 2 2 2 2 2 2 2 2 2 2 2 2 2 2 2 2 2 2 2 2 2 2 2 2
left_child=-1 2 11 8 5 6 7 15 -4 10 -9 -2 13 -3 -15 -5 -17 -11 19 20 21 22 -8 -22 25 -7 27 -23 -26 -30
right_child=1 12 3 4 -6 24 18 9 -10 17 -12 -13 -14 14 -16 16 -18 -19 -20 -21 23 26 -24 -25 28 -27 -28 -29 29 -31
leaf_value=-0.042187792170436562 -0.020632034891490465 0.0045312012364846143 -0.003026085075256469 -0.031910153427308026 -0.050520323528162103 -0.0091981203609463689 0.045940272516229445 0.031912468800788477 -0.05154859056616426 -0.042906454066236277 -0.037340455268009783 0.020374067352706766 -0.03486758003473852 -0.049655182287891196 0.0040642538923742408 0.042696616780068045 -0.0103852078365065 0.041623213734789388 -0.015023204494153109 -0.022779206815269865 0.026517293026447643 -0.026590826115162725 -0.05198225428267958 -0.051072507878184681 0.012154915754532456 0.036054953556534916 -0.032614512741074041 0.030638668109114028 -0.033615954312978598 0.039326886528344839
leaf_weight=0.58926603465834837 0.64759493552887004 0.41106766752985624 1.2511031670831867 0.029974047389260017 0.057126536943783779 0.88856125324920787 0.13311513536609687 0.051900032155572262 0.080664679571412878 0.022847112049248608 0.11268901315520452 0.10285826100144391 0.28447335604192858 0.13835872657165282 0.082991219617671419 0.71704891574154317 0.058542593098536599 0.13276434520594194 0.19259868024340665 0.097045254662589175 0.80511236645907047 0.096260557897039689 0.022592346034798538 0.025326705334009603 1.7601773841826682 0.095861156047931217 0.13980698899104027 0.13027595482162724 0.1541911449616008 0.056955013102196972
leaf_count=739918 5117 2146 2061 18 630 477 147 71 270 29 78 212 12040 1251 451 768 31 118 360 99 642 22 7 7 720 35 85 79 96 15
internal_value=7.4166e-10 0.00283145 0.00501705 0.00713031 0.0101472 0.0107527 0.0172731 0.027577 -0.00596508 0.00622794 -0.0155029 -0.0150117 -0.0159116 -0.00738484 -0.029514 0.036063 0.0386899 0.0292124 0.0102092 0.0135618 0.0161694 0.00347292 0.0317322 0.024151 0.00464673 -0.00479146 -0.00853817 0.00632054 0.0093599 -0.0139402
internal_weight=9.36915 8.77988 7.86299 7.11254 5.78077 5.72365 2.7679 1.12577 1.33177 0.320201 0.164589 0.750453 0.916891 0.632418 0.22135 0.805566 0.775592 0.155611 1.64213 1.44954 1.35249 0.522051 0.155707 0.830439 2.95575 0.984422 0.366344 0.226537 1.97132 0.211146
internal_count=768000 28082 12194 6865 4534 3904 2561 1113 2331 296 149 5329 15888 3848 1702 817 799 147 1448 1088 989 340 154 649 1343 512 186 101 831 111
is_linear=0
shrinkage=0.05


Tree=151
num_leaves=31
num_cat=0
split_feature=10 10 10 10 10 36 12 49 34 54 17 34 34 56 10 2 3 37 13 10 17 49 17 1 34 57 14 16 34 29
split_gain=0.426521 0.143952 0.188386 0.11358 0.12274 0.10499 0.108943 0.0988023 0.0857498 0.0820168 0.0767523 0.0730859 0.0699737 0.101805 0.069265 0.0859869 0.0741588 0.0774161 0.0825673 0.0704194 0.0692572 0.0692877 0.0690983 0.064679 0.0641294 0.0693963 0.0639753 0.0838271 0.0736794 0.081546
threshold=1.7500000000000002 8.7500000000000018 8.2500000000000018 7.7500000000000009 7.2500000000000009 0.67489838600158703 0.58578431606292736 12.409131526947023 4.0423619747161874 4.1939470767974862 0.97436261177062999 3.3219519853591923 1.728749215602875 0.7649616301059724 4.7500000000000009 2.5000000000000004 1.5000000000000002 0.99597573280334484 266.13594055175787 4.2500000000000009 0.90714332461357128 13.44248151779175 0.95827674865722667 13.500000000000002 1.9400814771652224 0.70381441712379467 2.1310756206512456 0.64046090841293346 2.2233265638351445 15.972980976104738
decision_type=2 2 2 2 2 2 2 2 2 2 2 2 2 2 2 2 2 2 2 2 2 2 2 2 2 2 2 2 2 2
left_child=-1 2 3 4 9 7 8 23 12 14 -8 -5 13 22 19 16 -16 18 -18 -2 21 -20 -7 -3 -17 -26 -14 -28 -29 -30
right_child=1 5 -4 11 -6 6 10 -9 -10 -11 -12 -13 26 -15 15 24 17 -19 20 -21 -22 -23 -24 -25 25 -27 27 28 29 -31
leaf_value=-0.050002075074905797 -0.008643211970411728 -0.039678519367376666 -0.051905755393506593 0.025081662167332586 -0.05129320292143074 0.0088280025870710252 -0.021109612115526706 -0.03919051373571892 -0.035683587109884153 -0.047797365549702202 0.020505423032056953 -0.01568880817050065 0.035242193190397376 -0.016586103259252204 -0.032314308455161228 -0.022960824922792028 -0.034719755648856029 -0.0019452344588865593 0.025705012543720318 -0.051346246533121857 0.037255655915628065 -0.027619496326760723 0.04776486071225447 0.01838408578197033 -0.041128642169060523 0.0050922774583081337 -0.024760022219993058 -0.029658094750648841 0.031056626520697919 -0.0078338347891678106
leaf_weight=0.40736185824008764 0.79969836576147146 0.060381218738186582 0.19221342186983736 0.56482292290714031 0.13641010830256295 0.45040707798830348 0.3601491955185806 0.19901563369112552 0.076352440485280115 0.099587528061245822 0.16003010311951016 0.13648258989647033 0.7222563260357332 0.30983362685947213 0.094573015470736599 0.4303796475632955 0.058317195536517152 0.50927115142937396 0.16309783192366467 0.10979659034692801 0.53254968992811769 0.097235138761035955 0.15252871644042898 0.23322114915725933 0.090199494432006588 0.81465677239068057 0.11256681423344606 0.067702796209232252 0.78059117466295902 0.1629225345704981
leaf_count=731500 8748 473 710 572 941 310 858 1684 590 13686 137 566 586 131 324 1115 61 270 138 1168 328 147 82 286 591 1334 82 22 471 89
internal_value=-3.74711e-10 0.0023474 -0.0034012 -0.00139062 -0.00469384 0.00956204 0.0127266 -0.0119927 0.0165857 -0.00302076 -0.00830699 0.0171472 0.0180323 0.00670791 -0.0018155 0.00209035 0.0104986 0.0134747 0.0227004 -0.0137984 0.0269237 0.00578815 0.0186781 0.00644314 -0.00707231 0.000484801 0.0236317 0.0161696 0.0207258 0.0243412
internal_weight=9.08461 8.67725 4.82929 4.63708 3.93577 3.84796 3.35534 0.492618 2.83516 3.79936 0.520179 0.701306 2.75881 0.912769 3.69977 2.79028 1.45504 1.36047 0.8512 0.909495 0.792883 0.260333 0.602936 0.293602 1.33524 0.904856 1.84604 1.12378 1.01122 0.943514
internal_count=768000 36500 30699 29989 28851 5801 3358 2443 2363 27910 995 1138 1773 523 14224 4308 1268 944 674 9916 613 285 392 759 3040 1925 1250 664 582 560
is_linear=0
shrinkage=0.05


Tree=152
num_leaves=31
num_cat=0
split_feature=10 4 10 10 10 10 36 12 49 34 17 54 14 34 34 34 6 10 10 11 18 58 63 12 57 13 58 13 3 38
split_gain=0.402113 0.138007 0.130746 0.176513 0.0995073 0.114592 0.091539 0.0987847 0.0919448 0.0767773 0.068939 0.0670687 0.0667492 0.0664168 0.0657216 0.0696194 0.0633746 0.0643319 0.107374 0.0609265 0.0612948 0.0596465 0.0656927 0.0596388 0.0587733 0.0586133 0.0535636 0.0829873 0.0562908 0.0579518
threshold=1.7500000000000002 1.0000000180025095e-35 8.7500000000000018 8.2500000000000018 7.7500000000000009 7.2500000000000009 0.67489838600158703 0.58578431606292736 12.409131526947023 4.0423619747161874 0.97436261177062999 4.1939470767974862 0.4306021928787232 3.3219519853591923 0.46517780423164373 0.25754672288894659 1.0000000180025095e-35 6.7500000000000009 6.2500000000000009 1.3405797481536867 0.31272545456886297 0.21206753700971606 3.113268375396729 0.55902779102325451 0.40444585680961614 285.18365478515631 0.32603697478771215 312.19490051269537 1.0000000180025095e-35 0.31697596609592443
decision_type=2 2 2 2 2 2 2 2 2 2 2 2 2 2 2 2 2 2 2 2 2 2 2 2 2 2 2 2 2 2
left_child=-1 2 3 4 5 11 8 9 24 14 21 12 -2 -6 15 -8 17 18 19 -14 -21 22 -9 -19 -4 -18 28 -28 -16 -30
right_child=1 -3 6 -5 13 -7 7 10 -10 -11 -12 -13 16 -15 26 -17 25 23 -20 20 -22 -23 -24 -25 -26 -27 27 -29 29 -31
leaf_value=-0.050001990174753014 -0.030706940566358511 -0.050261405810896866 -0.042075246284795816 -0.051853196971979459 0.02491767542038751 -0.051236851325544869 0.029369427106857571 -0.045874564947809789 -0.037987577374189126 -0.03435620261027459 0.020385024436526934 -0.047214138189574956 0.046676911849027058 -0.014886226413511491 -0.025043914886014651 -0.051632139987308735 -0.025279621611466026 0.042707674240420893 -0.051878109942489981 0.019961069287687431 -0.0063296921218080789 -0.040677075877600902 0.021162720557418011 -0.00099921618450693039 0.018097570288691144 -0.0016554394389047369 0.041778243949889937 -0.0053474132488961117 0.01400644736265033 0.031794795159877938
leaf_weight=0.38442524395288202 0.18104023088136267 0.12306445557192169 0.049285341217164436 0.17467907583581865 0.53809782553891228 0.12303662992740516 0.044024360830918652 0.052358896088236295 0.18497592238296079 0.07120573786113471 0.15494953168811776 0.080779768288362308 0.087954902810452262 0.13014960248222707 0.057698187127244505 0.066741519626248191 0.31577482738095586 0.22064496702830627 0.084083064169945376 0.34768192580657598 0.61181101436547891 0.17145147689430473 0.12099509988297541 0.12076944813333057 0.22976513961413048 1.557889680821656 0.1218511553161078 0.40037015430607426 0.73624361419933837 1.210930671927599
leaf_count=731500 723 12381 347 472 494 637 28 76 1222 410 107 8481 48 378 40 22 965 269 100 701 1299 478 50 103 198 4912 56 194 358 951
internal_value=1.04358e-10 0.00229646 0.00308072 -0.0025604 -0.000603362 -0.00378546 0.0101065 0.0131082 -0.0106509 0.0168762 -0.00731729 -0.00216751 -0.00113599 0.0171654 0.0182592 -0.0194377 0.000463699 0.00822398 0.00248417 0.00684806 0.00319703 -0.0197662 0.000915144 0.0272471 0.00746997 -0.0056369 0.0199115 0.00564853 0.0236267 0.0250689
internal_weight=8.75473 8.3703 8.24724 4.57439 4.39971 3.73147 3.67285 3.20882 0.464026 2.70907 0.499755 3.60843 3.52765 0.668247 2.63786 0.110766 3.34661 1.47295 1.13153 1.04745 0.959493 0.344805 0.173354 0.341414 0.27905 1.87366 2.52709 0.522221 2.00487 1.94717
internal_count=768000 36500 24119 19582 19110 18238 4537 2770 1767 2059 711 17601 9120 872 1649 50 8397 2520 2148 2048 2000 604 126 372 545 5877 1599 250 1349 1309
is_linear=0
shrinkage=0.05


Tree=153
num_leaves=31
num_cat=0
split_feature=10 17 6 0 4 18 12 1 10 0 2 8 36 12 34 3 63 17 58 49 2 49 34 21 63 10 34 49 17 34
split_gain=0.384202 0.132731 0.110088 0.0985563 0.0704284 0.0657006 0.0634245 0.0703998 0.0630996 0.0616603 0.0553071 0.0540425 0.0539833 0.0770262 0.053911 0.0526943 0.0523768 0.0517231 0.0499317 0.0488921 0.0508137 0.0789726 0.0598785 0.053058 0.0487208 0.0544405 0.0516555 0.0576696 0.0478483 0.0500371
threshold=3.7500000000000004 0.82266744971275341 1.0000000180025095e-35 10.500000000000002 1.0000000180025095e-35 0.32312279939651495 0.69615384936332714 18.500000000000004 3.2500000000000004 12.500000000000002 3.5000000000000004 1.0000000180025095e-35 0.89543563127517711 0.45804196596145635 3.7351663112640385 1.0000000180025095e-35 3.7954261302948002 0.98472100496292125 0.43809729814529424 17.132326126098636 4.5000000000000009 12.66980028152466 2.7674462795257573 0.21825697273015979 4.7664294242858896 8.7500000000000018 1.3394954204559328 12.383790016174318 0.99626418948173534 3.5467442274093632
decision_type=2 2 2 2 2 2 2 2 2 2 2 2 2 2 2 2 2 2 2 2 2 2 2 2 2 2 2 2 2 2
left_child=3 11 4 -1 5 6 7 -3 -5 17 -8 -2 13 16 19 18 -9 -4 -11 20 23 -22 -23 24 25 -7 27 -27 29 -17
right_child=1 2 9 8 -6 14 10 12 -10 15 -12 -13 -14 -15 -16 28 -18 -19 -20 -21 21 22 -24 -25 -26 26 -28 -29 -30 -31
leaf_value=-0.050020165610634083 -0.022388154818734206 0.041520660328695488 -0.022730654153595691 -0.0069853868234870265 -0.05055001493443511 0.010231624816081523 0.041757772972931637 0.035694133069257873 -0.051614878179127778 -0.035934534964686682 -0.030740181790983152 0.019035542845755996 0.027547016200794035 -0.031424051968135032 -0.015961029072422566 0.007053081239070536 -0.012644146756850903 0.012241351475873999 0.050806014181179006 -0.023857147313124681 0.039409462841221987 -0.033566110209112411 0.037914059797383527 -0.050862795977326236 -0.022354884567462117 0.05166330271365463 0.043441398521420704 -0.014285903089038092 -0.045837372470355173 -0.016205161449146434
leaf_weight=0.39187992049967402 0.61303540305076953 0.42705426228485588 0.46354712218179406 0.38154519576631785 0.043513389296560123 0.49452281616481719 0.036002651189704582 0.1532651221012884 0.099945934042835916 0.13798559371342412 0.097683456517607681 0.090339898132349106 0.47977143646005516 0.11687183376801613 0.22370820070339892 2.6678342021181871 0.08834076002585789 0.13696585897321967 0.018858458109491494 0.097465656103977838 0.070961846177738042 0.17495906608320411 0.03519110224317501 0.027579634748690185 0.06568693551889726 0.050511864888903801 0.36872183584637241 0.096435020370336133 0.046960668271282091 0.25319493582698971
leaf_count=722330 8569 339 3961 22891 1361 442 31 295 1126 384 464 252 489 95 796 1259 138 756 14 117 88 154 54 11 37 42 307 45 59 1094
internal_value=-4.90182e-10 0.00361963 0.00573658 -0.0314023 0.0126199 0.0135052 0.0215366 0.0249971 -0.0162494 -8.04151e-05 -0.0112159 -0.0170678 0.016579 0.00189994 0.00691813 0.00273951 0.0180197 -0.0147542 -0.0255051 0.0103717 0.0127812 -0.00619642 -0.0215963 0.0176158 0.0193712 0.0220844 0.0334512 0.00838363 0.0042321 0.00503706
internal_weight=8.45034 7.57697 6.87359 0.873371 3.14825 3.10473 1.39899 1.2653 0.481491 3.72535 0.133686 0.703375 0.838249 0.358478 1.70574 3.12483 0.241606 0.600513 0.156844 1.48204 1.38457 0.281112 0.21015 1.10346 1.07588 1.01019 0.515669 0.146947 2.96799 2.92103
internal_count=768000 21653 12832 746347 5305 3944 1851 1356 24017 7527 495 8821 1017 528 2093 2810 433 4717 398 1297 1180 296 208 884 873 836 394 87 2412 2353
is_linear=0
shrinkage=0.05


Tree=154
num_leaves=31
num_cat=0
split_feature=10 12 57 12 6 58 11 37 69 69 14 18 34 58 69 57 16 57 56 11 58 7 49 38 12 34 12 37 6 34
split_gain=0.362572 0.123972 0.12 0.0963985 0.0766048 0.0796117 0.0729639 0.0642527 0.0611844 0.0582597 0.0579272 0.0545274 0.0514162 0.0656738 0.0641609 0.0511795 0.0493583 0.0591437 0.0598431 0.0532374 0.0922578 0.0750522 0.0647199 0.0546604 0.0685074 0.0595031 0.0485628 0.048165 0.0453501 0.0457929
threshold=4.7500000000000009 0.91987180709838878 0.67305442690849315 0.69615384936332714 1.0000000180025095e-35 0.23700024187564853 1.3405797481536867 0.97876527905464183 10.337329387664797 8.1542124748229998 3.5592596530914311 0.3402294665575028 2.7285441160202031 0.28433397412300115 11.150634765625002 0.8864782750606538 0.77874848246574413 0.94820293784141552 0.55600360035896312 1.0178571343421938 0.19742740690708163 1.0000000180025095e-35 16.125826835632328 0.27568371593952185 0.57518798112869274 1.3394954204559328 0.78174602985382091 0.97627702355384838 2.5000000000000004 2.4748060703277592
decision_type=2 2 2 2 2 2 2 2 2 2 2 2 2 2 2 2 2 2 2 2 2 2 2 2 2 2 2 2 2 2
left_child=1 7 9 4 5 11 10 -1 -5 -2 -7 -4 14 -14 15 -9 17 18 -6 20 -18 23 -22 24 25 -21 -16 -12 -10 -30
right_child=2 -3 3 8 16 6 -8 12 28 -11 27 -13 13 -15 26 -17 19 -19 -20 21 22 -23 -24 -25 -26 -27 -28 -29 29 -31
leaf_value=-0.03258736475345738 -0.0019296145667122462 -0.050024546638036821 0.033999132711672923 0.0035417358624959989 0.00038638332774819915 0.01997316159903088 -0.0037472194063254806 -0.046025285122587245 -0.048555141069510976 -0.030519734440024607 -0.035278888241306108 -0.021649582487189047 -0.049545600891310437 0.019410036778933219 -0.036978651778405106 0.031180391462624021 0.044776107765398226 0.03262560414498375 -0.027113326009429051 -0.025135733144629125 -0.0044032448522924317 -0.027044650647807256 0.038742626886831708 0.015609386550212248 -0.0386039843922912 0.018330193748290105 0.026240526651661114 0.023756694805735536 -0.0342222700913144 0.01935199486118187
leaf_weight=0.32164513917501458 0.39032849545227666 0.35624090138548503 0.6043532407176716 0.30471987768978426 0.48691635428522806 1.2324643163523208 0.66355435527427165 0.02405639939977533 0.14374710246089251 0.32785453497679029 0.092300529126774111 0.047477555762981183 0.1103700902046203 0.05025080520538161 0.10883154458404931 0.1992926132395425 0.22688887698382165 0.086754675211352605 0.3332178637902814 0.11528839078414399 0.36000609944304074 0.19585280521917514 0.11457848448367258 0.6761726482885706 0.1231025201881053 0.24835286020902458 0.0421388821440285 0.055219138524350342 0.087902728671764407 0.073019525726799372
leaf_count=29655 1670 702539 774 1714 447 1088 1000 624 2021 5777 214 60 10272 3083 1630 1425 70 44 304 54 158 130 43 544 105 127 1913 113 112 290
internal_value=3.48087e-10 -0.0252363 0.00437867 0.00659553 0.00862905 0.0147308 0.00987762 -0.0149272 -0.0123002 -0.0149812 0.016429 0.0299458 -0.00430863 -0.0279726 0.0058456 0.0228647 0.00308618 -0.00663376 -0.0107867 0.00736476 0.0185511 0.00158976 0.00601342 0.00641223 -0.00636423 0.00454981 -0.0193329 -0.0131809 -0.0281447 -0.0099126
internal_weight=8.2029 1.21283 6.99007 6.27189 5.6625 2.69537 2.04354 0.856585 0.609389 0.718183 1.37998 0.651831 0.53494 0.160621 0.374319 0.223349 2.96713 0.906889 0.820134 2.06024 0.701473 1.35877 0.474585 1.16292 0.486744 0.363641 0.15097 0.14752 0.304669 0.160922
internal_count=768000 751141 16859 9412 5275 3249 2415 48602 4137 7447 1415 834 18947 13355 5592 2049 2026 795 751 1231 271 960 201 830 286 181 3543 327 2423 402
is_linear=0
shrinkage=0.05


Tree=155
num_leaves=31
num_cat=0
split_feature=10 17 12 10 10 6 18 34 19 23 6 36 16 24 56 7 1 24 37 37 23 49 10 10 12 10 57 12 54 16
split_gain=0.340454 0.122024 0.112865 0.0813176 0.118407 0.0661441 0.064456 0.0519981 0.0509529 0.0505315 0.0498299 0.0483894 0.0448239 0.0592754 0.0624481 0.0456418 0.0727677 0.0605668 0.0489858 0.0702977 0.0485317 0.044811 0.0512847 0.0632907 0.0484155 0.0494938 0.0588385 0.0444048 0.0554755 0.0998688
threshold=2.7500000000000004 0.83447185158729564 0.65686276555061351 6.7500000000000009 6.2500000000000009 1.0000000180025095e-35 0.3213160932064057 2.4393353462219243 0.020919729955494407 2.7843645811080937 1.5000000000000002 0.72427368164062511 0.75779366493225109 0.47727273404598242 0.39071479439735418 1.0000000180025095e-35 18.500000000000004 0.47727273404598242 0.94139653444290172 0.97718599438667308 4.7964837551116952 17.031807899475101 5.7500000000000009 5.2500000000000009 0.63068181276321422 4.7500000000000009 0.98334717750549328 0.20526316016912463 2.633276224136353 0.82331272959709179
decision_type=2 2 2 2 2 2 2 2 2 2 2 2 2 2 2 2 2 2 2 2 2 2 2 2 2 2 2 2 2 2
left_child=-1 7 3 4 21 6 8 10 27 -9 11 -2 13 -7 -15 18 17 -17 -14 -20 -21 22 23 24 25 26 -3 -5 -29 -30
right_child=1 2 -4 5 -6 12 -8 9 -10 -11 -12 -13 15 14 -16 16 -18 -19 19 20 -22 -23 -24 -25 -26 -27 -28 28 29 -31
leaf_value=-0.041622232729808563 -0.0110399382600266 -0.022596598609380153 -0.010398183287017341 -0.029101667861046305 -0.05211807134220349 0.024336053043037206 0.010801093066241645 0.023207921975914134 -0.015972240698181057 -0.039849599158226626 -0.046706270386918353 0.027568122614518527 -0.040505274513446266 0.020777796761717985 -0.022846244373400128 -0.042142931046829084 -0.048215646263913947 0.027369128485286866 0.043651373421509626 0.012676217809779698 -0.046433582572749009 -0.03063950292119251 0.016752854083816531 -0.051555284161567884 0.034563068869829204 0.0081442106485011111 0.044791783284993558 0.045314532888832748 -0.020915215112339569 0.050374468700418687
leaf_weight=0.46270244328765553 0.25161091772220334 0.3509117104974846 1.0472391899845677 0.027386179837776914 0.10893397224329238 0.12788414711084817 1.2016059578576515 0.035995461103027537 0.056840433845536609 0.2706967315586013 0.062913763536492695 0.11980106945411251 0.039670279150698096 0.10345971925207209 0.39618295222572897 0.042126723663386545 0.081486071924302905 0.12234649849290236 0.19135115455048868 0.90716540663840561 0.036107487908225266 0.10002229862030265 0.51241380700255945 0.062240461823606097 0.093904355890160218 0.4400399262106589 0.035685562668845705 0.4635244931419038 0.10139865679877857 0.095296852798128384
leaf_count=739918 1094 1017 11012 25 202 59 1302 243 46 8667 618 267 22 107 263 14 32 60 102 488 22 237 473 194 185 346 25 732 127 101
internal_value=5.49018e-10 0.00257255 0.00468836 0.00746113 -0.001683 0.0113629 0.0179635 -0.0166869 0.0295243 -0.0324487 -0.00555699 0.00141331 0.00509017 -0.00603868 -0.0138131 0.0100074 -0.00957772 0.00956492 0.0141095 0.016019 0.0104136 0.0017611 0.00392857 -0.0027579 0.000541431 -0.00332336 -0.0163762 0.0332853 0.0358731 0.0136239
internal_weight=7.94894 7.48624 6.74522 5.69799 1.70415 3.99383 1.94605 0.741018 0.744447 0.306692 0.434326 0.371412 2.04778 0.627527 0.499643 1.42025 0.245959 0.164473 1.17429 1.13462 0.943273 1.59522 1.4952 0.982782 0.920542 0.826637 0.386597 0.687606 0.66022 0.196696
internal_count=768000 28082 17193 6181 2679 3502 2333 10889 1031 8910 1979 1361 1169 429 370 740 106 74 634 612 510 2477 2240 1767 1573 1388 1042 985 960 228
is_linear=0
shrinkage=0.05


Tree=156
num_leaves=31
num_cat=0
split_feature=12 4 57 11 6 38 3 5 6 18 7 13 12 1 37 18 10 13 16 0 69 2 58 45 39 58 38 13 12 19
split_gain=0.32579 0.12688 0.114148 0.116267 0.0885358 0.0586113 0.0495709 0.0462934 0.0539702 0.0576087 0.096054 0.0547967 0.0453081 0.0448784 0.0698734 0.0495298 0.0447938 0.105895 0.0513793 0.0426163 0.0409253 0.0459106 0.0401669 0.0396062 0.0386315 0.0385462 0.0381319 0.037522 0.0373935 0.0395441
threshold=1.118055582046509 1.0000000180025095e-35 0.40444585680961614 1.3405797481536867 1.0000000180025095e-35 0.36008127033710485 1.0000000180025095e-35 1.5000000000000002 1.0000000180025095e-35 0.29764635860919958 1.0000000180025095e-35 313.11407470703131 0.72077924013137828 22.500000000000004 0.95681411027908336 0.42273631691932684 10.250000000000002 344.16569519042974 0.88410535454750072 16.500000000000004 11.054462909698488 2.5000000000000004 0.43809729814529424 50.000000000000007 0.074941433966159834 0.26426500082015997 0.36175741255283361 261.09440612792974 0.22474747896194461 0.00026751117547973996
decision_type=2 2 2 2 2 2 2 2 2 2 2 2 2 2 2 2 2 2 2 2 2 2 2 2 2 2 2 2 2 2
left_child=1 2 -1 4 5 12 22 8 9 11 13 -5 -4 20 15 -15 18 -18 24 -13 -11 -22 27 -8 26 -19 -7 -6 -25 -30
right_child=-2 -3 3 7 6 16 23 -9 -10 10 -12 19 -14 14 -16 -17 17 25 -20 -21 21 -23 -24 28 -26 -27 -28 -29 29 -31
leaf_value=-0.032058631346555032 -0.050004651545540416 -0.050231400274045539 0.031101439712135828 0.038686051078724741 0.052398869289093764 -0.048526616945066388 -0.047113530994346516 -0.028632911854433032 -0.012751467206772355 0.0062034335939264822 -0.044381950503491502 -0.02825339717954603 -0.019960652820444052 -0.024194845076591337 0.032911478502245496 0.046612202680548429 -0.023595416411774289 0.048177301364756758 -0.025486569084201428 0.025728500718101066 0.04200067667964677 -0.042383147659327013 0.044307527700858419 -0.044651480890090606 -0.022449331929924956 0.0073837496483487534 0.026487819653247369 -0.044120262277186129 0.0096179696562045062 -0.0038322163140976566
leaf_weight=0.22582621159556726 0.31251784392071069 0.11397995105693848 0.67429076918693942 0.19263290185155868 0.011028584395546992 0.017394628496844922 0.037069480171823765 0.19683224835369895 0.8516678993162986 0.16429516755905382 0.12145290299591416 0.074895818656752766 0.046434562290528447 0.12691032117162493 0.22726227268523402 0.030665184387498101 0.26339092591899771 0.088911337668832857 0.063491835085415005 0.071430646431849709 0.018673201957490448 0.11783634273476906 0.017889496109091851 0.037494670099505245 0.046828012920059336 0.16606802197438242 0.64961895476474751 0.11576366602943722 1.8461886841827211 0.77623188764390239
leaf_count=13490 685481 34428 637 824 9 10 69 6794 16278 389 2405 1349 45 507 889 195 291 69 45 153 63 195 37 34 44 186 816 354 1284 630
internal_value=-5.69554e-10 0.00211396 0.00293368 0.00405413 0.00836894 0.0163819 0.00268301 -0.00549757 -0.00321809 0.00386646 -0.00339833 0.0211646 0.0278116 0.0038614 0.0151709 -0.0104153 0.0100242 -0.00136024 0.0176159 -0.00190162 -0.0106075 -0.0308402 -0.0258291 0.00421257 0.0214496 0.0216085 0.0245316 -0.0357249 0.00492787 0.00563674
internal_weight=7.70497 7.39246 7.27848 7.05265 4.8581 2.01643 2.84167 2.19455 1.99772 1.14605 0.807095 0.338959 0.720725 0.685642 0.384838 0.157576 1.2957 0.51837 0.777333 0.146326 0.300805 0.13651 0.144682 2.69698 0.713842 0.254979 0.667014 0.126792 2.65992 2.62242
internal_count=768000 82519 48091 34601 4560 2143 2417 30041 23247 6969 4643 2326 682 2238 1591 702 1461 546 915 1502 647 258 400 2017 870 255 826 363 1948 1914
is_linear=0
shrinkage=0.05


Tree=157
num_leaves=31
num_cat=0
split_feature=12 17 12 1 37 12 54 10 11 5 3 43 54 34 14 37 34 7 3 69 12 5 29 57 69 11 29 16 14 23
split_gain=0.307199 0.11841 0.108783 0.0649906 0.0634692 0.0657782 0.0636566 0.0581439 0.0579091 0.0755077 0.079168 0.05944 0.0611325 0.0556599 0.0533086 0.0681024 0.0497972 0.0554585 0.058821 0.0534237 0.0485557 0.0475772 0.0589109 0.0572166 0.0473619 0.0460628 0.0449072 0.0447202 0.0435738 0.0659219
threshold=0.86190477013587963 0.89454162120819103 0.44722221791744238 25.500000000000004 0.97627702355384838 0.22474747896194461 3.5668416023254399 5.7500000000000009 1.1558704376220705 1.0000000180025095e-35 1.5000000000000002 3.9415346384048466 1.6346065998077395 3.6601417064666752 1.3828490972518923 0.99582716822624218 1.2326236367225649 1.0000000180025095e-35 2.5000000000000004 15.342083454132082 0.63961037993431102 1.0000000180025095e-35 9.8887929916381854 0.40444585680961614 8.496274948120119 1.5941176414489748 13.957278251647951 0.66576796770095836 1.7306690216064455 4.3401627540588388
decision_type=2 2 2 2 2 2 2 2 2 2 2 2 2 2 2 2 2 2 2 2 2 2 2 2 2 2 2 2 2 2
left_child=1 7 3 4 5 -3 28 -1 11 16 -11 12 20 14 15 26 -10 18 19 -18 -4 23 -23 -9 -25 -2 -12 -16 29 -7
right_child=25 2 8 -5 -6 6 -8 21 9 10 13 -13 -14 -15 27 -17 17 -19 -20 -21 -22 22 -24 24 -26 -27 -28 -29 -30 -31
leaf_value=-0.036729933263664763 -0.019255590733546088 -0.037518141451712471 0.022837682539133812 -0.0083393237106033809 0.025772545553767675 0.017635678812840876 -0.029513075257522409 -0.029861139112132458 -0.044551399085435185 -0.032926216098905274 0.041926463741997731 0.013833071086009455 -0.038530557747260635 -0.041727746858166409 -0.038218627999930449 -0.025982653843021033 0.013223520874824583 -0.046987222338945617 -0.025072619531604508 -0.052735701036719998 -0.033620884060152116 0.01170810601041352 -0.03628904649851792 0.020971182867904337 -0.0050656281966187777 -0.050005734522081693 -0.040934358360201956 0.022317588546297795 0.024813598344460203 -0.029874386347138189
leaf_weight=0.1824147384288749 0.20402228715137471 0.072837444162360709 0.13431973081424109 0.28275938769385778 1.0586022850212513 0.21570743964851147 0.084772348261282104 0.13812631512813289 0.13625829776920273 0.13366967899848681 0.081710187622384467 1.0240980192436948 0.12301133568578848 0.052820149110393899 0.032166584947720622 0.17591829092814493 0.32421529308042096 0.094882599604078521 0.23847826574669284 0.033909680553286137 0.053151429439822095 0.088555407360757954 0.22989864410025262 0.28889279101942122 0.4417114224776455 0.30214041693116478 0.020442306373233521 0.59166424211769453 0.52647358869563732 0.11037113688405498
leaf_count=24685 4480 51 54 1268 963 216 233 1987 1030 3468 160 648 138 3098 63 966 1606 2957 2022 121 26 139 1002 396 1136 713337 71 1151 453 75
internal_value=5.16347e-10 0.0027306 0.00595246 0.0141444 0.0172174 0.00825211 0.0118088 -0.0104482 2.65509e-05 -0.00554291 0.0031129 0.00802295 -0.0111412 0.0081587 0.0110803 -0.00712695 -0.0169243 -0.0114804 -0.00583345 0.00697806 0.00683067 -0.00640989 -0.022942 -0.000349627 0.00522975 -0.0376111 0.0253447 0.0191962 0.0159176 0.00155446
internal_weight=7.478 6.97184 5.60224 2.35152 2.06876 1.01016 0.937325 1.3696 3.25072 1.91614 1.08839 1.33458 0.310482 0.954722 0.901902 0.278071 0.827744 0.691486 0.596603 0.358125 0.187471 1.18718 0.318454 0.868731 0.730604 0.506163 0.102152 0.623831 0.852552 0.326079
internal_count=768000 50183 20838 3259 1991 1028 977 29345 17579 16713 8977 866 218 5509 2411 1197 7736 6706 3749 1727 80 4660 1141 3519 1532 717817 231 1214 744 291
is_linear=0
shrinkage=0.05


Tree=158
num_leaves=31
num_cat=0
split_feature=10 12 57 12 34 13 17 69 34 58 12 10 10 58 34 69 37 69 7 54 11 14 3 34 58 69 38 69 57 69
split_gain=0.291864 0.103372 0.103166 0.0857427 0.0693592 0.058199 0.0565291 0.051626 0.0578364 0.0569174 0.0576484 0.051165 0.102086 0.0822168 0.103576 0.0654694 0.0509393 0.0477517 0.0476975 0.0496139 0.0672241 0.074362 0.0476879 0.0438332 0.0541989 0.0527448 0.042764 0.0484713 0.0419045 0.0414923
threshold=4.7500000000000009 0.91987180709838878 0.67305442690849315 0.5419580638408662 3.5842828750610356 324.12513732910162 0.92417654395103466 10.337329387664797 3.3219519853591923 0.28764952719211584 0.69615384936332714 9.7500000000000018 9.2500000000000018 0.24386485666036609 1.4109969735145571 15.200715541839601 0.97876527905464183 8.1542124748229998 1.5000000000000002 2.7799751758575444 1.5119047760963442 2.7444480657577519 3.5000000000000004 2.7285441160202031 0.28433397412300115 11.150634765625002 0.25469110906124121 10.16817617416382 0.8864782750606538 14.878560543060305
decision_type=2 2 2 2 2 2 2 2 2 2 2 2 2 2 2 2 2 2 2 2 2 2 2 2 2 2 2 2 2 2
left_child=1 16 17 4 6 -6 -4 8 26 10 29 12 18 -13 -15 -16 -1 -2 19 20 21 -8 -7 25 -25 28 27 -5 -18 -9
right_child=2 -3 3 7 5 22 11 9 -10 -11 -12 13 -14 14 15 -17 23 -19 -20 -21 -22 -23 -24 24 -26 -27 -28 -29 -30 -31
leaf_value=-0.031663224958906291 -0.0025020301233107849 -0.050023233063169407 0.003710290171514999 -0.043759988258629257 0.0069126532771402079 -0.039753145159772747 0.020208607360047138 -0.0030192554850547917 -0.029478199998989558 -0.04102691754724741 -0.02621431417674161 0.045335713431536043 -0.052577973562255423 -0.025064557547082773 0.035394048733450416 -0.032613517052647076 -0.045785552942008305 -0.030004104528379962 -0.044907742082042811 0.036200869258361912 -0.016897674099082338 -0.038034978077493467 0.039928553057272442 -0.049413805857476782 0.017942181976299845 -0.019135181087982889 0.017763731435475365 0.031226921839625901 0.029928872372352366 0.033883779460370682
leaf_weight=0.27843397761082023 0.34783871117469178 0.28883087645786887 1.1590910560686758 0.06373140837401059 0.25341569467910563 0.15822713264000754 0.89100484226111143 0.48961438578302818 0.095258739174228779 0.13378810376749328 0.24479756564588229 0.35588318565214638 0.059401507927759556 0.12716766054472828 0.30986806837336189 0.039951306320745061 0.020422538744277574 0.28894133769443187 0.033166034074383677 0.24430807253611408 0.17749620070293304 0.058393353494466282 0.021305574212235001 0.094696899590166694 0.043624648115635267 0.13054817677559072 0.54046415041842621 0.032560420706886362 0.17373570021800333 0.090202892274703572
leaf_count=29655 1670 702539 1098 151 491 567 765 442 1429 820 1803 270 17 81 252 40 624 5777 14 190 185 27 97 10272 3083 3543 590 16 1425 67
internal_value=-1.0903e-10 -0.0246477 0.00408541 0.00626161 0.0103484 -0.0085173 0.012712 -0.00313975 0.00685844 -0.0107762 -0.00586826 0.017255 0.0116256 0.0271487 0.0135793 0.0276272 -0.0147629 -0.0149812 0.0143413 0.0157744 0.011346 0.0166263 -0.0302971 -0.0046002 -0.0281707 0.00544059 0.0122944 -0.0184037 0.0219648 0.0027218
internal_weight=7.24617 1.03029 6.21588 5.5791 3.88868 0.432948 3.45573 1.69042 0.732015 0.958403 0.824615 2.29664 1.46377 0.83287 0.476987 0.349819 0.741462 0.63678 1.40437 1.3712 1.12689 0.949398 0.179533 0.463028 0.138322 0.324706 0.636756 0.0962918 0.194158 0.579817
internal_count=768000 751141 16859 9412 4094 1155 2939 5318 2186 3132 2312 1841 1198 643 373 292 48602 7447 1181 1167 977 792 664 18947 13355 5592 757 167 2049 509
is_linear=0
shrinkage=0.05


Tree=159
num_leaves=31
num_cat=0
split_feature=12 4 10 10 10 10 11 58 54 34 34 3 34 24 54 57 12 0 58 37 69 14 6 10 10 13 11 11 12 16
split_gain=0.27504 0.113356 0.104072 0.142856 0.0796556 0.0953084 0.0782628 0.0670396 0.0656274 0.0650554 0.0597729 0.0567576 0.05179 0.0508024 0.0484952 0.0483065 0.0477542 0.058402 0.0559582 0.0555537 0.06462 0.044519 0.0507798 0.0496334 0.0815778 0.0467986 0.0451952 0.0440971 0.0434351 0.0433586
threshold=1.118055582046509 1.0000000180025095e-35 8.7500000000000018 8.2500000000000018 7.7500000000000009 7.2500000000000009 0.78019323945045482 0.32603697478771215 1.9115999937057497 0.81955704092979442 4.3533363342285165 1.0000000180025095e-35 3.3219519853591923 0.47727273404598242 4.1939470767974862 0.69339519739151012 0.55902779102325451 15.500000000000002 0.21206753700971606 0.97795340418815624 14.878560543060305 0.4306021928787232 1.0000000180025095e-35 6.7500000000000009 6.2500000000000009 285.18365478515631 1.3405797481536867 1.3405797481536867 0.55902779102325451 0.85009497404098522
decision_type=2 2 2 2 2 2 2 2 2 2 2 2 2 2 2 2 2 2 2 2 2 2 2 2 2 2 2 2 2 2
left_child=1 2 3 4 5 11 7 8 15 13 16 -1 -6 -8 21 -4 17 -11 -18 29 -21 -13 23 24 26 -24 -23 -27 -25 -19
right_child=-2 -3 6 -5 12 -7 9 -9 -10 10 -12 14 -14 -15 -16 -17 18 19 -20 20 -22 22 25 28 -26 27 -28 -29 -30 -31
leaf_value=-0.046752148582911823 -0.050004251369791308 -0.050213218898488565 -0.035702678390984462 -0.051576894912457885 0.024281536218966268 -0.05111656127957781 0.025822977200887633 -0.051274752982686571 -0.035224262589850612 0.039155075195183464 -0.041895792757163798 -0.027915126851478761 -0.014772333077930825 -0.025379369541341318 -0.046918196403555462 0.022938876618708508 0.023874697813046727 0.0048902662983814071 -0.015181421657733188 0.035762226126818404 -0.0024483352252893109 0.04643781045103243 -0.024587460619778373 0.043747088646079603 -0.051685489243707916 0.0089272557060914304 0.0040343209903844915 -0.010044763492310002 0.0013915488193277569 0.046099752688942404
leaf_weight=0.070313690640681048 0.26461429240422507 0.10252272850008193 0.04225936388564866 0.14460390553920621 0.43869809633940793 0.10394936332665583 0.066521271639431112 0.080189676892743478 0.098103726164737282 0.32970022469953697 0.044263513429015577 0.13881566069265794 0.10525821666755775 0.17827233017806066 0.057001552502775499 0.2078273194929352 0.15407058832261089 0.83882951542801698 0.2265937211178084 0.49744743191968155 0.14229849352750534 0.06867671132386044 0.25187408266367572 0.16540801112927284 0.062426824347369347 0.58972605765535469 0.73926169605659631 0.6372468198145409 0.09546127223552503 0.069086360213987064
leaf_count=10789 685481 34428 95 320 452 412 45 399 361 188 942 1427 249 122 15745 72 58 804 139 550 79 44 1441 262 58 476 4227 8210 52 73
internal_value=-3.98765e-10 0.00196123 0.0027663 -0.00286925 -0.000870644 -0.0040822 0.00971489 -0.0100583 -0.000566008 0.0130404 0.0156461 -0.00238233 0.0167244 -0.0114654 -0.00127045 0.0130297 0.016774 0.0200483 0.000626205 0.0159779 0.0272631 -0.000323892 0.00114353 0.00911748 0.0033837 -0.00495609 0.00763872 -0.000926148 0.0282477 0.00802603
internal_weight=7.01132 6.74671 6.64419 3.66872 3.52412 2.98016 2.97546 0.42838 0.34819 2.54708 2.30229 2.87621 0.543956 0.244794 2.8059 0.250087 2.25803 1.87736 0.380664 1.54766 0.639746 2.7489 2.61008 1.13123 0.870365 1.47885 0.807938 1.22697 0.260869 0.907916
internal_count=768000 82519 48091 44164 43844 43143 3927 927 528 3000 2833 42731 701 167 31942 167 1891 1694 197 1506 629 16197 14770 4643 4329 10127 4271 8686 314 877
is_linear=0
shrinkage=0.05


Tree=160
num_leaves=31
num_cat=0
split_feature=10 17 6 0 4 3 11 58 1 24 7 18 12 10 43 13 0 56 57 69 0 18 14 57 26 11 11 34 6 58
split_gain=0.261188 0.103004 0.0845449 0.0725544 0.0540685 0.0495405 0.0486298 0.0729661 0.0587107 0.0498651 0.0593539 0.0469216 0.0493434 0.0435332 0.0576811 0.0467178 0.0477229 0.0462085 0.0444297 0.0600347 0.0648618 0.083416 0.0528071 0.0527243 0.0445621 0.043434 0.0455118 0.0428436 0.0406344 0.0395933
threshold=3.7500000000000004 0.83447185158729564 1.0000000180025095e-35 10.500000000000002 1.0000000180025095e-35 2.5000000000000004 1.0178571343421938 0.21838089823722842 12.500000000000002 0.47727273404598242 1.0000000180025095e-35 0.3402294665575028 0.82575756311416637 9.7500000000000018 3.4811217784881596 343.19065856933599 12.500000000000002 0.89712753891944896 0.87216690182685863 11.311680793762209 14.500000000000002 0.20894833654165271 2.7444480657577519 0.96581614017486583 33.030302047729499 0.78019323945045482 1.3405797481536867 2.4393353462219243 1.5000000000000002 0.37507063150405889
decision_type=2 2 2 2 2 2 2 2 2 2 2 2 2 2 2 2 2 2 2 2 2 2 2 2 2 2 2 2 2 2
left_child=3 27 4 -1 11 -5 7 8 9 -4 -11 12 -3 15 -15 16 17 -8 24 23 22 -22 -21 -20 -18 -13 -27 28 -2 -28
right_child=1 2 6 5 -6 -7 13 -9 -10 10 -12 25 -14 14 -16 -17 18 -19 19 20 21 -23 -24 -25 -26 26 29 -29 -30 -31
leaf_value=-0.050018966507309914 0.0014924235661242635 0.020413468211567979 0.030934418287223844 -0.035524435396226656 -0.050473457737461529 0.0009160124351541342 -0.025462960094037292 -0.004245569954085592 0.037012306249889826 -0.04019495557401797 0.030229190700949034 -0.048137990386893759 -0.044572657350619979 -0.047692541925563742 0.037024592296154332 -0.020694919166670774 0.042628482696504433 0.023221591667255445 0.031005809003217755 -0.035261410777180383 -0.041675311121931569 0.032998967692240463 0.017598372324952809 -0.035921840556899093 -0.028418508445795639 0.014170495260797143 -0.018633327736507874 -0.032017014308988935 -0.046478794643736297 0.022358808725856119
leaf_weight=0.27013123278863371 0.31466564700667188 1.3732844453532926 0.093888315434469627 0.17433875229931139 0.033966621081137904 0.20056906249761752 0.30733865581335684 0.55620430156804446 0.28530402749277073 0.089185268333281442 0.045022601023504194 0.037011741034746026 0.029844530319543483 0.024396940327065297 0.11387659126076244 0.46491044867358855 0.02560500847917524 0.057925376406370077 0.30526097306469069 0.17635178663499573 0.047960037662051036 0.16981448652444442 0.064538864727268219 0.032565835993878522 0.15989110233660142 0.69645360389665689 0.24133187157471525 0.25231224589006551 0.051347594324333556 0.077927195873403576
leaf_count=722330 1192 1825 50 15018 1316 8999 2705 556 152 137 54 38 437 10 164 2289 25 312 235 100 21 126 145 39 271 745 616 7381 492 220
internal_value=5.46785e-10 0.00318549 0.00535703 -0.0302637 0.0121783 -0.0160294 -0.000266654 0.00830114 0.0218939 0.00298374 -0.0165698 0.0130448 0.0190312 -0.00496517 0.0220771 -0.00702858 -0.00231259 -0.0177423 0.00342672 0.00855923 -0.0032217 0.0165536 -0.0210993 0.0245541 -0.0186115 0.00506587 0.00700458 -0.016165 -0.00523741 -0.00862765
internal_weight=6.77323 6.12819 5.50986 0.645039 2.48982 0.374908 3.02004 1.0696 0.5134 0.228096 0.134208 2.45585 1.40313 1.95044 0.138274 1.81216 1.34725 0.365264 0.981988 0.796492 0.458665 0.217775 0.240891 0.337827 0.185496 1.05272 1.01571 0.618325 0.366013 0.319259
internal_count=768000 21653 12588 746347 5197 24017 7391 949 393 241 191 3881 2262 6442 174 6268 3979 3017 962 666 392 147 245 274 296 1619 1581 9065 1684 836
is_linear=0
shrinkage=0.05


Tree=161
num_leaves=31
num_cat=0
split_feature=10 57 12 6 58 38 38 10 10 10 10 10 10 10 18 13 3 34 12 16 34 49 12 17 38 58 1 7 34 24
split_gain=0.247673 0.0928659 0.0895231 0.0766683 0.0570072 0.0549444 0.0527321 0.0460829 0.0457761 0.0709512 0.0562746 0.110938 0.0716056 0.0653715 0.0514504 0.0456794 0.045469 0.0430649 0.0425725 0.0497367 0.0414268 0.0394998 0.0384276 0.0535474 0.0423454 0.0568614 0.0471038 0.0415655 0.0616271 0.0668481
threshold=4.7500000000000009 0.69339519739151012 0.91987180709838878 1.0000000180025095e-35 0.23700024187564853 0.43809494376182562 0.41830185055732733 4.2500000000000009 8.7500000000000018 8.2500000000000018 9.2500000000000018 9.7500000000000018 10.250000000000002 10.750000000000002 0.39206844568252569 349.15303039550787 2.5000000000000004 2.7285441160202031 0.46410256624221807 0.49638178944587713 3.5467442274093632 8.9535770416259783 0.5419580638408662 0.92417654395103466 0.25469110906124121 0.21838089823722842 9.5000000000000018 1.0000000180025095e-35 1.6594415903091433 0.78888890147209179
decision_type=2 2 2 2 2 2 2 2 2 2 2 2 2 2 2 2 2 2 2 2 2 2 2 2 2 2 2 2 2 2
left_child=2 5 7 4 -3 6 21 16 9 15 -10 -12 -13 -14 18 -6 -1 -18 19 -15 22 -2 23 -5 26 -26 -24 28 29 -25
right_child=1 3 -4 20 8 -7 -8 -9 10 -11 11 12 13 14 -16 -17 17 -19 -20 -21 -22 -23 24 27 25 -27 -28 -29 -30 -31
leaf_value=-0.024516947658610812 0.036384995394895182 0.026995612999895821 -0.050022378247630832 -0.0074356784996852214 0.0089941089233049176 -0.033108846298515598 0.030885492885297929 -0.051115287735091698 0.039013863198352018 -0.051877597733021953 -0.052041007296803291 0.041145715212931457 -0.052537538527400646 -0.051884479224256944 -0.025896654042138756 -0.027036079332103887 0.013334415249569584 -0.030945132809384563 -0.014258270208970062 0.035065068732718321 -0.018648573791806698 -0.018736748983135251 0.049002756104458492 0.035039178658246996 0.015584274588670797 -0.01438348545014375 -0.026620526882484508 -0.012106554395065883 0.028808047684073246 -0.0084876251140515724
leaf_weight=0.28173048085167174 0.036727952281722653 0.5502051237375557 0.24469339475399732 0.43550858398316528 0.64429178728537351 0.23668961342864492 0.090307114519484699 0.076847049078271112 0.20805417719384423 0.061314029590349151 0.066490607082251074 0.19456358044277522 0.044689095470602069 0.01764876747836297 0.076147100936424295 0.10187858879336886 0.24009590792287838 0.0711926400756413 0.072253878352647405 0.24149855568839484 0.25470182086575999 0.28235928256063403 0.022248509299117702 0.12128390707266568 0.34478845700013849 0.2926321293386458 0.27645506997850333 0.14058701678368379 0.51346220268987963 0.32346465714857686
leaf_count=34977 99 1271 702539 211 1410 5028 479 1018 364 86 91 261 55 10 109 233 3398 9209 82 335 2680 2025 35 58 357 515 572 65 312 116
internal_value=-2.2823e-10 0.00390724 -0.0241394 0.0062105 0.012978 -0.0139324 -0.00284559 -0.0146847 0.0085169 -0.000173863 0.0161336 0.00945989 0.0157821 0.0048701 0.011165 0.00407472 -0.00996376 0.00320755 0.0196808 0.0291435 0.000550799 -0.0123921 0.00253026 0.00740123 -0.00545327 0.00182644 -0.0209878 0.0132818 0.0170068 0.00338223
internal_weight=6.56481 5.65025 0.914559 5.00417 2.27904 0.646084 0.409394 0.669866 1.72883 0.807484 0.921346 0.713292 0.646801 0.452237 0.407548 0.74617 0.593019 0.311289 0.331401 0.259147 2.72513 0.319087 2.47043 1.53431 0.936124 0.637421 0.298704 1.0988 0.958211 0.444749
internal_count=768000 16859 751141 9228 4307 7631 2603 48602 3036 1729 1307 943 852 591 536 1643 47584 12607 427 345 4921 2124 2241 762 1479 872 607 551 486 174
is_linear=0
shrinkage=0.05


Tree=162
num_leaves=31
num_cat=0
split_feature=12 17 11 10 4 6 10 18 14 6 6 19 12 34 23 3 34 49 37 16 10 58 38 14 49 5 38 13 58 43
split_gain=0.236658 0.0943126 0.0887296 0.0794581 0.0554313 0.0572355 0.0501981 0.0477096 0.050361 0.0443824 0.0411522 0.0409278 0.0415053 0.0395556 0.0405441 0.0395142 0.0378067 0.0367612 0.0364402 0.0422519 0.0405735 0.0359833 0.0338594 0.0336157 0.0412828 0.0394424 0.0391565 0.0333148 0.0332301 0.0332147
threshold=0.69615384936332714 0.82266744971275341 1.781746029853821 5.7500000000000009 1.0000000180025095e-35 1.0000000180025095e-35 5.2500000000000009 0.3213160932064057 2.633392453193665 2.5000000000000004 3.5000000000000004 0.020919729955494407 0.20526316016912463 2.4393353462219243 2.7843645811080937 1.0000000180025095e-35 3.7351663112640385 17.132326126098636 0.97627702355384838 0.75072184205055248 6.7500000000000009 0.43809729814529424 0.24589308351278308 0.94184726476669323 12.56633234024048 1.0000000180025095e-35 0.36175741255283361 322.14311218261724 0.082791313529014601 4.8559212684631357
decision_type=2 2 2 2 2 2 2 2 2 2 2 2 2 2 2 2 2 2 2 2 2 2 2 2 2 2 2 2 2 2
left_child=1 13 9 6 5 7 -3 8 11 28 22 12 -5 27 -15 21 17 23 19 -10 -20 -7 29 24 -9 -25 -26 -1 -2 -11
right_child=2 3 -4 4 -6 15 -8 16 18 10 -12 -13 -14 14 -16 -17 -18 -19 20 -21 -22 -23 -24 25 26 -27 -28 -29 -30 -31
leaf_value=-0.024086680706187871 0.045069791532972824 -0.0038531084596437333 -0.05001708432305816 -0.029672705250002603 -0.050410239250244508 -0.035960114642531835 -0.051356747511421823 0.040638432980745327 0.030139624606343077 -0.0486491444738755 -0.042531746843483514 -0.013224473631689361 0.041255559512264735 0.022954652141612551 -0.041688865141967887 0.0056447340201181634 -0.015078930704849218 -0.021430933784307403 -0.044451192221711115 -0.036836567275219924 0.040105420226387661 0.051877052760064414 0.019075005872572152 0.029704820964472453 0.034878536748725993 0.006268658806160299 -0.032413445324479949 0.0085306984988715202 -0.029876338544972677 0.02873593592341165
leaf_weight=0.13475537843118868 0.015485181944910553 0.92221728604751074 0.23986451067003767 0.021572340747298635 0.038651390094464833 0.095850126206656561 0.059181471782537187 0.038925721712985029 0.034825022402628747 0.042507556640686062 0.047775602674404283 0.042100168517208658 0.4699285737910941 0.027995245571702299 0.18159767455720832 1.9450820153571724 0.13648624471005633 0.071877288354698976 0.016943562965252568 0.07271481827297066 0.087198779075606581 0.013274383828274949 0.18289129441389562 0.44530120267791062 0.027456537329271669 0.30079585786279495 0.1016632692226267 0.1868123204667409 0.32952387508246517 0.020579197210651046
leaf_count=1652 88 9635 726103 18 630 160 270 70 71 204 2389 31 768 351 14248 1178 360 99 29 78 118 5 991 653 9 186 71 1853 5558 124
internal_value=-3.38493e-10 0.00386689 -0.0240879 0.00601865 0.00917457 0.00976178 -0.00671773 0.0160962 0.0259034 -0.0143511 -6.78157e-05 0.0340897 0.0381425 -0.0161536 -0.0330545 0.00400219 0.00958479 0.0129988 0.00526748 -0.0151474 0.0263484 -0.0252752 0.00817983 0.0157059 -0.00449719 0.0202563 -0.0181042 -0.00513786 -0.0265125 -0.0234058
internal_weight=6.35183 5.47321 0.878627 4.94205 3.96065 3.922 0.981399 1.86779 0.745283 0.638763 0.293754 0.533601 0.491501 0.531161 0.209593 2.05421 1.12251 0.98602 0.211682 0.10754 0.104142 0.109125 0.245978 0.914143 0.168046 0.746097 0.12912 0.321568 0.345009 0.0630868
internal_count=768000 32543 735457 14439 4534 3904 9905 2561 1113 9354 3708 817 786 18104 14599 1343 1448 1088 296 149 147 165 1319 989 150 839 80 3505 5646 328
is_linear=0
shrinkage=0.05


Tree=163
num_leaves=31
num_cat=0
split_feature=10 17 12 1 12 34 54 23 34 69 57 34 58 69 58 23 14 56 69 57 43 10 12 17 17 3 14 2 24 11
split_gain=0.223025 0.0922158 0.0905948 0.044809 0.0479763 0.0423966 0.0417238 0.0415295 0.0533908 0.0412513 0.0409954 0.0402312 0.0641434 0.0514263 0.0431403 0.039819 0.0522585 0.0556949 0.0447141 0.0839902 0.0389092 0.0384119 0.0374881 0.037348 0.0363998 0.0361472 0.0353567 0.0426251 0.0372265 0.03344
threshold=2.7500000000000004 0.89454162120819103 0.44722221791744238 25.500000000000004 0.22474747896194461 4.2333810329437265 2.5604299306869511 4.3215689659118661 1.728749215602875 11.468740463256838 0.82866308093070995 3.2838469743728642 0.355270266532898 10.488283634185793 0.13269109278917315 3.6715674400329594 2.0646396875381474 0.86056041717529308 12.467247486114504 0.9430043399333955 3.2384861707687382 3.7500000000000004 0.73030304908752453 0.94286850094795238 0.94286850094795238 1.0000000180025095e-35 1.2652080655097964 4.5000000000000009 0.5634920895099641 1.891812860965729
decision_type=2 2 2 2 2 2 2 2 2 2 2 2 2 2 2 2 2 2 2 2 2 2 2 2 2 2 2 2 2 2
left_child=-1 6 3 4 -3 15 10 11 -9 -10 25 12 14 24 -6 16 17 18 22 -20 -8 -17 -4 -15 -13 -2 27 -23 -29 -18
right_child=1 2 5 -5 7 -7 20 8 9 -11 -12 13 -14 23 -16 21 29 -19 19 -21 -22 26 -24 -25 -26 -27 -28 28 -30 -31
leaf_value=-0.040801610468377991 -0.040140644190071607 -0.023323139949235721 0.022419046244784718 -0.0074278310131418671 -0.038886657629745844 -0.048532197202687262 0.023980241164275402 -0.020949162729458851 -0.012972608942536141 0.03046059688363352 0.020135971398488932 0.017969792955129443 -0.019405243191659049 -0.0093671599084061332 0.032320563041016742 -0.025393019410847817 -0.027219643953693404 -0.05107888833776543 -0.043027842913418345 0.030279026722349524 -0.034689091163163162 0.0055688822206791033 -0.017591811811218976 0.040938271271746235 -0.048720466592111274 -0.0058093142726570318 0.01048253429620157 0.015986171821078251 -0.043214200667227164 0.046503952658673346
leaf_weight=0.31769175096642666 0.086775128459674056 0.072870914978238832 0.30884966581651063 0.22360871558529982 0.021785077814456377 0.045150259101710222 0.032080291286385787 0.13865383627035033 0.078035548138217337 0.18256402829547369 0.13502336085391065 0.031397647744782375 0.068810455252332758 0.059356065140633518 0.900289911224462 0.10025431435465382 0.32312817884354672 0.047495271804478989 0.10643877325810003 0.06173642001275681 0.23729669226103489 0.25894774300661527 0.072235947773698683 0.097505231495631506 0.058736034059052145 0.65849346253742524 1.2929010238743854 0.035335423718141357 0.1068634619872384 0.016150064393738006
leaf_count=739918 1350 62 284 641 21 6190 368 113 126 222 228 87 65 127 915 1184 607 199 178 117 9090 331 585 127 62 2173 1864 90 416 260
internal_value=7.46322e-10 0.00221247 0.00531193 0.0136207 0.0163731 -0.00047659 -0.0104831 0.0181401 0.00411769 0.0174547 -0.00521393 0.0226627 0.027163 0.00460843 0.0306382 0.000318082 -0.00804197 0.000866076 0.00535782 -0.0161172 -0.0277021 0.00467927 0.0148349 0.0219028 -0.0254892 -0.00980667 0.00645896 -0.00650907 -0.0285033 -0.0237103
internal_weight=6.17646 5.85877 4.7091 1.93361 1.71 2.77549 1.14967 1.63713 0.399253 0.2606 0.880292 1.23788 0.990885 0.246995 0.922075 2.73034 0.936034 0.596756 0.549261 0.168175 0.269377 1.7943 0.381086 0.156861 0.0901337 0.745269 1.69405 0.401147 0.142199 0.339278
internal_count=768000 28082 14873 2568 1927 12305 13209 1865 461 348 3751 1404 1001 403 936 6115 2230 1363 1164 295 9458 3885 869 254 149 3523 2701 837 506 867
is_linear=0
shrinkage=0.05


Tree=164
num_leaves=31
num_cat=0
split_feature=12 17 11 10 6 18 1 10 6 38 49 6 45 58 58 34 13 58 49 2 38 27 27 17 16 65 13 12 14 38
split_gain=0.214143 0.0852882 0.0815126 0.0751933 0.0511739 0.0448769 0.045237 0.0447138 0.0396854 0.0384317 0.0368262 0.0356824 0.0345003 0.0345141 0.0370536 0.031528 0.0410469 0.0441747 0.0354402 0.0568761 0.0446314 0.0424971 0.0397521 0.0386477 0.0522476 0.0306139 0.0306384 0.0302377 0.0301047 0.0298711
threshold=0.69615384936332714 0.83994024991989147 1.781746029853821 5.7500000000000009 1.0000000180025095e-35 0.32312279939651495 18.500000000000004 5.2500000000000009 2.5000000000000004 0.43809494376182562 8.9535770416259783 3.5000000000000004 50.000000000000007 0.34234531223773962 0.41998845338821417 3.0603588819503789 334.22550964355474 0.28274072706699377 12.56633234024048 4.5000000000000009 0.36356593668460851 47.386363983154304 51.714284896850593 0.91930586099624645 0.80646911263465892 35.000000000000007 291.11097717285162 0.22474747896194461 2.4518690109252934 0.24589308351278308
decision_type=2 2 2 2 2 2 2 2 2 2 2 2 2 2 2 2 2 2 2 2 2 2 2 2 2 2 2 2 2 2
left_child=1 9 8 7 5 6 -5 -3 -2 10 -1 29 -6 27 -15 18 17 -17 20 22 -7 -21 23 -20 -25 26 -8 -14 -12 -10
right_child=2 3 -4 4 12 15 25 -9 11 -11 28 -13 13 14 -16 16 -18 -19 19 21 -22 -23 -24 24 -26 -27 -28 -29 -30 -31
leaf_value=0.03031234018187039 -0.026125197223779584 -0.0039891333349304911 -0.050015336357218866 0.041484820261984474 -0.050342907567851938 -0.035204794257555065 -0.012721264280326057 -0.051240070616815792 -0.02351878350920765 -0.030881795717694345 -0.0026184414689572064 -0.041681932544228854 -0.04493535237745741 -0.044584165879153308 0.041263134239867841 -0.043483982657176602 -0.034024230949751461 0.023950685534116757 -0.016477260952289793 0.015659018491343667 0.042262486953588418 -0.04083129915840094 0.038975890262013722 0.041614389126099459 -0.0089747090490317535 -0.00071715152373484571 0.033103505870259162 0.0066996298686158974 -0.03994789704200144 0.017858973995998246
leaf_weight=0.063317273952414044 0.32483763727712922 0.87527228543740587 0.21729655553958516 0.26455476058390592 0.029118183092293637 0.021087033374214803 0.043275829567846813 0.053105858831351327 0.058223012037586841 0.21904071395021063 0.22087808818825572 0.043891000301226057 0.028804505344225961 0.06401469484579525 0.015640528400041376 0.031080752341324569 0.089455746831557548 0.11107990810994295 0.11525507701708193 0.052948580322777161 0.15718607973485632 0.08968445133723435 0.13589536562358262 0.11742709745612956 0.09027396472674809 0.17767966829497084 0.23213809399220509 1.8091089748849354 0.071490545355574753 0.17387123124824555
leaf_count=259 5646 9219 726103 367 26 21 28 261 328 12744 1641 2389 19 107 17 79 229 286 119 58 246 64 146 177 85 386 506 1439 4014 991
internal_value=1.34053e-10 0.00375535 -0.0237719 0.00602238 0.00923367 0.0154936 0.0250563 -0.00669202 -0.0142806 -0.0144057 -0.00425926 -0.000339273 0.00367366 0.0044939 -0.0277278 0.00870814 -0.0074897 0.00920736 0.0135195 0.00771627 0.0330993 -0.0198608 0.0162886 0.00674205 0.0196266 0.015464 0.0259031 0.00589039 -0.0117463 0.00747898
internal_weight=5.99693 5.17881 0.818119 4.60409 3.67571 1.72902 0.717648 0.928378 0.600823 0.574727 0.355686 0.275985 1.94669 1.91757 0.0796552 1.01137 0.231616 0.142161 0.779758 0.601485 0.178273 0.142633 0.458852 0.322956 0.207701 0.453094 0.275414 1.83791 0.292369 0.232094
internal_count=768000 32543 735457 13885 4405 2797 1287 9480 9354 18658 5914 3708 1608 1582 124 1510 594 365 916 649 267 122 527 381 262 920 534 1458 5655 1319
is_linear=0
shrinkage=0.05


Tree=165
num_leaves=31
num_cat=0
split_feature=10 57 12 12 3 4 34 37 5 12 10 10 1 69 14 34 10 54 54 24 69 13 49 13 57 69 34 36 18 49
split_gain=0.203137 0.0790864 0.0781229 0.0758205 0.0696509 0.0464691 0.0420232 0.0414614 0.0389151 0.0395441 0.0452093 0.12772 0.0550349 0.0443682 0.0520675 0.0412074 0.0458368 0.043257 0.0393249 0.0727668 0.0583646 0.0361598 0.0400123 0.036382 0.0353108 0.0450837 0.0507548 0.0405883 0.0336175 0.0421912
threshold=4.7500000000000009 0.40444585680961614 0.5419580638408662 0.91987180709838878 1.0000000180025095e-35 1.0000000180025095e-35 4.9656822681427011 0.97876527905464183 1.5000000000000002 0.22474747896194461 8.7500000000000018 8.2500000000000018 13.500000000000002 14.878560543060305 1.2652080655097964 0.54594680666923534 10.250000000000002 0.71181103587150585 1.5332282185554507 0.92857143282890331 8.8712248802185076 348.04936218261724 17.031807899475101 259.13044738769537 0.74964919686317455 10.337329387664797 3.3956162929534917 0.96444374322891246 0.30600935220718389 13.210867404937746
decision_type=2 2 2 2 2 2 2 2 2 2 2 2 2 2 2 2 2 2 2 2 2 2 2 2 2 2 2 2 2 2
left_child=3 -2 4 7 -3 6 8 -1 9 -6 11 21 15 18 -15 -12 -17 -18 -14 -20 -21 22 23 -11 -4 26 -26 -27 -9 -30
right_child=1 2 24 -5 5 -7 -8 28 -10 10 12 -13 13 14 -16 16 17 -19 19 20 -22 -23 -24 -25 25 27 -28 -29 29 -31
leaf_value=-0.031276441147495337 -0.030683259155067984 -0.020719161855269577 -0.029465515218796302 -0.050022308598930289 -0.011350259610072404 -0.050427573768603198 -0.048674897861822296 -0.017922428200991311 -0.021765588242402434 -0.031222726817490856 -0.044915768659701108 -0.051605728450760141 0.037881173560162608 -0.047484526518228314 0.014757601137661894 0.0427212939564958 0.030171553346022312 -0.029984567172606211 -0.019417691627459949 -0.013186207015896196 0.034112624528088629 -0.0090834693805807581 -0.023755518153188639 0.019349271644201301 0.013379446334046056 -0.023817269776315923 -0.035924944425854803 -0.00047094266205921536 0.036357898863888294 -0.013478532158524199
leaf_weight=0.22867181483084653 0.16159079586345715 0.18602606716995529 0.13187557715600373 0.20007764850677834 0.1606011248064777 0.030745421069845125 0.028905418372559555 0.20433177093500188 0.083626808096596394 0.036951216392481223 0.045797249164024723 0.08607692488271812 0.5194844917107273 0.040903206997427222 0.18818070467841608 0.063383920303749619 0.045856419899791945 0.085795323613183427 0.10183219336340699 0.076933543397899484 0.42841031576358546 0.18342624832439458 0.062665694221777812 0.94707206930115717 0.50964630245292297 0.32082933613405551 0.058153012539703397 0.44354063952545353 0.087505981330880722 0.082515032424039347
leaf_count=29655 5321 681 1633 702539 163 583 628 12863 61 52 14 36 699 18 165 35 15 53 87 17 471 214 79 895 720 1561 1256 1402 1700 4384
internal_value=-1.52109e-09 0.00372951 0.00487213 -0.0233509 0.00902748 0.0107478 0.0113382 -0.0145016 0.0118876 0.0128034 0.0141351 0.00727445 0.0197909 0.0237035 0.00364419 -0.00223454 0.00778764 -0.00903122 0.0277822 0.0191417 0.0269119 0.0113946 0.0149832 0.0174502 -0.00478558 -0.00234243 0.00832978 -0.0102701 -0.00425473 0.0121712
internal_weight=5.83141 5.02831 4.86672 0.803102 3.40267 3.21665 3.1859 0.603025 3.157 3.07337 2.91277 1.31619 1.59658 1.35574 0.229084 0.240833 0.195036 0.131652 1.12666 0.607176 0.505344 1.23012 1.04669 0.984023 1.46404 1.33217 0.567799 0.76437 0.374353 0.170021
internal_count=768000 16859 11538 751141 4966 4285 3702 48602 3074 3013 2850 1276 1574 1457 183 117 103 68 1274 575 488 1240 1026 947 6572 4939 1976 2963 18947 6084
is_linear=0
shrinkage=0.05


Tree=166
num_leaves=31
num_cat=0
split_feature=12 17 10 10 10 34 34 24 6 49 56 18 22 12 11 43 16 6 69 18 6 57 16 56 13 49 34 10 17 69
split_gain=0.191661 0.0829308 0.0817081 0.0754845 0.0422506 0.0410948 0.0539356 0.0557884 0.0408328 0.040745 0.0364026 0.0468634 0.0364298 0.0358992 0.0460955 0.0469771 0.0357623 0.0425487 0.0355305 0.0359942 0.0360932 0.035075 0.0350297 0.0434787 0.033288 0.0327419 0.0497462 0.0380139 0.0409693 0.0325387
threshold=0.86190477013587963 0.89454162120819103 7.7500000000000009 7.2500000000000009 5.7500000000000009 3.6601417064666752 1.728749215602875 0.58571431040763866 1.0000000180025095e-35 12.057850837707521 0.73706510663032543 0.19066046923398974 0.0002477470698067919 0.46410256624221807 0.78019323945045482 3.8393944501876835 0.78189584612846386 1.0000000180025095e-35 9.0468797683715838 0.38468886911869055 1.5000000000000002 0.87518799304962169 0.77561488747596752 0.53876203298568737 316.22688293457037 14.073038578033449 3.4718672037124638 4.7500000000000009 0.98222315311431896 12.414132595062258
decision_type=2 2 2 2 2 2 2 2 2 2 2 2 2 2 2 2 2 2 2 2 2 2 2 2 2 2 2 2 2 2
left_child=1 4 3 8 -1 6 7 -4 -3 24 16 -12 -13 29 -15 -16 17 21 22 20 -20 -9 23 -6 -8 26 27 -10 -29 -11
right_child=-2 2 5 -5 18 -7 9 10 25 13 11 12 -14 14 15 -17 -18 -19 19 -21 -22 -23 -24 -25 -26 -27 -28 28 -30 -31
leaf_value=-0.036070534830608909 -0.036221340396745544 0.0085225449055590635 0.022557624886573729 -0.051152857937809437 -0.0010765954761584498 -0.010054920412627351 0.032509421280406701 -0.024158278400717579 -0.020251874369032086 0.020789776491261822 0.040038465924560299 -0.033225675040112035 0.020155203681662445 -0.030424543187333661 -0.022515699967701999 0.024501419417999451 0.042818270956086479 -0.026617798612763224 -0.00063489068008871748 -0.039547729470103515 -0.049991663237175084 0.036227325265536396 -0.047878531656394385 0.038179969469627005 -0.036306116875529808 -0.016007283719047 -0.04179191919553827 0.019435245948725342 -0.020332005176053738 0.043308899149034102
leaf_weight=0.13744282852964651 0.34300322603350153 0.8098784349566851 0.27232807169275552 0.074955656952191307 0.36579887825509871 0.1936351929477097 0.026050168537949392 0.033943343257078595 0.11059628468094629 0.36176515511124285 0.031100103813969326 0.20955729706747661 0.037713402918598149 0.054403476464358391 0.061284479393179936 0.39911751411511887 0.057852106210248166 0.093880082339467208 0.26259835037632939 0.12385719078900692 0.043122618716395777 0.082484617633099333 0.031695341026043877 0.087381911022610836 0.054004648032332625 0.48386435705002384 0.060312597696840164 0.37011027129194218 0.078503573203647647 0.28820747493455201
leaf_count=24685 717817 6147 215 215 1355 659 29 42 1669 480 13 164 26 27 38 279 67 43 1150 1591 386 88 67 111 41 6677 3191 234 74 420
internal_value=5.15308e-10 0.00234529 0.00545926 -0.0019317 -0.010223 0.0119691 0.0140356 0.00406925 -3.36644e-06 0.0205915 -0.00514322 -0.0178085 -0.0250841 0.022963 0.0130999 0.0182429 0.00800429 -0.00157244 -0.00633806 -0.016809 -0.00759677 0.0186225 0.00293868 0.00649282 -0.0139133 -0.00626133 0.00135054 0.00600359 0.0124763 0.0307751
internal_weight=5.64045 5.29745 4.24555 1.98822 1.0519 2.25733 2.06369 0.818859 1.91327 1.24483 0.546531 0.278371 0.247271 1.16478 0.514805 0.460402 0.26816 0.210308 0.914454 0.429578 0.305721 0.116428 0.484876 0.453181 0.0800548 1.10339 0.619523 0.55921 0.448614 0.649973
internal_count=768000 50183 20838 18207 29345 2631 1972 658 17992 1314 443 203 190 1244 344 317 240 173 4660 3127 1536 130 1533 1466 70 11845 5168 1977 308 900
is_linear=0
shrinkage=0.05


Tree=167
num_leaves=31
num_cat=0
split_feature=10 57 12 12 3 4 10 3 34 10 10 34 0 14 58 10 6 10 10 69 16 14 56 49 10 10 13 10 10 6
split_gain=0.184491 0.073145 0.0705455 0.0681508 0.0590162 0.0434493 0.0391014 0.0399581 0.039095 0.0370329 0.122135 0.0519115 0.0399119 0.0470369 0.0431285 0.0652291 0.0475802 0.0382845 0.0659658 0.0420051 0.046645 0.0467114 0.0381208 0.0374021 0.0351241 0.0597223 0.0391026 0.0420033 0.0576178 0.0349871
threshold=4.7500000000000009 0.40444585680961614 0.91987180709838878 0.55902779102325451 1.0000000180025095e-35 1.0000000180025095e-35 4.2500000000000009 2.5000000000000004 4.9656822681427011 8.7500000000000018 8.2500000000000018 0.54594680666923534 15.500000000000002 3.6774028539657597 0.26426500082015997 9.7500000000000018 2.5000000000000004 10.250000000000002 10.750000000000002 9.8641486167907733 0.66048818826675426 1.6652443408966067 0.7469117045402528 12.529063224792482 7.7500000000000009 7.2500000000000009 347.20008850097662 6.7500000000000009 6.2500000000000009 1.0000000180025095e-35
decision_type=2 2 2 2 2 2 2 2 2 2 2 2 2 2 2 2 2 2 2 2 2 2 2 2 2 2 2 2 2 2
left_child=2 -2 6 4 -3 8 7 -1 9 10 24 -11 -13 14 15 16 22 -16 -19 -20 -21 -22 -14 -17 25 26 27 28 -6 -9
right_child=1 3 -4 -5 5 -7 -8 29 -10 11 -12 12 13 -15 17 23 -18 18 19 20 21 -23 -24 -25 -26 -27 -28 -29 -30 -31
leaf_value=-0.024428576292150755 -0.030166548874580163 -0.019371049504689854 -0.050021711823133169 -0.0046651282458812105 0.0095468108228626333 -0.050419518040584956 -0.050999497964344477 0.019044870264422368 -0.048627645119524922 -0.02135534577643787 -0.051497285463855597 0.035741355412339616 0.015154736929472348 -0.027410425570199289 0.023170855174532032 -0.011285830275857035 0.050489914555642168 -0.052781205218702165 0.035478406648618357 -0.040712277147510842 -0.017147121522570957 0.034934236198625152 -0.0416495309128204 0.040238793078346734 0.026968421056977495 -0.051113697245322158 -0.015785647249189013 0.031049251694581372 -0.052287036241318335 -0.017827838476754686
leaf_weight=0.23977659410848673 0.15455101982451669 0.1764222605712259 0.1828299165244367 1.3410802099599637 0.55950088888948923 0.029111628181112681 0.064439578318683743 0.15501595661295386 0.027279436969081305 0.086045586477439318 0.088437036804293601 0.27749504890198284 0.052919503421435143 0.062656482591705642 0.24622767006235335 0.038451408233868278 0.033977011169554316 0.054988878758194915 0.090050319530291745 0.065024399909134445 0.085780994202877991 0.086431536190730185 0.06683916148449498 0.4192827760914497 0.22971667061756296 0.044821652198606898 0.14728439534155768 0.21709291539900732 0.040394144283027344 0.10997421529418183
leaf_count=34977 5321 689 702539 6539 473 591 1018 5349 633 68 45 189 133 60 371 33 10 12 85 40 53 117 57 485 349 39 159 285 23 7258
internal_value=-3.91348e-10 0.0036633 -0.023001 0.00480805 0.00874586 0.0103723 -0.0143219 -0.00963959 0.0109582 0.0115012 0.00527014 0.0164648 0.0185243 0.0148566 0.0169924 0.0264463 -0.00173247 0.0077947 -0.00210922 0.00640438 -0.00463153 0.00899193 -0.0165486 0.0359105 0.00932269 0.0053057 0.00792821 0.0122033 0.00538321 0.00374224
internal_weight=5.4739 4.72186 0.752036 4.56731 3.22623 3.04981 0.569206 0.504767 3.0207 2.99342 1.32725 1.66617 1.58013 1.30263 1.23997 0.61147 0.153736 0.628504 0.382276 0.327287 0.237237 0.172213 0.119759 0.457734 1.23881 1.00909 0.964272 0.816988 0.599895 0.26499
internal_count=768000 16859 751141 11538 4999 4310 48602 47584 3719 3086 1373 1713 1645 1456 1396 718 200 678 307 295 210 170 190 518 1328 979 940 781 496 12607
is_linear=0
shrinkage=0.05


Tree=168
num_leaves=31
num_cat=0
split_feature=10 17 6 0 4 10 11 8 69 1 0 38 58 13 37 18 11 2 12 17 7 63 11 43 13 13 63 14 57 37
split_gain=0.175797 0.0744783 0.0714424 0.0524146 0.0393186 0.0368795 0.0350492 0.034247 0.0515792 0.0367429 0.0337705 0.0337453 0.0329852 0.0329684 0.0327246 0.032715 0.0319607 0.0311391 0.0303171 0.0300474 0.0318315 0.0422602 0.0297074 0.0475262 0.046842 0.0388271 0.0366305 0.0620449 0.0412763 0.0394058
threshold=3.7500000000000004 0.87721222639083873 1.0000000180025095e-35 10.500000000000002 1.0000000180025095e-35 3.2500000000000004 1.3405797481536867 1.0000000180025095e-35 9.0468797683715838 13.500000000000002 12.500000000000002 0.36008127033710485 0.34234531223773962 292.18028259277349 0.99058449268341076 0.31272545456886297 1.433035731315613 4.5000000000000009 0.65686276555061351 0.99626418948173534 1.0000000180025095e-35 3.6242519617080693 1.2565789222717287 3.4811217784881596 346.98332214355474 331.11410522460943 3.5694335699081425 1.2089896798133852 0.89890685677528392 0.9912610948085786
decision_type=2 2 2 2 2 2 2 2 2 2 2 2 2 2 2 2 2 2 2 2 2 2 2 2 2 2 2 2 2 2
left_child=3 7 4 -1 6 13 11 8 9 -2 17 -3 19 -5 -8 -10 18 -4 -11 20 22 -22 23 -12 25 -24 29 -28 -29 -25
right_child=1 2 10 5 -6 -7 14 -9 15 16 12 -13 -14 -15 -16 -17 -18 -19 -20 -21 21 -23 24 26 -26 -27 27 28 -30 -31
leaf_value=-0.050015496018695406 -0.033135943415037616 0.030308060382239779 -0.00761203026558084 0.014186069699662194 -0.050451939374929637 -0.051100072258365464 -0.0044659182306162086 0.023632388394693393 -0.0079437084262276702 0.016296179367022445 -0.023947297812464498 0.01243613457720005 -0.037178870474555183 -0.023359826688571634 0.018363133294594585 -0.042277433940647834 -0.032123024163243738 -0.046260394597822121 -0.052144926120512337 -0.045911019939403885 -0.02523738554435502 0.018312509772921818 -0.0053039237321686082 0.039477659171056688 -0.028950648475104607 0.030142567610864382 -0.036400869561839688 -0.022239631814511097 0.024595664672040333 0.013014597414043217
leaf_weight=0.1818249135958564 0.079297162614803685 0.4262367671109073 0.3150722347472662 0.10289701775464533 0.024084249862334484 0.059679526857976839 0.39236147960004064 0.06364787050437748 0.10723907176062752 0.24752331357365165 0.085368329485049577 0.69446461809948801 0.051231992843980723 0.13540699715089222 0.26166725386037726 0.19653795435763488 0.049035211064032858 0.062447290983667969 0.01731226928408347 0.0302548557794039 0.1805229083526142 0.080566561910455192 0.23680576621907778 0.21599626357499346 0.12916769010677598 0.11466306070286336 0.080896620740190883 0.061355134571684289 0.20166868082505118 0.40341571584913538
leaf_count=722330 1454 605 1211 1977 1121 1126 1164 281 1103 941 51 1059 156 20914 699 5437 876 3105 110 59 261 130 262 203 498 244 44 96 169 314
internal_value=-4.76849e-10 0.0028795 0.00557667 -0.0288596 0.0130044 -0.0159506 0.0138656 -0.0114761 -0.0146824 -0.00272608 -0.000363124 0.0192334 0.00238812 -0.00714793 0.00466765 -0.030157 0.00495675 -0.014005 0.0118222 0.00350149 0.00433647 -0.0117988 0.0070911 0.0118088 -0.00320252 0.00626013 0.0149775 0.00189274 0.0136705 0.0222426
internal_weight=5.28865 4.80884 4.04825 0.479808 1.79881 0.297984 1.77473 0.760593 0.696945 0.393168 2.24943 1.1207 1.87191 0.238304 0.654029 0.303777 0.313871 0.37752 0.264836 1.82068 1.79043 0.261089 1.52934 1.0487 0.480637 0.351469 0.963332 0.34392 0.263024 0.619412
internal_count=768000 21653 11451 746347 4648 24017 3527 10202 9921 3381 6803 1664 2487 22891 1863 6540 1927 4316 1051 2331 2272 391 1881 877 1004 506 826 309 265 517
is_linear=0
shrinkage=0.05


Tree=169
num_leaves=31
num_cat=0
split_feature=10 4 6 57 17 11 14 11 34 6 58 24 18 26 5 12 18 58 57 14 16 2 58 1 29 16 37 36 34 54
split_gain=0.167243 0.0742298 0.0669794 0.0585227 0.0549581 0.0458697 0.0426186 0.038672 0.0345684 0.0337437 0.0322888 0.0304039 0.0315023 0.0303649 0.0299357 0.0424103 0.0289142 0.0526172 0.0375464 0.0283528 0.029547 0.0286084 0.0274031 0.0273762 0.0300989 0.0273368 0.0396711 0.0509627 0.0353633 0.041073
threshold=2.7500000000000004 1.0000000180025095e-35 1.0000000180025095e-35 0.83388909697532665 0.83447185158729564 1.2565789222717287 2.523462295532227 1.3405797481536867 0.93363559246063244 2.5000000000000004 0.22620432823896411 0.44949495792388922 0.31609262526035314 31.714285850524906 1.0000000180025095e-35 0.57518798112869274 0.34890969097614294 0.37507063150405889 0.9344942867755891 3.5592596530914311 0.8005608618259431 7.5000000000000009 0.34599314630031591 21.500000000000004 13.502795219421388 0.90558582544326793 0.98852425813674938 0.70919659733772289 0.66181784868240368 1.9115999937057497
decision_type=2 2 2 2 2 2 2 2 2 2 2 2 2 2 2 2 2 2 2 2 2 2 2 2 2 2 2 2 2 2
left_child=-1 2 3 6 -4 10 8 19 13 14 25 -10 -13 -2 -7 23 18 -18 -9 21 -21 -5 -22 -16 -25 26 27 -6 -28 -30
right_child=1 -3 4 7 5 9 -8 16 11 -11 -12 12 -14 -15 15 -17 17 -19 -20 20 22 -23 -24 24 -26 -27 28 -29 29 -31
leaf_value=-0.040103344776965741 0.030584158997500256 -0.050199206293804123 -0.031188904359405606 0.023958727801582407 -0.03012553859496447 -0.027089075567925197 -0.029687462488711361 0.00020308608622464751 -0.023896135439456959 0.0061023767503200835 -0.0041969883430631834 0.04211994919776138 0.0057762369764850123 -0.041908432954576795 0.034258415034441443 -0.030847353828899263 -0.024900530087045444 0.027221057012412467 0.028970434404524278 -0.031744121854211937 0.046657595068048834 -0.039025772450092894 -0.038239196492959926 0.018041095697314873 -0.042082325875009159 0.023445381331349904 -0.051775796210217398 0.033931925931806058 0.0088365547535010618 -0.030188041810206897
leaf_weight=0.24745114603800988 0.018487091134915423 0.06709701559315373 0.1600143649506206 0.88717860479079014 0.037932958528898775 0.32498712007824959 0.13298289800269103 0.28215133702778583 0.05695905883518293 0.21597926959069191 0.68693353464236395 0.082986602372024265 0.2117960594506112 0.066071089075691702 0.072591731011399929 0.093167419854170319 0.16618088595274472 0.068330611174104661 0.18967430940320185 0.05147972182714966 0.034110508760306857 0.018402743955391543 0.013176952807100406 0.04893958788007069 0.036223993594006743 0.27176626643188229 0.035916444930080615 0.17110146115956582 0.30067590487502116 0.086914823380489281
leaf_count=739918 17 9052 3942 1208 39 2463 2719 1031 119 1433 905 172 581 209 88 1700 502 223 422 164 84 24 14 61 60 254 16 150 194 236
internal_value=-1.02379e-09 0.00202928 0.00275586 0.00897884 -0.00282313 -0.000918523 -0.00490753 0.0135999 0.00264531 -0.0107517 0.00397502 0.00954585 0.0160076 -0.0260593 -0.0170724 -0.0040991 0.00463559 -0.00971364 0.0117676 0.0199044 -0.00553362 0.0226788 0.0230006 0.0116979 -0.00753216 0.0101827 0.00448445 0.0223076 -0.00431268 8.55304e-05
internal_weight=5.13766 4.89021 4.82311 2.27997 2.54314 2.38313 0.569283 1.71069 0.4363 0.791889 1.59124 0.351742 0.294783 0.0845582 0.57591 0.250923 0.706337 0.234511 0.471826 1.00435 0.0987672 0.905581 0.0472875 0.157755 0.0851636 0.904308 0.632542 0.209034 0.423507 0.387591
internal_count=768000 28082 19030 7489 11541 7599 3817 3672 1098 5805 1794 872 753 226 4372 1909 2178 725 1453 1494 262 1232 98 209 121 889 635 189 446 430
is_linear=0
shrinkage=0.05


Tree=170
num_leaves=31
num_cat=0
split_feature=10 34 12 17 12 57 10 10 58 10 10 69 18 2 10 3 12 13 36 10 10 54 69 14 18 34 6 69 34 49
split_gain=0.160221 0.0653281 0.0619843 0.0664199 0.0617975 0.0452434 0.0373464 0.0680214 0.0465619 0.0602257 0.0651827 0.0360555 0.0426631 0.0353384 0.0345395 0.0347005 0.0338635 0.0333666 0.0565541 0.0521321 0.0557862 0.0389655 0.0588479 0.0367387 0.0366161 0.0318239 0.0317111 0.0313651 0.0309045 0.0327602
threshold=4.7500000000000009 4.2333810329437265 0.53589746356010448 0.92417654395103466 0.91987180709838878 0.74964919686317455 9.7500000000000018 9.2500000000000018 0.23970581591129306 10.250000000000002 10.750000000000002 10.410546302795412 0.30771121382713323 1.0000000180025095e-35 4.2500000000000009 2.5000000000000004 0.69615384936332714 347.16468811035162 0.98048734664917003 8.7500000000000018 8.2500000000000018 2.7799751758575444 13.787350654602053 2.5609524250030522 0.19928911328315738 2.7285441160202031 2.5000000000000004 10.522826671600344 2.4748060703277592 13.414226055145265
decision_type=2 2 2 2 2 2 2 2 2 2 2 2 2 2 2 2 2 2 2 2 2 2 2 2 2 2 2 2 2 2
left_child=4 2 3 13 14 -4 7 17 -8 -10 -11 -7 16 -2 15 -1 -13 19 -19 20 21 22 23 -5 -21 -17 -18 -23 29 -28
right_child=1 -3 5 6 -6 11 8 -9 9 10 -12 12 -14 -15 -16 25 26 18 -20 24 -22 27 -24 -25 -26 -27 28 -29 -30 -31
leaf_value=-0.024139102762140166 -0.050493809667559543 -0.030676477237070832 -0.030429902711400406 0.025363849704022071 -0.05002258275136276 0.0089046822582730788 0.043655754826018231 -0.051852559855634209 0.049751736391906456 -0.052247883053152894 0.013732735476252865 0.0052294573994907875 -0.032777986663072974 0.0013761072244495159 -0.050909323477435653 0.01325701145477768 -0.048436568460200002 -0.025305097837508631 0.024945234663415066 -0.05251273331764697 -0.051593214341997644 -0.024553283608576559 -0.023298360739147081 -0.030664663089714633 0.047893209337510595 -0.030136730922817701 0.04425696642359022 0.041685628535774413 0.029841305487867315 -0.051545868090835584
leaf_weight=0.21864659129604014 0.033816169626192383 0.13512662360782624 0.14453322694405901 0.24005468669230345 0.15804755090570977 0.53733774365036857 0.22280920821697225 0.042763935452398871 0.089532214369228313 0.045370574580374523 0.21392160594768939 0.41923936173296283 0.14191833959903466 1.1333060483018824 0.057255656605590843 0.18572753149874099 0.06584606865620124 0.13321540660160736 0.09658991286457308 0.0096319093136116862 0.033961135341087356 0.020207867732096929 0.12139889115286451 0.033319047909117216 0.15851316070074972 0.054693483066740267 0.011652112454555663 0.15457490776748273 0.040187543385286517 0.038104301438920629
leaf_count=34977 436 8655 1529 370 702539 952 259 19 161 9 240 294 357 1867 1018 3398 699 219 84 2 14 13 106 48 250 9209 20 144 52 60
internal_value=-7.96856e-10 0.00354067 0.00464632 0.00896205 -0.0226653 -0.00393993 0.0155268 0.00990273 0.0258006 0.0143958 0.00218754 -0.000887455 -0.00822646 -0.00012677 -0.0142912 -0.00972411 -0.0021671 0.0125398 -0.00418428 0.0175203 0.0106605 0.0143726 0.0056706 0.018535 0.0421416 0.00338535 -0.0220716 0.0340273 -0.00277043 -0.0291105
internal_weight=4.9913 4.31693 4.18181 2.78299 0.674371 1.39882 1.61586 1.04423 0.571634 0.348824 0.259292 1.25429 0.716948 1.16712 0.516323 0.459068 0.575029 1.00147 0.229805 0.771662 0.603517 0.569555 0.394773 0.273374 0.168145 0.240421 0.15579 0.174783 0.089944 0.0497564
internal_count=768000 16859 8204 4241 751141 3963 1938 1269 669 410 249 2434 1482 2303 48602 47584 1125 1250 303 947 695 681 524 418 252 12607 831 157 132 80
is_linear=0
shrinkage=0.05


Tree=171
num_leaves=31
num_cat=0
split_feature=10 34 10 10 10 10 36 12 49 17 58 37 34 34 56 18 17 36 37 37 3 54 5 5 49 10 12 23 37 63
split_gain=0.150286 0.0747992 0.0661732 0.0920977 0.0531575 0.0695707 0.0521334 0.05317 0.0466036 0.0406132 0.0385111 0.0414682 0.0363005 0.0349446 0.0450825 0.0389525 0.0371514 0.0358332 0.0449849 0.0375094 0.0343422 0.0386721 0.0400272 0.0381814 0.0453019 0.0508701 0.0386171 0.0380177 0.0342753 0.0331313
threshold=1.7500000000000002 4.3533363342285165 8.7500000000000018 8.2500000000000018 7.7500000000000009 7.2500000000000009 0.67489838600158703 0.58578431606292736 12.409131526947023 0.97436261177062999 0.21206753700971606 0.99513977766036998 3.3219519853591923 1.728749215602875 0.7649616301059724 0.19809646904468539 0.95827674865722667 0.82512134313583385 0.92818355560302745 0.94493386149406444 1.5000000000000002 2.7079319953918461 1.0000000180025095e-35 1.0000000180025095e-35 16.3442497253418 4.7500000000000009 0.46862745285034185 4.1817462444305429 0.939598709344864 3.7494349479675297
decision_type=2 2 2 2 2 2 2 2 2 2 2 2 2 2 2 2 2 2 2 2 2 2 2 2 2 2 2 2 2 2
left_child=-1 2 3 4 5 20 8 13 -4 10 11 -9 -6 14 16 -16 -8 18 -15 28 21 -2 -23 24 25 -22 27 -27 -19 -28
right_child=1 -3 6 -5 12 -7 7 9 -10 -11 -12 -13 -14 17 15 -17 -18 19 -20 -21 23 22 -24 -25 -26 26 29 -29 -30 -31
leaf_value=-0.050001333084254619 -0.026266772563383986 -0.037106304681106997 0.0056287934489303165 -0.051134622399204188 0.023322403267040159 -0.050924480403400391 0.0067365878745797502 0.046511804848724199 -0.037310157999379499 0.020859033931185069 -0.041126505994870985 -0.020610572825914497 -0.022403943727297843 0.038980128762879873 0.047879816231338135 -0.024870761768970392 0.046728650811469902 0.028781411275821314 -0.0042161091065830427 0.031599498045867806 -0.027414969791318328 0.027998613679292822 -0.038871483304604756 0.0082721163983092479 -0.0347831418684455 0.039802902182491613 -0.0175283028710356 -0.0026772702854865882 -0.049179481758527821 0.019245797123236263
leaf_weight=0.14573857328701034 0.263658825609283 0.12183613518372993 0.15922119665832601 0.09489115416249827 0.30747574644440323 0.076077042079800594 0.2413404775047352 0.03494539009021469 0.10477346441358648 0.090737693858727653 0.1017589404918553 0.067372257564699112 0.050536726096099827 0.082611172770242547 0.021048970740594086 0.14616642192891049 0.076473293715480395 0.027648855612369516 0.22288731276364615 0.62480346016062072 0.14953488855248653 0.078835714312095462 0.031248881472553336 0.8478199146698806 0.12396128963296515 0.12422720024146372 0.19884053495988496 0.091434316063185861 0.028766664709564793 0.088512573354602608
leaf_count=731500 2984 19508 344 284 572 369 310 46 624 80 244 69 93 116 7 124 82 70 281 797 2932 645 422 3295 813 281 655 153 17 283
internal_value=9.0401e-10 0.00155726 0.00259083 -0.00280977 -0.000924372 -0.00399541 0.00931197 0.0124091 -0.0114127 -0.00697217 -0.0193466 0.00231429 0.0168677 0.0162914 0.00530248 -0.015713 0.0163596 0.0216931 0.00746477 0.028074 -0.00220857 -0.0158742 0.00901671 0.000935754 -0.00707433 -0.00181063 0.00580096 0.0217925 -0.0109714 -0.00620088
internal_weight=4.82519 4.67945 4.55761 2.52705 2.43216 2.07415 2.03056 1.76656 0.263995 0.294814 0.204077 0.102318 0.358012 1.47175 0.485029 0.167215 0.317814 0.986717 0.305498 0.681219 1.99807 0.373743 0.110085 1.62433 0.776511 0.65255 0.503015 0.215662 0.0564155 0.287353
internal_count=768000 36500 16992 13781 13497 12832 3211 2243 968 439 359 115 665 1804 523 131 392 1281 397 884 12463 4051 1067 8412 5117 4304 1372 434 87 938
is_linear=0
shrinkage=0.05


Tree=172
num_leaves=31
num_cat=0
split_feature=12 17 10 11 6 14 10 17 6 16 17 3 21 6 57 49 38 4 18 16 1 0 54 8 37 58 38 34 43 13
split_gain=0.145629 0.065485 0.0600428 0.0583161 0.0440781 0.0391441 0.0358849 0.0319502 0.0316137 0.02842 0.0345377 0.0315092 0.0334189 0.0275183 0.0273629 0.0266197 0.0316525 0.0261935 0.0285779 0.0259784 0.0253881 0.026754 0.0255331 0.0230833 0.0267446 0.0225379 0.0224284 0.0268732 0.0233376 0.0222825
threshold=0.69615384936332714 0.82266744971275341 5.7500000000000009 1.781746029853821 1.0000000180025095e-35 3.5592596530914311 5.2500000000000009 0.94421008229255687 2.5000000000000004 0.75433698296546947 0.97072464227676403 3.5000000000000004 0.0026813719887286429 3.5000000000000004 0.67305442690849315 8.9535770416259783 0.42995192110538488 1.0000000180025095e-35 0.336805209517479 0.39136075973510748 21.500000000000004 15.500000000000002 2.2313909530639653 1.0000000180025095e-35 0.91465884447097789 0.082791313529014601 0.24589308351278308 2.9841302633285527 4.8559212684631357 349.09611511230474
decision_type=2 2 2 2 2 2 2 2 2 2 2 2 2 2 2 2 2 2 2 2 2 2 2 2 2 2 2 2 2 2
left_child=1 14 6 8 5 17 29 -7 25 10 23 -11 -13 26 15 16 -1 18 19 -4 -21 -22 -23 24 -6 -2 28 -28 -10 -3
right_child=3 2 4 -5 9 7 -8 -9 13 11 -12 12 -14 -15 -16 -17 -18 -19 -20 20 21 22 -24 -25 -26 -27 27 -29 -30 -31
leaf_value=0.034910318804703251 0.044773939763942984 -0.0024489770463972981 -0.041476500766935397 -0.050014587555309964 0.013976083641296428 -0.031163275140001806 -0.051071112981941884 0.017818601758283373 -0.048427965283588892 0.010244005789813021 0.037643111005326683 -0.034296349146958865 0.024107852681676686 -0.041336203386308362 0.011370043003198568 -0.029586996127903886 -0.035828520077475799 -0.050214983760859658 0.010585319459531671 0.033849016439589583 -0.041140875157153735 0.030918873286415561 -0.010514192925062504 0.044104646158416944 -0.0206579213375956 -0.028893578032942086 0.029138003634719981 -0.026121412464621813 0.028089816363865552 -0.044822605409592507
leaf_weight=0.038897471077448453 0.010837964576733916 0.65329538638810314 0.014038838522992814 0.14743050079367537 0.067532456424387877 0.077984572406421537 0.0439405853824546 0.05809225891026415 0.029782281429909574 0.96593531261258625 0.038243922103148975 0.083310791092872094 0.034692699809653504 0.033672610259890767 0.074611972155855355 0.25408324569937601 0.026646880918506533 0.013922675451297439 0.57445846226573849 0.45029686958969251 0.020873035239674209 0.12589681458882751 0.052768476828077837 0.017496665567250602 0.31922608096182614 0.24706094801555523 0.10881200966453974 0.027577169795279133 0.014975584708494694 0.032571889336462156
leaf_count=190 88 6973 8 726103 68 421 270 197 204 935 32 124 20 2389 946 16707 261 167 865 631 41 379 167 13 466 5558 304 687 124 2662
internal_value=-8.74067e-10 0.00346394 0.00555791 -0.0225594 0.00876919 0.0152164 -0.00726761 -0.0102525 -0.0139968 0.0029053 -0.00777268 0.00726439 -0.0171257 0.00017074 -0.0158939 -0.0222583 0.00615163 0.017984 0.0187508 0.0258164 0.0272702 0.0124239 0.0186817 -0.0120692 -0.0146104 -0.0257978 0.00788628 0.0179648 -0.0228258 -0.0044613
internal_weight=4.65897 4.03882 3.64458 0.620149 2.91477 1.38833 0.729808 0.136077 0.472719 1.52644 0.442499 1.08394 0.118003 0.21482 0.39424 0.319628 0.0655444 1.25226 1.23833 0.663874 0.649835 0.199538 0.178665 0.404255 0.386759 0.257899 0.181147 0.136389 0.0447579 0.685867
internal_count=768000 32543 14439 735457 4534 2876 9905 618 9354 1658 579 1079 144 3708 18104 17158 451 2258 2091 1226 1218 587 546 547 534 5646 1319 991 328 9635
is_linear=0
shrinkage=0.05


Tree=173
num_leaves=31
num_cat=0
split_feature=10 17 6 0 4 18 12 11 10 11 34 14 16 58 8 69 11 11 13 49 2 58 34 49 37 13 18 41 3 11
split_gain=0.137618 0.0633568 0.0551804 0.0424726 0.0353234 0.0309371 0.0325517 0.0321943 0.0308604 0.0306817 0.0295056 0.0367702 0.031165 0.0292725 0.0288365 0.0309533 0.0287368 0.0280706 0.0272659 0.0262587 0.0280205 0.026024 0.0256361 0.0276364 0.0249908 0.023363 0.023201 0.0227726 0.029781 0.0353171
threshold=3.7500000000000004 0.83447185158729564 1.0000000180025095e-35 10.500000000000002 1.0000000180025095e-35 0.3402294665575028 0.82575756311416637 0.78019323945045482 3.2500000000000004 1.2565789222717287 3.4718672037124638 2.3405359983444218 0.78189584612846386 0.22620432823896411 1.0000000180025095e-35 7.4991328716278085 1.3405797481536867 1.3405797481536867 292.18028259277349 13.696221828460695 3.5000000000000004 0.37507063150405889 3.0603588819503789 13.348958492279055 0.99939286708831798 332.24789428710943 0.27440364658832556 0.0091983471065759676 3.5000000000000004 1.0178571343421938
decision_type=2 2 2 2 2 2 2 2 2 2 2 2 2 2 2 2 2 2 2 2 2 2 2 2 2 2 2 2 2 2
left_child=3 14 4 -1 5 6 -3 -7 18 13 11 19 -13 27 15 16 -2 22 26 20 24 -19 -9 -24 -11 -25 -5 28 29 -4
right_child=1 2 9 8 -6 7 -8 17 -10 10 -12 12 -14 -15 -16 -17 -18 21 -20 -21 -22 -23 23 25 -26 -27 -28 -29 -30 -31
leaf_value=-0.050013420664270197 0.013534971207522652 0.01963678736692118 0.023227506913779207 -0.049117391765299716 -0.050378003084884417 -0.048512777817307243 -0.043630707080178438 0.01970352701178326 -0.050968392777867036 0.022766121051028727 -0.041321500905658587 -0.038929002191441242 0.024641621114606931 -0.0048808026298388027 0.020196541284644362 -0.030544567477945806 -0.044740171201638292 -0.0182849515773689 -0.023476085070631633 -0.026881949984009487 -0.028036375843448664 0.021870265052860202 -0.050125681038605374 0.027708564710126643 -0.032277667162709224 -0.030054090266163472 0.02318691443362475 0.045289220213577813 -0.019378856819275949 0.00019924262455440464
leaf_weight=0.14156598392157604 0.093198634288139348 0.92668929437996916 0.32014872616316503 0.012917026906515972 0.022769481750836706 0.027564131582039408 0.020786741954625043 0.3657366912254929 0.050597679073868917 0.10610467703516224 0.067348274642675676 0.022753350667848338 0.12627576810704433 0.6188885176814658 0.0493373706143867 0.24962521881041866 0.027366844756817166 0.16256551034904732 0.11650400483535162 0.20121322038121114 0.065071977562343619 0.053669530556481604 0.028711547467594301 0.049734724126913932 0.025594853415960017 0.027013699511698519 0.078646244106640673 0.04233735641842884 0.09007008327229471 0.34690726215112022
leaf_count=722330 505 1825 309 260 1316 38 437 465 1126 112 3106 106 423 1099 257 7802 501 616 20914 890 500 220 86 122 52 72 1717 68 256 470
internal_value=7.78218e-11 0.00270817 0.00478656 -0.0279964 0.0114764 0.0123236 0.0182488 0.00447188 -0.0159466 -0.000759733 -0.0100934 -0.00624858 0.0149358 0.00328316 -0.015711 -0.0204966 0.000307248 0.00659642 -0.00743002 -0.0141813 -0.00119394 -0.00831843 0.0134409 -0.00827783 0.0120688 0.00737742 0.0129868 0.00960312 0.00760761 0.0112515
internal_weight=4.53771 4.13748 3.71796 0.400231 1.68524 1.66247 0.947476 0.714996 0.258665 2.03271 0.614362 0.547014 0.149029 1.41835 0.419528 0.370191 0.120565 0.687432 0.208067 0.397985 0.196772 0.216235 0.471197 0.10546 0.1317 0.0767484 0.0915633 0.799463 0.757126 0.667056
internal_count=768000 21653 12588 746347 5197 3881 2262 1619 24017 7391 5189 2083 529 2202 9065 8808 1006 1581 22891 1554 664 836 745 280 164 194 1977 1103 1035 779
is_linear=0
shrinkage=0.05


Tree=174
num_leaves=31
num_cat=0
split_feature=34 4 12 12 10 10 1 10 43 12 38 10 10 38 38 24 54 10 10 2 43 6 43 43 17 16 13 6 14 54
split_gain=0.131517 0.0879495 0.0651247 0.0492616 0.0547686 0.0824589 0.0392106 0.0443334 0.0473346 0.0412768 0.033093 0.0303734 0.0763951 0.0323007 0.0304572 0.0294726 0.0480104 0.0289491 0.0404091 0.0321931 0.0288031 0.0261212 0.0260217 0.0356416 0.0254379 0.0252477 0.0248719 0.0247499 0.0263388 0.0302719
threshold=4.3533363342285165 1.0000000180025095e-35 0.67708334326744091 0.22474747896194461 8.7500000000000018 8.2500000000000018 13.500000000000002 10.250000000000002 3.9415346384048466 0.55902779102325451 0.26200228929519659 6.7500000000000009 6.2500000000000009 0.25469110906124121 0.34958216547966009 0.61250001192092907 1.7371867299079897 5.7500000000000009 5.2500000000000009 1.5000000000000002 3.8393944501876835 1.0000000180025095e-35 3.1984648704528813 3.7494349479675297 0.9351826310157777 0.89840418100357067 344.03761291503912 1.0000000180025095e-35 2.0957014560699467 1.9825452566146853
decision_type=2 2 2 2 2 2 2 2 2 2 2 2 2 2 2 2 2 2 2 2 2 2 2 2 2 2 2 2 2 2
left_child=1 2 3 -1 5 11 7 8 -6 -8 -9 12 17 -13 -15 16 -4 18 24 -19 -16 -11 -21 -24 -5 -17 -22 28 29 -26
right_child=-2 -3 15 4 6 -7 9 10 -10 21 -12 13 -14 14 20 25 -18 19 -20 22 26 -23 23 -25 27 -27 -28 -29 -30 -31
leaf_value=-0.021262442406338282 -0.041886804307525144 -0.050125949537013263 0.0093871107589523998 -0.017912021447507444 -0.026108824206071968 -0.051110014919684414 0.020232612018604733 0.031565466127245936 0.038790803316162886 0.016731733992205452 -0.02498035742444113 -0.019833231524447284 -0.051394055853830813 0.029314142304393272 0.038887545048906 -0.039860146936652401 -0.048332520516103476 0.036316236817244427 -0.051062454646301596 0.049133318295102209 0.0063258824393122963 -0.029316466670724309 -0.044795536578022432 0.0066099456126298339 0.014402390413954365 -0.0097240707764910169 -0.032158704240470952 -0.0057154964871475719 0.03596500161904493 -0.051972243846978551
leaf_weight=0.16843585042137688 0.17977576303407872 0.080078895367890257 0.19934819453792174 0.17584377800688089 0.039422004195500793 0.074076891460720051 1.1414288986828749 0.030384583642444341 0.097784889136164566 0.05326300656179217 0.17432658819723201 0.074104434810123965 0.073911525090352259 0.23119550001086964 0.055900449029422816 0.13975794594264901 0.043974180536787255 0.10179727382950432 0.044476565683865488 0.027958544248122053 0.24617059108430794 0.073014436002495131 0.040273173559398856 0.20720308141011401 0.076366387071688635 0.13825203535752095 0.050615456491243549 0.25844644243595738 0.099248520338507618 0.022163706674660943
leaf_count=687 419614 192154 23888 3724 26 69 1608 13 63 39 176 55 92 295 91 57362 12542 83 101 12 380 38 32 280 240 52985 106 1025 211 9
internal_value=1.35798e-09 0.00177632 0.00277564 0.00514416 0.00642618 0.000581717 0.0131789 -0.00184765 0.020144 0.0172317 -0.0165875 0.0027261 -0.00225505 0.011263 0.0152097 -0.0137517 -0.00104421 0.00119154 -0.00499673 0.0122899 0.00596379 -0.00989363 0.00341002 -0.00175555 -0.00175524 -0.0248737 -0.000237482 0.0044721 0.0177847 -0.000528154
internal_weight=4.419 4.23922 4.15914 3.63781 3.46938 1.85975 1.60962 0.341918 0.137207 1.26771 0.204711 1.78568 1.12769 0.657986 0.583882 0.521332 0.243322 1.05378 0.676545 0.377232 0.352686 0.126277 0.275435 0.247476 0.632069 0.27801 0.296786 0.456225 0.197779 0.0985301
internal_count=768000 348386 156232 9455 8768 6805 1963 278 89 1685 189 6736 5809 927 872 146777 36430 5717 5310 407 577 77 324 312 5209 110347 486 1485 460 249
is_linear=0
shrinkage=0.05


Tree=175
num_leaves=31
num_cat=0
split_feature=10 57 6 0 3 12 69 57 11 11 18 10 56 56 34 2 37 69 11 58 1 16 7 57 16 16 13 38 63 34
split_gain=0.126975 0.0608321 0.0613737 0.0381633 0.034472 0.0310918 0.0320033 0.0327483 0.0276005 0.0320566 0.0279669 0.0272488 0.0272373 0.034447 0.0268323 0.0321173 0.0377229 0.027688 0.0242145 0.0365099 0.0473683 0.0404228 0.0300319 0.0290532 0.0241791 0.0378869 0.0239284 0.0238143 0.0236386 0.0228879
threshold=3.7500000000000004 0.83388909697532665 1.0000000180025095e-35 10.500000000000002 1.0000000180025095e-35 0.77350428700447094 10.522826671600344 0.40444585680961614 1.3405797481536867 0.78019323945045482 0.2758633047342301 3.2500000000000004 0.27347089350223547 0.37449187040328985 3.3219519853591923 5.5000000000000009 0.97270449995994579 10.337329387664797 1.0178571343421938 0.22493648529052737 12.500000000000002 0.78819957375526439 1.0000000180025095e-35 0.92562213540077221 0.64046090841293346 0.61877015233039867 292.18028259277349 0.4028343558311463 3.7726949453353886 0.54594680666923534
decision_type=2 2 2 2 2 2 2 2 2 2 2 2 2 2 2 2 2 2 2 2 2 2 2 2 2 2 2 2 2 2
left_child=3 4 14 -1 -2 6 7 -6 9 10 -9 26 -4 -14 15 24 -17 -16 19 20 23 -21 29 -15 25 -3 -5 -8 -24 -20
right_child=1 2 12 11 5 -7 27 8 -10 -11 -12 -13 13 18 17 16 -18 -19 22 21 -22 -23 28 -25 -26 -27 -28 -29 -30 -31
leaf_value=-0.050013039949270803 -0.035832583120113448 0.019693576174209332 0.044955733032470233 0.011820658258701391 -0.024226832433952218 -0.047687714253700442 -0.0079844505722978711 0.040295508446471395 -0.016655950613954053 0.022704484950487575 -0.045341693180847853 -0.050882885676830594 -0.041849469009349438 -0.034393860406319587 -0.032742241280221088 0.02328730534667886 -0.034330734749955044 0.007909080150304738 -0.036867247592670918 -0.034834907349812871 0.038920152252540696 0.0081568389239937405 -0.037179198758012739 0.017789290141480181 0.023253335545608846 -0.027423076325251663 -0.023514555181824798 -0.045738181328067527 0.010744276765404036 0.00057204272734177517
leaf_weight=0.12857507285468761 0.10713843319146343 0.12390007818127935 0.032368700228090463 0.084975370884976087 0.085756155789553645 0.041071910904955544 0.12774504944811937 0.013175567665939525 0.079391623552924173 0.27843990150207532 0.034490574468030388 0.046012429852583914 0.050908165834814834 0.045324015491743697 0.055207970728364919 0.051890638178288095 0.062770577004575223 0.17360221167151746 0.042766771855132779 0.07790634375376726 0.16003311814793619 0.18336275662741741 0.10831956682311183 0.06481863133613075 0.84468896855227982 0.065074669467108492 0.10984499456443375 0.062062205968661743 0.033748458740321396 0.89755953888896256
leaf_count=722330 4488 210 132 1977 962 3273 654 7 420 649 79 1126 225 82 592 170 258 1116 242 135 122 211 493 100 1754 64 20914 899 221 4095
internal_value=-3.12729e-10 0.00265149 0.0058933 -0.0280183 -0.00936643 -0.00543981 -0.00289202 0.00384515 0.00978192 0.0162183 -0.0216704 -0.0162758 -0.00047061 -0.00135386 0.0137359 0.0168513 -0.00825534 -0.00189939 -7.64386e-05 0.00866416 0.0215516 -0.00466262 -0.00436799 -0.00368423 0.0196363 0.00346865 -0.00810229 -0.020329 -0.0257949 -0.00113073
internal_weight=4.27293 3.90352 3.07425 0.369408 0.829271 0.722133 0.681061 0.491254 0.405498 0.326106 0.0476661 0.240833 1.69712 1.66475 1.37714 1.14832 0.114661 0.22881 1.61384 0.531445 0.270176 0.261269 1.08239 0.110143 1.03366 0.188975 0.19482 0.189807 0.142068 0.940326
internal_count=768000 21653 10222 746347 11431 6943 3670 2117 1155 735 86 24017 6058 5926 4164 2456 428 1708 5701 650 304 346 5051 182 2028 274 22891 1553 714 4337
is_linear=0
shrinkage=0.05


Tree=176
num_leaves=31
num_cat=0
split_feature=12 17 10 11 6 14 10 17 6 34 12 12 6 6 36 45 4 18 10 10 19 14 13 49 12 49 14 38 56 54
split_gain=0.120898 0.0587116 0.051487 0.0481849 0.0350077 0.0320518 0.0294151 0.0264721 0.0262581 0.0245294 0.023637 0.0231556 0.023128 0.0226267 0.0251443 0.021894 0.0217861 0.0223199 0.0300415 0.0343884 0.0321385 0.0261002 0.0357345 0.0253612 0.0221596 0.0276695 0.0303827 0.0297235 0.0263775 0.0354816
threshold=0.69615384936332714 0.82266744971275341 5.7500000000000009 1.781746029853821 1.0000000180025095e-35 3.5592596530914311 5.2500000000000009 0.94421008229255687 2.5000000000000004 2.4005811214447026 0.17519181966781619 0.22474747896194461 3.5000000000000004 1.5000000000000002 0.72427368164062511 50.000000000000007 1.0000000180025095e-35 0.3213160932064057 9.7500000000000018 9.2500000000000018 0.020919729955494407 2.633392453193665 341.13783264160162 17.132326126098636 0.34166666865348821 12.593303680419924 0.97197720408439647 0.36356593668460851 0.498031497001648 1.3314403891563418
decision_type=2 2 2 2 2 2 2 2 2 2 2 2 2 2 2 2 2 2 2 2 2 2 2 2 2 2 2 2 2 2
left_child=1 9 6 8 5 10 -3 -7 -2 13 -4 -6 -10 14 -1 -13 17 18 19 21 -20 -12 -23 24 28 27 -27 -26 29 -19
right_child=3 2 4 -5 11 7 -8 -9 12 -11 16 15 -14 -15 -16 -17 -18 23 20 -21 -22 22 -24 -25 25 26 -28 -29 -30 -31
leaf_value=-0.01158217534377586 -0.025502975416694135 -0.0046401231373318415 -0.032352953907062609 -0.0500127574460459 -0.046186048639934696 -0.03028488609002495 -0.050898108782565038 0.016591698508076579 0.0074642596983244937 -0.032998665802890556 0.032317386560684953 -0.049294866841710028 -0.041074132803358143 -0.046055663256013325 0.028508382938709068 0.0045812226188000878 -0.050189016490855956 0.050535831317273953 0.050797772529868439 -0.051956906579147505 -0.021507638442122248 0.024736339930401377 -0.04316799667552644 -0.023041081896143373 -0.028279822301038995 -0.03447631519606259 0.0079431990306716421 0.043958803833621968 0.036359343096242489 -0.032805387652375936
leaf_weight=0.12561276330028137 0.22696446933633563 0.61565442605833931 0.023596118399226262 0.12069951524837252 0.023560132963190372 0.068839332610648785 0.036398391784812745 0.053542161147039025 0.15650126935332942 0.13445266795994248 0.1804126380392288 0.019129006532707771 0.029106146691389334 0.029854252301161566 0.05679415718067915 1.3259987018861903 0.011516311743747454 0.019915711097382882 0.15714962517768072 0.016860473901033401 0.017034072392107191 0.049595269543942777 0.031795760716249788 0.045509703679954328 0.01743211597431582 0.053200818927962246 0.20436261673785339 0.077755092910138046 0.18630117954944581 0.035598650022620859
leaf_count=2192 5646 9635 18 726103 27 421 270 197 1319 14650 451 26 2389 996 266 1605 164 71 396 3 14 82 37 97 15 52 312 181 331 34
internal_value=2.03364e-10 0.00327599 0.00534967 -0.0222253 0.00847958 0.0145274 -0.0072223 -0.00977628 -0.014096 -0.0162886 0.0171641 0.00295435 -0.00014732 -0.0057039 0.000900407 0.00381505 0.0182221 0.0189429 0.0274379 0.0172562 0.0437268 0.0217136 -0.00179079 0.0129328 0.0156864 0.0076943 -0.000818731 0.0307294 0.0273449 -0.00290682
internal_weight=4.15114 3.61787 3.27116 0.533271 2.61911 1.25042 0.652053 0.122381 0.412572 0.346714 1.12804 1.36869 0.185607 0.212261 0.182407 1.34513 1.10444 1.09292 0.452848 0.278664 0.174184 0.261804 0.081391 0.640076 0.594566 0.352751 0.257563 0.0951872 0.241816 0.0555144
internal_count=768000 32543 14439 735457 4534 2876 9905 618 9354 18104 2258 1658 3708 3454 2458 1631 2240 2076 983 573 410 570 119 1093 996 560 364 196 436 105
is_linear=0
shrinkage=0.05


Tree=177
num_leaves=31
num_cat=0
split_feature=10 57 4 6 0 38 54 2 57 3 11 58 16 54 69 13 12 34 34 69 23 10 13 3 5 43 57 2 54 63
split_gain=0.115265 0.0567221 0.0483935 0.0480492 0.0346869 0.0346229 0.0304716 0.0352551 0.0287617 0.0277579 0.0291395 0.0449964 0.0274072 0.0345711 0.0552434 0.0310354 0.0335465 0.0267762 0.0303586 0.0285044 0.0282206 0.0378446 0.0272725 0.0261105 0.0249521 0.03511 0.0364106 0.0315164 0.0254554 0.0244511
threshold=3.7500000000000004 0.40444585680961614 1.0000000180025095e-35 1.0000000180025095e-35 10.500000000000002 0.36008127033710485 2.2649247646331792 5.5000000000000009 0.92831125855445873 1.0000000180025095e-35 1.1558704376220705 0.22493648529052737 0.64046090841293346 1.2686324119567873 11.509554386138918 304.08041381835943 0.60555556416511547 1.7622199058532717 3.2122231721878056 11.703123092651369 3.7465058565139775 10.750000000000002 327.07664489746099 2.5000000000000004 1.0000000180025095e-35 3.65057384967804 0.97149959206581127 2.5000000000000004 0.47453990578651434 4.6395599842071542
decision_type=2 2 2 2 2 2 2 2 2 2 2 2 2 2 2 2 2 2 2 2 2 2 2 2 2 2 2 2 2 2
left_child=4 -2 3 5 -1 6 7 -3 -8 -5 11 -11 13 14 -7 -14 17 19 20 -17 21 -19 -20 -6 25 -12 -27 28 -26 -15
right_child=1 2 -4 9 23 12 8 -9 -10 10 24 -13 15 29 -16 16 -18 18 22 -21 -22 -23 -24 -25 27 26 -28 -29 -30 -31
leaf_value=-0.05001187595650769 -0.031439217118838347 0.033363256579926899 -0.050207547081867178 -0.027557145142447243 -0.034734717393450187 0.031422738655114149 0.019180730870385583 -0.010833442009492383 -0.016944894560122277 0.014921760837354803 0.019846324633067895 -0.0062629946537120689 0.027004472758757888 -0.027860852395046522 -0.038906751299138204 0.014096792882055384 -0.033874941829220975 -0.024028550015441661 0.025253682416386172 -0.03295018856004802 0.042535935897008222 0.044644970485769861 -0.029112735212888371 -0.00075282039168457189 -0.046811819776337589 -0.023945513249034239 0.023222396858722447 -0.01441649149883082 0.026009082779038763 0.0304671706353528
leaf_weight=0.11566619090535635 0.11864133471946381 0.35923791349757372 0.041150729734956371 0.094282088272452991 0.1046818024015308 0.099298833832424327 0.14177928644667848 0.05160289361452719 0.090116371443937027 0.58292748638410408 0.06744448616944243 0.43973072630283028 0.20001680449834325 0.16363549449204395 0.03884467518625101 0.060820042860768808 0.05319214373230885 0.047991421337201245 0.039036588756246715 0.068405021446892533 0.12214149439580524 0.034471471777237639 0.056389860932441138 0.12288399240137293 0.013105398470656837 0.3859283561379554 0.045766191792091071 0.11779649235261047 0.14237491512692202 0.020183554010078097
leaf_count=722330 6401 638 4313 1011 15018 285 577 162 224 615 290 741 590 699 48 160 375 124 92 84 302 48 198 8999 29 2066 158 1136 229 58
internal_value=-7.10394e-10 0.00257372 0.00370165 0.00432893 -0.0277168 0.0105708 0.0196328 0.027812 0.00514205 -0.00111279 0.000276138 0.00581257 0.00477195 -0.00725292 0.0116467 0.0104449 0.00357945 0.00822069 0.0164162 -0.0108074 0.0272781 0.00467863 -0.00687279 -0.0163847 -0.00705395 -0.0137034 -0.018945 0.00509133 0.019871 -0.0214564
internal_weight=4.03954 3.69631 3.57767 3.53652 0.343232 1.64716 0.642736 0.410841 0.231896 1.88936 1.79507 1.02266 1.00443 0.321963 0.138144 0.682465 0.482448 0.429256 0.300031 0.129225 0.204604 0.0824629 0.0954264 0.227566 0.772416 0.499139 0.431695 0.273277 0.15548 0.183819
internal_count=768000 21653 15252 10939 746347 4664 1601 800 801 6275 5264 1356 3063 1090 333 1973 1383 1008 764 244 474 172 290 24017 3908 2514 2224 1394 258 757
is_linear=0
shrinkage=0.05


Tree=178
num_leaves=31
num_cat=0
split_feature=10 57 6 12 69 8 38 12 69 38 54 3 10 57 6 69 6 10 14 16 34 24 7 16 14 27 56 54 23 16
split_gain=0.111343 0.0530563 0.0442491 0.0424888 0.0302616 0.035279 0.0330962 0.0298508 0.036036 0.0321488 0.0320529 0.028447 0.027314 0.0269093 0.0255749 0.0349096 0.0305718 0.0276343 0.0246613 0.0247897 0.0245833 0.0377276 0.0242101 0.0310076 0.0291172 0.0284242 0.0235758 0.0306296 0.0236957 0.0243191
threshold=4.7500000000000009 0.83388909697532665 1.0000000180025095e-35 0.91987180709838878 9.0468797683715838 1.0000000180025095e-35 0.36717443168163305 0.46410256624221807 10.737765312194826 0.36717443168163305 3.223617792129517 5.5000000000000009 4.2500000000000009 0.8864782750606538 1.0000000180025095e-35 11.150634765625002 2.5000000000000004 3.7500000000000004 1.1513625383377077 0.61877015233039867 1.5532499551773074 0.65151515603065502 1.0000000180025095e-35 0.80923157930374157 0.46743613481521612 45.857143402099616 0.4401834905147553 0.62836408615112316 4.8295059204101571 0.90079894661903392
decision_type=2 2 2 2 2 2 2 2 2 2 2 2 2 2 2 2 2 2 2 2 2 2 2 2 2 2 2 2 2 2
left_child=3 4 7 12 -2 6 18 26 10 20 11 -9 13 -1 15 -15 -16 -17 -6 -20 21 -10 24 -24 -4 -25 27 -3 -28 -30
right_child=1 2 22 -5 5 -7 -8 8 9 -11 -12 -13 -14 14 16 17 -18 -19 19 -21 -22 -23 23 25 -26 -27 28 -29 29 -31
leaf_value=-0.032650500289075138 0.00080968521001757016 0.048901411233744488 -0.028007903533852092 -0.050021369492895242 -0.043705742691804154 0.025314940684503809 -0.040218558780747045 0.035527007462251931 0.040675267317571998 -0.030312683828262351 -0.049474965127668302 -0.036200732980255917 -0.050752195304930192 0.038263231483950666 -0.040844031551340441 -0.04047750300552494 0.0053258052873082808 0.03341504910462173 -0.049902078079969901 0.016942567344134653 0.018512112647740629 -0.047111230082950373 -0.043722047342617358 0.026502271034032333 0.0051320276764342827 -0.020757110646597351 0.02642750071950541 -0.022854889443214885 -0.027479641613748843 0.051657917639293817
leaf_weight=0.09536229394100848 0.39192878791807517 0.019703589670371224 0.07000951136944511 0.10502845568426156 0.033786808137323376 0.038734679202885758 0.16695175493581749 0.14023171293579129 0.017393024775557819 0.098552594172540253 0.014416870820648686 0.015334553370241366 0.045875381953803362 0.069930115826915884 0.066972239168316738 0.03637221665595991 0.077167185959916562 0.019402325228114137 0.016662565691410336 0.082761067645439113 0.11777592715905438 0.041301534754831337 0.064929016003610118 0.053682822355908932 1.2444194416732401 0.078111205703363495 0.57918367250521108 0.060644430968977758 0.040378245409954161 0.012780580389971874
leaf_count=30357 3334 79 173 702539 162 128 4741 401 35 352 336 24 1018 1684 8240 3023 4188 92 326 636 396 87 177 126 3405 213 1494 143 79 12
internal_value=1.04379e-09 0.00328508 0.0065537 -0.0216391 -0.00865137 -0.0195929 -0.0253881 0.0139093 0.00374872 -0.00743724 0.021847 0.0284566 -0.0143877 -0.00981976 -0.00175143 0.0147316 -0.0161263 -0.0147725 -0.00680119 0.00573997 0.0053379 -0.0210974 0.00091857 -0.0154404 0.00336692 -0.00150725 0.0202536 -0.00525823 0.0234952 -0.00845319
internal_weight=3.91578 3.39967 2.66885 0.51611 0.730826 0.338897 0.300162 1.1577 0.445006 0.275023 0.169983 0.155566 0.411082 0.365206 0.269844 0.125705 0.144139 0.0557745 0.13321 0.0994236 0.17647 0.0586946 1.51115 0.196723 1.31443 0.131794 0.712691 0.080348 0.632342 0.0531588
internal_count=768000 16859 7532 751141 9327 5993 5865 3438 1631 870 761 425 48602 47584 17227 4799 12428 3115 1124 962 518 122 4094 516 3578 339 1807 222 1585 91
is_linear=0
shrinkage=0.05


Tree=179
num_leaves=31
num_cat=0
split_feature=12 17 11 11 6 38 6 12 57 49 38 37 37 5 3 11 34 58 58 69 14 24 36 38 29 18 18 34 14 17
split_gain=0.107945 0.0532051 0.0495403 0.0408283 0.0383372 0.0247077 0.0230867 0.0213535 0.0209307 0.0210237 0.0245163 0.019912 0.0201773 0.0330889 0.0187084 0.0185941 0.0193244 0.018434 0.0181322 0.0230901 0.0328997 0.0257143 0.0287853 0.0247168 0.0187492 0.0173333 0.0204194 0.0230836 0.0399248 0.0179508
threshold=0.69615384936332714 0.82266744971275341 1.3405797481536867 1.781746029853821 1.0000000180025095e-35 0.36008127033710485 2.5000000000000004 0.22474747896194461 0.67305442690849315 8.9535770416259783 0.42995192110538488 0.99058449268341076 0.99513977766036998 1.0000000180025095e-35 1.0000000180025095e-35 0.78019323945045482 3.7351663112640385 0.082791313529014601 0.21206753700971606 10.224065303802492 1.1513625383377077 0.58571431040763866 0.98122024536132824 0.36175741255283361 12.251264572143556 0.32645875215530401 0.33341743052005773 2.8390505313873295 1.963619649410248 0.91491374373435985
decision_type=2 2 2 2 2 2 2 2 2 2 2 2 2 2 2 2 2 2 2 2 2 2 2 2 2 2 2 2 2 2
left_child=1 8 4 6 5 -3 17 -6 9 10 -1 -8 -13 -14 -4 -7 18 -2 24 23 -21 -22 -23 -20 -17 -9 -27 28 29 -28
right_child=3 2 14 -5 7 15 11 25 -10 -11 -12 12 13 -15 -16 16 -18 -19 19 20 21 22 -24 -25 -26 26 27 -29 -30 -31
leaf_value=0.034069668470647081 0.044724376149700096 0.029160893452506165 -0.043558066169365382 -0.05001205657449298 -0.045751709528471525 -0.022314459516431708 -0.042793083898845424 0.0077066793523827802 0.010472837903702584 -0.029672151877599348 -0.035585290313290573 0.037968610549866708 -0.034966412215173374 0.019917200576460521 -0.0029739298480630973 -0.029728244786844285 -0.013511546537825056 -0.028869040196523074 -0.04949648492864421 -0.033415604303642849 -0.025934614594449196 0.031396957602449517 -0.04935759613578064 0.039328750339328165 0.050554528163759785 -0.034890221790155621 -0.039884860973829539 -0.027613709347358791 0.046451030554555989 0.01076317080146991
leaf_weight=0.031144630507325188 0.0088887336514070769 0.30494602478332034 0.02930996163103472 0.10293396724869264 0.021260362942012168 0.038091716887935334 0.024436804256893208 0.96863787009359448 0.059430634058798226 0.20499751829002921 0.021252931043709289 0.036881234238272498 0.049827835069580217 0.061182688070474001 0.91112040801199878 0.034937185444732677 0.05695943908928669 0.19920929425829303 0.008237520698003209 0.035891061301754235 0.027902124294769237 0.15978249863320571 0.011853784250433819 0.15899219318544056 0.009184143763263819 0.052827088566374414 0.031456828969808726 0.050921399059465244 0.050532067420363092 0.039414023271021392
leaf_count=190 88 647 1972 726103 26 67 1745 1049 946 16707 261 199 1133 631 9075 52 279 5558 6 70 40 304 11 347 51 44 40 282 34 43
internal_value=2.85189e-09 0.00321489 0.00527137 -0.0220756 0.0096091 0.0177762 -0.0145167 0.0039174 -0.0162724 -0.0224477 0.00581698 -0.000981322 0.00592742 -0.00471769 -0.0042388 0.0113688 0.0139158 -0.0257256 0.0174125 0.0207468 0.0106557 0.0185828 0.0258198 0.0349533 -0.0130169 0.00480197 -0.00769457 0.000642431 0.0124942 -0.0117175
internal_weight=3.80244 3.31908 3.00226 0.483361 2.06183 0.846778 0.380427 1.21505 0.316826 0.257395 0.0523976 0.172329 0.147892 0.111011 0.94043 0.541832 0.50374 0.208098 0.446781 0.402659 0.235429 0.199538 0.171636 0.16723 0.0441213 1.19379 0.225151 0.172324 0.121403 0.0708709
internal_count=768000 32543 14439 735457 3392 1874 9354 1518 18104 17158 451 3708 1963 1764 11047 1227 1160 5646 881 778 425 355 315 353 103 1492 443 399 117 83
is_linear=0
shrinkage=0.05


Tree=180
num_leaves=31
num_cat=0
split_feature=10 12 17 12 10 10 10 10 57 34 2 58 34 2 10 56 10 18 57 10 16 14 23 3 14 14 58 6 29 69
split_gain=0.102545 0.0489006 0.0491437 0.0380117 0.0317096 0.0502159 0.0375079 0.083511 0.0312297 0.0281037 0.0276964 0.027586 0.0299246 0.026085 0.0248055 0.0245333 0.0243563 0.0324178 0.0419844 0.0313751 0.0312547 0.0265833 0.0277901 0.0240559 0.0238206 0.0244285 0.0258642 0.0256749 0.0249713 0.0232546
threshold=4.7500000000000009 0.5419580638408662 0.92417654395103466 0.91987180709838878 9.7500000000000018 9.2500000000000018 10.250000000000002 10.750000000000002 0.74964919686317455 3.7351663112640385 1.0000000180025095e-35 0.25697118043899542 1.6594415903091433 1.5000000000000002 4.2500000000000009 0.25098425149917608 6.7500000000000009 0.22281873971223834 0.92831125855445873 5.2500000000000009 0.94403597712516796 2.9982473850250249 3.2149870395660405 2.5000000000000004 4.1021492481231698 0.78818055987358104 0.25984588265419012 1.0000000180025095e-35 10.211449146270754 11.98434638977051
decision_type=2 2 2 2 2 2 2 2 2 2 2 2 2 2 2 2 2 2 2 2 2 2 2 2 2 2 2 2 2 2
left_child=3 2 10 14 5 13 -6 -8 -3 11 -2 -9 29 -4 23 -10 19 18 -18 21 -21 22 -15 -1 25 -12 -27 -28 -29 -13
right_child=1 8 4 -5 6 -7 7 9 15 -11 24 12 -14 16 -16 -17 17 -19 -20 20 -22 -23 -24 -25 -26 26 27 28 -30 -31
leaf_value=-0.024178150644905267 -0.050359089072748345 -0.031493414089265863 0.034073874832582389 -0.050020566259206846 0.047419191210227626 -0.051377075813562649 -0.051665299681326209 0.046108905576107237 0.040225336193927166 -0.033744324076830944 -0.020248027893379008 0.022719295497747333 0.035964233378133335 0.041893676376903562 -0.05071458394662598 -0.0046058400107328304 0.025429718673142355 0.02120434862382508 -0.040969199754019754 -0.030419747275165367 0.032397235620451686 0.041865354303811109 -0.022604100945361048 0.0023848182174738414 -0.04375290896360623 0.016145425228494433 0.0052186877278591207 0.022654989802967915 -0.030237675563724132 -0.040381628019779681
leaf_weight=0.1613035645908335 0.028102991215219641 0.10789581662473047 0.10237602289307524 0.09440579436016816 0.12677482110711935 0.034206645752419718 0.040651976315757565 0.12618956902173295 0.031666955071673719 0.018831251173651253 0.11226930358688492 0.025940099155150165 0.066971532655202282 0.023309335957492294 0.042335732968712847 0.84001561096179866 0.042852991399861651 0.35812243895854579 0.053565594088013313 0.12365397283939217 0.023577205115003608 0.050172042572860676 0.058907819282467244 0.18073204483225158 0.030027066798364643 0.30107487759347862 0.32116078555392846 0.027571535319339091 0.11703811176155554 0.033401237568341458
leaf_count=34977 1264 4398 211 702539 281 46 31 190 135 73 246 38 121 16 1018 4804 33 829 36 305 25 64 72 12607 1880 663 782 37 258 21
internal_value=6.40989e-10 0.00320435 0.00726893 -0.0215931 0.013525 0.0080019 0.0244858 0.0151669 -0.00611811 0.0251798 -0.00147192 0.0295743 0.0130559 0.0104299 -0.014611 -0.00297719 0.00713289 0.0142758 -0.0114584 -0.00447843 -0.0203604 0.0131841 -0.00431838 -0.0101422 3.92553e-05 0.00153502 0.00472415 -0.00265858 -0.0201531 -0.0127981
internal_weight=3.7051 3.22633 2.24675 0.478777 1.3095 0.870744 0.43876 0.311986 0.979578 0.271334 0.937245 0.252502 0.126313 0.836537 0.384371 0.871683 0.734161 0.454541 0.0964186 0.27962 0.147231 0.132389 0.0822172 0.342036 0.909142 0.879115 0.766845 0.46577 0.14461 0.0593413
internal_count=768000 16859 7522 751141 2392 1637 755 474 9337 443 5130 370 180 1591 48602 4939 1380 898 69 482 330 152 88 47584 3866 1986 1740 1077 295 59
is_linear=0
shrinkage=0.05


Tree=181
num_leaves=31
num_cat=0
split_feature=4 34 10 10 17 69 1 57 10 10 10 10 2 12 36 16 1 57 38 36 6 3 10 12 17 18 56 3 29 13
split_gain=0.0974291 0.0707559 0.0610687 0.0542 0.0434324 0.0309412 0.0309682 0.0274608 0.0271453 0.0682763 0.0300937 0.0311281 0.0275032 0.0241259 0.0345012 0.0298188 0.0256303 0.0242908 0.0224832 0.0253127 0.0224051 0.0237222 0.0242839 0.0214004 0.0210534 0.0223775 0.0190236 0.0189406 0.0184262 0.0180656
threshold=1.0000000180025095e-35 4.9656822681427011 7.7500000000000009 7.2500000000000009 0.86875513195991527 8.7381744384765643 13.500000000000002 0.36768494546413427 6.7500000000000009 6.2500000000000009 5.7500000000000009 5.2500000000000009 1.5000000000000002 0.58578431606292736 0.97665333747863781 0.75433698296546947 11.500000000000002 0.90029489994049083 0.29096922278404241 0.96098822355270397 1.0000000180025095e-35 2.5000000000000004 3.7500000000000004 0.80625000596046459 0.95263206958770763 0.28967343270778662 0.31277173757553106 5.5000000000000009 11.697878360748293 267.14097595214849
decision_type=2 2 2 2 2 2 2 2 2 2 2 2 2 2 2 2 2 2 2 2 2 2 2 2 2 2 2 2 2 2
left_child=1 2 3 7 5 6 -4 -1 9 10 11 20 -12 29 15 16 -15 28 -14 -20 21 22 -9 26 25 -24 -10 -23 -16 -6
right_child=-2 -3 4 -5 13 -7 -8 8 23 -11 12 -13 18 14 17 -17 -18 -19 19 -21 -22 27 24 -25 -26 -27 -28 -29 -30 -31
leaf_value=-0.048817304893064441 -0.050077335175373008 -0.049657366104028058 -0.034021807334043953 -0.050852344817161582 0.049076172276038839 -0.026703529660426835 0.016691867885513609 -0.045345404227374229 0.050631864725248547 -0.051100537993345213 0.035098363855609098 -0.050764091579771554 -0.021217087773839238 -0.049823464559063897 -0.050158638770147493 -0.033905140623101092 0.031420820844401322 0.027620336468353646 -0.0037617040097167849 0.033447828654865987 -0.013425053111287359 0.020532439143881819 0.03403505830640989 -0.043435850339896387 0.03573067851974867 -0.03990962523129922 0.0096463819942549586 -0.050438140225808219 0.019857367919991056 0.013878038066410687
leaf_weight=0.03207241288352114 0.094567856041437248 0.06667529217630308 0.03883678871032259 0.061729405712160346 0.037584781480290874 0.13442124692822333 0.13385427565424379 0.038130294989985547 0.031622090075870912 0.077024267252973178 0.08173270423685608 0.040478398418652084 0.075206250791474361 0.012691074607971475 0.020819578417530238 0.098613327566543063 0.041292850522591351 0.11414070429364997 0.11470198547948485 0.075982914291325088 0.3937857379905052 0.16518366208298385 0.014733434210675966 0.01717817163278923 0.030560907123145853 0.033484066412972524 0.27048497008132699 0.0099683892202437896 0.017127042213729737 1.2124728111997454
leaf_count=36319 421517 168886 179 271 42 960 203 4144 49 285 85 418 151 59 21 141 48 93 297 81 121834 6299 42 109 82 163 430 2847 25 1920
internal_value=-1.66742e-09 0.00135593 0.00234875 -0.0049347 0.00846725 -0.00871519 0.00528678 -0.00304798 -0.00204957 -0.00562787 -0.00236654 -0.0081569 0.00973183 0.0118613 -0.000754669 -0.0175518 0.0123211 0.0160988 0.00193437 0.0110653 -0.00564224 0.00485132 -0.0125906 0.0108497 0.00326331 -0.0173149 0.0139364 0.0164933 -0.0185572 0.0149363
internal_weight=3.58716 3.49259 3.42591 1.56406 1.86185 0.307112 0.172691 1.50233 1.47026 1.15097 1.07395 0.726325 0.347624 1.55474 0.304685 0.152597 0.0539839 0.152087 0.265891 0.190685 0.685846 0.292061 0.116909 0.319285 0.0787784 0.0482175 0.302107 0.175152 0.0379466 1.25006
internal_count=768000 346483 177597 173906 3691 1342 382 173635 137316 136728 136443 135829 614 2349 387 248 107 139 529 378 135411 13577 4431 588 287 205 479 9146 46 1962
is_linear=0
shrinkage=0.05


Tree=182
num_leaves=31
num_cat=0
split_feature=12 34 10 10 11 36 49 3 10 10 19 10 10 1 10 10 10 10 13 34 5 6 26 18 10 10 1 10 10 17
split_gain=0.0936771 0.0465207 0.0414964 0.071501 0.0394666 0.0371837 0.0327663 0.0307986 0.0336647 0.0392363 0.0316289 0.0223841 0.0460559 0.0308392 0.0289146 0.12162 0.0446042 0.134489 0.047574 0.041118 0.0290119 0.0300872 0.0270676 0.023316 0.0222332 0.0567079 0.0253911 0.0211303 0.0234183 0.0224898
threshold=0.67708334326744091 4.9656822681427011 8.7500000000000018 8.2500000000000018 1.781746029853821 0.67489838600158703 12.409131526947023 1.0000000180025095e-35 7.7500000000000009 7.2500000000000009 0.00021360259415814656 13.250000000000002 13.750000000000002 12.500000000000002 10.750000000000002 10.250000000000002 9.7500000000000018 9.2500000000000018 343.19065856933599 3.6601417064666752 1.5000000000000002 1.5000000000000002 32.61363601684571 0.21016532182693484 6.7500000000000009 6.2500000000000009 25.500000000000004 5.7500000000000009 5.2500000000000009 0.9916684925556184
decision_type=2 2 2 2 2 2 2 2 2 2 2 2 2 2 2 2 2 2 2 2 2 2 2 2 2 2 2 2 2 2
left_child=1 2 3 7 -2 6 -4 -1 9 24 -10 14 -13 -14 15 16 17 18 -7 20 21 -16 -18 -20 25 26 27 28 -9 -29
right_child=4 -3 5 -5 -6 11 -8 8 10 -11 -12 12 13 -15 19 -17 22 -19 23 -21 -22 -23 -24 -25 -26 -27 -28 29 -30 -31
leaf_value=-0.036692035807745986 -0.013510455889495707 -0.049423630234343478 0.0065311489947745315 -0.051041436703083434 -0.050016377607449175 0.036229626629572624 -0.036564686166294852 -0.00041653408869803279 0.029406865462914922 -0.050783456401919461 -0.020268790022676224 -0.051227591670066241 -0.037795815058122947 0.025508190914424151 0.042240771202298376 -0.051584085244293476 -0.027715602651451895 -0.05144947298372702 0.049168346150999014 -0.034996089655151913 -0.026027781346126329 -0.00091602858245242629 0.041077621836179939 -0.0097504017671172765 0.012866192623235488 -0.051200104830553907 -0.02178488735635899 0.018800425796357226 -0.050714497499412807 -0.034568022695623299
leaf_weight=0.052989710368556486 0.39558200443157931 0.041241189404534029 0.11035892932537539 0.069838915109428856 0.091082737270378855 0.20854580323745586 0.073468059720537937 0.42201817520952045 0.17586024328485894 0.038499361157963707 0.039182756419791076 0.039179211968644156 0.024607261553441617 0.088186580780558188 0.26888574045128166 0.071785208578461379 0.015439245243157984 0.078207730791234553 0.019526180693446804 0.024535431328942536 0.020212509401062562 0.047523000724581266 0.19357093974099371 0.11988934208638824 0.27778853539581405 0.05786186394147208 0.11528624255366182 0.24808524903838247 0.024484329213080969 0.021446976861625444
leaf_count=4788 9667 15851 272 158 726550 385 493 1881 322 121 136 26 36 96 528 53 24 71 20 53 22 53 427 188 487 133 4642 394 114 9
internal_value=-8.3915e-11 0.00331273 0.00405068 -0.00160788 -0.0203428 0.0102712 -0.0106925 0.000735094 0.00213125 -0.00111977 0.0203555 0.0134297 -0.00452467 0.0116977 0.0159843 0.0101044 0.0170762 0.00779712 0.0211134 0.0274941 0.0320488 0.0357588 0.035996 -0.00149839 0.000518678 -0.00333879 -7.53558e-06 0.00349876 -0.00317466 0.0145538
internal_weight=3.47517 2.9885 2.94726 1.54334 0.486665 1.40392 0.183827 1.4735 1.42051 1.20547 0.215043 1.22009 0.151973 0.112794 1.06812 0.706964 0.635179 0.426169 0.347961 0.361157 0.336621 0.316409 0.20901 0.139416 1.16697 0.889183 0.831321 0.716035 0.446503 0.269532
internal_count=768000 31783 15932 13185 736217 2747 765 13027 8239 7781 458 1982 158 132 1824 1168 1115 664 593 656 603 581 451 208 7660 7173 7040 2398 1995 403
is_linear=0
shrinkage=0.05


Tree=183
num_leaves=31
num_cat=0
split_feature=4 34 10 10 17 69 1 10 2 13 36 17 6 2 37 18 63 34 10 58 23 23 57 38 13 57 6 69 10 6
split_gain=0.0886932 0.0628124 0.0548644 0.0466431 0.0402338 0.0278908 0.0267779 0.0257072 0.0400043 0.0249259 0.0269632 0.0269957 0.0231935 0.024118 0.0281912 0.0281169 0.0244508 0.0231268 0.0222682 0.0220229 0.0216698 0.0230217 0.0215814 0.0268941 0.033994 0.0206672 0.0276958 0.0262941 0.0215855 0.0211528
threshold=1.0000000180025095e-35 4.9656822681427011 7.7500000000000009 7.2500000000000009 0.86875513195991527 8.7381744384765643 13.500000000000002 4.7500000000000009 2.5000000000000004 263.17729187011724 0.93777653574943554 0.90714332461357128 1.0000000180025095e-35 5.5000000000000009 0.97718599438667308 0.32312279939651495 4.7664294242858896 1.4109969735145571 4.2500000000000009 0.34234531223773962 4.0755915641784677 4.0027654170989999 0.94252166152000438 0.34056873619556433 318.14021301269537 0.8864782750606538 1.0000000180025095e-35 11.150634765625002 3.7500000000000004 2.5000000000000004
decision_type=2 2 2 2 2 2 2 2 2 2 2 2 2 2 2 2 2 2 2 2 2 2 2 2 2 2 2 2 2 2
left_child=1 2 3 7 5 6 -4 18 9 -9 11 -11 13 15 -15 -6 20 -10 25 22 21 -17 -14 24 -24 -1 27 -27 -29 -28
right_child=-2 -3 4 -5 12 -7 -8 8 17 10 -12 -13 19 14 -16 16 -18 -19 -20 -21 -22 -23 23 -25 -26 26 29 28 -30 -31
leaf_value=-0.032369121378939346 -0.050080650829687039 -0.049590341037421798 -0.03322221354822133 -0.050751816606886449 0.03646709778901145 -0.02649515362162045 0.015766318157629865 -0.039597486010540285 -0.030675589228203955 0.0025723369838035522 -0.00076621314916504822 0.03377002202379651 0.0028836273505877365 0.021267264662408591 -0.034452154773389705 0.014190193928104137 -0.029813439242298064 -0.0039460942582815227 -0.050663081315762207 -0.035282078723759693 0.034064672599996342 -0.035367567087672851 -0.041714511794132055 0.047554010161714629 0.023310430489612347 0.037937789555770388 -0.040567375091016156 -0.039456440767225646 0.033053696406318354 -0.00042746979055891015
leaf_weight=0.079961727505990621 0.08612103392171544 0.059452733210635045 0.035827553128902845 0.053387094215690101 0.21905747349910576 0.12540573337489391 0.1259906113095397 0.023970903926961773 0.10139436060666185 0.10948904045162067 0.21907467347836018 0.18910216969334215 0.57503873578811948 0.047599477332155971 0.043397515423357902 0.16999491624596885 0.02964671925087714 0.40081727576886816 0.038475897157575378 0.03120822892746844 0.12355328838179958 0.027181506800843636 0.026570681799967133 0.067903467727319367 0.082526018369776466 0.059884811026754248 0.05857648185518527 0.028022431301203188 0.01619566537215178 0.074647436730213235
leaf_count=72470 421517 168886 179 271 691 960 203 56 536 338 214 294 564 116 104 351 32 1602 694 39 271 35 14 46 86 2505 43659 3641 48 47578
internal_value=1.48432e-10 0.0013298 0.00228062 -0.0048831 0.00829419 -0.0087963 0.00491995 -0.00313348 0.000822521 0.0102478 0.0125559 0.0223303 0.0116944 0.0185961 -0.00530597 0.0224157 0.0136306 -0.00934266 -0.0147408 0.00587493 0.0176464 0.00735847 0.00758287 0.0228498 0.0074735 -0.0103847 -0.00297752 0.016345 -0.0128983 -0.0180764
internal_weight=3.32948 3.24335 3.1839 1.453 1.7309 0.287224 0.161818 1.39961 1.04385 0.541637 0.517666 0.298591 1.44368 0.660431 0.090997 0.569434 0.350376 0.502212 0.355764 0.783247 0.32073 0.197176 0.752039 0.177 0.109097 0.317289 0.237327 0.104103 0.0442181 0.133224
internal_count=768000 346483 177597 173906 3691 1342 382 173635 3040 902 846 632 2349 1600 220 1380 689 2138 170595 749 657 386 710 146 100 169901 97431 6194 3689 91237
is_linear=0
shrinkage=0.05


Tree=184
num_leaves=31
num_cat=0
split_feature=10 17 12 12 34 13 10 10 34 69 36 5 11 37 43 10 10 54 13 34 0 38 69 49 37 37 14 3 34 3
split_gain=0.0846067 0.0439034 0.0406161 0.0318952 0.0249763 0.0334538 0.0231964 0.0500425 0.0388779 0.0402314 0.0268036 0.0288447 0.027571 0.0253514 0.023072 0.0225692 0.0320468 0.0242402 0.0267958 0.0284413 0.0261393 0.0243165 0.0215055 0.0211472 0.0207746 0.0205632 0.0226114 0.0198891 0.0193677 0.0212248
threshold=4.7500000000000009 0.83447185158729564 0.55902779102325451 0.91987180709838878 3.5842828750610356 324.12513732910162 8.7500000000000018 8.2500000000000018 1.1963902115821841 10.468147754669191 0.86855396628379833 1.0000000180025095e-35 0.78019323945045482 0.94493386149406444 3.9219243526458745 7.7500000000000009 7.2500000000000009 2.7799751758575444 301.14201354980474 2.6222474575042729 15.500000000000002 0.43400193750858312 7.3401861190795907 12.982054710388185 0.95815667510032665 0.99832594394683849 1.5390892028808596 3.5000000000000004 2.4005811214447026 1.5000000000000002
decision_type=2 2 2 2 2 2 2 2 2 2 2 2 2 2 2 2 2 2 2 2 2 2 2 2 2 2 2 2 2 2
left_child=3 28 4 24 6 23 7 15 9 -8 11 12 -10 -12 -11 16 17 18 21 -20 -19 -3 -17 -6 -1 -15 -27 -7 29 -2
right_child=1 2 -4 -5 5 27 8 -9 10 14 13 -13 -14 25 -16 22 -18 20 19 -21 -22 -23 -24 -25 -26 26 -28 -29 -30 -31
leaf_value=-0.035452457839340722 -0.023707613712813602 -0.024537126289081258 -0.004256227587955407 -0.05002219010783298 -0.047651702955481566 -0.039653125300326157 0.024724350108459896 -0.050794518549375473 -0.035663936020745794 0.011148890183172146 -0.019483950431027044 -0.023191708902479114 0.022824403431512374 0.043536091487237583 -0.037582324789460352 -0.02956601983310693 -0.050850933582063378 0.045094190979559044 0.018301434601480808 -0.029924425020589247 -0.024939184568920462 0.037030746601420916 0.036434219691870738 0.017566502162159933 -0.0070707174921818636 0.051066769378160348 0.0071089330721131761 0.039725110328868898 -0.030887170167311209 0.011690502716090911
leaf_weight=0.087132318658923902 0.078320098407783756 0.12154238447007537 0.78102855027859019 0.077613691906510351 0.014080528488150779 0.074767245478436273 0.076298310619847598 0.038628952287695029 0.021977125677949516 0.035400693679548567 0.023486579427867582 0.050766915880330998 0.24222287414681887 0.22541241198422313 0.077382552720450803 0.014118016399152111 0.025900711782128383 0.065684569062341325 0.20466695587789019 0.035941204907757651 0.016713992821451029 0.018475110459803545 0.098133785547133812 0.1060054491874407 0.24795811192335604 0.040619816401260778 0.10455838221378144 0.0088225328504005773 0.11846075497421449 0.092197499848753139
leaf_count=25417 863 192 5354 702539 111 533 102 37 22 29 33 65 548 527 112 20 34 77 421 78 69 60 313 364 23185 53 109 92 6137 504
internal_value=-3.22766e-09 0.00310309 0.00521778 -0.0211403 0.00946643 -0.00698706 0.0116454 0.00437005 0.0168283 -0.00331662 0.0222003 0.0113264 0.0179591 0.0308914 -0.0222864 0.00791468 0.00327271 0.00630028 0.000977405 0.0110976 0.0308884 -0.0164133 0.0281333 0.00991942 -0.0144507 0.034084 0.019408 -0.0312751 -0.0153571 -0.00456814
internal_weight=3.22432 2.81161 2.52264 0.412704 1.74161 0.203676 1.53793 0.639806 0.898126 0.189082 0.709044 0.314967 0.2642 0.394077 0.112783 0.601177 0.488925 0.463024 0.380626 0.240608 0.0823986 0.140017 0.112252 0.120086 0.33509 0.370591 0.145178 0.0835898 0.288978 0.170518
internal_count=768000 16859 9355 751141 4001 1100 2901 1301 1600 243 1357 635 570 722 141 1264 931 897 751 499 146 252 333 475 48602 689 162 625 7504 1367
is_linear=0
shrinkage=0.05


Tree=185
num_leaves=31
num_cat=0
split_feature=4 34 10 10 16 6 57 12 18 57 10 10 10 10 19 10 1 23 2 5 3 0 63 2 54 10 3 63 23 38
split_gain=0.0811182 0.0573929 0.0480255 0.0412563 0.0382543 0.0330319 0.0344308 0.0256048 0.0275209 0.0237202 0.0227655 0.0567437 0.0249559 0.0260715 0.0217284 0.0207277 0.0216399 0.0208419 0.0205243 0.0199303 0.0297717 0.0248351 0.0207859 0.0240799 0.0207659 0.020029 0.0252419 0.0215845 0.0194803 0.0187365
threshold=1.0000000180025095e-35 4.9656822681427011 7.7500000000000009 7.2500000000000009 0.4444520771503449 1.0000000180025095e-35 0.89890685677528392 0.78174602985382091 0.32312279939651495 0.36768494546413427 6.7500000000000009 6.2500000000000009 5.7500000000000009 5.2500000000000009 0.020919729955494407 11.250000000000002 15.500000000000002 3.7940471172332768 1.5000000000000002 1.0000000180025095e-35 1.5000000000000002 13.500000000000002 3.3497501611709599 3.5000000000000004 0.23091123998165133 3.7500000000000004 2.5000000000000004 3.4498615264892583 3.4162708520889287 0.29096922278404241
decision_type=2 2 2 2 2 2 2 2 2 2 2 2 2 2 2 2 2 2 2 2 2 2 2 2 2 2 2 2 2 2
left_child=1 2 3 9 -4 7 -7 8 14 -1 11 12 13 19 -6 -10 -17 -18 -14 21 -21 24 -23 -24 -11 26 -22 28 -27 -20
right_child=-2 -3 4 -5 5 6 -8 -9 15 10 -12 -13 18 -15 -16 16 17 -19 29 20 25 22 23 -25 -26 27 -28 -29 -30 -31
leaf_value=-0.04877135462690213 -0.050076255014826015 -0.049531070381524017 -0.021243942810952838 -0.050672297792963852 0.036244147442083451 -0.0097332032960986362 0.011389111147609947 -0.050697241301476098 0.018372885039428355 0.021621974511307422 0.010396233281259383 -0.050939800988757479 0.03312155431929955 -0.050655756807397215 -0.016631000677035958 -0.031386695090644304 0.050847931666962422 -0.0064302356584179394 -0.020296954492732056 -0.039674516341199582 -0.049549226338919457 0.017434798184494237 -0.039834677585817622 0.034018711900143987 -0.03684729920627914 0.024974387551613454 0.0066785199610243876 0.033285743114835016 -0.021847585465318422 0.011114389586636089
leaf_weight=0.027771781127124195 0.078830175396395918 0.05454390037747936 0.10446512608214131 0.047111440459878806 0.24147259844153246 0.31682084222159546 0.49338344774310272 0.013351595277367068 0.31200149980588776 0.017241975751876248 0.28527826631385078 0.064596080437315351 0.069689733122686448 0.034099301946575622 0.021129815367203264 0.049572314495947012 0.022976144375206786 0.051435585093997815 0.066273555594133171 0.036573931883689403 0.028912251242694698 0.075276518457191521 0.045650037281834699 0.01455650607588943 0.12733572216944011 0.04101104145769785 0.0644632606433857 0.10165251474062842 0.048468203599972171 0.16735733162202848
leaf_count=36319 421517 168886 745 271 807 592 456 131 727 4069 588 285 85 418 30 63 42 98 151 16801 15476 311 331 79 42951 103 54815 279 196 378
internal_value=7.87776e-10 0.00129662 0.00222385 -0.00469794 0.00802525 0.010034 0.00312948 0.0178915 0.0192024 -0.00305237 -0.00206691 -0.00561119 -0.00249146 -0.00812534 0.0319896 0.0115004 -0.00579401 0.0112556 0.0093075 -0.00571283 0.00278988 -0.0154609 -7.99364e-05 -0.0219787 -0.0298744 0.00824876 -0.0107315 0.0175214 -0.000387661 0.002204
internal_weight=3.1233 3.04447 2.98993 1.36332 1.62661 1.52214 0.810204 0.71194 0.698588 1.31621 1.28844 1.00316 0.938562 0.635241 0.262602 0.435986 0.123984 0.0744117 0.303321 0.601142 0.321081 0.280061 0.135483 0.0602065 0.144578 0.284507 0.0933755 0.191132 0.0894792 0.233631
internal_count=768000 346483 177597 173906 3691 2946 1048 1898 1767 173635 137316 136728 136443 135829 837 930 203 140 614 135411 87670 47741 721 410 47020 70869 70291 578 299 529
is_linear=0
shrinkage=0.05


Tree=186
num_leaves=31
num_cat=0
split_feature=12 17 10 10 10 10 10 10 14 11 13 10 16 5 34 34 49 1 10 10 38 38 49 10 3 10 37 12 17 37
split_gain=0.0764051 0.0430742 0.0349825 0.081388 0.0475557 0.0926855 0.039768 0.0539599 0.0355918 0.033611 0.0317556 0.0291805 0.0269082 0.0244335 0.0220762 0.037211 0.0214722 0.0211663 0.0210647 0.0454582 0.0208894 0.0204177 0.0200847 0.0228586 0.0194467 0.0194311 0.0180881 0.0179117 0.0311041 0.0174642
threshold=0.67708334326744091 0.82266744971275341 9.7500000000000018 9.2500000000000018 10.250000000000002 10.750000000000002 8.7500000000000018 8.2500000000000018 2.9224967956542973 1.781746029853821 343.19065856933599 11.250000000000002 0.54102244973182689 1.5000000000000002 2.69426441192627 1.2688759565353396 10.755387306213381 13.500000000000002 6.7500000000000009 6.2500000000000009 0.25469110906124121 0.34958216547966009 17.031807899475101 5.7500000000000009 1.5000000000000002 5.2500000000000009 0.99058449268341076 0.43167701363563543 0.92177352309227001 0.99513977766036998
decision_type=2 2 2 2 2 2 2 2 2 2 2 2 2 2 2 2 2 2 2 2 2 2 2 2 2 2 2 2 2 2
left_child=1 -1 3 6 16 -6 7 18 11 26 -8 17 -13 -14 15 -12 -4 -7 19 22 -20 -22 23 25 -16 -3 -2 28 -23 -28
right_child=9 2 4 -5 5 8 10 -9 -10 -11 14 12 13 -15 24 -17 -18 -19 20 -21 21 27 -24 -25 -26 -27 29 -29 -30 -31
leaf_value=-0.016362815236163203 -0.03482774308461465 -0.0021066076142770796 -0.0079811064777656222 -0.051304057518713565 -0.051347235471203269 -0.030312688934166023 0.032832913296978197 -0.050961422512275804 -0.028596460560890803 -0.050016316465519996 -0.026399816879204552 -0.039634446627583308 0.018552942164076668 -0.042569190482840663 0.011051910493331915 0.050444548636432079 0.04227224638502397 0.046316601684531944 -0.019275736654501826 -0.051020104873743179 0.028768690647821241 -0.005815032936178857 -0.032248683566719498 0.01546042015244195 -0.045274004566768895 -0.05068497324411092 0.01886507242150421 -0.0076057836703454359 0.046597541366334781 -0.013263795640691974
leaf_weight=0.25330600689556781 0.075464925348055489 0.40809718598847167 0.024363633000746066 0.070492380866561066 0.060747428685711924 0.0098369708684913348 0.18455701938182745 0.050628722948370952 0.044045362112463238 0.074895851752130871 0.025775502936085104 0.024514908077676978 0.27413902150186686 0.017387455797233997 0.027040486945637099 0.040518790758540035 0.16666150325051632 0.10738203517809097 0.05241920687213053 0.04698174654513565 0.15064821501925785 0.058051480282337309 0.045614515786178256 0.21344932962640684 0.035365788718308977 0.021678515579146129 0.052114141494232769 0.12697692662410986 0.055244358240884139 0.22449821643049717
leaf_count=17956 4658 8031 29 136 100 12 420 155 258 726550 35 29 358 16 31 117 455 245 78 228 394 182 1189 505 48 220 596 323 233 4413
internal_value=4.6184e-09 0.00322385 0.00534174 0.00123458 0.0144314 0.00682258 0.00363475 -0.000416444 0.0142259 -0.0196004 0.019539 0.0185793 0.0106767 0.0149074 0.00047538 0.0205671 0.0358629 0.0398859 0.00175377 -0.00343355 0.0103633 0.0143376 -0.00018795 0.00208565 -0.0208681 -0.00455697 -0.0131302 0.00528949 0.0197419 -0.00721067
internal_weight=3.0229 2.59592 2.34262 1.61354 0.729078 0.538053 1.54305 1.22979 0.477306 0.426973 0.313258 0.43326 0.316041 0.291526 0.128701 0.0662943 0.191025 0.117219 1.17916 0.735821 0.44334 0.390921 0.68884 0.643225 0.0624063 0.429776 0.352077 0.240273 0.113296 0.276612
internal_count=768000 31783 13827 12325 1502 1018 12189 11538 918 736217 651 660 403 374 231 152 484 257 11383 10173 1210 1132 9945 8756 79 8251 9667 738 415 5009
is_linear=0
shrinkage=0.05


Tree=187
num_leaves=31
num_cat=0
split_feature=4 34 10 10 16 12 10 10 34 10 34 14 17 3 18 10 2 57 3 17 54 58 5 34 10 12 38 6 17 69
split_gain=0.0739756 0.0527539 0.0432405 0.0548809 0.0315103 0.0347418 0.0302984 0.0379917 0.0285536 0.0253682 0.0249233 0.0232262 0.0217199 0.0269784 0.0367073 0.0216253 0.0329706 0.0212669 0.0207043 0.0225289 0.024084 0.0267741 0.0225428 0.0205389 0.0189683 0.0188009 0.0181324 0.0172683 0.0219564 0.0196598
threshold=1.0000000180025095e-35 4.3533363342285165 8.7500000000000018 8.2500000000000018 0.46652437746524816 0.55902779102325451 7.7500000000000009 7.2500000000000009 0.54594680666923534 9.2500000000000018 3.3219519853591923 0.21284455060958865 0.98403248190879833 1.5000000000000002 0.21511200815439227 4.7500000000000009 2.5000000000000004 0.86719319224357616 1.5000000000000002 0.97994592785835277 0.5248686969280244 0.22356637567281726 1.0000000180025095e-35 1.4109969735145571 4.2500000000000009 0.22474747896194461 0.32026019692420965 1.0000000180025095e-35 0.89454162120819103 12.576331615448
decision_type=2 2 2 2 2 2 2 2 2 2 2 2 2 2 2 2 2 2 2 2 2 2 2 2 2 2 2 2 2 2
left_child=1 2 3 6 9 8 7 15 11 -4 -8 -6 13 17 -15 24 18 -7 -17 20 -20 -22 -21 -18 27 -10 -23 28 -1 -30
right_child=-2 -3 4 -5 5 12 10 -9 25 -11 -12 -13 -14 14 -16 16 23 -19 19 22 21 26 -24 -25 -26 -27 -28 -29 29 -31
leaf_value=-0.038435724643641173 -0.050077634613452653 -0.037324218702796501 0.028909183447749665 -0.050873945307656793 0.032116577597365248 -0.026002259682149548 0.023102458240413792 -0.050623787943907865 -0.0096633937376242145 -0.032704167852988179 -0.024167939672472879 -0.04885902431841093 0.042490769663362793 0.015970097550270911 -0.040178627019590553 -0.029448445884045354 -0.030041063106441047 0.034934604252787826 -0.013925449654501675 -0.036372350898505601 0.042555040800499433 -0.014089264162347508 0.013882868032111773 -0.003138381175106847 -0.050593153684100181 0.020145694143677853 0.021624749248665177 -0.022266323071589322 0.023025951379808281 -0.032073187340728858
leaf_weight=0.025847997404472078 0.071921993026895836 0.085859660340213195 0.021769205221420118 0.057892684470270406 0.012743097892552901 0.020988298258743043 0.1848945473132203 0.042631915311429291 0.056632285846148989 0.071832983609716017 0.032837033275903593 0.029026451175752754 0.021160762776275988 0.041645148052253944 0.096689106439658445 0.030393768334153748 0.089023678475182777 0.045052771996068941 0.048020313515394264 0.041118868031844613 0.11976780279934474 0.048450081328383021 0.048793858257113243 0.34936681353399646 0.031952450565966295 0.80174335626372795 0.13337934300091092 0.13807095063892239 0.087898755712718546 0.019844303216524417
leaf_count=16568 421517 190251 73 191 30 107 494 239 97 478 71 37 28 40 180 144 536 42 99 37 141 56 55 1404 611 1580 305 125810 4273 2506
internal_value=-7.75938e-10 0.00127029 0.00247551 -0.0031217 0.00949993 0.0118177 -0.00124401 -0.00423213 0.0162146 -0.0183747 0.0159734 -0.0241549 -0.00573063 -0.0107234 -0.0232752 -0.00260022 0.00126128 0.0155685 0.0104622 0.0132221 0.0189627 0.0241991 -0.00909984 -0.00860149 -0.0141525 0.018179 0.0121084 -0.00986644 0.00294927 0.0128777
internal_weight=2.90725 2.83533 2.74947 1.53019 1.21928 1.12568 1.47229 1.25456 0.900145 0.0936022 0.217732 0.0417695 0.225536 0.204375 0.138334 1.21193 0.908315 0.0660411 0.469924 0.43953 0.349618 0.301597 0.0899127 0.43839 0.303614 0.858376 0.181829 0.271662 0.133591 0.107743
internal_count=768000 346483 156232 153540 2692 2141 153349 152784 1744 551 565 67 397 369 220 152545 2777 149 837 693 601 502 92 1940 149768 1677 361 149157 23347 6779
is_linear=0
shrinkage=0.05


Tree=188
num_leaves=31
num_cat=0
split_feature=10 57 34 12 12 6 24 54 12 10 57 69 69 34 23 5 54 14 4 24 34 26 69 12 54 17 58 54 10 12
split_gain=0.0700808 0.0404013 0.0332197 0.0340042 0.0268681 0.024682 0.021349 0.0194303 0.0192249 0.0176595 0.0174344 0.0174322 0.0174125 0.0274751 0.0167763 0.0255026 0.0167495 0.0234263 0.0163241 0.0162897 0.0211911 0.0204204 0.0216743 0.0214489 0.0321989 0.0218637 0.0201769 0.0165241 0.016411 0.0171258
threshold=4.7500000000000009 0.67305442690849315 3.6601417064666752 0.63961037993431102 0.91987180709838878 1.0000000180025095e-35 0.73214286565780651 1.8081356883049013 0.17519181966781619 4.2500000000000009 0.8864782750606538 8.1542124748229998 10.834164142608644 2.7285441160202031 3.6549059152603154 1.5000000000000002 2.7079319953918461 2.7074258327484135 1.0000000180025095e-35 0.41428571939468389 0.66181784868240368 42.916666030883796 14.878560543060305 0.57518798112869274 0.96403393149375927 0.92991465330123912 0.25848318636417394 0.82256716489791881 8.7500000000000018 0.38675214350223547
decision_type=2 2 2 2 2 2 2 2 2 2 2 2 2 2 2 2 2 2 2 2 2 2 2 2 2 2 2 2 2 2
left_child=4 11 3 5 9 8 7 14 -3 10 -1 -2 13 -12 15 -5 17 19 -10 27 -21 22 23 25 -25 26 -22 -7 29 -27
right_child=1 2 -4 6 -6 16 -8 -9 18 -11 12 -13 -14 -15 -16 -17 -18 -19 -20 20 21 -23 -24 24 -26 28 -28 -29 -30 -31
leaf_value=-0.03184079607594914 -0.0040715644708889066 -0.034537650879327246 -0.013294724471532918 -0.035088591585203825 -0.050022226792851524 0.044540112905085395 -0.023106957579715107 -0.046160074580940798 0.018582520174155678 -0.05055289707646006 0.028491919168444686 -0.03029622557598359 -0.015152073995087903 -0.048363403931429377 0.021019438991275861 0.026935099564200128 0.023377969550379782 -0.045159576288296532 -0.050146753075106548 -0.026774348952391516 0.015732479075032457 -0.024834175032295472 -0.017623967494184916 0.029903843187830282 -0.037355960737929718 0.051061558410512221 -0.023522963746596449 -0.0042390993569786789 0.036202740018171829 0.0028549202043891687
leaf_weight=0.068400948569105169 0.14214357391625765 0.017960204470817365 0.21842030051820316 0.042235401051310517 0.064073133066031684 0.045230544475089118 0.1314630577130127 0.018135798558306604 0.75577579671346484 0.030107663390682493 0.067136310493901563 0.11434311448451395 0.11338273865021609 0.01406489688470991 0.10331342923696596 0.027276886262468381 0.10222055883990322 0.025634063774077731 0.0087393174051904055 0.062266428433652266 0.077145133832601687 0.056296026175914449 0.078112970432357542 0.027720820989657113 0.049688747402431233 0.022271105752224685 0.056859946165296549 0.028177348045346662 0.1333069600300405 0.10664953655452791
leaf_count=30357 1670 22 4254 261 702539 32 974 182 2150 1018 1541 5777 11584 4102 355 37 135 16 188 93 88 72 69 27 46 26 69 32 152 132
internal_value=2.0389e-09 0.00301479 0.00520905 0.00725389 -0.0206918 0.0101494 -0.00760037 0.00307478 0.0165956 -0.0142799 -0.0101272 -0.0157627 -0.00249439 0.0151798 0.00824134 -0.0107503 0.00436225 0.00183574 0.0177969 0.00345553 0.00100675 0.00385162 0.00677846 0.0108029 -0.0132698 0.0155058 -0.000924071 0.0258164 0.0239019 0.0111826
internal_weight=2.80855 2.45139 2.1949 1.97648 0.357166 1.65406 0.322425 0.190962 0.782475 0.293093 0.262985 0.256487 0.194584 0.0812012 0.172826 0.0695123 0.87158 0.76936 0.764515 0.743726 0.670318 0.608051 0.551755 0.473642 0.0774096 0.396233 0.134005 0.0734079 0.262228 0.128921
internal_count=768000 16859 9412 5158 751141 3349 1809 835 2360 48602 47584 7447 17227 5643 653 298 989 854 2338 838 774 681 609 540 73 467 157 64 310 158
is_linear=0
shrinkage=0.05


Tree=189
num_leaves=31
num_cat=0
split_feature=4 34 11 6 57 17 57 6 38 12 12 2 36 12 0 2 3 22 14 37 69 23 58 12 43 37 1 14 7 5
split_gain=0.0670385 0.0483858 0.042426 0.0321958 0.0257672 0.0239524 0.0229871 0.0225655 0.0219975 0.0175797 0.017029 0.0171293 0.0159387 0.0145112 0.0141803 0.017884 0.0162897 0.0151752 0.0139222 0.0306476 0.0142478 0.018192 0.0186366 0.0240292 0.0174189 0.0165886 0.0156909 0.0158804 0.0138589 0.0137725
threshold=1.0000000180025095e-35 4.9656822681427011 1.3405797481536867 1.0000000180025095e-35 0.69339519739151012 0.83447185158729564 0.83388909697532665 1.0000000180025095e-35 0.43195502460002905 0.53589746356010448 0.17519181966781619 7.5000000000000009 0.85770529508590709 0.22474747896194461 12.500000000000002 4.5000000000000009 2.5000000000000004 0.01666626334190369 2.9604374170303349 0.97627702355384838 10.468147754669191 4.2253141403198251 0.25412373244762426 0.46410256624221807 4.0517470836639413 0.95106130838394176 17.500000000000004 1.1513625383377077 1.5000000000000002 1.5000000000000002
decision_type=2 2 2 2 2 2 2 2 2 2 2 2 2 2 2 2 2 2 2 2 2 2 2 2 2 2 2 2 2 2
left_child=1 2 3 4 8 -5 -4 28 9 -1 -6 18 -10 -7 15 16 -15 -18 20 -20 -12 22 25 24 -24 -22 -26 -28 29 -8
right_child=-2 -3 6 5 10 13 7 -9 12 -11 11 -13 -14 14 -16 -17 17 -19 19 -21 21 -23 23 -25 26 -27 27 -29 -30 -31
leaf_value=0.031463347671615335 -0.050076401794416518 -0.049483442291720213 -0.027160795372079601 -0.02684654881010666 -0.034266099988118179 -0.046380182482816362 0.0097161516173175227 -0.014001981291020758 -0.040586239910393673 -0.024655944682876144 0.034723970338801438 -0.040190742355802396 0.026969983349827215 0.011914170071154964 0.0061986721904316285 -0.050837835247248747 -0.032843236405687516 0.047789880492477808 -0.019633781477720894 0.037544715852281897 -0.020351068686268181 0.035637188076242228 0.035509186590980776 -0.032268758635905448 -0.044172929052908393 0.042014472521725937 -0.046548355350417209 0.03569440049386919 -0.050707302871853648 -0.018868945216511959
leaf_weight=0.044113795539846179 0.065236192168281248 0.046223892668179167 0.12459572037875566 0.073031937840378758 0.014935961662274622 0.014760782971734443 0.32052710776310744 0.30229459430555117 0.048684740091854195 0.020411979316424578 0.19831995767930266 0.011680122473279653 0.010638886021979488 0.076221356826419395 0.81983536226563203 0.023113983621300349 0.050166622027177254 0.006603148718539841 0.057600832382433964 0.039510459526688635 0.013151679618090384 0.094374211125568763 0.044159545573052128 0.043508538311925804 0.018465592803750042 0.056337204014653253 0.007940420592603914 0.022506269086761677 0.011115196615715139 0.048516105959166
leaf_count=130 421517 168886 63481 965 18 15 4557 100928 351 68 583 41 28 109 907 237 177 11 105 77 42 291 88 44 18 148 16 86 1821 2255
internal_value=-2.02936e-09 0.00122657 0.00212222 0.00637307 0.0143341 0.000787421 -0.00741172 -0.00380613 -0.00649425 0.0137107 0.0184781 0.0197747 -0.0284709 0.00282453 0.00356873 -0.0102432 -0.00318785 -0.0234644 0.0209501 0.00362972 0.0243225 0.0174566 0.00913035 -0.00159497 0.0127442 0.030211 -0.00780878 0.0142457 0.00430142 0.00595822
internal_weight=2.72858 2.66335 2.61712 1.81007 0.74634 1.06373 0.807049 0.682453 0.123849 0.0645258 0.622491 0.607555 0.0593236 0.990701 0.97594 0.156105 0.132991 0.0567698 0.595875 0.0971113 0.498763 0.300443 0.206069 0.13658 0.0930718 0.0694889 0.0489123 0.0304467 0.380158 0.369043
internal_count=768000 346483 177597 4555 2134 2421 173042 109561 577 198 1557 1539 379 1456 1441 534 297 188 1498 182 1316 733 442 252 208 190 120 102 8633 6812
is_linear=0
shrinkage=0.05


Tree=190
num_leaves=31
num_cat=0
split_feature=12 17 10 11 6 18 11 14 10 58 27 27 12 10 34 16 3 21 57 56 12 56 6 36 24 14 54 57 6 14
split_gain=0.0641427 0.0383745 0.0331009 0.0255751 0.0223096 0.0203638 0.0179766 0.0174383 0.0173586 0.0165344 0.0162826 0.0183892 0.0201413 0.0293452 0.0159109 0.015825 0.0172075 0.0189226 0.0167245 0.0166107 0.0190321 0.0179905 0.0157823 0.0172049 0.0155648 0.018509 0.0163069 0.018045 0.015548 0.01494
threshold=0.69615384936332714 0.83447185158729564 5.7500000000000009 1.781746029853821 1.0000000180025095e-35 0.3402294665575028 0.78019323945045482 2.633392453193665 5.2500000000000009 0.26129123568534857 47.386363983154304 48.730159759521491 0.46410256624221807 9.7500000000000018 2.4005811214447026 0.75779366493225109 3.5000000000000004 0.0026813719887286429 0.95013514161109935 0.54587543010711681 0.55902779102325451 0.31277173757553106 1.5000000000000002 0.72427368164062511 0.65151515603065502 2.8875210285186772 3.5284495353698735 0.92131048440933239 2.5000000000000004 2.2348967790603642
decision_type=2 2 2 2 2 2 2 2 2 2 2 2 2 2 2 2 2 2 2 2 2 2 2 2 2 2 2 2 2 2
left_child=1 14 8 28 5 7 -7 9 -3 -4 29 -12 -13 -14 22 18 -17 -18 19 20 21 -6 23 -1 -9 -26 -27 -28 -2 -8
right_child=3 2 4 -5 15 6 10 24 -10 -11 11 12 13 -15 -16 16 17 -19 -20 -21 -22 -23 -24 -25 25 26 27 -29 -30 -31
leaf_value=-0.011370370215429228 -0.025038998990989599 -0.0050742442126419695 0.037568268447142922 -0.050012198969651561 0.040459388435539721 -0.047841681298129018 0.032121168471297354 -0.048181792738757057 -0.050621425973723079 0.01428848784801879 -0.038449227249813256 0.017789837488495188 -0.047986273049859786 0.035815241022815643 -0.031110479669299057 0.010079949443914054 -0.033592864936035485 0.024562246414247445 0.036602262758552537 -0.029081656544108776 -0.035586917690137658 -0.0034205013094060809 -0.046242280185601448 0.028139172123364947 -0.022463834341357292 0.045822944762049095 -0.035213216321483998 0.042768303209012537 -0.00078631090957541078 -0.00011152662538537629
leaf_weight=0.085781133307152424 0.14589610704200273 0.39338242156996672 0.18313405569710972 0.060703993251235211 0.03076123154029986 0.015116906666349905 0.094658241609579363 0.01229502485579026 0.022093457866331434 0.13071341198661912 0.029500108307201955 0.098495815265803977 0.033171242729263639 0.015248888524666881 0.099996481234710277 0.56219428729459509 0.047899005355594326 0.019757280543501565 0.019985049020519341 0.083368615036311766 0.032740217606672672 0.097071199317626977 0.02023343372481512 0.040593584155316886 0.028691344552782994 0.040684981171096979 0.017709857545476382 0.012765984007899078 0.12080060305429363 0.057963859619828639
leaf_count=2216 5646 9341 774 726103 68 43 326 103 266 361 80 303 63 19 14951 914 122 19 30 192 83 195 1020 303 73 143 122 49 3708 364
internal_value=-1.8018e-09 0.00291659 0.00512825 -0.0207208 0.00828054 0.0145175 0.00547194 0.0218253 -0.00749627 0.0278725 0.00792132 -0.00242412 0.00480957 -0.0215948 -0.0157324 0.00290624 0.00721299 -0.0166102 -0.00737166 -0.0109742 -0.00157296 0.00713863 -0.00524346 0.00132073 0.00490204 0.0114384 0.0251074 -0.00254764 -0.0140537 0.0198796
internal_weight=2.65341 2.32601 2.0794 0.327401 1.66393 0.77015 0.344155 0.425995 0.415476 0.313847 0.329038 0.176416 0.146916 0.0484201 0.246605 0.893777 0.629851 0.0676563 0.263926 0.243941 0.160573 0.127832 0.146608 0.126375 0.112147 0.0998522 0.0711608 0.0304758 0.266697 0.152622
internal_count=768000 32543 14053 735457 4446 2823 1198 1625 9607 1135 1155 465 385 82 18490 1623 1055 141 568 538 346 263 3539 2519 490 387 314 171 9354 690
is_linear=0
shrinkage=0.05


Tree=191
num_leaves=31
num_cat=0
split_feature=4 34 11 6 57 17 12 17 38 12 2 12 3 54 37 6 27 18 13 12 24 20 38 5 18 0 2 3 22 18
split_gain=0.0616812 0.0450035 0.0370431 0.0288978 0.023921 0.0220081 0.0212587 0.0201248 0.0189868 0.0161101 0.015338 0.0152611 0.0144188 0.015166 0.0142804 0.0136352 0.0234013 0.0150196 0.0183547 0.0156289 0.0136555 0.0138856 0.0139048 0.014286 0.0174633 0.0125355 0.015486 0.0153574 0.0130742 0.0124992
threshold=1.0000000180025095e-35 4.9656822681427011 1.3405797481536867 1.0000000180025095e-35 0.69339519739151012 0.83447185158729564 0.67708334326744091 0.90714332461357128 0.43195502460002905 0.17519181966781619 7.5000000000000009 0.53589746356010448 1.0000000180025095e-35 1.6346065998077395 0.96073523163795482 1.0000000180025095e-35 49.444444656372077 0.34890969097614294 278.21136474609381 0.41885964572429663 0.27500000596046453 0.000114588241558522 0.4259129017591477 1.5000000000000002 0.30427934229373937 12.500000000000002 4.5000000000000009 2.5000000000000004 0.01666626334190369 0.31609262526035314
decision_type=2 2 2 2 2 2 2 2 2 2 2 2 2 2 2 2 2 2 2 2 2 2 2 2 2 2 2 2 2 2
left_child=1 2 3 4 8 -5 7 -4 11 -6 29 -1 13 -7 -10 17 -17 20 -19 -20 -9 22 23 -22 -25 26 27 -14 -29 -11
right_child=-2 -3 6 5 9 12 -8 15 14 10 -12 -13 25 -15 -16 16 -18 18 19 -21 21 -23 -24 24 -26 -27 -28 28 -30 -31
leaf_value=0.030083029115900401 -0.050076050644727213 -0.049479772859932471 -0.01946377269305604 -0.026373403370052534 -0.034039924832159049 -0.049865241540369788 -0.027598737117536909 -0.041905623418356359 -0.041063387032640473 0.030738637031139878 -0.039327615990931264 -0.023896146758948963 0.012294869733726725 0.0060454663680015253 0.021760628040299657 -0.022951605989932879 0.010151701319136718 0.029867083360336767 0.0085902357533148236 -0.039317424489459761 0.032435925378505148 -0.046378483774406412 -0.035418494601006538 -0.048247359598707691 0.027920839280970045 0.006805476620081523 -0.050800022710247139 -0.03207483913144684 0.047258133882233141 0.015058351110718749
leaf_weight=0.040614032151287449 0.060063786974395739 0.043069429303223994 0.15469066934611553 0.069374953326504452 0.014390504407515436 0.02591221078056094 0.10807580835064079 0.0096070080828205562 0.043535372423148644 0.19836189279129712 0.010853582308584464 0.019324150570600551 0.07143636031416456 0.022802015377941132 0.011417669779341111 0.12104096266767561 0.095516544738071918 0.023980688312081888 0.027870855346563417 0.043742399333466686 0.13649292558243964 0.0077258060890557081 0.0099183186784719268 0.013368368881263137 0.017216685726405778 0.75631215592225232 0.019444047377582763 0.046867892601843764 0.0058405373401342322 0.35371725307346935
leaf_count=130 421517 168886 4394 965 18 66 165779 30 342 655 41 68 98 55 37 875 629 100 192 204 698 46 39 24 32 841 208 177 11 843
internal_value=-7.13827e-10 0.00119236 0.00207256 0.00617134 0.0140532 0.000811812 -0.00703992 -0.00367935 -0.00678236 0.0181996 0.0195351 0.0126801 0.00279994 -0.0236947 -0.0280104 0.00114157 -0.0083508 0.00823188 -0.00799411 -0.0206724 0.0162137 0.0192364 0.0221005 0.025515 -0.00537139 0.00423418 -0.00930939 -0.00281096 -0.0232841 0.0206923
internal_weight=2.58258 2.52252 2.47945 1.7102 0.692214 1.01799 0.769247 0.661171 0.114891 0.577323 0.562933 0.0599382 0.948615 0.0487142 0.054953 0.506481 0.216558 0.289923 0.0955939 0.0716133 0.194329 0.184722 0.176996 0.167078 0.0305851 0.899901 0.143589 0.124145 0.0527084 0.552079
internal_count=768000 346483 177597 4555 2134 2421 173042 7263 577 1557 1539 198 1456 121 379 2869 1504 1365 496 396 869 839 793 754 56 1335 494 286 188 1498
is_linear=0
shrinkage=0.05


Tree=192
num_leaves=31
num_cat=0
split_feature=10 57 12 3 12 34 4 5 12 10 10 1 29 14 54 69 1 34 0 12 36 54 13 10 56 19 57 10 10 36
split_gain=0.0595609 0.0351722 0.0306207 0.0296295 0.0226429 0.0183039 0.0174462 0.0161087 0.0171632 0.0187465 0.0547292 0.0237599 0.0167299 0.0205935 0.0171542 0.0323347 0.0255543 0.0236723 0.0190517 0.0165566 0.0164724 0.0160123 0.0159783 0.0156443 0.0154516 0.0187778 0.014827 0.0148226 0.0258288 0.0222026
threshold=4.7500000000000009 0.40444585680961614 0.55902779102325451 1.0000000180025095e-35 0.91987180709838878 4.9656822681427011 1.0000000180025095e-35 1.5000000000000002 0.22474747896194461 8.7500000000000018 8.2500000000000018 13.500000000000002 15.603306293487551 1.2652080655097964 1.5332282185554507 11.648032665252687 15.500000000000002 1.728749215602875 22.500000000000004 0.44722221791744238 0.72763636708259594 3.223617792129517 264.19702148437506 4.2500000000000009 0.7469117045402528 0.0020185561152175073 0.8864782750606538 7.7500000000000009 7.2500000000000009 0.9689110815525056
decision_type=2 2 2 2 2 2 2 2 2 2 2 2 2 2 2 2 2 2 2 2 2 2 2 2 2 2 2 2 2 2
left_child=4 -2 3 22 23 6 7 8 -5 10 27 -11 14 -14 18 16 -16 -17 24 21 -18 -15 -3 26 -13 -26 -1 28 -10 -29
right_child=1 2 -4 5 -6 -7 -8 -9 9 11 -12 12 13 19 15 17 20 -19 -20 -21 -22 -23 -24 -25 25 -27 -28 29 -30 -31
leaf_value=-0.031474414967790083 -0.03167243250985529 0.044975237299206078 -0.0050838239405187249 -0.012415690540146306 -0.050022045361434189 -0.048273778842499122 -0.05029880809724855 -0.022365803225422514 0.0090618841202910593 -0.0040605826002936855 -0.050927228072754682 0.045023346797921582 -0.042159484096133397 0.044817917718388361 0.036357228182243101 -0.011519159087870783 0.028196766664948282 0.042224432429569754 -0.049428371601673488 -0.010678685338741362 -0.027420798011206067 -0.018337906354322902 -0.028008483167917528 -0.050504630790606422 0.038204516791673124 -0.036503956148073689 -0.0027651718679075894 0.042019452469613409 -0.050635959369921262 -0.010871015729144085
leaf_weight=0.06056837632443135 0.07113387818389405 0.0083209714150743741 0.63936133181132992 0.070030847886158543 0.053325312735344355 0.013472956647792134 0.01178188127863844 0.035657485285582768 0.41336344698163408 0.10020832466702245 0.038949311224371286 0.179970288411198 0.019123688454556032 0.046536752528822944 0.031462480742561638 0.024599311283679981 0.016580017131900604 0.12263176703302747 0.0062547161413419863 0.039196080344709117 0.067561237351469572 0.012795693549037424 0.075938473643298643 0.02675824566891305 0.02138600996624973 0.01386329358825833 0.17466060620057966 0.073523163248751189 0.018949271623228015 0.027176383218204592
leaf_count=30357 5321 18 6539 163 702539 903 321 61 877 117 37 571 19 137 21 38 33 330 12 28 135 24 671 1018 83 31 17227 297 32 40
internal_value=-3.48893e-09 0.00291303 0.00406876 0.00799791 -0.0203233 0.00972492 0.0102864 0.0108038 0.0116837 0.0130083 0.0062884 0.018482 0.0222347 0.00532269 0.0263431 0.017705 -0.00208636 0.033245 0.0365942 0.0145386 -0.0164614 0.0311977 -0.020801 -0.0142783 0.0390942 0.00882222 -0.0101574 0.0104694 0.00644519 0.0277456
internal_weight=2.51514 2.19983 2.1287 1.48933 0.315313 1.40507 1.3916 1.37982 1.34416 1.27413 0.571962 0.70217 0.601961 0.117652 0.484309 0.262835 0.115604 0.147231 0.221474 0.0985285 0.0841413 0.0593324 0.0842594 0.261987 0.21522 0.0352493 0.235229 0.533012 0.432313 0.1007
internal_count=768000 16859 11538 4999 751141 4310 3407 3086 3025 2862 1283 1579 1462 208 1254 557 189 368 697 189 168 161 689 48602 685 114 47584 1246 909 337
is_linear=0
shrinkage=0.05


Tree=193
num_leaves=31
num_cat=0
split_feature=34 4 10 10 14 24 16 12 54 10 10 0 37 34 23 14 57 10 10 10 10 13 2 12 3 13 57 57 43 43
split_gain=0.057203 0.0396508 0.0337873 0.0445401 0.027294 0.0340063 0.0258357 0.0257038 0.0248276 0.0228109 0.0319758 0.0202992 0.0195813 0.0194192 0.0185242 0.0183523 0.0174209 0.0181995 0.0413148 0.0192269 0.0190069 0.0164644 0.0161041 0.0160135 0.0166679 0.0147174 0.0145176 0.0140991 0.013901 0.0207751
threshold=4.3533363342285165 1.0000000180025095e-35 8.7500000000000018 8.2500000000000018 1.2089896798133852 0.58571431040763866 0.63528841733932506 0.57518798112869274 1.235210716724396 7.7500000000000009 7.2500000000000009 14.500000000000002 0.9172172248363496 3.3219519853591923 3.7008498907089238 0.4306021928787232 0.36768494546413427 6.7500000000000009 6.2500000000000009 5.7500000000000009 5.2500000000000009 313.14616394042974 1.5000000000000002 0.25543478131294256 3.5000000000000004 285.18365478515631 0.93060564994812023 0.60095453262329113 3.1984648704528813 3.7494349479675297
decision_type=2 2 2 2 2 2 2 2 2 2 2 2 2 2 2 2 2 2 2 2 2 2 2 2 2 2 2 2 2 2
left_child=1 2 3 9 5 23 8 -8 -6 10 15 26 25 -11 21 -1 -17 18 19 20 -18 -7 -21 -4 27 -10 -9 -25 -24 -30
right_child=-2 -3 4 -5 6 14 7 11 12 13 -12 -13 -14 -15 -16 16 17 -19 -20 22 -22 -23 28 24 -26 -27 -28 -29 29 -31
leaf_value=-0.030564150974047244 -0.039746702246887845 -0.050105532988318893 -0.048691550696583152 -0.050741197345470362 0.029238500024987363 -0.039234879033651998 0.023428790570768545 -0.0093161013686456334 0.04757232427548827 0.022087357922357765 -0.050546839172535579 -0.031813187152495495 -0.036122606141500077 -0.023456198718611765 -0.032447074946674419 -0.048352799459787571 -0.0042141253376212599 0.013029335706196308 -0.050677267547636289 0.035191349622755504 -0.050582107226841748 0.027030526246212203 0.047897090221172972 -0.026845644850213981 -0.018191473112236536 -0.0092207673944478576 0.041539547071716539 0.036229239629250731 -0.044551788920280389 0.006731519879394722
leaf_weight=0.054977875677717059 0.087280519652419897 0.036674681376656859 0.0092142719895489389 0.047260541461027983 0.042651628642685679 0.013610778330139794 0.49443110817691149 0.029791455198980188 0.014877282888676291 0.15318134156837437 0.035783696611494498 0.040379198547384476 0.057972513087186428 0.027626720169096508 0.1028964490352724 0.018936848079385338 0.43869376316924924 0.21102441202729949 0.04387379625039145 0.053356083104745267 0.023273642696092445 0.030111640758210267 0.016315974928374999 0.0099380976295382339 0.023040983298386664 0.048906807041138922 0.026530038072849038 0.08164572050714014 0.022996370743284089 0.1398228249442024
leaf_count=14909 419614 192154 21 191 156 22 1189 94 36 494 239 49 116 71 280 28919 107061 532 239 78 339 73 16 43 56 385 27 145 52 400
internal_value=2.24383e-09 0.00147635 0.00229418 -0.00310106 0.00906256 -0.00456785 0.0139418 0.0188179 -0.00359021 -0.00128513 -0.00408736 -0.00475783 -0.0150902 0.0151285 -0.0208621 -0.00246268 -0.000867129 8.00693e-05 -0.00362099 -0.000648116 -0.00655012 0.00640212 0.0110793 0.0147236 0.0198213 0.0040259 0.0146393 0.0293848 0.00389749 -0.000511668
internal_weight=2.43708 2.3498 2.31312 1.28712 1.026 0.270458 0.75554 0.591132 0.164408 1.23986 1.05906 0.0967007 0.121757 0.180808 0.146619 1.02327 0.968294 0.949357 0.738332 0.694459 0.461967 0.0437224 0.232491 0.123839 0.114625 0.0637841 0.0563215 0.0915838 0.179135 0.162819
internal_count=768000 348386 156232 153540 2692 640 2052 1359 693 153349 152784 170 537 565 375 152545 137636 108717 108185 107946 107400 95 546 265 244 421 121 188 468 452
is_linear=0
shrinkage=0.05


Tree=194
num_leaves=31
num_cat=0
split_feature=10 17 6 18 12 0 34 0 54 57 8 69 45 24 54 14 12 36 7 54 57 10 0 10 49 12 13 34 1 11
split_gain=0.0547546 0.0352316 0.0284982 0.0170322 0.017549 0.0165244 0.0164952 0.0153406 0.0172228 0.0154081 0.014692 0.0153031 0.0144251 0.0143322 0.027217 0.024643 0.0162131 0.0205565 0.0182099 0.0158751 0.0157369 0.0139707 0.0138172 0.0142954 0.0181179 0.0136221 0.0142212 0.0172872 0.0177853 0.0132548
threshold=3.7500000000000004 0.83447185158729564 1.0000000180025095e-35 0.3402294665575028 0.82575756311416637 10.500000000000002 3.5467442274093632 12.500000000000002 2.7799751758575444 0.98334717750549328 1.0000000180025095e-35 7.4991328716278085 50.000000000000007 0.78888890147209179 1.8427736759185793 1.2652080655097964 0.57518798112869274 0.82128340005874645 1.0000000180025095e-35 2.1958774328231816 0.96129822731018078 3.2500000000000004 13.500000000000002 9.7500000000000018 13.3716197013855 0.65686276555061351 331.11410522460943 3.2122231721878056 22.500000000000004 1.3405797481536867
decision_type=2 2 2 2 2 2 2 2 2 2 2 2 2 2 2 2 2 2 2 2 2 2 2 2 2 2 2 2 2 2
left_child=5 10 3 4 -3 -1 7 9 13 -4 11 29 -5 14 22 -15 17 19 20 -17 -19 -7 -9 24 -24 26 -14 28 -28 -2
right_child=1 2 6 12 -6 21 -8 8 -10 -11 -12 -13 25 15 -16 16 -18 18 -20 -21 -22 -23 23 -25 -26 -27 27 -29 -30 -31
leaf_value=-0.050011492869856303 0.011477874021570286 0.018766739346923349 -0.020705817133512903 0.04355899425344055 -0.044333976970682712 -0.0092174579225072304 -0.019572146624858722 0.036603021582030319 0.026972130311348583 0.023792098774781955 0.019024905414943588 -0.031005264058189513 0.01139309053898625 -0.021771583255013265 -0.038019157731804837 0.0022281745874713171 -0.026347837239087582 0.024547539228145374 -0.031862277108743398 -0.048919746303012247 -0.019506199935305585 -0.050545552512416915 0.016295651284042357 0.024779975308645528 -0.020636410587170285 -0.038857446514417547 -0.015148064264128808 -0.038320203846931349 0.031648964051281779 -0.044220051188008459
leaf_weight=0.051474174052894117 0.048134772693938621 0.47864027068101045 0.12493670287766823 0.020742879145740467 0.011278133685972969 0.11178794389974389 0.10743202147393571 0.056721041762450852 0.072531838597296172 0.02304197531081309 0.025400102664557833 0.13238917889408641 0.2000242626674158 0.13789680082928912 0.026969564541442281 0.040160409592203905 0.03991381351599399 0.17628509793189551 0.018908446950746338 0.024380016931900172 0.02290591368364403 0.025026902495008718 0.069475596889319036 0.086197087951063622 0.063613724853787801 0.020542651326654893 0.054927725300160546 0.037849418380008881 0.032208693207229189 0.013727972881102501
leaf_count=722330 505 2262 1640 65 959 22891 4179 100 142 160 257 7802 831 317 51 44 137 185 23 20 27 1126 87 130 149 526 146 223 185 501
internal_value=-4.98588e-10 0.00224696 0.00438789 0.0112164 0.0173141 -0.0258629 -0.000969281 0.00106189 0.00368861 -0.013777 -0.016736 -0.021412 0.00306071 0.00147649 0.00992205 -0.0040807 0.00348243 0.00769499 0.0150303 -0.0170929 0.0194816 -0.0167774 0.0146065 0.00891689 -0.00135705 0.000629673 0.0031255 -0.0101057 0.00214977 -0.000882062
internal_weight=2.35553 2.16724 1.94758 0.856214 0.489918 0.188289 1.09137 0.983938 0.835959 0.147979 0.219652 0.194252 0.366296 0.763428 0.302977 0.46045 0.322554 0.28264 0.218099 0.0645404 0.199191 0.136815 0.276007 0.219286 0.133089 0.345553 0.32501 0.124986 0.0871364 0.0618627
internal_count=768000 21653 12588 5197 3221 746347 7391 3212 1412 1800 9065 8808 1976 1270 517 753 436 299 235 64 212 24017 466 366 236 1911 1385 554 331 1006
is_linear=0
shrinkage=0.05


Tree=195
num_leaves=31
num_cat=0
split_feature=12 57 3 10 10 11 34 6 58 16 24 1 5 12 10 13 2 17 43 1 3 10 43 57 58 10 29 3 20 17
split_gain=0.0527378 0.0316925 0.0258191 0.0254802 0.0358457 0.0228102 0.017864 0.017357 0.0241679 0.0170274 0.0208054 0.0168355 0.0167453 0.0166154 0.0147445 0.0149585 0.0143249 0.0140632 0.0141839 0.0139882 0.0138712 0.0141418 0.0134269 0.0184268 0.015264 0.0132186 0.0132057 0.0135322 0.012916 0.0138493
threshold=0.67708334326744091 0.40444585680961614 1.0000000180025095e-35 6.7500000000000009 6.2500000000000009 1.781746029853821 4.1963903903961191 1.0000000180025095e-35 0.32603697478771215 0.75779366493225109 0.5634920895099641 25.500000000000004 1.0000000180025095e-35 0.17519181966781619 5.7500000000000009 263.17729187011724 2.5000000000000004 0.96089267730712902 4.1510088443756112 20.500000000000004 2.5000000000000004 9.2500000000000018 4.5695295333862314 0.86719319224357616 0.43809729814529424 5.2500000000000009 11.16813898086548 3.5000000000000004 7.502681182813832e-05 0.99090027809143078
decision_type=2 2 2 2 2 2 2 2 2 2 2 2 2 2 2 2 2 2 2 2 2 2 2 2 2 2 2 2 2 2
left_child=1 -1 22 4 11 17 7 8 13 10 -9 14 16 -5 15 -4 -10 -2 -19 -8 -18 -22 -3 24 -24 -17 27 -13 29 -16
right_child=5 2 3 6 -6 -7 19 9 12 -11 -12 26 -14 -15 28 25 20 18 -20 -21 21 -23 23 -25 -26 -27 -28 -29 -30 -31
leaf_value=-0.031261167350873219 -0.027897451517529943 -0.045247678852700784 -0.045272626566446456 -0.044724411999827067 -0.050905851188373388 -0.050014856054393445 -0.044079021031145547 0.016681240801023293 -0.008587167342190942 0.010403506137099477 -0.019423094460871412 -0.030134634261486982 -0.020707506607968686 0.025322784667640243 0.022125382767838001 0.0021822498837096491 0.044540612440840691 -0.027398791283258464 0.0048716223711949081 0.021135829185888407 0.049564653953221592 -0.03256914939448876 -0.041169587098169737 0.029793041028814679 0.042429962186148862 -0.050424079733933196 -0.034525271914182018 0.049672710949664814 -0.043713506639490925 -0.030180938864000535
leaf_weight=0.065096529711291429 0.10075056135013583 0.035756808101871096 0.019684036607274691 0.0086534989210667046 0.036542217566665425 0.04967356540569523 0.026504012264110588 0.05879324362507532 0.046925372190351311 0.4276701345322067 0.12418447549109146 0.010100076013717985 0.057345872577741375 0.39035565344535428 0.15881026394390751 0.26654851774201771 0.04247740108439757 0.047498011729696921 0.12027394021455518 0.011920891427765756 0.0080845054606015765 0.014899747170034061 0.032782584082986621 0.0221238940289048 0.0065512274188994626 0.012501262691571924 0.055060042060536718 0.01120329795479158 0.0089293207984724177 0.013750671537898995
leaf_count=13374 5990 1958 430 20 228 726550 711 87 139 505 197 826 86 1608 442 2354 176 1307 2370 220 40 33 1571 395 207 186 5835 113 30 12
internal_value=-1.41923e-09 0.00304601 0.00421639 0.00556395 -0.0029344 -0.0188895 0.00970302 0.0107961 0.0170813 0.00494224 -0.00782228 0.000215121 0.00127823 0.0238036 0.00368278 -0.00314607 0.0124965 -0.0131316 -0.00426447 -0.0238469 0.0276101 -0.00367932 -0.0208863 -0.00671257 -0.0272457 -0.000174482 -0.0215918 0.0118355 0.0149231 0.0179573
internal_weight=2.29145 1.97326 1.90816 1.81094 0.59313 0.318196 1.21781 1.17939 0.568742 0.610648 0.182978 0.556587 0.169733 0.399009 0.480224 0.298734 0.112387 0.268523 0.167772 0.0384249 0.0654617 0.0229843 0.0972145 0.0614577 0.0393338 0.27905 0.0763634 0.0213034 0.18149 0.172561
internal_count=768000 31783 18409 14278 10456 736217 3822 2891 2102 789 284 10228 474 1628 3454 2970 388 9667 3677 931 249 73 4131 2173 1778 2540 6774 939 484 454
is_linear=0
shrinkage=0.05


Tree=196
num_leaves=31
num_cat=0
split_feature=10 57 34 12 12 38 6 16 11 10 24 54 69 54 14 3 34 12 4 29 14 3 69 57 57 0 18 1 12 57
split_gain=0.0503657 0.0312206 0.0241035 0.0262166 0.0191642 0.0184995 0.0175618 0.0162261 0.0197021 0.0137923 0.0134441 0.0144232 0.0132153 0.0131463 0.0170228 0.0131435 0.0145264 0.0126866 0.0123598 0.0122305 0.0159406 0.0119861 0.014046 0.0216116 0.0219722 0.0213031 0.0118478 0.0142531 0.0184872 0.0121339
threshold=4.7500000000000009 0.67305442690849315 3.5467442274093632 0.63961037993431102 0.91987180709838878 0.25469110906124121 1.0000000180025095e-35 0.8945017158985139 1.3405797481536867 4.2500000000000009 0.73214286565780651 1.7371867299079897 8.1542124748229998 2.7079319953918461 2.7074258327484135 2.5000000000000004 2.7285441160202031 0.17519181966781619 1.0000000180025095e-35 12.018908500671388 2.8875210285186772 1.0000000180025095e-35 13.211585998535158 0.97895076870918285 0.93617758154869091 19.500000000000004 0.34890969097614294 18.500000000000004 0.46862745285034185 0.93617758154869091
decision_type=2 2 2 2 2 2 2 2 2 2 2 2 2 2 2 2 2 2 2 2 2 2 2 2 2 2 2 2 2 2
left_child=4 12 3 6 9 -5 17 10 -9 15 11 -7 -2 14 21 -1 -17 -3 26 20 -4 -8 23 24 -23 -24 27 -19 -29 -30
right_child=1 2 19 5 -6 7 13 8 -10 -11 -12 -13 -14 -15 -16 16 -18 18 -20 -21 -22 22 25 -25 -26 -27 -28 28 29 -31
leaf_value=-0.023291337129541692 -0.004326158127245204 -0.031440823463842762 0.020343635841365879 -0.031960225455747504 -0.050023241703843174 0.0090868080357341396 -0.027361741831699562 0.034387150035308477 -0.030919701284821584 -0.050454168580944717 -0.036089604839167636 -0.046198446345042603 -0.030239997285673018 0.023848687457684137 -0.044052616133997594 0.011775179756134959 -0.03080077106609902 0.036978410762058496 -0.050128380446010513 -0.0036387171623781752 -0.044941806357147729 0.0060612776911604183 -0.014872157824503685 -0.034974486997365134 0.033674825274333652 0.043542189093234894 0.0090229338198046672 0.025519283921501573 -0.016114541246949932 0.034327036136756688
leaf_weight=0.09978060411581724 0.10993963893527436 0.01368736659119496 0.011856941201412674 0.059971583882067692 0.044342156782673503 0.071673107650625845 0.029793017660109555 0.05166721141407038 0.014873230816157434 0.023566865542424154 0.036943902143630414 0.014121734371298267 0.089047973643019862 0.077900549241689987 0.019394481403196551 0.084782563233954611 0.026232966721578377 0.12876588082286844 0.0067293574158213678 0.1449144934001777 0.044222134051089323 0.29498255467137113 0.13189510830886775 0.025194855864356214 0.095317278999573318 0.017702698397442873 0.22528742893985054 0.16225608059583863 0.055026436086109243 0.015220020903882414
leaf_count=34977 1670 22 65 612 702539 364 77 78 162 1018 402 131 5777 125 14 3398 9209 362 179 2721 1592 406 179 31 119 20 700 903 113 35
internal_value=2.0775e-09 0.00284383 0.00497846 0.00709299 -0.0198808 -0.00776048 0.00994273 -9.29894e-05 0.0197897 -0.0141777 -0.010872 -1.30826e-05 -0.0159227 0.00449896 0.00204511 -0.0101221 0.00171448 0.0161507 0.0172487 -0.0113114 -0.0311383 0.00354799 0.00517762 0.00990768 0.0128049 -0.00795968 0.0180216 0.0236333 0.0162424 -0.00518556
internal_weight=2.22709 1.94839 1.7494 1.5484 0.278705 0.249251 1.29915 0.189279 0.0665404 0.234363 0.122739 0.0857948 0.198988 0.692181 0.61428 0.210796 0.111016 0.606973 0.593285 0.200994 0.0560791 0.594886 0.565092 0.415495 0.3903 0.149598 0.586556 0.361268 0.232503 0.0702465
internal_count=768000 16859 9412 5034 751141 1749 3285 1137 240 48602 897 495 7447 971 846 47584 12607 2314 2292 4378 1657 832 755 556 525 199 2113 1413 1051 148
is_linear=0
shrinkage=0.05


Tree=197
num_leaves=31
num_cat=0
split_feature=4 34 11 6 57 17 57 6 38 12 12 38 36 0 2 58 3 23 7 21 38 49 14 12 29 57 54 24 10 27
split_gain=0.0480681 0.0352264 0.0309139 0.0237809 0.0197 0.017688 0.0169922 0.0176303 0.0143849 0.0124088 0.0117632 0.0114471 0.011395 0.010691 0.0129036 0.0120691 0.0118179 0.0117426 0.0104165 0.0103465 0.010732 0.0106135 0.0248472 0.0135358 0.0116022 0.0126784 0.0118637 0.0102495 0.0102449 0.0101574
threshold=1.0000000180025095e-35 4.9656822681427011 1.3405797481536867 1.0000000180025095e-35 0.69339519739151012 0.83447185158729564 0.83388909697532665 1.0000000180025095e-35 0.43605996668338781 0.53589746356010448 0.22474747896194461 0.36008127033710485 0.85770529508590709 12.500000000000002 4.5000000000000009 0.34234531223773962 2.5000000000000004 3.1931903362274174 1.5000000000000002 0.21825697273015979 0.45826062560081487 12.690234661102297 1.6015546321868899 0.60555556416511547 12.554747581481935 0.82329925894737255 1.8081356883049013 0.5634920895099641 6.7500000000000009 49.444444656372077
decision_type=2 2 2 2 2 2 2 2 2 2 2 2 2 2 2 2 2 2 2 2 2 2 2 2 2 2 2 2 2 2
left_child=1 2 3 4 8 -5 -4 18 9 -1 -7 -6 -10 14 16 17 28 -15 -8 20 21 -13 27 24 26 -26 -24 -23 -12 -9
right_child=-2 -3 6 5 11 10 7 29 12 -11 13 19 -14 15 -16 -17 -18 -19 -20 -21 -22 22 23 -25 25 -27 -28 -29 -30 -31
leaf_value=0.028693416771962785 -0.050066669884996889 -0.049345647033748344 -0.026421760203430778 -0.025927544178708906 0.027361568600420428 -0.046322271795861125 0.0059380895926432337 -0.022305156305218777 -0.039836380154654946 -0.024215532013121349 -0.002034287821729749 0.026010350553182068 0.027163124853721982 -0.012888322789236566 -0.050614386138232118 -0.027209008267968876 -0.023456043954448096 0.00957283509357508 -0.050577741523924059 -0.048956232640071311 0.031927673228579083 0.018669037454586434 0.050250372531281333 -0.041660744655000352 -0.036188094199000341 0.036965439536729004 -0.022695958713708254 -0.035774422468818727 0.043636055932935292 -0.0017321691070056159
leaf_weight=0.033367024670365675 0.046902305810040956 0.034040386102259013 0.097293642839824113 0.058194896470995516 0.19041713702464236 0.012086965333310218 0.29293943570305586 0.14291367291070789 0.036234976851963197 0.016592580439194649 0.045052565558302504 0.062116363411206521 0.007693630108889237 0.064806298541302709 0.016983834844324974 0.02642339568353691 0.044089653278756913 0.56984451216489163 0.008386525654359378 0.0068688355021322414 0.060338217773317382 0.010674862569828747 0.0072839282968573107 0.0096436067597664987 0.0064755259872129036 0.069405054248591114 0.023741210331650109 0.045454991168185188 0.0168802992120618 0.1034088320418613
leaf_count=137 421517 168886 63481 965 598 15 6812 60562 343 71 90 191 26 93 237 47 188 767 1821 13 191 67 56 23 20 234 44 120 19 40366
internal_value=3.0318e-09 0.00110785 0.00193132 0.00600427 0.0137589 0.000682646 -0.0071668 -0.00374602 -0.00723064 0.0111213 0.00262769 0.0177609 -0.0281021 0.00338227 -0.0101528 0.00590074 -0.00367119 0.00727925 0.00436514 0.0117075 0.0131194 0.00828599 0.00191016 0.0150724 0.0201901 0.0307226 -0.00556998 -0.0254203 0.0104135 -0.0136684
internal_weight=2.16656 2.11965 2.08561 1.44067 0.586308 0.854362 0.644942 0.547648 0.0938882 0.0499596 0.796168 0.49242 0.0439286 0.784081 0.123006 0.661074 0.106023 0.634651 0.301326 0.302003 0.295134 0.234796 0.172679 0.116549 0.106906 0.0758806 0.0310251 0.0561299 0.0619329 0.246323
internal_count=768000 346483 177597 4555 2134 2421 173042 109561 577 208 1456 1557 369 1441 534 907 297 860 8633 959 946 755 564 377 354 254 100 187 109 100928
is_linear=0
shrinkage=0.05


Tree=198
num_leaves=31
num_cat=0
split_feature=10 17 10 10 10 10 10 10 14 10 13 10 10 36 12 5 14 6 63 34 16 34 1 34 37 39 10 10 13 2
split_gain=0.0465263 0.0296601 0.0252169 0.0602188 0.035885 0.0623425 0.0284466 0.03637 0.0239366 0.024033 0.0236642 0.0205562 0.0284344 0.0172754 0.0181858 0.0160083 0.0156058 0.0158557 0.0150205 0.0145562 0.0399291 0.0146385 0.0144988 0.014326 0.014499 0.0139568 0.0125223 0.0235092 0.0123044 0.0148619
threshold=2.7500000000000004 0.83447185158729564 9.7500000000000018 9.2500000000000018 10.250000000000002 10.750000000000002 8.7500000000000018 8.2500000000000018 2.9224967956542973 11.250000000000002 394.07733154296881 7.7500000000000009 7.2500000000000009 0.72763636708259594 0.46862745285034185 1.5000000000000002 0.4306021928787232 1.0000000180025095e-35 2.0126758217811589 1.5885593891143801 0.88889971375465404 4.1963903903961191 13.500000000000002 1.0121138691902163 0.97359484434127819 0.038773316890001304 6.7500000000000009 6.2500000000000009 285.18365478515631 3.5000000000000004
decision_type=2 2 2 2 2 2 2 2 2 2 2 2 2 2 2 2 2 2 2 2 2 2 2 2 2 2 2 2 2 2
left_child=-1 -2 3 6 25 -6 7 11 9 22 18 12 16 -11 15 -15 -3 26 -8 20 -20 -21 -7 -16 -25 -4 27 -18 -19 -30
right_child=1 2 4 -5 5 8 10 -9 -10 13 -12 -13 -14 14 23 -17 17 28 19 21 -22 -23 -24 24 -26 -27 -28 -29 29 -31
leaf_value=-0.038221377972363947 -0.016918428813487364 -0.030088769407521278 0.039359521158729337 -0.0509871033416626 -0.051037269278076385 -0.02981284776686885 -0.03713817739209261 -0.050689220577366426 -0.029216307125442334 -0.026742040770630089 -0.039929284167475182 0.017053191088258344 -0.050523846915887898 0.029198426934767919 0.025224114053167671 -0.038450138599197693 0.0083944789460927809 -0.023968912402800344 0.037284834868407959 0.036237366013617038 -0.050463753881305168 -0.042815738256290876 0.046170851943229813 0.021868515291234372 -0.041212150720949824 -0.0063968410821539957 0.027787550032897096 -0.050765504540376719 0.0036980765499796779 -0.020098135822762306
leaf_weight=0.076728835705223708 0.19854315062717542 0.04396461875527069 0.12933247778458845 0.056127902648771655 0.044628597347831089 0.0068668525935891003 0.010180916934572681 0.03646331271180081 0.03219542958175925 0.031203674261462311 0.016528668528955404 0.15221909867246719 0.030248513681470302 0.1201080177103222 0.022206869228682535 0.0094319236836781783 0.2153349447060558 0.074570830711355063 0.033079456445413769 0.14526660297954663 0.021319849923202128 0.006101964332756892 0.073230355255788027 0.012593132236940363 0.032927994681365647 0.019130811253191382 0.070783651099877609 0.018213098217392143 0.28811292240638176 0.084963766866137769
leaf_count=739918 10889 596 488 215 162 21 35 303 350 53 34 706 464 274 23 13 3071 1207 130 440 21 108 245 23 62 44 412 233 2255 5205
internal_value=1.14515e-09 0.0014405 0.00342437 -0.000324335 0.0125773 0.00453148 0.00195537 -0.00165852 0.0118091 0.0160896 0.0177317 0.000168752 -0.00294207 0.00782751 0.0132957 0.0242729 -0.0011338 0.000559059 0.0221451 0.0250783 0.00289493 0.0330506 0.0396567 -0.0076998 -0.0237613 0.0334634 0.00936456 0.00378092 -0.00542733 -0.00172123
internal_weight=2.11261 2.03588 1.83734 1.30348 0.533856 0.385393 1.24735 1.01487 0.340764 0.308569 0.232477 0.978411 0.826192 0.228472 0.197268 0.12954 0.795944 0.751979 0.215949 0.205768 0.0543993 0.151369 0.0800972 0.067728 0.0455211 0.148463 0.304332 0.233548 0.447648 0.373077
internal_count=768000 28082 17193 15435 1758 1226 15220 14452 1064 714 768 14149 13443 448 395 287 12979 12383 734 699 151 548 266 108 85 532 3716 3304 8667 7460
is_linear=0
shrinkage=0.05


Tree=199
num_leaves=31
num_cat=0
split_feature=10 57 12 34 17 12 13 16 10 69 58 58 54 34 29 6 6 12 10 13 34 19 54 34 69 14 10 3 69 57
split_gain=0.0453282 0.0274045 0.0218095 0.0202843 0.0183108 0.0170648 0.0150042 0.0158225 0.0127058 0.0122076 0.0174115 0.016154 0.0145179 0.0121337 0.022889 0.0230276 0.0174965 0.0250288 0.0169419 0.0223365 0.016614 0.016474 0.0120069 0.0172417 0.0161591 0.0159884 0.0120064 0.0118254 0.0116944 0.0115299
threshold=4.7500000000000009 0.67305442690849315 0.53589746356010448 3.5842828750610356 0.92417654395103466 0.91987180709838878 324.12513732910162 0.77213752269744884 4.2500000000000009 10.435201168060305 0.28764952719211584 0.26584598422050482 3.337611317634583 1.6594415903091433 13.101078033447267 2.5000000000000004 1.0000000180025095e-35 0.46862745285034185 9.7500000000000018 337.18989562988287 2.3301675319671635 0.0074979742057621488 0.5505889654159547 2.9841302633285527 10.196917057037355 1.236014246940613 13.250000000000002 3.5000000000000004 8.1542124748229998 0.8864782750606538
decision_type=2 2 2 2 2 2 2 2 2 2 2 2 2 2 2 2 2 2 2 2 2 2 2 2 2 2 2 2 2 2
left_child=5 28 3 4 22 8 7 -5 29 12 11 -11 -4 14 21 16 17 -16 19 -15 -21 26 25 24 -24 -3 -6 -8 -2 -1
right_child=1 2 9 6 13 -7 27 -9 -10 10 -12 -13 -14 18 15 -17 -18 -19 -20 20 -22 -23 23 -25 -26 -27 -28 -29 -30 -31
leaf_value=-0.031045329107346666 -0.0042304985297511501 -0.033420282637987103 0.0080412257678100663 -0.013444273912587339 0.037062436422498901 -0.050024109193816335 -0.03859926600933495 0.035130939498026564 -0.050434429776823754 -0.0093484705909709902 -0.039583498400158151 0.031047774026016592 -0.050334302734280127 0.025990706032674712 0.036410866569849022 0.050904843274845173 -0.030347027420509577 -0.039834091443467078 0.037333392624812028 0.023463512658385213 -0.024223611268254411 -0.032382291680430948 0.028081176896222332 -0.026482343920297233 0.001501400184077326 0.035356137367362539 -0.031000505198099462 0.040686856491918853 -0.029536763514429853 -0.0030593387663726285
leaf_weight=0.049257835306597164 0.10380600618346114 0.042011326850829755 0.22529250741001139 0.044399657166586337 0.088205713787267825 0.039222668086439871 0.046206718315889184 0.026933921082029855 0.021742295023509106 0.23165513655166858 0.042429156327054907 0.027707931905357697 0.011179311051752516 0.14935163015533703 0.030483020954569895 0.015637772000900441 0.066412924764833292 0.016638795033422582 0.12820206776461873 0.028693701044318232 0.050252491540604183 0.011069608341472303 0.089245655626037035 0.034895764889412817 0.15915513434519468 0.010577804080128317 0.0069930364040828854 0.005235752517261715 0.081490841271016801 0.14555602877896257
leaf_count=30357 1670 135 1113 321 266 702539 563 117 1018 2041 820 232 1227 518 126 12 94 21 438 109 187 23 239 116 521 69 7 97 5777 17227
internal_value=1.24528e-10 0.00283693 0.00495907 0.0091521 0.0116794 -0.0196778 -0.00994678 0.00489661 -0.0141815 -0.00322504 -0.0098904 -0.00503291 0.0052815 0.0169705 0.0081617 -0.00597863 -0.0138135 0.00948864 0.022788 0.01462 -0.0068913 0.0253497 0.00235472 0.00642774 0.011051 -0.0195866 0.0320627 -0.0305296 -0.0153598 -0.0101355
internal_weight=2.02994 1.77416 1.58887 1.0506 0.927826 0.255779 0.122776 0.0713336 0.216556 0.538264 0.301792 0.259363 0.236472 0.591941 0.235441 0.129173 0.113535 0.0471218 0.3565 0.228298 0.0789462 0.106268 0.335886 0.283297 0.248401 0.0525891 0.0951988 0.0514425 0.185297 0.194814
internal_count=768000 16859 9412 3979 2881 751141 1098 438 48602 5433 3093 2273 2340 1801 549 253 241 147 1252 814 296 296 1080 876 760 204 273 660 7447 47584
is_linear=0
shrinkage=0.05


Tree=200
num_leaves=31
num_cat=0
split_feature=4 34 11 6 57 57 12 17 58 12 63 1 38 38 12 8 12 2 11 36 6 27 18 58 63 24 38 14 54 13
split_gain=0.0434433 0.0315942 0.0270295 0.0215687 0.0173626 0.016377 0.0156693 0.0144028 0.0141248 0.017684 0.0127948 0.0138047 0.0126823 0.0116797 0.0112512 0.0111953 0.0109135 0.0112818 0.0107493 0.0106557 0.0103975 0.0161817 0.0113628 0.0130683 0.0123473 0.0109394 0.0105012 0.0101652 0.0135259 0.0126801
threshold=1.0000000180025095e-35 4.9656822681427011 1.3405797481536867 1.0000000180025095e-35 0.69339519739151012 0.89890685677528392 0.67708334326744091 0.90714332461357128 0.28764952719211584 0.55902779102325451 3.2384861707687382 11.500000000000002 0.43195502460002905 0.41830185055732733 0.22474747896194461 1.0000000180025095e-35 0.17519181966781619 7.5000000000000009 0.78019323945045482 0.85770529508590709 1.0000000180025095e-35 49.444444656372077 0.35393926501274114 0.381314367055893 4.7405652999877939 0.27500000596046453 0.4259129017591477 0.46743613481521612 0.49866077303886419 284.08592224121099
decision_type=2 2 2 2 2 2 2 2 2 2 2 2 2 2 2 2 2 2 2 2 2 2 2 2 2 2 2 2 2 2
left_child=1 2 3 4 12 8 7 -4 9 14 11 -11 13 -1 -5 -10 -6 -18 -16 -14 22 -22 24 -24 25 -9 -27 -7 -29 -30
right_child=-2 -3 6 5 16 27 -8 20 15 10 -12 -13 19 -15 18 -17 17 -19 -20 -21 21 -23 23 -25 -26 26 -28 28 29 -31
leaf_value=-0.0072268265181248091 -0.050071196799708895 -0.049348479907627758 -0.018875319914544886 -0.050644467492884385 -0.032649644825327832 -0.020922135257210393 -0.027073044711159195 -0.041468251162819894 -0.034514834899427464 -0.044695705405038269 -0.038707857815373725 0.014784095947781607 -0.039170872699996466 0.045666299247250686 -0.02249867939784406 0.022419174816547129 0.020127357063398216 -0.039764642918588375 0.018761228433901739 0.028129926904643221 -0.022129227290594758 0.0088601499877648867 -0.022898244028340092 0.030492581645198497 -0.044297559479503201 0.024937573400916575 -0.031831382041438545 0.036761370943060104 -0.019203601378103174 0.0088904012378506394
leaf_weight=0.02996642532267102 0.042387502902782592 0.030541444023912789 0.11914528779669087 0.0073892731120928081 0.010472752196932333 0.031593870931651225 0.083012801976573902 0.0072439357366533832 0.066061365783259163 0.013430037936252415 0.043623061219981274 0.035648552872840966 0.03314442014334773 0.016014713928939273 0.018446102242194229 0.009932633493974663 0.42151623871938781 0.0080123437586081536 0.10945105229569663 0.00715019207788714 0.094430193929045281 0.076050323837379086 0.047282684292332178 0.0151280414705246 0.008261512035954155 0.13482530813990223 0.008670072257943584 0.038472376002943065 0.045256908295158382 0.35690063768358993
leaf_count=167 421517 168886 4394 62 18 61 165779 30 626 186 223 96 351 31 59 18 1498 41 275 28 875 629 316 137 51 779 52 76 86 653
internal_value=-3.74118e-10 0.00110135 0.00191379 0.00594499 0.0137591 0.000646959 -0.00692481 -0.00365194 -0.00840512 -0.00218253 -0.0190049 -0.00149217 -0.00675034 0.0111953 0.0093446 -0.0270734 0.0177806 0.0190101 0.0128105 -0.0272285 0.000976366 -0.00830505 0.00812279 -0.00995658 0.0152193 0.0184812 0.0215076 0.00647401 0.00843835 0.00572884
internal_weight=1.96946 1.92707 1.89653 1.30248 0.526277 0.776206 0.59405 0.511037 0.303982 0.227988 0.0927017 0.0490786 0.0862758 0.0459811 0.135286 0.075994 0.440001 0.429529 0.127897 0.0402946 0.391892 0.170481 0.221412 0.0624107 0.159001 0.150739 0.143495 0.472224 0.44063 0.402158
internal_count=768000 346483 177597 4555 2134 2421 173042 7263 1545 901 505 282 577 198 396 644 1557 1539 334 379 2869 1504 1365 453 912 861 831 876 815 739
is_linear=0
shrinkage=0.05


Tree=201
num_leaves=31
num_cat=0
split_feature=10 57 12 3 12 4 34 12 10 10 1 13 69 34 13 12 17 6 56 0 10 18 10 13 69 34 58 10 3 34
split_gain=0.0422224 0.0258478 0.0238734 0.0217449 0.0155882 0.0133594 0.0125584 0.0116519 0.0130539 0.0379121 0.0180598 0.0126135 0.0136346 0.0159644 0.0142534 0.0140288 0.0117664 0.0114418 0.0200147 0.0171783 0.0228167 0.022292 0.0216371 0.0307835 0.0177764 0.0124713 0.0114759 0.0114117 0.0113584 0.012005
threshold=4.7500000000000009 0.40444585680961614 0.55902779102325451 1.0000000180025095e-35 0.91987180709838878 1.0000000180025095e-35 5.0054175853729257 0.22474747896194461 8.7500000000000018 8.2500000000000018 13.500000000000002 348.04936218261724 13.787350654602053 2.9841302633285527 259.13044738769537 0.30217391252517706 0.91491374373435985 2.5000000000000004 0.92885261774063121 15.500000000000002 9.7500000000000018 0.31609262526035314 9.2500000000000018 346.15626525878912 8.2080826759338397 3.7351663112640385 0.27648861706256872 4.2500000000000009 2.5000000000000004 2.7285441160202031
decision_type=2 2 2 2 2 2 2 2 2 2 2 2 2 2 2 2 2 2 2 2 2 2 2 2 2 2 2 2 2 2
left_child=4 -2 3 -3 27 6 7 -5 9 11 -10 12 14 -14 -9 -16 -13 18 19 -12 22 25 23 -21 -23 -22 -26 28 -1 -30
right_child=1 2 -4 5 -6 -7 -8 8 10 -11 17 16 13 -15 15 -17 -18 -19 -20 20 21 24 -24 -25 26 -27 -28 -29 29 -31
leaf_value=-0.023389994851522267 -0.031215771471582866 -0.020664868818049652 -0.0052403187527481077 -0.012063365632185468 -0.050023513859842411 -0.050247302661075383 -0.050193276091604282 -0.034755083188680896 -0.0048531729670680084 -0.050745782555018604 0.045598901528953316 -0.040993396849678163 -0.020690577792148206 0.029264340360537017 -0.016253676006789432 0.024081518878223268 0.0034185106790530998 0.049596738178163478 -0.042157535227927007 0.040162709502451044 0.041730612317839297 0.049920534116480592 -0.05094694471014008 -0.022397939288153423 -0.0305575789864104 -0.03303262913116653 0.0093961673964538459 -0.050398148377728415 0.011160006546303771 -0.030267416377800383
leaf_weight=0.088286360075610776 0.054011233152261862 0.062715036927181278 0.49271784667124929 0.053611141138006024 0.035788642359587869 0.0092350751842439349 0.0085519773922254627 0.012167037828021421 0.079510776839299524 0.027969974607424675 0.059357836800018049 0.021329974895877513 0.053161507282794673 0.022875044307880898 0.02361643612202613 0.24722554114603668 0.049578640168249422 0.032413993852173917 0.013061194693989364 0.037972095561542574 0.1281354539682269 0.021695856814446302 0.019595852860220475 0.0407812677112247 0.023511294922940351 0.0058318429927339812 0.076293086303280688 0.019743906456832772 0.074175384413624257 0.022882132667374488
leaf_count=34977 5321 689 6539 164 702539 591 627 54 122 38 140 67 117 64 110 708 165 44 14 258 453 91 13 131 73 11 255 1018 3398 9209
internal_value=-1.49318e-09 0.00281177 0.00394422 0.00794828 -0.0195749 0.00962931 0.0101518 0.0106435 0.0118656 0.00566047 0.0171456 0.00932989 0.0131357 -0.005662 0.0181862 0.0205644 -0.00994101 0.0209593 0.0187815 0.0207079 0.016532 0.0244102 -0.00393194 0.0077666 0.00890108 0.038476 -1.58875e-05 -0.0142615 -0.010412 0.00139314
internal_weight=1.9178 1.67693 1.62292 1.1302 0.240876 1.06748 1.05825 1.0497 0.996085 0.457924 0.538161 0.429954 0.359046 0.0760366 0.283009 0.270842 0.0709086 0.45865 0.426236 0.413175 0.353817 0.255468 0.0983492 0.0787534 0.1215 0.133967 0.0998044 0.205088 0.185344 0.0970575
internal_count=768000 16859 11538 4999 751141 4310 3719 3092 2928 1323 1605 1285 1053 181 872 818 232 1483 1439 1425 1285 883 402 389 419 464 328 48602 47584 12607
is_linear=0
shrinkage=0.05


Tree=202
num_leaves=31
num_cat=0
split_feature=10 17 6 0 4 8 69 18 1 5 18 37 1 10 34 0 1 24 54 14 69 0 63 7 12 69 57 38 58 3
split_gain=0.0405896 0.0259341 0.0208193 0.011814 0.0117899 0.011454 0.0153305 0.0119509 0.0117075 0.011102 0.0111791 0.0144808 0.0115489 0.0109542 0.0109394 0.0116587 0.0113566 0.0124431 0.0113044 0.0139284 0.0138156 0.012006 0.0112622 0.0118065 0.0134042 0.0165769 0.0185922 0.0133211 0.0121677 0.0129647
threshold=3.7500000000000004 0.87721222639083873 1.0000000180025095e-35 10.500000000000002 1.0000000180025095e-35 1.0000000180025095e-35 9.0468797683715838 0.31272545456886297 13.500000000000002 2.5000000000000004 0.3402294665575028 0.92183798551559459 18.500000000000004 3.2500000000000004 3.5467442274093632 12.500000000000002 17.500000000000004 0.78888890147209179 2.7079319953918461 2.7074258327484135 14.651551723480226 19.500000000000004 4.2972624301910409 1.0000000180025095e-35 0.46862745285034185 12.687944889068605 0.88050693273544323 0.39690588414669042 0.21708940714597705 3.5000000000000004
decision_type=2 2 2 2 2 2 2 2 2 2 2 2 2 2 2 2 2 2 2 2 2 2 2 2 2 2 2 2 2 2
left_child=3 5 4 -1 9 6 8 -8 -2 10 12 -12 -3 -5 15 -4 17 -16 19 20 22 -22 23 24 -17 26 -26 -28 29 -25
right_child=1 2 14 13 -6 -7 7 -9 -10 -11 11 -13 -14 -15 16 18 -18 -19 -20 -21 21 -23 -24 28 25 -27 27 -29 -30 -31
leaf_value=-0.050009360986589327 -0.031840086794801846 0.030461534883748337 -0.013168855183668393 -0.0097943150520989897 -0.050263013611878599 0.022454106539450815 -0.0073712472448976725 -0.041875260810620221 0.0033715818302992636 -0.05053810436069002 0.037695001142513021 0.00084928475526863188 0.011871598573178321 -0.050492029886256222 -0.030177566610545065 0.023828791085138506 -0.040411617463286073 0.020512421461881841 0.02541774624664779 -0.043026409042373412 -0.025589877290861474 0.034762117590785631 -0.014848111345609189 0.021285521424659053 -0.024232336770919807 -0.02766827777512661 0.024581344498367425 -0.02038021194555658 -0.041914229053617885 -0.046347014894068672
leaf_weight=0.036018306160629676 0.030055955870514683 0.1347516443475627 0.11406501269848779 0.092116332411219803 0.007579737383850981 0.022109484142309954 0.039587391960711593 0.068555934426065224 0.11001274734258082 0.0069111109206727575 0.03024985321763296 0.22507675609354472 0.21985733871365265 0.020151141502553704 0.02213115515133679 0.15462357739411914 0.033008193444959921 0.026727736839870675 0.057129457491548408 0.016614274209035607 0.060204015319380355 0.0095473610049339186 0.054642037899006013 0.029887526465259384 0.031222393351878708 0.033802835333226255 0.12068469305577434 0.019078175374801276 0.021006674173207784 0.009287798272488601
leaf_count=722330 1454 688 1709 22891 1121 281 1103 5437 1927 27 104 1304 1404 1126 1338 282 1295 1138 156 21 156 13 124 70 81 110 226 22 48 14
internal_value=4.8357e-10 0.00217801 0.00484891 -0.025093 0.0117163 -0.012031 -0.0151027 -0.0292446 -0.00418414 0.0124779 0.0131919 0.00521459 0.0189358 -0.0170992 -0.000421306 0.00151781 -0.0177547 -0.00244815 0.00422973 0.00207051 0.00344785 -0.0173291 0.00650375 0.00928432 0.0127164 0.00432602 0.0106511 0.0184439 -0.0112121 0.00525101
internal_weight=1.8567 1.70841 1.43809 0.148286 0.624426 0.270322 0.248212 0.108143 0.140069 0.616847 0.609936 0.255327 0.354609 0.112267 0.813663 0.731796 0.0818671 0.0488589 0.617731 0.560601 0.543987 0.0697514 0.474236 0.419594 0.359412 0.204788 0.170985 0.139763 0.060182 0.0391753
internal_count=768000 21653 11451 746347 4648 10202 9921 6540 3381 3527 3500 1408 2092 24017 6803 3032 3771 2476 1323 1167 1146 169 977 853 721 439 329 248 132 84
is_linear=0
shrinkage=0.05


Tree=203
num_leaves=31
num_cat=0
split_feature=12 17 10 14 34 6 6 38 10 34 6 18 12 14 58 16 24 16 3 0 58 1 18 13 23 14 29 12 10 13
split_gain=0.0388515 0.0243547 0.0237159 0.0149142 0.014715 0.014737 0.0127248 0.0145439 0.0119363 0.0111843 0.0111532 0.0102668 0.0101197 0.00970072 0.00936568 0.00932274 0.0126374 0.0119806 0.0106126 0.0131127 0.00973897 0.0130318 0.011033 0.00925045 0.0160836 0.00865898 0.0130238 0.010877 0.00887502 0.00863218
threshold=0.69615384936332714 0.82266744971275341 5.7500000000000009 2.5609524250030522 3.5467442274093632 1.0000000180025095e-35 2.5000000000000004 0.24589308351278308 5.2500000000000009 2.4005811214447026 1.5000000000000002 0.30934442579746252 0.31414473056793218 1.7636806368827822 0.082791313529014601 0.75779366493225109 0.5634920895099641 0.62440800666809093 3.5000000000000004 13.500000000000002 0.25848318636417394 12.500000000000002 0.2189961522817612 346.98332214355474 3.9028713703155522 0.85129454731941234 13.575827121734621 0.22474747896194461 16.250000000000004 347.20008850097662
decision_type=2 2 2 2 2 2 2 2 2 2 2 2 2 2 2 2 2 2 2 2 2 2 2 2 2 2 2 2 2 2
left_child=1 9 8 6 5 25 14 -8 29 10 12 -9 13 -1 -2 16 17 -7 -17 -20 21 -18 -23 24 -6 26 27 -4 -27 -3
right_child=3 2 4 -5 23 15 7 11 -10 -11 -12 -13 -14 -15 -16 18 20 -19 19 -21 -22 22 -24 -25 -26 28 -28 -29 -30 -31
leaf_value=-0.040425747239477887 0.044008799210057563 -0.0034740343644724296 -0.049892810090899409 -0.041878515543632144 -0.023859133164531143 -0.023789789353813998 -0.034485576144066873 0.023827112113088373 -0.050480659855365907 -0.033083436890137562 -0.045821434727652453 -0.050125674667901382 0.015908305802813279 0.017726078930125597 -0.028009971888745839 0.011687259139182409 -0.044489348505866465 0.035474763986797039 0.029049956583910592 -0.030833305343453687 -0.029628126220157036 -0.043741994788888357 0.021884922980883653 -0.036609872747848209 0.01436913222539609 0.020226969528244411 -0.040742566088634261 0.022690492120244939 -0.050614744680234393 -0.043273641220855745
leaf_weight=0.020720303467371026 0.0047580354215053513 0.26083684594145695 0.0059762258723308195 0.056127999743384366 0.047222698068636659 0.012067109220481598 0.018637311893511949 0.048904501826208757 0.01562274424499055 0.059563360397609622 0.014528311619464773 0.0051913726732107915 0.049359553285928004 0.010967724468066375 0.088115269091699117 0.34725117290241769 0.013235310958407354 0.029073383436468703 0.012703574700026365 0.03260238690673134 0.054181605859481508 0.0076045441810581585 0.040574858659596202 0.022621550951289482 0.065924484592473576 0.39195171913579507 0.015332142082456812 0.037861974598584425 0.0044715452544892278 0.014374763642391319
leaf_count=576 5083 6778 8 511464 511 29 37798 26049 270 14650 996 27336 1741 141 127727 556 15 50 13 64 100 13 94 462 471 1913 51 177 7 2857
internal_value=1.04657e-09 0.00273974 0.00477909 -0.0196043 0.00802877 0.0101162 -0.0120551 0.00360652 -0.00796622 -0.0160776 -0.00547942 0.0167301 0.00175215 -0.0202985 -0.0243203 0.00460176 -0.00570697 0.0180916 0.00871775 -0.0140423 -0.0141768 -0.000545319 0.0115265 -0.00742135 -0.00158568 0.0167648 -0.00107714 0.0127956 0.0194279 -0.00555283
internal_weight=1.80836 1.58663 1.43149 0.221734 1.14066 1.00489 0.165606 0.0727332 0.290834 0.155139 0.0955759 0.0540959 0.0810476 0.031688 0.0928733 0.549294 0.156737 0.0411405 0.392557 0.045306 0.115596 0.0614147 0.0481794 0.135769 0.113147 0.455594 0.0591703 0.0438382 0.396423 0.275212
internal_count=768000 32543 14439 735457 4534 3090 223993 91183 9905 18104 3454 53385 2458 717 132810 934 301 79 633 77 222 122 107 1444 982 2156 236 185 1920 9635
is_linear=0
shrinkage=0.05


Tree=204
num_leaves=31
num_cat=0
split_feature=4 10 57 12 3 34 5 12 10 10 1 69 14 54 69 34 1 36 34 36 10 54 69 34 11 18 13 69 25 0
split_gain=0.0371163 0.0274583 0.021965 0.0207091 0.0187738 0.0113548 0.0111351 0.0109525 0.0114354 0.0345778 0.0163795 0.01272 0.0132124 0.0122889 0.0217927 0.0154365 0.0149401 0.0109 0.0106002 0.0127389 0.0105464 0.0104776 0.0150416 0.0120709 0.014492 0.0121888 0.0143237 0.0122737 0.0138338 0.0119075
threshold=1.0000000180025095e-35 4.7500000000000009 0.40444585680961614 0.5419580638408662 1.0000000180025095e-35 5.0054175853729257 1.5000000000000002 0.22474747896194461 8.7500000000000018 8.2500000000000018 13.500000000000002 14.878560543060305 1.2652080655097964 1.5332282185554507 11.648032665252687 1.728749215602875 15.500000000000002 0.72763636708259594 0.54594680666923534 0.82128340005874645 13.250000000000002 2.8165795803070073 9.892881393432619 2.6222474575042729 1.5119047760963442 0.20289242267608645 276.18678283691412 7.4991328716278085 47.750000000000007 17.500000000000004
decision_type=2 2 2 2 2 2 2 2 2 2 2 2 2 2 2 2 2 2 2 2 2 2 2 2 2 2 2 2 2 2
left_child=1 -1 -3 4 -4 6 7 -6 9 21 18 13 -13 20 16 -16 -15 -18 -10 -20 -12 23 -23 24 25 -9 -27 -28 -29 -24
right_child=-2 2 3 -5 5 -7 -8 8 10 -11 11 12 -14 14 15 -17 17 -19 19 -21 -22 22 29 -25 -26 26 27 28 -30 -31
leaf_value=-0.016288835371690537 -0.050061724622199127 -0.030082519120012627 -0.019357923030044102 -0.0043552189935236576 -0.011459982097541226 -0.05018836535283671 -0.022245565909108519 -0.038718149285282076 -0.043873036565958597 -0.050706945819805727 0.041911576116796419 -0.046382041698828293 0.012240194159897156 0.033913377917956851 -0.011872810053767687 0.040919571442997286 0.026905337693844768 -0.026251559083829291 -0.021006227918759585 0.026175727492612429 0.004402092994615042 -0.022532100678155972 0.041620053336976444 -0.016736064066044113 -0.01345984187494048 -0.018806276760066572 -0.013087057882640541 0.0353676395508336 -0.013749531342432592 -0.022445201268314858
leaf_weight=0.20164693899776454 0.036263318259355359 0.047613450483540043 0.057417393717265286 0.46205413882282509 0.04933916786546888 0.0077527765038007948 0.025168842945390679 0.009446995657071966 0.013528551613489981 0.02473760462044261 0.12951313686897947 0.011611409161730535 0.055808453600150187 0.020916129854981591 0.01649506365919251 0.086241757248018303 0.012151660450911095 0.046727060070054449 0.025679535121895469 0.032300962092904228 0.021909941785196452 0.013721751128002779 0.065260349272989515 0.049504855854479501 0.05049755859920424 0.021482736821099024 0.018974879345250883 0.12513364187833531 0.016190339051689762 0.0081598631600812155
leaf_count=334328 421517 3512 451 4490 163 622 61 21 14 37 667 18 165 21 38 349 33 135 55 48 32 35 174 191 184 81 42 415 41 60
internal_value=3.09892e-09 0.0010512 0.00334352 0.00442053 0.00841283 0.0100768 0.0105684 0.0114609 0.0127519 0.00656446 0.0180264 0.0219542 0.00214396 0.0259535 0.0172176 0.0324434 -0.00238583 -0.0152808 -0.00402002 0.00527886 0.0364842 0.0103088 0.0255194 0.00575749 0.0103641 0.0166553 0.019533 0.0246711 0.0297407 0.0344999
internal_weight=1.76325 1.72699 1.52534 1.47773 1.01567 0.958255 0.950502 0.925333 0.875994 0.403111 0.472884 0.401375 0.0674199 0.333955 0.182532 0.102737 0.0797949 0.0588787 0.071509 0.0579805 0.151423 0.378373 0.087142 0.291231 0.241726 0.191229 0.181782 0.160299 0.141324 0.0734202
internal_count=768000 346483 12155 8643 4153 3702 3080 3019 2856 1281 1575 1458 183 1275 576 387 189 168 117 103 699 1244 269 975 784 600 579 498 456 234
is_linear=0
shrinkage=0.05


Tree=205
num_leaves=31
num_cat=0
split_feature=34 12 2 10 10 34 3 24 10 10 18 11 6 16 27 29 38 1 37 10 10 6 69 38 23 43 6 34 56 49
split_gain=0.0364266 0.0263501 0.0198314 0.0172842 0.0309871 0.0170516 0.0149203 0.0126307 0.0125848 0.0287254 0.0125055 0.0141157 0.0124997 0.0132673 0.013479 0.0126959 0.0124718 0.0121671 0.0118579 0.0116508 0.0110505 0.0106829 0.0104509 0.0125931 0.0122575 0.0116031 0.0104371 0.00983805 0.00960558 0.00925543
threshold=4.3533363342285165 0.67708334326744091 1.0000000180025095e-35 8.7500000000000018 8.2500000000000018 0.46517780423164373 1.0000000180025095e-35 0.47727273404598242 6.7500000000000009 6.2500000000000009 0.39575213193893438 1.1558704376220705 1.0000000180025095e-35 0.75779366493225109 48.285715103149421 12.042840003967287 0.25469110906124121 25.500000000000004 0.99058449268341076 5.7500000000000009 5.2500000000000009 2.5000000000000004 7.5277934074401864 0.35484093427658087 3.5508276224136357 4.0859410762786874 3.5000000000000004 1.728749215602875 0.36965656280517584 15.400806427001955
decision_type=2 2 2 2 2 2 2 2 2 2 2 2 2 2 2 2 2 2 2 2 2 2 2 2 2 2 2 2 2 2
left_child=1 2 -1 4 6 7 -4 -5 9 17 12 -12 -7 29 -15 -16 -10 19 -3 20 -8 -20 28 -24 -25 -26 -23 -17 -18 -14
right_child=-2 18 3 5 -6 10 8 -9 16 -11 11 -13 13 14 15 27 22 -19 21 -21 -22 26 23 24 25 -27 -28 -29 -30 -31
leaf_value=-0.050123986550791033 -0.038961603133223381 -0.036714932491925346 -0.036175961662067845 0.03120240142593543 -0.050585075077751375 0.02222327669920918 -0.00012553948616664148 -0.042456729125340979 -0.018037108498692233 -0.050761796250409455 -0.024404367379986126 0.029676086511587631 0.0007523997422908778 0.030046650309508535 -0.032944525020159064 -0.011409887330773132 0.032817993123410251 -0.021137767362002898 -0.020940324777957431 0.015896301919089775 -0.050427007726176976 0.011276789831086258 0.031894409542645802 0.039248914893183474 -0.044497212872540437 0.0063393630794105751 -0.041095918448672802 0.02183805629729621 -0.034025011008134216 -0.035671714264512384
leaf_weight=0.016837933182764941 0.057957115011898153 0.048354931800035167 0.025572501779046464 0.0076140887535984794 0.029927882935413486 0.27069569776979208 0.21118317428926203 0.024697510086205909 0.031369639712778508 0.028726420252862539 0.043768049923126995 0.016658328213384088 0.074309403709102995 0.083879249580377291 0.019534596668677295 0.032908435406511671 0.0076232865238807781 0.054137799077137227 0.085955124945113814 0.13484414801843769 0.011513766026405747 0.071161601068225722 0.10100504217044204 0.022463300544558251 0.013675602486529215 0.062622034884324052 0.010980735106035172 0.068692740472670266 0.018221268438935567 0.022789100111712202
leaf_count=4329 419614 122219 2403 35 103 1365 1179 76 65 84 246 91 181 145 38 38 33 2241 117647 360 84 37767 334 132 34 310 56652 94 44 57
internal_value=2.14228e-09 0.00136712 0.00381961 0.00445996 -0.000729414 0.0103303 0.00133443 -0.0250993 0.0027099 -0.00242084 0.0121382 -0.00949548 0.0144203 0.00742883 0.0146397 0.00397138 0.0115028 0.000952331 -0.014895 0.00429715 -0.0027262 -0.00861832 0.0156102 0.0194809 0.00678525 -0.00277259 0.00427564 0.0110691 -0.0143085 -0.00779637
internal_weight=1.70968 1.65172 1.43527 1.41843 0.752886 0.665547 0.722958 0.0323116 0.697385 0.440405 0.633236 0.0604264 0.572809 0.302114 0.205015 0.121136 0.25698 0.411679 0.216452 0.357541 0.222697 0.168097 0.225611 0.199766 0.0987609 0.0762976 0.0821423 0.101601 0.0258446 0.0970985
internal_count=768000 348386 14101 9772 7406 2366 7303 111 4900 3948 2255 337 1918 553 315 170 952 3864 334285 1623 1263 212066 887 810 476 344 94419 132 77 238
is_linear=0
shrinkage=0.05


Tree=206
num_leaves=31
num_cat=0
split_feature=4 11 17 6 57 6 69 8 1 14 37 12 56 38 34 14 69 40 38 34 3 57 57 12 11 58 38 49 17 56
split_gain=0.0343778 0.0259234 0.0177358 0.0169481 0.0153923 0.0142897 0.0129854 0.0133387 0.012097 0.00987089 0.0106411 0.0090985 0.0115982 0.0099794 0.00883821 0.0085378 0.0206315 0.0111545 0.0103214 0.012567 0.00813969 0.00806937 0.00770977 0.00772022 0.00765196 0.00928399 0.00765532 0.00948576 0.00834592 0.00854688
threshold=1.0000000180025095e-35 1.3405797481536867 0.86875513195991527 1.0000000180025095e-35 0.83388909697532665 1.0000000180025095e-35 8.2542676925659197 1.0000000180025095e-35 13.500000000000002 3.5592596530914311 0.97627702355384838 0.70714285969734203 0.66797900199890148 0.36008127033710485 4.3533363342285165 1.2089896798133852 11.648032665252687 0.0085116182453930395 0.37984722852706915 2.4748060703277592 1.0000000180025095e-35 0.71274510025978099 0.13363207131624225 0.65686276555061351 1.6568627357482912 0.15928744524717334 0.33890816569328314 16.738184928894047 0.92177352309227001 0.90639603137969982
decision_type=2 2 2 2 2 2 2 2 2 2 2 2 2 2 2 2 2 2 2 2 2 2 2 2 2 2 2 2 2 2
left_child=1 2 6 9 -3 -6 8 -8 -1 11 -11 13 -13 -4 20 16 21 18 19 -17 -5 -15 -10 -24 25 -7 27 28 -27 -30
right_child=-2 4 3 14 5 24 7 -9 22 10 -12 12 -14 15 -16 17 -18 -19 -20 -21 -22 -23 23 -25 -26 26 -28 -29 29 -31
leaf_value=-0.029801700374399005 -0.050062626586143855 -0.028209092456946024 0.033224792264832097 -0.025482360649712904 0.0036998153619394814 -0.050313239632279398 -0.031386785171037733 0.022326408293904799 -0.050431360991083946 -0.032138730993223133 0.022569752052411917 0.020405329210095916 -0.050436936921099434 -0.050342994931909593 -0.04641136312397004 -0.022579427113109396 -0.042949899944437202 -0.039089466553906209 0.031124756107728753 0.046679908470216747 0.0047423357336001436 0.039471892228631317 0.024557363072121797 -0.051150255761824685 -0.033114473650282535 -0.048927242245376326 -0.026516909707244546 -0.04486518901946325 0.016687016823978409 -0.025990392332459408
leaf_weight=0.019439791044711718 0.033597268136818292 0.081324051994066004 0.11522906100287145 0.023215120490462482 0.23844269028200143 0.012617597536957598 0.073716429635459102 0.013707496317778123 0.0041656550406603534 0.020334465527527712 0.015790239652744731 0.01318189655528812 0.010285860078568021 0.0028776555495824132 0.0090020916140094442 0.021730112693262527 0.019494978730222101 0.0074982039400879321 0.10396549847800429 0.0093754688919318596 0.55025030994075586 0.019097425180220284 0.055366558012513778 0.0035854318852530645 0.043245234412275707 0.0064494956504717029 0.033009006091053283 0.010149414883537267 0.074695885260497086 0.013917226271312977
leaf_count=436 421517 146613 511 95 15200 431 2879 83 142 155 171 34 28 4 908 72 41 12 486 51 1174 145 289 39 174794 37 684 135 680 154
internal_value=-8.85217e-10 0.00103495 0.00532902 0.00801318 -0.00825187 -0.0044995 -0.0095354 -0.0229649 0.00468574 0.0165606 -0.00822545 0.0193349 -0.0106447 0.0216858 0.0027471 0.0144612 -0.00550676 0.0202694 0.0235646 -0.00170411 0.00351877 0.0277106 0.0153076 0.0199529 -0.0145728 -0.00925693 -0.00550908 0.00108187 0.00598744 0.00998427
internal_weight=1.65876 1.62516 1.11131 0.941328 0.513851 0.432527 0.169981 0.0874239 0.0825574 0.358861 0.0361247 0.322736 0.0234678 0.299268 0.582468 0.184039 0.0414701 0.142569 0.135071 0.0311056 0.573465 0.0219751 0.0631176 0.058952 0.194084 0.150839 0.138221 0.105212 0.0950626 0.0886131
internal_count=768000 346483 7755 3887 338728 192115 3868 2962 906 1710 326 1384 62 1322 2177 811 190 621 609 123 1269 149 470 328 176915 2121 1690 1006 871 834
is_linear=0
shrinkage=0.05


Tree=207
num_leaves=31
num_cat=0
split_feature=34 12 17 10 10 34 18 10 10 19 13 10 10 13 17 13 36 10 37 18 12 12 5 37 17 10 36 38 18 17
split_gain=0.0329889 0.0242758 0.0183725 0.0193957 0.0240447 0.0125033 0.0119064 0.0107264 0.018924 0.0142803 0.0119034 0.0130766 0.0207509 0.0113192 0.0135507 0.0102966 0.0111451 0.0115313 0.0148444 0.0135326 0.0126015 0.0111071 0.0198789 0.0118167 0.0108286 0.010776 0.0146136 0.0101552 0.0123347 0.0128874
threshold=4.3533363342285165 0.65686276555061351 0.84445098042488109 8.7500000000000018 8.2500000000000018 0.46517780423164373 0.32312279939651495 7.7500000000000009 7.2500000000000009 0.00021360259415814656 347.10301208496099 6.7500000000000009 6.2500000000000009 336.10350036621099 0.94816115498542797 287.12956237792974 0.8370828926563264 12.250000000000002 0.92389097809791576 0.32472887635231024 0.40588235855102545 0.55902779102325451 1.0000000180025095e-35 0.94493386149406444 0.91712909936904918 9.2500000000000018 0.79919356107711803 0.24434674531221393 0.21646151691675189 0.94421008229255687
decision_type=2 2 2 2 2 2 2 2 2 2 2 2 2 2 2 2 2 2 2 2 2 2 2 2 2 2 2 2 2 2
left_child=1 2 -1 4 7 -5 27 8 10 13 11 12 -4 -9 -15 -7 17 18 -17 20 -20 23 -23 24 -18 26 -21 -3 -29 -30
right_child=-2 6 3 5 -6 15 -8 9 -10 -11 -12 -13 -14 14 -16 16 21 -19 19 25 -22 22 -24 -25 -26 -27 -28 28 29 -31
leaf_value=-0.012590321684471785 -0.038654782370815599 -0.029304953853411083 0.0023569475674736521 -0.022294404726373437 -0.050546440850614251 0.037727135396861337 -0.036280286147675499 0.04889499672316764 -0.05048466902382575 -0.022202369880950944 -0.021179305917958562 0.020549377905690974 -0.050825087545787552 -0.04111009492708706 0.027544590914327583 0.046689003300469885 0.02658291253244971 -0.025198997611936169 0.044379647977468954 0.050503362168135314 -0.016786193444274271 -0.02983240367873229 0.025938416420977897 0.025426067273282678 -0.04734489307533013 -0.02632646037045407 -0.032287640307555328 0.029076954130132143 -0.036923261422452135 -0.00026416477488745189
leaf_weight=0.14662991959899563 0.053373547761742413 0.043678642886410379 0.31319438676851019 0.02404318311405973 0.022630079295925754 0.04401806953622156 0.044353291553734714 0.034024941848613821 0.018499807760044007 0.017571808826545521 0.053465188476045644 0.091902097620618406 0.019483033617241574 0.0099068045981027808 0.026181551088313881 0.021102111549538449 0.0089110675560277741 0.031980535774039254 0.025933820348740255 0.012872123193858442 0.012469434446842342 0.030782565895492553 0.033221622891005609 0.24105867037177831 0.011152635980096193 0.046124961024304412 0.0090968123649304289 0.026482971868015542 0.030461066654331459 0.11257397352215337
leaf_count=6331 419614 114669 2791 66 59 109 114870 167 64 116 1148 326 48 47 66 77 54 83 116 44 48 45 43 930 16 133 32 16453 23200 66235
internal_value=3.19651e-09 0.00131931 0.0040855 0.00619409 2.25895e-05 0.0129695 -0.0127104 0.00198138 -0.000865633 0.0181035 0.00105457 0.00385437 -0.000757623 0.0282049 0.00869783 0.0145731 0.0124704 0.00164834 0.00837716 0.000785781 0.0245193 0.0177821 -0.000884343 0.0223575 -0.0145107 -0.0125993 0.0162216 -0.00780695 -0.0022677 -0.00807117
internal_weight=1.61718 1.56381 1.30626 1.15963 0.60686 0.552768 0.25755 0.58423 0.496545 0.0876851 0.478045 0.42458 0.332677 0.0701133 0.0360884 0.528724 0.484706 0.15958 0.127599 0.106497 0.0384033 0.325127 0.0640042 0.261122 0.0200637 0.0680939 0.0219689 0.213197 0.169518 0.143035
internal_count=768000 348386 12959 6628 4832 1796 335427 4773 4377 396 4313 3165 2839 280 113 1730 1621 533 450 373 164 1088 88 1000 70 209 76 220557 105888 89435
is_linear=0
shrinkage=0.05


Tree=208
num_leaves=31
num_cat=0
split_feature=10 17 6 4 11 58 1 54 43 1 6 12 0 13 13 26 18 12 11 10 27 29 14 34 63 7 3 6 7 36
split_gain=0.0325245 0.0220263 0.0165541 0.0105846 0.0105172 0.016128 0.0130816 0.0131257 0.0102377 0.0125901 0.0102375 0.0130222 0.00973468 0.00972718 0.009933 0.0140171 0.009722 0.0118327 0.00997172 0.00938353 0.00936132 0.010998 0.0147539 0.01339 0.0107657 0.00880668 0.00873798 0.00943373 0.00862424 0.00874652
threshold=3.7500000000000004 0.83447185158729564 1.0000000180025095e-35 1.0000000180025095e-35 1.0178571343421938 0.21838089823722842 12.500000000000002 1.8081356883049013 4.4005842208862314 10.500000000000002 2.5000000000000004 0.62019231915473949 10.500000000000002 342.18873596191412 334.06430053710943 33.030302047729499 0.3402294665575028 0.82575756311416637 0.78019323945045482 3.2500000000000004 47.386363983154304 12.404099941253664 3.1497589349746709 1.2688759565353396 3.7494349479675297 1.0000000180025095e-35 3.5000000000000004 3.5000000000000004 1.0000000180025095e-35 0.90639603137969982
decision_type=2 2 2 2 2 2 2 2 2 2 2 2 2 2 2 2 2 2 2 2 2 2 2 2 2 2 2 2 2 2
left_child=12 -2 3 16 5 6 7 8 9 -4 11 13 -1 14 15 -6 17 -3 -18 25 21 22 -20 -23 -22 -14 27 -12 29 -17
right_child=1 2 4 -5 10 -7 -8 -9 -10 -11 26 -13 19 -15 -16 28 18 -19 20 -21 24 23 -24 -25 -26 -27 -28 -29 -30 -31
leaf_value=-0.050008394460331652 -0.016336886891573216 0.018344843792843426 0.026911626881342184 -0.050205028684783895 0.046374099544823161 -0.0047379149861796321 0.035380237796724077 -0.045916304934657537 0.04140429058285848 -0.04389510351253928 0.015324371878612861 -0.030955036078797533 -0.0026390159592769502 -0.021660887978337692 0.027662586535814507 0.0061980022827075121 -0.047817647743746902 -0.044663606072055467 0.042397574203597799 -0.050448340763501 -0.02123503470725667 -0.040167887044337741 -0.036375487543433165 0.014719321043794135 0.0093263545023393041 -0.050121277210125187 -0.045022407766260958 -0.025470642638822323 -0.043268590779271726 -0.018012590027737363
leaf_weight=0.028806470571452719 0.14541372175755118 0.32011822703444337 0.01328386434749973 0.0070854871974802549 0.012701712274635568 0.13349594023526956 0.066519752403502608 0.011162800659853644 0.019939046707435182 0.01190366964844003 0.10588299480702973 0.060347994281691186 0.067108896695676906 0.068514942013242264 0.028178801740777359 0.084881611713030658 0.009066349694165865 0.0076287466866775669 0.046652343813246233 0.017072060649489906 0.051987312085882031 0.014766739336136148 0.00681210878229943 0.044891002460561324 0.064652286185547636 0.011428394396241659 0.0077085468646486124 0.016361032319115565 0.015794120736219774 0.066555234451413092
leaf_count=722330 9065 1825 33 1316 41 556 152 144 46 18 824 3800 13888 476 127 284 38 437 287 1126 303 50 184 433 324 9003 159 441 89 201
internal_value=1.15963e-09 0.00211587 0.00418488 0.0105277 -0.000846174 0.007292 0.0203688 0.00262901 0.0146375 -0.00655175 -0.00531337 -0.00991103 -0.0245285 -0.00532014 5.96024e-05 -0.00426323 0.0112872 0.0168782 0.00361454 -0.0168515 0.00564405 0.0158923 0.0323608 0.0011334 -0.00429513 -0.00954842 0.00660862 0.0098644 -0.00810929 -0.00444235
internal_weight=1.56672 1.44231 1.29689 0.573661 0.723232 0.256305 0.122809 0.0562894 0.0451266 0.0251875 0.466927 0.336974 0.124416 0.276626 0.208111 0.179933 0.566575 0.327747 0.238828 0.0956094 0.229762 0.113122 0.0534645 0.0596577 0.11664 0.0785373 0.129953 0.122244 0.167231 0.151437
internal_count=768000 21653 12588 5197 7391 949 393 241 97 51 6442 5018 746347 1218 742 615 3881 2262 1619 24017 1581 954 471 483 627 22891 1424 1265 574 485
is_linear=0
shrinkage=0.05


Tree=209
num_leaves=31
num_cat=0
split_feature=10 57 12 34 17 12 13 16 10 69 36 37 56 57 54 11 18 57 54 34 69 14 13 56 58 3 6 54 69 49
split_gain=0.0310966 0.019942 0.0164425 0.0148447 0.0122509 0.0117691 0.01054 0.0110484 0.0098286 0.00931871 0.0139207 0.0123652 0.0117553 0.0115675 0.0111707 0.010856 0.0101381 0.0116175 0.00902043 0.0118242 0.01122 0.0108833 0.00893958 0.00981741 0.0117936 0.00888664 0.0100258 0.00904813 0.00863572 0.00858607
threshold=4.7500000000000009 0.67305442690849315 0.53589746356010448 3.5842828750610356 0.92417654395103466 0.91987180709838878 335.12585449218756 0.77213752269744884 4.2500000000000009 10.737765312194826 0.96444374322891246 0.95944532752037059 0.87551653385162365 0.89163517951965343 3.337611317634583 1.0178571343421938 0.20173875242471698 0.95794436335563671 0.5505889654159547 2.9841302633285527 10.196917057037355 1.236014246940613 337.14201354980474 0.24602774530649188 0.11203355714678766 2.5000000000000004 1.0000000180025095e-35 0.30078741908073431 8.1542124748229998 16.799558639526371
decision_type=2 2 2 2 2 2 2 2 2 2 2 2 2 2 2 2 2 2 2 2 2 2 2 2 2 2 2 2 2 2
left_child=5 28 3 4 18 8 7 29 25 14 11 13 15 -11 22 -12 -17 -18 21 20 -20 -3 -4 -24 -25 -1 -27 -28 -2 -5
right_child=1 2 9 6 -6 -7 -8 -9 -10 10 12 -13 -14 -15 -16 16 17 -19 19 -21 -22 -23 23 24 -26 26 27 -29 -30 -31
leaf_value=-0.022581324790053186 -0.0040934303346221021 -0.032651607058251729 0.015924296577345825 -0.024358783046364348 0.016525562959212908 -0.050024259971804402 -0.034989961131889853 0.028429427415687381 -0.050357324154037757 -0.050227148237986879 0.03683873535922022 -0.031299703452828197 -0.022514291787006969 0.046767015936935878 -0.050262398059527674 -0.050443079149924901 0.023987037386212176 -0.030359117594328924 0.027703675087335278 -0.025057874357868739 0.0019838287206285212 0.034792503307154991 0.037633360811645478 0.026741348489854995 -0.02762498547310642 0.017244733601825126 0.03800032279807386 -0.03076796676146671 -0.029284341317860108 0.04525237970057213
leaf_weight=0.071575529748929612 0.076484215006147216 0.030972946490542497 0.11496328420466351 0.033025933323538759 0.44311135033882287 0.026058846513887873 0.028760095251249673 0.023732365737100025 0.0166314291299553 0.0043572496953983584 0.028069027254222334 0.085754845886084397 0.036524471314769547 0.010436367887184161 0.0087860156009794133 0.0088256479406771948 0.033295802615245784 0.013955246434303126 0.065855856530333767 0.025689695548939184 0.11906670263323527 0.0074131713833196491 0.010390908505361063 0.012919911086883173 0.04376803514667027 0.044859626480625359 0.005780452990204187 0.027726619914510336 0.06127919788493319 0.0051159147081136771
leaf_count=34977 1670 135 687 351 1801 702539 551 152 1018 397 91 1078 548 111 1352 205 323 124 239 116 521 69 32 68 417 5349 380 6878 5777 44
internal_value=1.3022e-09 0.00271449 0.00479147 0.00904717 0.0115389 -0.0187777 -0.00998056 0.0016442 -0.0138895 -0.00329286 -0.0102766 -0.024017 0.00117271 0.0181988 0.00480303 0.0114543 -0.00125175 0.0079363 0.00266481 0.00672766 0.0111434 -0.0196267 0.00746068 -0.0070447 -0.0152342 -0.00984453 0.00178851 -0.0189044 -0.0152987 -0.0150219
internal_weight=1.52519 1.33255 1.19479 0.782744 0.69211 0.192633 0.0906343 0.0618742 0.166574 0.412047 0.221219 0.100548 0.12067 0.0147936 0.190828 0.0841457 0.0560767 0.047251 0.248998 0.210612 0.184923 0.0383861 0.182042 0.0670789 0.0566879 0.149942 0.0783667 0.0335071 0.137763 0.0381418
internal_count=768000 16859 9412 3979 2881 751141 1098 547 48602 5433 2877 1586 1291 508 2556 743 652 447 1080 876 760 204 1204 517 485 47584 12607 7258 7447 395
is_linear=0
shrinkage=0.05


Tree=210
num_leaves=31
num_cat=0
split_feature=12 17 10 34 6 54 24 10 34 6 36 56 42 23 41 12 54 14 12 14 24 36 12 56 1 19 23 43 19 54
split_gain=0.0298124 0.0193763 0.0186298 0.0118504 0.0121258 0.0115913 0.0132012 0.00969519 0.00858547 0.00882176 0.00862101 0.00849417 0.00774409 0.00734612 0.0070295 0.00935409 0.00994807 0.00839849 0.00885322 0.0105115 0.0140221 0.0130113 0.0161151 0.00955851 0.00987279 0.00945168 0.00998433 0.00901012 0.00901071 0.00840353
threshold=0.69615384936332714 0.82266744971275341 5.7500000000000009 3.5467442274093632 1.0000000180025095e-35 1.7371867299079897 0.68333333730697643 5.2500000000000009 2.4005811214447026 1.5000000000000002 0.72427368164062511 0.91440781950950634 0.051150074228644378 2.7843645811080937 0.0087760472670197504 0.22474747896194461 2.7079319953918461 2.7074258327484135 0.53589746356010448 1.2089896798133852 0.58571431040763866 0.84050261974334728 0.36038962006568914 0.39765882492065435 17.500000000000004 0.00021360259415814656 4.1936051845550546 3.7256208658218388 0.0020185561152175073 1.8427736759185793
decision_type=2 2 2 2 2 2 2 2 2 2 2 2 2 2 2 2 2 2 2 2 2 2 2 2 2 2 2 2 2 2
left_child=1 8 7 4 -4 6 -2 -3 9 10 -1 -8 -5 -10 15 -6 17 18 19 20 -17 22 -21 -20 29 26 -22 -23 -29 -25
right_child=5 2 3 12 14 -7 11 -9 13 -11 -12 -13 -14 -15 -16 16 -18 -19 23 21 25 27 -24 24 -26 -27 -28 28 -30 -31
leaf_value=-0.010471207512756507 0.0041454238367644985 -0.0053713747752133856 0.016490718327346963 -0.010868907546482127 -0.047785333612792968 -0.035659907630158305 -0.042181967696020339 -0.05039819786165977 0.019816422949158616 -0.045499869044324751 0.02844242211157795 0.015070696595374021 0.047072674624095368 -0.039486817108779271 0.037474081778389623 0.025212558330933471 0.028051182370751562 -0.040521927621747215 -0.043847317400665442 0.028041779553466123 0.015008344424252827 -0.010689757119719378 -0.032726965410793445 0.014500190707382551 -0.034699464143046005 -0.046806158243666976 -0.036232540328771372 0.036372682887050221 0.0010289294565193825 -0.021923754414811151
leaf_weight=0.046958989976380511 0.069109358978967347 0.23050239376371451 0.37688232511375652 0.10329382358929107 0.0088313680922045279 0.066778735505294853 0.03421914232707432 0.012609096227259142 0.0059428081180886707 0.011824784879381101 0.020423006081809136 0.0079913690619831945 0.0061077144655399254 0.043057010020299796 0.015444567042436574 0.025311633082395701 0.039653950564826346 0.011402212412122026 0.016300283797136217 0.018592888248122108 0.024366822684982026 0.016506228408843526 0.026400815910278652 0.060611231069159999 0.019374342545302348 0.02040909573111982 0.015588323839539342 0.085933997596754352 0.022822532933332695 0.021435660522020505
leaf_count=2192 76583 9635 2156 1406 15 548324 87262 270 353 996 266 23288 38 14297 35 55 111 14 20 50 54 32 47 93 65 33 30 211 39 30
internal_value=-5.41369e-10 0.00261584 0.00462424 0.00782951 0.00987795 -0.0191907 -0.00931108 -0.00770671 -0.0158438 -0.00566699 0.00132324 -0.0313428 -0.00763412 -0.0322944 0.00432715 0.00314631 0.00420538 0.00174968 0.00303962 0.00825939 -0.00602502 0.0154475 -0.00761531 -0.00830841 -0.00259665 -0.0191234 -0.00498306 0.0237316 0.0289558 0.00498403
internal_weight=1.48469 1.30659 1.17838 0.93527 0.825868 0.178099 0.11132 0.243111 0.128207 0.0792068 0.067382 0.0422105 0.109402 0.0489998 0.448986 0.433541 0.42471 0.385056 0.373654 0.255932 0.0856759 0.170256 0.0449937 0.117722 0.101421 0.0603642 0.0399551 0.125263 0.108757 0.0820469
internal_count=768000 32543 14439 4534 3090 735457 187133 9905 18104 3454 2458 110550 1444 14650 934 899 884 773 759 551 172 379 97 208 188 117 84 282 250 123
is_linear=0
shrinkage=0.05


Tree=211
num_leaves=31
num_cat=0
split_feature=4 34 10 10 16 6 57 12 18 3 13 13 14 6 11 29 2 23 6 16 13 19 10 10 57 54 16 12 34 24
split_gain=0.0291753 0.0219373 0.0197323 0.021081 0.0185073 0.0139162 0.0160426 0.0119451 0.0130053 0.0108909 0.0107921 0.0141285 0.010008 0.0101024 0.00969529 0.0111759 0.0102689 0.0110993 0.0101348 0.0101098 0.00989539 0.00955899 0.0095187 0.0159527 0.00991084 0.00929355 0.0154531 0.00922916 0.00905793 0.0138852
threshold=1.0000000180025095e-35 4.9656822681427011 7.7500000000000009 7.2500000000000009 0.4444520771503449 1.0000000180025095e-35 0.89890685677528392 0.78174602985382091 0.31609262526035314 1.0000000180025095e-35 331.05122375488287 342.15895080566412 0.4306021928787232 1.0000000180025095e-35 1.433035731315613 12.042840003967287 2.5000000000000004 4.3568205833435067 2.5000000000000004 0.93956002593040477 287.12956237792974 0.02372686751186848 6.7500000000000009 6.2500000000000009 0.49019971489906317 2.7799751758575444 0.82331272959709179 0.55902779102325451 1.728749215602875 0.47727273404598242
decision_type=2 2 2 2 2 2 2 2 2 2 2 2 2 2 2 2 2 2 2 2 2 2 2 2 2 2 2 2 2 2
left_child=1 2 3 9 -4 7 -7 8 21 -1 -10 -12 -11 22 15 16 -15 -18 19 -16 -17 25 23 24 -14 -6 -27 -24 29 -8
right_child=-2 -3 4 -5 5 6 28 -9 10 12 11 -13 13 14 18 20 17 -19 -20 -21 -22 -23 27 -25 -26 26 -28 -29 -30 -31
leaf_value=-0.045682111346324945 -0.050059306718228773 -0.049382531448502257 -0.022136787634132803 -0.050427727642932713 0.044167529729694822 -0.010315944604548471 0.035528526467482814 -0.050418999413586178 0.021827914102203808 -0.028875350612798556 -0.026405275117550364 0.01260468855776789 -0.045937805787880696 0.026015722962316409 -0.037652995607690559 -0.039371046715847721 -0.025156084152581245 0.034481737847690513 0.0043646603460017561 0.0047348418014968065 -0.0029512729553865 -0.02020001933617566 0.042251210208388158 -0.05055086643710708 0.0087449994589316373 -0.030936623384251766 0.050299871478840789 0.00052806374165739029 0.019425158971798508 -0.011461211614911768
leaf_weight=0.01448998690933101 0.028532095336334939 0.021275102622192787 0.049843127067833559 0.024176229740832667 0.0802190015486417 0.14402105405531396 0.020195161935447459 0.0064753423244350286 0.10998213892008835 0.032366897242029014 0.035187247517995957 0.06819188226480577 0.008715116795431882 0.058559810879234703 0.060439892957965813 0.023074329401705285 0.026366764770535234 0.011080331052983894 0.035579882588110706 0.018334174230198452 0.097288922090652985 0.0081386079259573307 0.033283388777249456 0.013388872204087132 0.16831487368111811 0.012095961484547502 0.011344117455735159 0.022024620784052651 0.1325174502453752 0.070965216120661978
leaf_count=21996 421517 168886 745 271 641 592 32 131 493 13195 142 373 10787 236 40596 106 188 60 58432 16592 482 22 264 76 10543 45 51 82 300 124
internal_value=-2.95887e-09 0.0010073 0.00177488 -0.00461791 0.00729993 0.00939795 0.00269954 0.0168248 0.0181639 -0.00284108 0.0109255 -0.000673168 -0.00182146 -0.000302421 -0.00600793 0.000215712 0.0129393 -0.00750967 -0.0177837 -0.0277875 -0.00993315 0.0319781 0.00737662 0.00207301 0.00605299 0.0360747 0.00837879 0.0256363 0.0110799 -0.00105137
internal_weight=1.44647 1.41794 1.39666 0.647484 0.749176 0.699333 0.367699 0.331634 0.325159 0.623308 0.213361 0.103379 0.608818 0.576451 0.330724 0.21637 0.0960069 0.0374471 0.114354 0.0787741 0.120363 0.111798 0.245727 0.190419 0.17703 0.103659 0.0234401 0.055308 0.223678 0.0911604
internal_count=768000 346483 177597 173906 3691 2946 1048 1898 1767 173635 1008 515 151639 138444 116692 1072 484 248 115620 57188 588 759 21752 21406 21330 737 96 346 456 156
is_linear=0
shrinkage=0.05


Tree=212
num_leaves=31
num_cat=0
split_feature=4 14 11 12 6 12 18 17 17 5 3 18 10 24 10 1 34 36 12 38 12 14 16 54 0 29 49 23 17 43
split_gain=0.0274889 0.0210536 0.0186 0.0154768 0.0177845 0.0105864 0.00993288 0.00946576 0.00922945 0.00965795 0.0117618 0.00898595 0.00895681 0.0159225 0.00985523 0.010567 0.0102136 0.00887081 0.00874287 0.00867203 0.00854877 0.0104555 0.0102038 0.0160842 0.0128061 0.0109734 0.00999854 0.0094289 0.00931272 0.00917901
threshold=1.0000000180025095e-35 4.2159035205841073 1.3405797481536867 0.22474747896194461 1.0000000180025095e-35 0.67708334326744091 0.31609262526035314 0.9469181001186372 0.95159143209457409 1.0000000180025095e-35 1.5000000000000002 0.32645875215530401 10.250000000000002 0.43650794029235845 10.750000000000002 14.500000000000002 3.2122231721878056 0.98122024536132824 0.72077924013137828 0.36175741255283361 0.5419580638408662 1.2652080655097964 0.90330776572227489 1.8427736759185793 13.500000000000002 15.972980976104738 13.165484905242922 4.4790756702423105 0.98038905858993541 4.2696731090545663
decision_type=2 2 2 2 2 2 2 2 2 2 2 2 2 2 2 2 2 2 2 2 2 2 2 2 2 2 2 2 2 2
left_child=1 2 3 -1 6 7 18 -4 -9 -10 -11 20 17 -14 -15 19 -17 -8 -5 -16 21 29 23 24 27 -25 -24 -22 -28 -6
right_child=-2 -3 5 4 11 -7 12 8 9 10 -12 -13 13 14 15 16 -18 -19 -20 -21 22 -23 26 25 -26 -27 28 -29 -30 -31
leaf_value=-0.022827661113965111 -0.050056047126828623 -0.036067166766469504 -0.01205119845062338 0.032405224936700561 0.01094074401974517 -0.026541153239945065 0.022540876005220672 0.035727635830648231 -0.015744387649438155 -0.031870359728816092 0.01530375652558183 -0.012003297719425234 -0.047955480116581399 -0.050588791733202111 0.048970304394152828 0.035167238681880181 -0.032309964398218115 -0.019342499347878406 -0.016668456648771555 -0.042709886695822076 0.021819426454678232 0.018812190304366868 0.038083060899389704 -0.047593559907172178 -0.021411623448314241 0.048193192501106902 0.015680606614066245 -0.050400664615351545 -0.028547202496345594 -0.025673973238595604
leaf_weight=0.044207650583097169 0.026901143221938484 0.037310097844898027 0.17198839794897181 0.1072407334819232 0.040831697631823261 0.057713244090372817 0.12129653634203308 0.020560439000734787 0.060937185588751275 0.015272726355076705 0.097979688112515007 0.096373662501110013 0.015731963902727131 0.0065256316219137736 0.0033094399965705188 0.04018686763704693 0.0065174330581285736 0.014113046651310412 0.0099151968011632619 0.011691904795652519 0.05108460926304037 0.15615147615788771 0.02502260510473775 0.033301463471451243 0.040729182863859847 0.0032849415632885117 0.032610202437524549 0.0049580858877575898 0.018743038454296368 0.029471508987768402
leaf_count=359 421517 182718 5004 652 72 152774 682 131 643 284 579 786 54 19 5 204 28 42 46 108 237 412 66 234 89 6 88 28 54 79
internal_value=-2.04654e-09 0.000979275 0.00201251 0.00603177 0.00749975 -0.0066358 0.0164975 -0.00350331 0.00404553 0.000305939 0.00894206 0.00181405 0.0102199 -0.00261031 0.00784484 0.0140244 0.025751 0.0181756 0.028252 -0.0224844 0.00486693 0.0116033 -0.00240653 -0.0107527 -7.57645e-05 -0.0389933 0.0121665 0.0154301 -0.000461773 -0.00440836
internal_weight=1.40196 1.37506 1.33775 0.913299 0.869091 0.424452 0.336529 0.366738 0.19475 0.17419 0.113252 0.532562 0.219373 0.0839632 0.0682313 0.0617056 0.0467043 0.13541 0.117156 0.0150013 0.436189 0.226455 0.209734 0.133358 0.0967719 0.0365864 0.0763758 0.0560427 0.0513532 0.0703032
internal_count=768000 346483 163765 4350 3991 159415 1840 6641 1637 1506 863 2151 1142 418 364 345 232 724 698 113 1365 563 802 594 354 240 208 265 142 151
is_linear=0
shrinkage=0.05


Tree=213
num_leaves=31
num_cat=0
split_feature=10 57 12 3 10 10 34 13 37 29 14 54 57 49 38 14 43 11 58 13 54 16 38 25 5 43 10 38 38 12
split_gain=0.0267975 0.0178466 0.0151094 0.014183 0.0101435 0.00944206 0.00917943 0.0124384 0.00888605 0.0124755 0.00884636 0.0120732 0.00878576 0.0103216 0.00946777 0.00972736 0.00918564 0.00907523 0.00880697 0.00838608 0.00835949 0.00964255 0.00830227 0.00821139 0.00814941 0.0107016 0.0115452 0.00914177 0.0110966 0.00903454
threshold=4.7500000000000009 0.40444585680961614 0.53589746356010448 1.0000000180025095e-35 1.7500000000000002 4.2500000000000009 3.5842828750610356 335.12585449218756 0.9466327726840974 11.953277587890627 0.36025807261466986 0.32619330286979681 0.92379334568977367 13.001255989074709 0.3120106458663941 2.0646396875381474 4.79990577697754 1.0178571343421938 0.34055915474891668 264.19702148437506 1.1437531113624575 0.77213752269744884 0.32026019692420965 42.678571701049812 1.0000000180025095e-35 3.9219243526458745 5.7500000000000009 0.3950090110301972 0.23421355336904529 0.69615384936332714
decision_type=2 2 2 2 2 2 2 2 2 2 2 2 2 2 2 2 2 2 2 2 2 2 2 2 2 2 2 2 2 2
left_child=4 -2 3 19 -1 -6 8 -8 9 22 -4 -12 13 16 15 -15 20 -18 24 -3 21 -13 -5 -17 25 -14 -27 28 -28 -26
right_child=1 2 10 6 5 -7 7 -9 -10 -11 11 12 18 14 -16 23 17 -19 -20 -21 -22 -23 -24 -25 29 26 27 -29 -30 -31
leaf_value=-0.050001141357579618 -0.031188321857263841 0.045068396814713862 -0.042753570353265213 -0.024790561702842218 -0.009461824366390828 -0.050319634879502188 0.0069981475911373089 -0.034245830003445936 0.015021845090512957 -0.011052239290056028 0.02524181683767171 0.044053001209710188 -0.041038851152424789 -0.037424511042471173 -0.039675612610098041 0.035917130679408271 -0.048143605208651789 0.025883969416662392 -0.044177848221400834 -0.026361179973986661 -0.040296845475683296 -0.043379478004072977 0.025537423334970347 -0.025323024892025904 0.026053848690483897 -0.041926095026602661 -0.045581560741840471 -0.034562585599924478 0.028750643998312321 -0.011202569335489567
leaf_weight=0.022193931415661478 0.037695361928845039 0.0045674270848844447 0.014351387955133965 0.0096489867558204878 0.13383049105627537 0.015810766352130273 0.058981012282317113 0.026490675343024517 0.47861529447486717 0.088130639272780975 0.034928786519598853 0.0083518821092136708 0.017433799519647741 0.015704491451574043 0.050585942689349295 0.014877558930920909 0.0047224916254307017 0.033570974848679436 0.0097798348842949023 0.040945108814289588 0.019385301957500933 0.005066385942702035 0.054358000969766174 0.0086598667830445342 0.059894599093742062 0.012024028960749722 0.0056682796033369334 0.0089800459820810197 0.043957547768456562 0.022341937571332626
leaf_count=731500 5321 17 211 30 17384 2257 610 607 2176 468 223 63 254 157 1971 175 123 682 96 642 711 47 270 280 220 343 86 75 333 668
internal_value=-5.99488e-11 0.00266584 0.00377358 0.00787234 -0.0184572 -0.0137788 0.00959219 -0.00578481 0.0116759 0.00114974 -0.00422615 -0.00275535 -0.00562307 -0.0141129 -0.0253785 -0.00694838 0.000120597 0.0167546 0.00196372 -0.0191928 -0.0192972 0.0110408 0.0179505 0.0133857 0.00461349 -0.00595613 0.00270345 0.01186 0.0202604 0.0159321
internal_weight=1.36155 1.18972 1.15202 0.761737 0.171835 0.149641 0.716225 0.0854717 0.630753 0.152138 0.390285 0.375934 0.341005 0.160925 0.0898279 0.0392419 0.071097 0.0382935 0.18008 0.0455125 0.0328036 0.0134183 0.064007 0.0235374 0.1703 0.0880637 0.0706299 0.0586059 0.0496258 0.0822365
internal_count=768000 16859 11538 4820 751141 19641 4161 1217 2944 768 6718 6507 6284 4209 2583 612 1626 805 2075 659 821 110 300 455 1979 1091 837 494 419 888
is_linear=0
shrinkage=0.05


Tree=214
num_leaves=31
num_cat=0
split_feature=10 17 6 11 6 4 58 12 2 58 18 18 10 12 3 54 13 58 2 57 34 69 37 36 6 57 34 6 36 17
split_gain=0.0253304 0.0180487 0.0153663 0.011253 0.00972613 0.00921771 0.00911141 0.0073675 0.00932654 0.00900715 0.00991095 0.00931946 0.00903389 0.0157609 0.00850056 0.00868011 0.0084133 0.0101148 0.0101746 0.00813519 0.008049 0.00801688 0.00732641 0.00833861 0.0084781 0.00697074 0.00695341 0.0081539 0.0073721 0.00676598
threshold=2.7500000000000004 0.83447185158729564 1.0000000180025095e-35 1.2565789222717287 2.5000000000000004 1.0000000180025095e-35 0.22620432823896411 0.65686276555061351 5.5000000000000009 0.23700024187564853 0.27735897898674017 0.3402294665575028 6.7500000000000009 0.57518798112869274 3.5000000000000004 2.7799751758575444 331.05122375488287 0.28274072706699377 5.5000000000000009 0.81814688444137584 3.1350153684616093 10.522826671600344 0.99885281920433056 0.84050261974334728 3.5000000000000004 0.89474353194236766 2.4005811214447026 1.5000000000000002 0.72427368164062511 0.99544459581375133
decision_type=2 2 2 2 2 2 2 2 2 2 2 2 2 2 2 2 2 2 2 2 2 2 2 2 2 2 2 2 2 2
left_child=-1 26 5 6 -5 7 29 9 -9 11 -11 -3 13 14 15 -12 -14 19 20 -18 -19 -17 23 -6 -25 -23 27 28 -2 -4
right_child=1 2 3 4 22 -7 -8 8 -10 10 12 -13 16 -15 -16 21 17 18 -20 -21 -22 25 -24 24 -26 -27 -28 -29 -30 -31
leaf_value=-0.036739733000416448 -0.011381195043176341 0.02975501129181652 0.011096858307438989 -0.017968581336775945 -0.04514074932989047 -0.050174524989725522 -0.0054750985661074685 0.0054922910879361938 -0.042797349730310658 -0.028582246821575404 -0.035668272622403685 -0.02565721583040749 0.025759759811623081 0.03605625228609842 0.016281702735125098 -0.047344593056728793 -0.016095757642186063 0.012926778365623157 -0.042040267474556997 0.03846024702559836 -0.029853382620556708 -0.041300532266065837 -0.015812333320038448 0.036664708446542738 -0.050148624880519091 0.035294452979828583 -0.031048549451760107 -0.045759642478511942 0.025365436393429648 -0.032952619613427013
leaf_weight=0.045310428676818337 0.044576220631979274 0.095215682363704535 0.22413699970182954 0.15382221257828466 0.0043785230773372144 0.0063642769232331578 0.18503077815173063 0.036117244958759676 0.013826806984958695 0.017070508437811327 0.038385671861487225 0.0082449114950904345 0.11251655479381384 0.021761355731376497 0.020371489163139245 0.006011196695641984 0.0086181821513129364 0.057380129532504043 0.013907030468214288 0.032991204175182531 0.013601298656018557 0.0037519417296092419 0.024100450580096244 0.02939845346280906 0.0031098177068508695 0.014260531531370191 0.05038558352581865 0.011550670598661383 0.019672343558961414 0.009070221125150546
leaf_count=739918 1076 707 1064 6608 248 1884 1120 437 955 106 201 62 762 99 108 63 40 298 67 244 98 89 990 488 287 108 8945 605 263 60
internal_value=-2.72205e-10 0.00130092 0.00326499 -0.00196747 -0.0112694 0.00963013 0.00281004 0.0103706 -0.0078765 0.0123343 0.00860331 0.0253391 0.010451 -0.00180857 -0.0117624 -0.0209165 0.0158132 0.00696592 -0.00293279 0.0271605 0.00472934 0.00265417 0.00562738 0.0196353 0.0283599 0.01934 -0.0166525 -0.00708302 -0.000129701 0.00938362
internal_weight=1.32494 1.27963 1.15344 0.633047 0.214809 0.520396 0.418238 0.514032 0.0499441 0.464088 0.360627 0.103461 0.343557 0.104542 0.0827808 0.0624093 0.239014 0.126498 0.0848885 0.0416094 0.0709814 0.0240237 0.0609872 0.0368868 0.0325083 0.0180125 0.126185 0.0757992 0.0642486 0.233207
internal_count=768000 28082 17193 10865 8621 6328 2244 4444 1392 3052 2283 769 2177 668 569 461 1509 747 463 284 396 260 2013 1023 775 197 10889 1944 1339 1124
is_linear=0
shrinkage=0.05


Tree=215
num_leaves=31
num_cat=0
split_feature=12 17 10 10 10 29 54 54 13 12 10 10 63 57 5 3 16 34 34 24 25 13 0 2 36 43 3 12 10 7
split_gain=0.0249879 0.0182195 0.0170451 0.0180017 0.00930001 0.00911228 0.0162533 0.00911451 0.0147763 0.0106532 0.00925492 0.0112444 0.00912785 0.00897106 0.0105898 0.0113831 0.00892782 0.00874368 0.01209 0.011666 0.00917886 0.00878169 0.00908455 0.00850554 0.00830742 0.0110029 0.00879176 0.0121522 0.0118516 0.0115227
threshold=0.86190477013587963 0.89454162120819103 7.7500000000000009 7.2500000000000009 5.7500000000000009 11.412330627441408 2.2313909530639653 2.7799751758575444 317.17630004882818 0.5419580638408662 6.7500000000000009 6.2500000000000009 3.5114340782165532 0.93617758154869091 1.0000000180025095e-35 1.5000000000000002 0.8739297389984132 3.6601417064666752 1.728749215602875 0.58571431040763866 46.190477371215827 311.09782409667974 19.500000000000004 4.5000000000000009 0.82128340005874645 4.388237953186036 1.5000000000000002 0.57518798112869274 9.2500000000000018 1.5000000000000002
decision_type=2 2 2 2 2 2 2 2 2 2 2 2 2 2 2 2 2 2 2 2 2 2 2 2 2 2 2 2 2 2
left_child=1 4 3 5 -1 6 23 10 9 -9 11 13 -12 -7 -15 -16 -11 18 19 -4 -21 -22 -23 -3 25 -20 -26 29 -29 -28
right_child=-2 2 17 -5 -6 7 -8 8 -10 16 12 -13 -14 14 15 -17 -18 -19 24 20 21 22 -24 -25 26 -27 27 28 -30 -31
leaf_value=-0.036711397239046394 -0.032650023538352863 0.027440606187334893 0.021192264462001766 -0.050423878073124179 -0.0070829935222051351 -0.022006194754693224 -0.027772761188015957 0.036809684372087599 -0.020815940839037546 -0.041615528894194509 0.024412611785546282 -0.050640627769954233 -0.01548644033064947 -0.021276867943012506 -0.050500103863820936 0.018432909914431996 0.028939554771474169 -0.0098799743806074949 -0.017853684934405849 0.0073076453631661063 0.017106049311813486 -0.038639609269660237 0.02316604642803443 -0.045679001919613979 0.040256953143672808 0.024717399396509774 0.027567403008771071 0.02427496980579703 -0.035025195078309861 -0.049842610165393209
leaf_weight=0.03022563026312941 0.056056629559315119 0.073274481339886344 0.058732639581435819 0.018703722256058875 0.21403631444725246 0.085460152129814393 0.019334629173078155 0.043513279388899734 0.027232557862450796 0.0096690904648289722 0.036381374389407029 0.018639724646901334 0.023654602639442857 0.038178807444198548 0.0066411930063436922 0.060973653511855908 0.0083603767392309847 0.046597676700422586 0.031228524752471287 0.064425541659645091 0.012721943076513753 0.040827587620087868 0.0069588537364637651 0.0042054313159342041 0.058981739914539588 0.029531493705185596 0.12753472435349522 0.015107869853252964 0.019049714528364348 0.0049955988799865727
leaf_count=24685 717817 1027 215 215 4660 3107 2040 717 5777 1759 186 92 107 883 369 952 876 659 125 260 26 117 40 100 204 161 739 41 38 6
internal_value=1.7494e-09 0.00148177 0.00449674 -0.0023483 -0.0107493 -0.00037431 0.0132379 -0.00404825 0.00984959 0.023419 -0.00861901 -0.0135705 0.0086921 -0.00995764 -0.00022482 0.0116622 -0.0088987 0.0107791 0.0128269 0.0028135 -0.00582653 -0.019811 -0.0296392 0.0234718 0.0192478 0.00283735 0.0236663 0.0177957 -0.00879678 0.0246495
internal_weight=1.29124 1.23518 0.990917 0.474223 0.244262 0.455519 0.0968145 0.358705 0.0887753 0.0615427 0.26993 0.209894 0.060036 0.191254 0.105794 0.0676148 0.0180295 0.516694 0.470096 0.183667 0.124934 0.0605084 0.0477864 0.0774799 0.28643 0.06076 0.22567 0.166688 0.0341576 0.13253
internal_count=768000 50183 20838 18207 29345 17992 3167 14825 9129 3352 5696 5403 293 5311 2204 1321 2635 2631 1972 658 443 183 157 1127 1314 286 1028 824 79 745
is_linear=0
shrinkage=0.05


Tree=216
num_leaves=31
num_cat=0
split_feature=10 57 6 3 58 39 10 57 12 54 34 12 69 13 18 10 26 7 16 14 34 27 18 34 10 2 17 24 1 18
split_gain=0.0240403 0.0164724 0.013671 0.0104833 0.00928603 0.00927942 0.00910612 0.00870596 0.00878075 0.00907449 0.0109603 0.00866519 0.012072 0.00977599 0.00920143 0.00828083 0.00807303 0.00771835 0.00971235 0.00922382 0.00793959 0.00777078 0.00721293 0.00801591 0.00704737 0.0116597 0.00704227 0.00703196 0.00700528 0.00684644
threshold=4.7500000000000009 0.83388909697532665 1.0000000180025095e-35 1.0000000180025095e-35 0.23700024187564853 0.10803344845771791 1.7500000000000002 0.16572332382202151 0.77350428700447094 1.7371867299079897 0.85630226135253917 0.46410256624221807 10.708007335662844 325.09553527832037 0.27735897898674017 4.2500000000000009 35.777778625488288 1.0000000180025095e-35 0.80923157930374157 0.46743613481521612 4.1963903903961191 45.857143402099616 0.36480705440044409 2.3301675319671635 6.7500000000000009 1.5000000000000002 0.9780617654323579 0.92857143282890331 19.500000000000004 0.336805209517479
decision_type=2 2 2 2 2 2 2 2 2 2 2 2 2 2 2 2 2 2 2 2 2 2 2 2 2 2 2 2 2 2
left_child=6 3 4 -2 5 -3 -1 -5 9 10 -9 14 13 -13 -6 -8 -15 19 -19 -4 -21 28 23 26 25 -16 -14 -11 -20 -26
right_child=1 2 17 7 11 -7 15 8 -10 27 -12 12 22 16 24 -17 -18 18 21 20 -22 -23 -24 -25 29 -27 -28 -29 -30 -31
leaf_value=-0.050001078684511306 -0.035639899752961675 0.031616241489444169 -0.027868691048355237 -0.049593059719414648 -0.027301208378977617 -0.029539686421931496 -0.0095929263760773167 -0.0241284090768627 -0.0467158000754654 -0.040871801442465612 0.014680462928768621 0.040012569247534983 -0.034545996977743791 0.030909248574849377 0.044441345732133715 -0.050279374107304368 -0.043018785051862629 -0.04316210435065515 0.040819832780149112 0.0056442094347229571 -0.041191658848225308 -0.019949136482434671 -0.04710502477139248 0.021747318632009432 0.039096510670490747 -0.022708961473106089 0.011175319012375411 -0.0043205804752281304 -0.036080606164413699 0.01523648029298918
leaf_weight=0.019820473904345937 0.031981656886910126 0.083163749391126418 0.023218645167769836 0.010340091875130797 0.011729480080511195 0.0067026563435428335 0.12278743366037528 0.022133087291541731 0.010629894168418474 0.019138418362822485 0.10219460434027861 0.02351046921515243 0.025744049805573876 0.0064312863578570587 0.0091729073684989615 0.013924039821100215 0.0086725847437136017 0.02161292107645485 0.013430753327311806 0.38829214359508457 0.0092644864440460384 0.024528345708653032 0.013998027694467119 0.016912804580707097 0.046242680478220777 0.021893449020391587 0.012516779017285984 0.042115083269014475 0.0037991954509060113 0.085939573299936178
leaf_count=731500 3703 1004 173 1688 69 54 17384 125 1596 784 577 273 92 68 55 2257 86 177 106 1765 1640 213 181 267 421 202 38 854 20 628
internal_value=3.75853e-09 0.00261938 0.00585472 -0.00900152 0.0130539 0.0270549 -0.0183287 -0.00487693 -0.00252045 1.10177e-05 0.00777162 0.00860423 -0.0025479 0.019848 0.0154739 -0.0137368 -0.0115399 0.000313737 -0.0159538 0.00276373 0.00455277 -0.00187162 -0.0150502 -0.00691756 0.0185473 -0.00288161 -0.0195886 -0.0157409 0.0238633 0.0235837
internal_weight=1.25184 1.09531 0.856777 0.238533 0.37263 0.0898664 0.156532 0.206551 0.196211 0.185581 0.124328 0.282764 0.107786 0.0386143 0.174978 0.136711 0.0151039 0.484146 0.0633712 0.420775 0.397557 0.0417583 0.0691717 0.0551736 0.163249 0.0310664 0.0382608 0.0612535 0.0172299 0.132182
internal_count=768000 16859 7532 9327 3438 1058 751141 5624 3936 2340 702 2380 1005 427 1375 19641 154 4094 516 3578 3405 339 578 397 1306 257 130 1638 126 1049
is_linear=0
shrinkage=0.05


Tree=217
num_leaves=31
num_cat=0
split_feature=4 34 10 10 17 69 1 3 14 24 54 69 10 11 10 10 2 17 38 23 49 23 69 18 5 10 69 10 7 2
split_gain=0.0233211 0.0181073 0.016252 0.0173146 0.0152354 0.0103388 0.00921781 0.0087578 0.00861312 0.016551 0.00999234 0.0119001 0.0116279 0.00971718 0.00956811 0.00773371 0.0100296 0.0107866 0.015187 0.0101215 0.00877099 0.0115923 0.00863403 0.00724003 0.0070875 0.00785162 0.00783917 0.00695261 0.00803699 0.00687216
threshold=1.0000000180025095e-35 4.9656822681427011 7.7500000000000009 7.2500000000000009 0.86875513195991527 8.7381744384765643 13.500000000000002 1.0000000180025095e-35 1.2089896798133852 0.58571431040763866 1.1437531113624575 9.1096906661987322 9.7500000000000018 0.78019323945045482 8.2500000000000018 3.7500000000000004 2.5000000000000004 0.94553518295288097 0.29096922278404241 3.7940471172332768 12.705440521240236 3.533616423606873 14.651551723480226 0.21646151691675189 1.0000000180025095e-35 5.7500000000000009 12.151714324951174 3.2500000000000004 1.0000000180025095e-35 5.5000000000000009
decision_type=2 2 2 2 2 2 2 2 2 2 2 2 2 2 2 2 2 2 2 2 2 2 2 2 2 2 2 2 2 2
left_child=1 2 3 7 5 6 -4 -1 9 29 -10 12 -12 -13 -11 27 20 23 -19 22 -17 -22 -20 -18 25 -23 -26 28 -9 -6
right_child=-2 -3 4 -5 8 -7 -8 15 10 14 11 13 -14 -15 -16 16 17 18 19 -21 21 24 -24 -25 26 -27 -28 -29 -30 -31
leaf_value=-0.045218688358250075 -0.050051778601642949 -0.049368257199232879 -0.031905477626189609 -0.050357260929993722 0.026561404133295993 -0.027086384343298936 0.014765421553224059 -0.0018894394405733013 0.034095986802169798 0.015813385392761902 -0.034338748098204488 -0.020424280315683618 0.013846875384923372 0.017412312079812149 -0.025270520007658805 0.023769114975846363 0.040422556907831225 -0.023050959272343043 -0.019707753478963509 0.024423728150882087 0.020753489495357814 -0.045076651586627763 0.047964528853433441 -0.027502945966249651 -0.014907401361887307 -0.0055813734669483694 0.02353122405058744 -0.050391493543461896 -0.050082228953005896 -0.026740559333790621
leaf_weight=0.011951232477543483 0.022836965230535688 0.017611883380856397 0.013756306081450398 0.019963389187401259 0.050150166350277914 0.048605727765154039 0.045816381359344405 0.052321360006253162 0.055100686993560632 0.018676255881587167 0.026226558921710108 0.018103101625854379 0.023956312751066022 0.27086881679127783 0.058757381571027167 0.063387992616317668 0.0041757060484923772 0.045628157951694059 0.030154975896570457 0.060549559798606767 0.053634518721823454 0.020321926780992428 0.0055865870718458934 0.064815077408120092 0.025390515652909507 0.033047140363962058 0.027772164737887906 0.012727217346164443 0.010364832858407544 0.0068762327661850966
leaf_count=21996 421517 168886 179 271 190 960 203 68908 406 63 96 45 86 1207 216 274 82 944 339 355 229 160 32 983 130 191 94 766 78152 40
internal_value=-1.72849e-09 0.000955471 0.00170741 -0.00465823 0.00712252 -0.00997386 0.00398835 -0.00290994 0.0106205 -0.000307231 0.0143474 0.011139 -0.0113359 0.015042 -0.0153615 -0.00191825 0.000647291 -0.007174 0.000709871 0.0119691 0.00802621 0.00179574 -0.00913023 -0.0233917 -0.00774874 -0.0206204 0.00517292 -0.0166986 -0.00985786 0.0201343
internal_weight=1.21914 1.1963 1.17869 0.541792 0.636894 0.108178 0.0595727 0.521829 0.528716 0.13446 0.394255 0.339155 0.0501829 0.288972 0.0774336 0.509878 0.434464 0.21091 0.141919 0.0962911 0.223554 0.160166 0.0357416 0.0689908 0.106532 0.0533691 0.0531627 0.0754134 0.0626862 0.0570264
internal_count=768000 346483 177597 173906 3691 1342 382 173635 2349 509 1840 1434 182 1252 279 151639 3813 2735 1670 726 1078 804 371 1065 575 351 224 147826 147060 230
is_linear=0
shrinkage=0.05


Tree=218
num_leaves=31
num_cat=0
split_feature=12 57 10 10 34 3 10 10 14 34 13 36 24 12 16 37 38 6 5 10 1 10 13 24 23 69 34 29 16 17
split_gain=0.0225111 0.0157426 0.0126681 0.0229866 0.0107311 0.0100548 0.0100329 0.0174513 0.00992353 0.00967701 0.00959477 0.0100632 0.00927997 0.00904528 0.0112102 0.00955692 0.00902984 0.00898219 0.00954721 0.0103549 0.00863099 0.00784886 0.00769565 0.00768483 0.00746082 0.00866296 0.00742325 0.00943458 0.00726872 0.00701965
threshold=0.67708334326744091 0.40444585680961614 8.7500000000000018 8.2500000000000018 4.1963903903961191 1.0000000180025095e-35 6.7500000000000009 6.2500000000000009 2.8875210285186772 0.46517780423164373 287.12956237792974 0.8370828926563264 0.47727273404598242 0.57518798112869274 0.81776592135429393 0.94493386149406444 0.25469110906124121 1.5000000000000002 1.0000000180025095e-35 13.250000000000002 25.500000000000004 5.7500000000000009 263.17729187011724 0.61250001192092907 3.1609637737274174 15.294150829315187 1.1963902115821841 13.575827121734621 0.89840418100357067 0.99090027809143078
decision_type=2 2 2 2 2 2 2 2 2 2 2 2 2 2 2 2 2 2 2 2 2 2 2 2 2 2 2 2 2 2
left_child=1 -1 3 5 9 -3 7 20 23 12 -11 17 -4 15 -15 -13 -8 18 19 -12 21 22 -7 -2 25 -17 27 -26 -25 -23
right_child=8 2 4 -5 -6 6 16 -9 -10 10 11 13 -14 14 -16 24 -18 -19 -20 -21 -22 29 -24 28 26 -27 -28 -29 -30 -31
leaf_value=-0.03094732510402087 0.0018050973613452155 -0.035957437716800773 0.034026345645166448 -0.050467310203962459 -0.038336156181611084 -0.04529498565170386 -0.018588071516470347 -0.050519197856871305 -0.042810769341927374 0.036686166239699385 0.017697139176880754 -0.015040347357072657 -0.042916671753573075 -0.04227301827587971 0.013374553315467282 0.02525300158407643 0.015940480393901543 -0.039165930728045709 -0.019469072296529777 -0.029994831186842891 -0.021898417084551012 0.018594661259592863 -0.00077328773777526612 -0.039934230470755575 0.033960855891466128 -0.042680355897629897 0.030736565213742174 -0.036703604854800412 -0.0066851189655363144 -0.031505265669825644
leaf_weight=0.033645752754223324 0.058577204155351462 0.017995861331607521 0.0053108579542424641 0.022910126140525122 0.011282359190835423 0.010388515886144034 0.021601563953626446 0.018401599441708383 0.031432257056139459 0.037763785161850194 0.087567032041537374 0.017227986201021395 0.01494999197861091 0.013551665058457729 0.027246141109188216 0.010202939524823762 0.15338440579193546 0.013353388432762792 0.03306533518887278 0.013081683229671626 0.039988658154337442 0.086443534281692269 0.14774259326131506 0.032460437689916244 0.0091647165441628431 0.0086898034140929781 0.15379131440515081 0.0097470747389820644 0.033300604953462071 0.0076069372635494395
leaf_count=13374 70749 3719 32 208 731 430 77 228 485997 122 513 81 59 24 53 45 1172 50 90 61 6774 472 2540 88895 53 9 813 41 90576 12
internal_value=-2.03086e-09 0.00268861 0.00382892 -0.00148575 0.00983322 0.000742754 0.00210295 -0.00329195 -0.0177107 0.0110284 0.0126036 0.010311 -0.022748 0.0164236 -0.00510971 0.0206306 0.011678 -6.42305e-05 0.00384067 0.0114984 -0.000317465 0.00310465 -0.00369817 -0.0113655 0.0238381 -0.00599326 0.0271015 -0.00245937 -0.0230973 0.0145425
internal_weight=1.18188 1.02611 0.99246 0.526464 0.465996 0.503554 0.485558 0.310572 0.155771 0.454714 0.434453 0.396689 0.0202608 0.249622 0.0407978 0.208824 0.174986 0.147067 0.133714 0.100649 0.29217 0.252182 0.158131 0.124338 0.191596 0.0188927 0.172703 0.0189118 0.065761 0.0940505
internal_count=768000 31783 18409 15632 2777 15424 11705 10456 736217 2046 1955 1833 91 1119 77 1042 1249 714 664 574 10228 3454 2970 250220 961 54 907 94 179471 484
is_linear=0
shrinkage=0.05


Tree=219
num_leaves=31
num_cat=0
split_feature=4 57 10 10 12 12 10 10 6 58 63 6 3 10 1 13 2 58 6 36 17 29 54 56 0 24 56 2 17 16
split_gain=0.021613 0.0166407 0.0162149 0.0192343 0.0107771 0.0117753 0.00952883 0.00938134 0.00844973 0.00770021 0.00803767 0.00774253 0.00768705 0.00805964 0.00756474 0.00724534 0.00716286 0.00713403 0.00788367 0.00893427 0.00750759 0.00699052 0.00674554 0.0137059 0.00822772 0.00695696 0.0132979 0.00738967 0.00724976 0.0068511
threshold=1.0000000180025095e-35 0.40444585680961614 6.7500000000000009 6.2500000000000009 0.55902779102325451 0.22474747896194461 5.7500000000000009 5.2500000000000009 1.0000000180025095e-35 0.34420169889926916 3.0201274156570439 1.0000000180025095e-35 2.5000000000000004 3.7500000000000004 17.500000000000004 313.14616394042974 1.5000000000000002 0.28600546717643743 1.0000000180025095e-35 0.94297328591346752 0.9351826310157777 9.9764866828918475 1.3001471757888796 0.75877463817596447 22.500000000000004 0.92857143282890331 0.70991116762161266 4.5000000000000009 0.91712909936904918 0.93140694499015819
decision_type=2 2 2 2 2 2 2 2 2 2 2 2 2 2 2 2 2 2 2 2 2 2 2 2 2 2 2 2 2 2
left_child=1 -1 3 6 5 -4 7 8 12 11 -11 22 13 -3 17 -14 -8 18 -6 -20 -21 -19 24 25 -7 28 -27 -28 -24 -25
right_child=-2 2 4 -5 14 9 16 -9 -10 10 -12 -13 15 -15 -16 -17 -18 21 19 20 -22 -23 23 29 -26 26 27 -29 -30 -31
leaf_value=-0.032359498326924661 -0.050051867662674138 -0.044621164407696465 -0.016432681253771942 -0.05041069319692857 0.030578833811359521 0.038505398217768112 0.031510043377262091 -0.050304916714508319 -0.014806433718615817 0.038433646912880211 -0.010917258608761235 0.0083864721261304523 0.027429984834106191 0.0035028957540683978 -0.028787854470110022 -0.010372357705092721 0.0017243101446099249 0.036796536851078997 -0.026430537462849759 -0.03796432238391851 0.014086214362205621 -0.032153904020492736 -0.039854244488760598 0.04861384735105171 -0.050359016230213743 0.033500043186669236 -0.025553710578809164 0.044902478343149865 0.0088099457623794491 -0.022527900878865147
leaf_weight=0.03630256163144685 0.021169856390595876 0.013162211817484566 0.038724944466549061 0.023142192972489983 0.024987699865805679 0.063837696524860377 0.026126112713713567 0.012988119581818613 0.13400699715609651 0.0096669002719540487 0.05630939090797682 0.22748499355859142 0.041166456003029997 0.025664542238027804 0.026516710544037425 0.018314541982933065 0.088746851947022143 0.0043131030979592913 0.025305175392088097 0.0078013211350436143 0.061864979283136057 0.024886078255240363 0.014580575499098636 0.032846804032672594 0.0027155359338735243 0.037883153908762068 0.02111145492473554 0.0045180257270445159 0.016108397462868851 0.0037728784021453512
leaf_count=90542 421517 8121 254 580 231 683 118 799 222401 107 394 792 5931 474 351 11465 873 81 296 81 340 584 105 253 8 361 97 26 102 33
internal_value=-9.89231e-10 0.000941978 0.00205256 -0.00622477 0.00655155 0.0101116 -0.00338571 -0.00895104 -0.00663905 0.0122058 -0.00368632 0.0146737 0.00449423 -0.0128111 -0.00417987 0.0157904 0.00849862 0.000194823 0.00558971 -0.000985116 0.00825753 -0.021969 0.02192 0.0153271 0.0348795 0.00523662 0.0146818 -0.0131335 -0.0143108 0.0412842
internal_weight=1.14603 1.12486 1.08855 0.383318 0.705236 0.529561 0.360176 0.245303 0.232315 0.490836 0.0659763 0.42486 0.0983078 0.0388268 0.175675 0.059481 0.114873 0.149158 0.119959 0.0949715 0.0696663 0.0291992 0.197375 0.130821 0.0665532 0.0942016 0.0635126 0.0256295 0.030689 0.0366197
internal_count=768000 346483 255941 250762 5179 3215 250182 249191 248392 2961 501 2460 25991 8595 1964 17396 991 1613 948 717 421 665 1668 977 691 691 484 123 207 286
is_linear=0
shrinkage=0.05


Tree=220
num_leaves=31
num_cat=0
split_feature=34 12 2 6 18 1 11 27 12 37 54 36 12 3 16 63 6 57 6 57 69 49 14 24 58 12 24 56 58 14
split_gain=0.0209991 0.0157987 0.0132659 0.0121367 0.0107526 0.0111887 0.00943358 0.00908771 0.0087229 0.00723082 0.00709602 0.0069777 0.00877408 0.00750447 0.00715895 0.0070965 0.0065118 0.00633519 0.00617489 0.00605019 0.00819052 0.00714645 0.00582673 0.0111474 0.00794311 0.00793341 0.00822141 0.00731837 0.00694606 0.00685175
threshold=4.3533363342285165 0.67708334326744091 1.0000000180025095e-35 1.0000000180025095e-35 0.3213160932064057 18.500000000000004 1.433035731315613 48.285715103149421 0.22474747896194461 0.99058449268341076 3.8810737133026127 0.89543563127517711 0.40588235855102545 1.5000000000000002 0.57821983098983776 3.9415346384048466 2.5000000000000004 0.90382152795791637 3.5000000000000004 0.82866308093070995 11.181778430938722 17.132326126098636 1.2089896798133852 0.22500000149011615 0.27808961272239691 0.5419580638408662 0.55050507187843334 0.54587543010711681 0.16808621585369113 1.6652443408966067
decision_type=2 2 2 2 2 2 2 2 2 2 2 2 2 2 2 2 2 2 2 2 2 2 2 2 2 2 2 2 2 2
left_child=1 2 -1 4 5 -4 8 -8 -5 -3 19 12 14 -14 -7 -16 -11 -9 -18 20 -6 -21 23 -10 27 28 29 -25 -24 -27
right_child=-2 9 3 6 10 11 7 17 22 16 -12 -13 13 -15 15 -17 18 -19 -20 21 -22 -23 25 24 -26 26 -28 -29 -30 -31
leaf_value=-0.050088235977513419 -0.037937446224889794 -0.036351026224793394 0.039455777246853695 -0.047769725385842302 0.0017759739169071931 -0.030192325714207061 -0.033125894355884249 -0.047719601227044557 0.027785800696883994 -0.020508561922148866 -0.033506907751038005 0.022215428504586788 0.029808050193113073 -0.042907200821456437 0.042720400322939375 -0.010270953359859088 0.010995894974926382 0.011242523550311655 -0.040064909892133231 0.012880187155952114 -0.039775173894771365 -0.029158040300850507 0.041484867575279027 0.020352718039293949 -0.04456958124073436 0.0048254647932115778 0.0040371867282902223 -0.016246536565633882 0.0090599225541516445 -0.048852981685026081
leaf_weight=0.011388260648188875 0.035318309336006215 0.029967489100934802 0.0509074588737988 0.0087184902366135852 0.060640418661207091 0.0073842542979616612 0.041825210517736161 0.0054294292525589307 0.01899714863910873 0.055030523317698594 0.012143718729753894 0.070549358897789571 0.0045326914682924371 0.016336362271565763 0.018960314307480686 0.0094752366648522823 0.044675304933978553 0.028308714471594387 0.0068256078172646553 0.17474515808604868 0.014743567847351841 0.010730594353799083 0.018170076114714107 0.018228304504803727 0.01752670032128556 0.0092409564930231447 0.059519040857635375 0.054485415647825164 0.1814981598262897 0.016667035640895111
leaf_count=4329 419614 122219 365 51 953 125 1636 778 45 117647 176 745 362 205 320 118 37767 553 56652 1363 533 127 60 68 83 25 178 145 692 66
internal_value=1.97492e-09 0.00124334 0.0035489 0.00420588 0.0100898 0.0196455 -0.00134038 -0.0175525 0.00169904 -0.0146534 0.0038543 0.0117195 -0.00134263 -0.0271137 0.0136719 0.0250627 -0.00854977 0.00175384 0.00422862 0.00559356 -0.00635058 0.0104481 0.00279277 -0.00702607 -0.0143546 0.00655496 -0.00619655 -0.00707162 0.0120106 -0.0297068
internal_weight=1.11297 1.07765 0.941152 0.929764 0.451149 0.178146 0.478615 0.0755634 0.403051 0.136499 0.273003 0.127238 0.0566889 0.0208691 0.0358198 0.0284356 0.106531 0.0337381 0.0515009 0.26086 0.075384 0.185476 0.394333 0.109238 0.0902404 0.285095 0.085427 0.0727137 0.199668 0.025908
internal_count=768000 348386 14101 9772 5392 2240 4380 2967 1413 334285 3152 1875 1130 567 563 438 212066 1331 94419 2976 1486 1490 1362 341 296 1021 269 213 752 91
is_linear=0
shrinkage=0.05


Tree=221
num_leaves=31
num_cat=0
split_feature=10 17 6 11 58 1 54 6 12 4 18 12 11 13 43 1 11 0 18 5 26 17 23 13 58 0 10 34 49 43
split_gain=0.0203204 0.015098 0.0117384 0.00723679 0.0109742 0.00823374 0.00743282 0.0072821 0.00813494 0.00722772 0.00710644 0.0075806 0.00714966 0.007002 0.00659025 0.00792617 0.00629625 0.00625282 0.0107587 0.0103003 0.0137239 0.00777233 0.00713947 0.00713885 0.00615305 0.00608505 0.00631452 0.00604857 0.00702525 0.00596952
threshold=3.7500000000000004 0.83447185158729564 1.0000000180025095e-35 1.0178571343421938 0.21838089823722842 12.500000000000002 1.8081356883049013 2.5000000000000004 0.62019231915473949 1.0000000180025095e-35 0.3402294665575028 0.82575756311416637 0.78019323945045482 342.18873596191412 4.4005842208862314 10.500000000000002 1.3405797481536867 14.500000000000002 0.21268928050994876 1.0000000180025095e-35 33.030302047729499 0.95041748881340038 3.0823125839233403 310.07482910156256 0.37507063150405889 10.500000000000002 3.2500000000000004 3.0603588819503789 13.348958492279055 3.65057384967804
decision_type=2 2 2 2 2 2 2 2 2 2 2 2 2 2 2 2 2 2 2 2 2 2 2 2 2 2 2 2 2 2
left_child=25 -2 9 4 5 6 14 8 13 10 11 -3 -12 17 15 -4 27 19 -19 20 -5 23 -22 -20 -18 -1 -27 -14 -29 -23
right_child=1 2 3 7 -6 -7 -8 -9 -10 -11 12 -13 16 -15 -16 -17 24 18 21 -21 22 29 -24 -25 -26 26 -28 28 -30 -31
leaf_value=-0.050006327179050326 -0.016220922610903934 0.018385420331454953 0.025057907832324672 0.047581030877805124 -0.0046169684987970271 0.034374155247537411 -0.044808714512966363 0.0067084603373576152 -0.030479303653202828 -0.050157553976749994 -0.047889201515984116 -0.044095558929465858 0.018688840035288361 -0.022139384280795631 0.040116454400453139 -0.043075502369610448 -0.019510912461193835 -0.045928007771100544 0.031258616152732545 0.016564031258071515 0.04739261138958395 -0.015931826841123469 -0.039345890464923199 -0.017291493217509498 0.020877274701750961 -0.0096513504059712787 -0.050331317362027943 -0.049603865244315946 0.0072598329342310865 0.043689890449682932
leaf_weight=0.017401942289001007 0.10229117080680739 0.22033185830304747 0.0090491810943192363 0.0058578809939815448 0.094328750726043742 0.046180401057802634 0.0067326990861622518 0.088251086964975162 0.040648901290381984 0.0048582486177788367 0.0065248722271364903 0.0049639052216352555 0.084525490073040999 0.049220827550333857 0.013016267217857092 0.00807996312728676 0.037224437206129557 0.0076839032011690725 0.011663517133257528 0.023094731537120161 0.0025243873395854868 0.0049795930565892368 0.039395177308682916 0.021581986888587146 0.012629779131676955 0.054493887973299168 0.011563613246502014 0.0074995634246564071 0.019698609956355417 0.026756896852405454
leaf_count=722330 9065 1825 33 21 556 152 144 1424 3800 1316 38 437 465 476 46 18 616 25 42 136 17 18 240 149 220 22891 1126 86 194 94
internal_value=-1.36487e-09 0.00197896 0.00405372 -0.00105506 0.00705286 0.0203062 0.00268962 -0.00552638 -0.0101524 0.0104554 0.0112039 0.0170088 0.00342413 -0.00586581 0.0132979 -0.0070812 0.00549628 -0.000285423 0.0100207 -0.0108524 -0.024105 0.0166365 -0.0341225 -0.000258663 -0.0092792 -0.023702 -0.0167725 0.0120895 -0.00841964 0.034335
internal_weight=1.08305 0.999594 0.897303 0.499046 0.177387 0.0830585 0.0368781 0.321659 0.233408 0.398257 0.393399 0.225296 0.168103 0.192759 0.0301454 0.0171291 0.161578 0.143538 0.0726659 0.0708722 0.0477774 0.064982 0.0419196 0.0332455 0.0498542 0.0834594 0.0660575 0.111724 0.0271982 0.0317365
internal_count=768000 21653 12588 7391 949 393 241 6442 5018 5197 3881 2262 1619 1218 97 51 1581 742 328 414 278 303 257 191 836 746347 24017 745 280 112
is_linear=0
shrinkage=0.05


Tree=222
num_leaves=31
num_cat=0
split_feature=10 57 10 10 10 10 10 10 14 6 13 10 10 16 3 10 14 6 12 2 14 54 10 17 69 24 12 13 13 0
split_gain=0.01958 0.0142255 0.0134716 0.0269243 0.0179355 0.0308315 0.0109816 0.0163207 0.0107645 0.0109625 0.0106094 0.0105321 0.0138063 0.00885546 0.00823167 0.00776957 0.0115502 0.00765659 0.0070804 0.00765597 0.00656777 0.00694059 0.00823011 0.0074439 0.0087955 0.00689311 0.00656566 0.00638146 0.00706705 0.00636385
threshold=2.7500000000000004 0.83388909697532665 9.7500000000000018 9.2500000000000018 10.250000000000002 10.750000000000002 8.7500000000000018 8.2500000000000018 3.6374753713607793 1.5000000000000002 394.07733154296881 7.7500000000000009 7.2500000000000009 0.54102244973182689 1.0000000180025095e-35 13.250000000000002 1.2938327193260195 1.0000000180025095e-35 0.77350428700447094 1.0000000180025095e-35 0.36025807261466986 1.7371867299079897 5.7500000000000009 0.69855517148971569 12.198879241943361 0.78888890147209179 0.60555556416511547 285.18365478515631 343.19065856933599 15.500000000000002
decision_type=2 2 2 2 2 2 2 2 2 2 2 2 2 2 2 2 2 2 2 2 2 2 2 2 2 2 2 2 2 2
left_child=-1 14 3 6 -4 -6 7 11 9 13 -8 12 17 -7 -2 26 -17 -3 19 -16 -21 22 -22 29 -25 -23 -15 -19 -29 -24
right_child=1 2 4 -5 5 8 10 -9 -10 -11 -12 -13 -14 15 18 16 -18 27 -20 20 21 25 23 24 -26 -27 -28 28 -30 -31
leaf_value=-0.03674480599919238 -0.035863088415180787 0.0083387308520822944 0.035579219693825118 -0.050584279154857796 -0.050661284879667492 -0.031676917455414573 0.022145778810227598 -0.050406918725805085 -0.048725800831123545 -0.018491007433799302 -0.041695184196983912 0.018915529323873085 -0.050356183622226838 0.041378514791622356 -0.05015804835523982 -0.029369182423094348 0.030550437175342948 -0.026040863343593137 -0.046926883168068666 -0.041183061961174709 -0.032311774273491509 -0.040915329731295247 0.031426380277739439 0.027138202951891996 -0.02914490255470106 -0.0017686458393245585 -0.031634720932507326 0.0023980159061362458 -0.022512321482047425 -0.031588316646806239
leaf_weight=0.035049330918627164 0.027424190125658776 0.15003494697894876 0.070601239053939668 0.024886753482277868 0.021326268597283815 0.0067687962517481983 0.092327550263350044 0.015930413685838696 0.0064591406891438821 0.018076987533071076 0.0070012745543783219 0.069941311807635298 0.014324577865291954 0.061097424757630137 0.0085739199009931544 0.01280293108021624 0.02163010149176614 0.034661823172909889 0.010220355364595479 0.0098944418668871492 0.011038251146686218 0.016308641162840143 0.0055888539490211988 0.06323654721944294 0.0077972491749029862 0.036218772107517561 0.0032424431252202615 0.14221658992352254 0.035599055573111771 0.014152212622436267
leaf_count=739918 5426 3150 450 152 113 20 608 215 181 69 26 567 358 428 1344 20 42 1055 4386 60 157 1042 51 415 36 1012 36 4097 2481 85
internal_value=9.21549e-10 0.00126339 0.00427611 0.000307719 0.0147675 0.00506278 0.00256119 -0.000677013 0.0141987 0.0174866 0.0176459 0.00109617 -0.00221112 0.0236488 -0.0103167 0.0274402 0.00827105 -0.000308686 -0.00648897 -0.00409737 -0.00169277 0.000838872 0.00845474 0.013412 0.0209601 -0.0139229 0.037699 -0.00641481 -0.00258908 -0.0137484
internal_weight=1.05443 1.01938 0.80893 0.586924 0.222005 0.151404 0.562038 0.462709 0.130078 0.123619 0.0993288 0.446778 0.376837 0.105542 0.210453 0.0987729 0.034433 0.362512 0.183029 0.172809 0.164235 0.154341 0.101813 0.0907749 0.0710338 0.0525274 0.0643399 0.212477 0.177816 0.0197411
internal_count=768000 28082 14068 12709 1359 909 12557 11923 796 615 634 11708 11141 546 14014 526 62 10783 8588 4202 2858 2798 744 587 451 2054 464 7633 6578 136
is_linear=0
shrinkage=0.05


Tree=223
num_leaves=31
num_cat=0
split_feature=34 4 10 10 16 6 57 12 18 10 2 3 36 13 34 10 23 14 38 18 58 63 29 17 19 13 13 6 57 49
split_gain=0.0190795 0.0150697 0.0133455 0.0140037 0.0121611 0.00991918 0.0104388 0.0078803 0.00799142 0.00745968 0.0107481 0.00780338 0.00802893 0.0106721 0.0069112 0.00661766 0.00620014 0.00680426 0.00686546 0.00850933 0.00902049 0.00665905 0.00728864 0.00722167 0.00616917 0.00615833 0.00935573 0.00602214 0.00793964 0.00708702
threshold=4.9656822681427011 1.0000000180025095e-35 7.7500000000000009 7.2500000000000009 0.46652437746524816 1.0000000180025095e-35 0.89890685677528392 0.78174602985382091 0.31609262526035314 4.7500000000000009 2.5000000000000004 1.5000000000000002 0.93777653574943554 266.13594055175787 1.4109969735145571 4.2500000000000009 3.1609637737274174 0.46743613481521612 0.34056873619556433 0.19809646904468539 0.17812992632389071 3.5114340782165532 13.786395072937013 0.9740906059741975 0.02372686751186848 331.05122375488287 342.15895080566412 1.0000000180025095e-35 0.97572711110115062 11.688463211059572
decision_type=2 2 2 2 2 2 2 2 2 2 2 2 2 2 2 2 2 2 2 2 2 2 2 2 2 2 2 2 2 2
left_child=1 2 3 9 -4 7 -7 8 24 15 11 -11 13 -13 -12 27 -8 -18 19 -19 -21 -22 -23 -24 -6 -10 -27 28 29 -1
right_child=-2 -3 4 -5 5 6 16 -9 25 10 14 12 -14 -15 -16 -17 17 18 -20 20 21 22 23 -25 -26 26 -28 -29 -30 -31
leaf_value=0.0284072956699092 -0.049477488363155381 -0.05006697639525879 -0.01907720749943595 -0.050301764502405345 0.035639227323288079 -0.0097567959143809446 -0.015514150314882498 -0.050306883805715075 0.02141025865539295 -0.029209628582356813 -0.02942834993683854 -0.038611599721685548 -0.00024530099429035697 0.027554132269918836 -0.0032049065850945414 -0.050258160422931658 -0.022161099150202812 0.044549961412548439 0.034329357992756063 -0.037521396036429143 0.029088321170069098 -0.029477194676539788 0.043314828385527776 -0.025016359997568606 -0.019137543113340177 -0.024809809172310376 0.013605149581462687 -0.021788131264101056 0.048004640709996667 -0.018337099408175822
leaf_weight=0.010944324155292569 0.01911820036324885 0.014268739722934409 0.040967793993006096 0.016162584811294733 0.069074998350838968 0.10289822726348841 0.019732330603304149 0.0042755130537328592 0.076092982164475131 0.01195260853103175 0.031467788591187928 0.0065844354442958766 0.067747472680629528 0.081865637743683273 0.12466109842814993 0.011285844265763095 0.011627337978936225 0.014451019488525674 0.042013535812319258 0.011767879355134347 0.02635075767237538 0.015508127466631549 0.010510328310129324 0.0061171635601340304 0.0055533704062327152 0.023587417470913863 0.048314297606644629 0.052360972615997273 0.0080329513142255726 0.031294328024762376
leaf_count=2495 371985 218418 791 271 735 574 56 127 478 167 536 56 204 475 1602 694 26 40 116 25 85 56 33 19 22 137 371 142990 842 23574
internal_value=1.29615e-09 0.000948319 0.00168868 -0.00459594 0.00708816 0.00928532 0.00263766 0.0169314 0.0182227 -0.00291011 0.000956519 0.00972792 0.0127075 0.0226286 -0.00849024 -0.0139168 0.0107056 0.0144453 0.0178042 0.00960781 0.00242035 0.0104569 -0.00482058 0.0181762 0.0315631 0.0114956 0.00100309 -0.00992061 0.00244015 -0.00622531
internal_weight=1.01659 0.997472 0.983203 0.45436 0.528843 0.487875 0.260977 0.226899 0.222623 0.438197 0.324279 0.16815 0.156198 0.0884501 0.156129 0.113918 0.158078 0.138346 0.126719 0.0847053 0.0702543 0.0584864 0.0321356 0.0166275 0.0746284 0.147995 0.0719017 0.102633 0.0502716 0.0422387
internal_count=768000 396015 177597 173906 3691 2900 1030 1870 1743 173635 3040 902 735 531 2138 170595 456 400 374 258 218 193 108 52 757 986 508 169901 26911 26069
is_linear=0
shrinkage=0.05


Tree=224
num_leaves=31
num_cat=0
split_feature=10 57 34 12 57 12 10 10 10 10 6 10 10 10 10 39 10 13 23 36 29 6 23 13 5 54 49 17 23 6
split_gain=0.0181506 0.0132611 0.0102672 0.0106291 0.0070172 0.0063865 0.00785614 0.0274205 0.0115954 0.031779 0.00990202 0.0120366 0.013696 0.00910903 0.0187129 0.00782774 0.00700064 0.00690326 0.00954179 0.00735523 0.00634938 0.00858851 0.00917854 0.00632013 0.00598859 0.00597464 0.00970085 0.00773267 0.00687784 0.0059421
threshold=4.7500000000000009 0.67305442690849315 3.6601417064666752 0.63961037993431102 0.8864782750606538 0.17519181966781619 9.7500000000000018 9.2500000000000018 10.250000000000002 10.750000000000002 1.5000000000000002 13.250000000000002 13.750000000000002 8.7500000000000018 8.2500000000000018 0.038773316890001304 14.250000000000002 346.15626525878912 4.3325214385986337 0.97927406430244457 12.808752059936525 2.5000000000000004 3.6549059152603154 344.11839294433599 1.5000000000000002 2.7799751758575444 14.913361549377443 0.98222315311431896 3.1609637737274174 1.0000000180025095e-35
decision_type=2 2 2 2 2 2 2 2 2 2 2 2 2 2 2 2 2 2 2 2 2 2 2 2 2 2 2 2 2 2
left_child=4 -2 3 5 -1 -3 7 13 15 -10 11 24 -13 14 23 -8 -14 -15 19 -19 21 -5 -23 25 -11 26 27 -7 -28 -6
right_child=1 2 -4 20 29 6 8 -9 9 10 -12 12 16 17 -16 -17 -18 18 -20 -21 -22 22 -24 -25 -26 -27 28 -29 -30 -31
leaf_value=-0.036680453418454904 -0.015526453908323743 -0.035978663717194319 -0.012567535402698638 -0.011864191181409108 0.0042908214882188432 0.020620459670635222 0.044448687679050053 -0.05057933206539858 -0.050598510070205632 0.038548511694154942 -0.017623815292099592 -0.050483213884689085 0.042008607908584836 0.035176822772904022 -0.050416340840765794 -0.0054189814815154055 -0.0067534749896093127 -0.029241221686085686 0.045653953722120846 0.050154403506611302 -0.023607503834583335 -0.027193936022760164 0.041329937396083156 -0.0088382003389731092 -0.017624994850976912 0.030062088548276456 0.023582988432241242 -0.026241426976362187 -0.017923046532737401 -0.021808948255299377
leaf_weight=0.035460044697718435 0.090576241858466799 0.0076789540684503157 0.077470796766551109 0.044999689315885438 0.038851538784580524 0.09780803664049742 0.049252996805448035 0.020595606404775424 0.018778517949073148 0.074688602194584064 0.016386368553654052 0.0096772016214856649 0.014998819863119905 0.049332514777621128 0.014719022582378116 0.0093657424201438744 0.014453684454188931 0.016380100355121385 0.009563466117633368 0.0035490844404222335 0.039656494794640229 0.0065153204417622837 0.019551887840840276 0.047338683992543817 0.005066469176881582 0.03556261188219878 0.0127589769474028 0.009673643570486945 0.045839696636154059 0.04970987057974794
leaf_count=342679 7447 26 4254 817 43791 630 393 40 31 523 53 13 40 386 52 34 36 85 53 25 818 57 117 379 15 185 40 34 276 364671
internal_value=-2.10928e-09 0.00257249 0.00469691 0.0066236 -0.0178849 0.00931879 0.00992289 0.0054533 0.0175545 0.0103526 0.0188139 0.0238363 0.00112269 0.00882246 0.0043645 0.0364811 0.0180788 0.0237361 0.00459905 -0.0151021 -0.00757902 0.00136514 0.0242029 0.00760298 0.0349801 0.0114628 0.00748014 0.0164028 -0.00888573 -0.0103591
internal_weight=0.986261 0.862239 0.771663 0.694192 0.124021 0.583469 0.57579 0.363121 0.212668 0.15405 0.135271 0.118885 0.0391297 0.342526 0.263701 0.0586187 0.0294525 0.0788252 0.0294927 0.0199292 0.110723 0.0710669 0.0260672 0.248982 0.0797551 0.201643 0.16608 0.107482 0.0585987 0.0885614
internal_count=768000 16859 9412 5158 751141 3349 3323 2185 1138 711 680 627 89 2145 1596 427 76 549 163 110 1809 991 174 1544 538 1165 980 664 316 408462
is_linear=0
shrinkage=0.05


Tree=225
num_leaves=31
num_cat=0
split_feature=4 17 10 10 54 14 12 17 36 34 38 13 34 36 23 13 54 37 63 10 12 17 10 23 58 56 38 1 16 36
split_gain=0.0177493 0.014381 0.0132316 0.0125238 0.00685059 0.00726409 0.00674124 0.00715877 0.0085272 0.00663591 0.00742598 0.00691497 0.00673567 0.0100881 0.010407 0.00736518 0.00968992 0.00733155 0.00721781 0.00647637 0.0101256 0.00922915 0.00680001 0.00584959 0.0059194 0.00720912 0.00940769 0.00747054 0.00751798 0.0057459
threshold=1.0000000180025095e-35 0.83447185158729564 7.7500000000000009 7.2500000000000009 4.1939470767974862 0.4306021928787232 0.58578431606292736 0.97436261177062999 0.97665333747863781 3.5842828750610356 0.30713045597076422 335.12585449218756 1.728749215602875 0.82128340005874645 4.4790756702423105 287.12956237792974 2.051286101341248 0.94493386149406444 3.5972183942794804 5.7500000000000009 0.80625000596046459 0.9809941053390504 5.2500000000000009 4.8035995960235605 0.13269109278917315 0.73706510663032543 0.286150872707367 16.500000000000004 0.76523602008819591 0.77351120114326488
decision_type=2 2 2 2 2 2 2 2 2 2 2 2 2 2 2 2 2 2 2 2 2 2 2 2 2 2 2 2 2 2
left_child=1 -1 3 4 5 -3 9 -8 -9 12 -11 29 23 14 15 -14 -17 18 -15 22 21 -21 -7 24 -4 27 -27 28 -26 -12
right_child=-2 2 6 -5 -6 19 7 8 -10 10 11 -13 13 17 -16 16 -18 -19 -20 20 -22 -23 -24 -25 25 26 -28 -29 -30 -31
leaf_value=-0.017281032176828897 -0.050051888519752008 -0.029976694001185286 -0.050362658660316563 -0.050287262339004594 -0.047473365616194627 -0.0036714254882644713 -0.016115221662410178 -0.032712840211899061 0.027820172797063083 -0.045853821899218827 -0.029094901977722239 -0.028218312536201717 0.032792799585796589 0.050370505466668825 0.046338060028502492 0.011699559950422208 -0.0366204559602877 0.031322677176753501 -0.038238649529368854 0.016447895520685131 -0.040818353828542958 -0.014508402956596674 -0.050299400812628306 -0.032515064865993738 -0.0078726852217934004 0.030215264916743197 -0.023953334496063666 0.037513335559031961 0.046000939402128613 0.037515649319790616
leaf_weight=0.097095313399323868 0.017388472647946074 0.020307387988287795 0.004140276475190773 0.013837259258150603 0.0080621888321071866 0.17584249589140188 0.048638805781116456 0.0075335568352050677 0.025545645988634735 0.009534651503340541 0.0041481058699428522 0.010183808081363654 0.0099344177461020422 0.0032934210227040239 0.011666251855508847 0.018720364850345561 0.023275428070149928 0.12316750764475159 0.0076052950677549802 0.13194588589370859 0.010095232622796879 0.029451254864651943 0.0081829573346878792 0.0095385658956743669 0.028013212830501288 0.011633640121374356 0.025772232125156336 0.032653778161559899 0.0084228074018710686 0.014748178613963603
leaf_count=123328 421517 11245 8 339 99609 107194 614 81 117 48 76 169 55 30 60 153 109 877 41 811 352 110 325 39 82 42 121 286 28 134
internal_value=-1.24187e-09 0.000932834 0.00304851 -0.00355433 -0.00186984 -0.000891553 0.00904187 -0.00391083 0.0140342 0.0120113 -0.00756114 0.0049941 0.0143892 0.0200647 0.00366423 -0.00592255 -0.015081 0.0278445 -0.0114624 0.000769807 0.00776052 0.0107991 -0.00574481 0.00505423 0.0082933 0.0105737 -0.0071063 0.0201458 0.00458112 0.0228933
internal_weight=0.950378 0.93299 0.835895 0.397725 0.383887 0.375825 0.43817 0.081718 0.0330792 0.356452 0.0386147 0.0290801 0.317837 0.197663 0.0635965 0.0519302 0.0419958 0.134066 0.0108987 0.355518 0.171492 0.161397 0.184025 0.120175 0.110636 0.106496 0.0374059 0.0690898 0.036436 0.0188963
internal_count=768000 346483 223155 219985 219646 120037 3170 812 198 2358 427 379 1931 1325 377 317 262 948 71 108792 1273 921 107519 606 567 559 163 396 110 210
is_linear=0
shrinkage=0.05


Tree=226
num_leaves=31
num_cat=0
split_feature=34 12 2 3 10 10 1 11 58 14 57 12 25 10 10 37 12 58 7 10 0 18 43 6 6 10 10 58 69 10
split_gain=0.0173707 0.0130165 0.0106638 0.00966994 0.00922026 0.014645 0.00670518 0.00623971 0.00945394 0.00862089 0.00679571 0.00656317 0.0102697 0.00605289 0.00623079 0.00604726 0.00592458 0.00709204 0.00567087 0.00533787 0.00753639 0.0051007 0.00499974 0.0049349 0.00496715 0.00485904 0.0171912 0.0101207 0.00969367 0.0111398
threshold=4.3533363342285165 0.67708334326744091 1.0000000180025095e-35 1.0000000180025095e-35 6.7500000000000009 6.2500000000000009 25.500000000000004 0.78019323945045482 0.32603697478771215 2.4875915050506596 0.85849398374557506 0.55902779102325451 46.190477371215827 5.7500000000000009 5.2500000000000009 0.99058449268341076 0.22474747896194461 0.36116191744804388 1.0000000180025095e-35 9.7500000000000018 16.500000000000004 0.21139135211706164 4.7664294242858896 2.5000000000000004 3.5000000000000004 9.7500000000000018 9.2500000000000018 0.26129123568534857 10.196917057037355 10.250000000000002
decision_type=2 2 2 2 2 2 2 2 2 2 2 2 2 2 2 2 2 2 2 2 2 2 2 2 2 2 2 2 2 2
left_child=1 2 -1 19 5 6 13 8 9 10 18 16 -13 14 -5 -3 17 -9 -6 -4 -21 -15 -23 -17 -25 26 -18 -27 -29 -30
right_child=-2 15 3 4 7 -7 -8 11 -10 -11 -12 12 -14 21 -16 23 25 -19 -20 20 -22 22 -24 24 -26 27 -28 28 29 -31
leaf_value=-0.050054776433098351 -0.037730122538536526 -0.036064316667758139 -0.037453161452793954 1.3880404923661085e-05 -0.045319409870309656 -0.050451171671193222 -0.020719831617394442 -0.026477002882266412 -0.050274095363623018 -0.047320553109743438 0.032945995446085161 0.011764283762001866 -0.025738949561961946 -0.036093578638590314 -0.050274437093639414 -0.019828301782291835 0.014515291360797062 0.030396436165503339 0.021646752563940483 0.027527412277117465 -0.035636015805171797 0.029273381255934001 0.0015549469421300478 0.010256400154479442 -0.039702070350252056 0.036906657980781313 -0.050514294308475975 0.042165360999156742 0.033963068067849704 -0.012894587980563914
leaf_weight=0.0091621269133050909 0.029528115527423293 0.025291117561975246 0.020624305149468447 0.11727993128756356 0.0067516305536798882 0.014895180681865128 0.031473400196876139 0.017669919428054293 0.010176623150307762 0.0068113123922737264 0.01970038973422561 0.051441132009268475 0.028294401966334704 0.0045037286415876556 0.0065009780753704218 0.045794905268116519 0.17083597422161834 0.0079465105385807533 0.0059451748007504079 0.010542094089250664 0.0085547328409054657 0.043138101716220234 0.026118649373245262 0.037810646698937835 0.0057293206299850455 0.068675968395586651 0.010805871573175807 0.018715808791821331 0.018037102505790159 0.042738214173603239
leaf_count=4329 419614 122219 2502 1179 45 84 2241 125 51 56 46 185 93 25 84 117647 1355 28 21 86 176 209 126 37767 56652 522 31 168 143 191
internal_value=-3.08056e-10 0.00124904 0.00356846 0.00420803 0.005518 -0.00241053 0.000714045 0.00950905 -0.00733364 0.00381161 0.0145618 0.0114205 -0.00154386 0.00412901 -0.00262726 -0.0144802 0.0143289 -0.00883421 -0.0139631 -0.0198158 -0.000767668 0.015467 0.01882 -0.00836963 0.00368248 0.016128 0.0106467 0.0228476 0.0107014 0.00101198
internal_weight=0.921493 0.891965 0.777339 0.768177 0.728456 0.24391 0.229015 0.484546 0.0493851 0.0392085 0.0323972 0.435161 0.0797355 0.197541 0.123781 0.114626 0.355425 0.0256164 0.0126968 0.0397211 0.0190968 0.0737605 0.0692568 0.0893349 0.04354 0.329809 0.181642 0.148167 0.0794911 0.0607753
internal_count=768000 348386 14101 9772 7008 3948 3864 3060 219 168 112 2841 278 1623 1263 334285 2563 153 66 2764 262 360 335 212066 94419 2410 1386 1024 502 334
is_linear=0
shrinkage=0.05


end of trees

feature_importances:
dbe=987
hetero_c=579
abs_ppm_max=463
count_F=396
h_c=319
intensity_fraction_mean=303
intensity_fraction_min=286
abs_ppm_mean=256
log_base_peak_min=231
count_O=215
mass=209
fragment_error_fraction_mean=189
fragment_error_fraction_min=186
abs_ppm_min=185
count_N=144
fragment_error_fraction_max=144
count_H=137
count_P=128
peak_fraction_max=128
log_base_peak_max=125
peak_fraction_mean=124
intensity_fraction_max=124
count_S=119
count_Cl=110
positive_mean=107
count_C=88
peak_fraction_min=83
log_base_peak_mean=73
log_peak_count_mean=71
log_peak_count_max=57
log_peak_count_min=51
water_loss_fraction_mean=48
count_Br=32
ce_max_mean=24
ce_min_mean=14
co2_loss_fraction_mean=13
co_loss_fraction_max=11
ce_mean_mean=9
co2_loss_fraction_max=8
water_loss_fraction_max=7
ammonia_loss_fraction_max=7
ce_mean_max=6
ammonia_loss_fraction_mean=4
co_loss_fraction_mean=3
ce_mean_min=3
ce_min_min=3
positive_max=1

parameters:
[boosting: gbdt]
[objective: lambdarank]
[metric: custom]
[tree_learner: serial]
[device_type: cpu]
[data_sample_strategy: bagging]
[data: ]
[valid: ]
[num_iterations: 1000]
[learning_rate: 0.05]
[num_leaves: 31]
[num_threads: 8]
[seed: 42]
[deterministic: 1]
[force_col_wise: 1]
[force_row_wise: 0]
[histogram_pool_size: -1]
[max_depth: -1]
[min_data_in_leaf: 20]
[min_sum_hessian_in_leaf: 0.001]
[bagging_fraction: 1]
[pos_bagging_fraction: 1]
[neg_bagging_fraction: 1]
[bagging_freq: 0]
[bagging_seed: 400]
[bagging_by_query: 0]
[feature_fraction: 1]
[feature_fraction_bynode: 1]
[feature_fraction_seed: 30056]
[extra_trees: 0]
[extra_seed: 12879]
[early_stopping_round: 0]
[early_stopping_min_delta: 0]
[first_metric_only: 0]
[max_delta_step: 0]
[lambda_l1: 0]
[lambda_l2: 0]
[linear_lambda: 0]
[min_gain_to_split: 0]
[drop_rate: 0.1]
[max_drop: 50]
[skip_drop: 0.5]
[xgboost_dart_mode: 0]
[uniform_drop: 0]
[drop_seed: 17869]
[top_rate: 0.2]
[other_rate: 0.1]
[min_data_per_group: 100]
[max_cat_threshold: 32]
[cat_l2: 10]
[cat_smooth: 10]
[max_cat_to_onehot: 4]
[top_k: 20]
[monotone_constraints: ]
[monotone_constraints_method: basic]
[monotone_penalty: 0]
[feature_contri: ]
[forcedsplits_filename: ]
[refit_decay_rate: 0.9]
[cegb_tradeoff: 1]
[cegb_penalty_split: 0]
[cegb_penalty_feature_lazy: ]
[cegb_penalty_feature_coupled: ]
[path_smooth: 0]
[interaction_constraints: ]
[verbosity: -1]
[saved_feature_importance_type: 0]
[use_quantized_grad: 0]
[num_grad_quant_bins: 4]
[quant_train_renew_leaf: 0]
[stochastic_rounding: 1]
[linear_tree: 0]
[max_bin: 255]
[max_bin_by_feature: ]
[min_data_in_bin: 3]
[bin_construct_sample_cnt: 200000]
[data_random_seed: 175]
[is_enable_sparse: 1]
[enable_bundle: 1]
[use_missing: 1]
[zero_as_missing: 0]
[feature_pre_filter: 1]
[pre_partition: 0]
[two_round: 0]
[header: 0]
[label_column: ]
[weight_column: ]
[group_column: ]
[ignore_column: ]
[categorical_feature: ]
[forcedbins_filename: ]
[precise_float_parser: 0]
[parser_config_file: ]
[objective_seed: 16083]
[num_class: 1]
[is_unbalance: 0]
[scale_pos_weight: 1]
[sigmoid: 1]
[boost_from_average: 1]
[reg_sqrt: 0]
[alpha: 0.9]
[fair_c: 1]
[poisson_max_delta_step: 0.7]
[tweedie_variance_power: 1.5]
[lambdarank_truncation_level: 30]
[lambdarank_norm: 1]
[label_gain: ]
[lambdarank_position_bias_regularization: 0]
[eval_at: ]
[multi_error_top_k: 1]
[auc_mu_weights: ]
[num_machines: 1]
[local_listen_port: 12400]
[time_out: 120]
[machine_list_filename: ]
[machines: ]
[gpu_platform_id: -1]
[gpu_device_id: -1]
[gpu_device_id_list: ]
[gpu_use_dp: 0]
[num_gpu: 1]

end of parameters

pandas_categorical:null
