tree
version=v4
num_class=1
num_tree_per_iteration=1
label_index=0
max_feature_idx=73
objective=lambdarank
feature_names=count_C count_H count_N count_O count_P count_S count_F count_Cl count_Br count_I dbe h_c hetero_c mass abs_ppm_mean supported_mean peak_fraction_mean intensity_fraction_mean fragment_error_fraction_mean water_loss_fraction_mean co_loss_fraction_mean co2_loss_fraction_mean ammonia_loss_fraction_mean log_peak_count_mean positive_mean ce_mean_mean ce_min_mean ce_max_mean ce_missing_mean log_base_peak_mean base_missing_mean timsTOF_mean orbitrap_mean instrument_missing_mean abs_ppm_max supported_max peak_fraction_max intensity_fraction_max fragment_error_fraction_max water_loss_fraction_max co_loss_fraction_max co2_loss_fraction_max ammonia_loss_fraction_max log_peak_count_max positive_max ce_mean_max ce_min_max ce_max_max ce_missing_max log_base_peak_max base_missing_max timsTOF_max orbitrap_max instrument_missing_max abs_ppm_min supported_min peak_fraction_min intensity_fraction_min fragment_error_fraction_min water_loss_fraction_min co_loss_fraction_min co2_loss_fraction_min ammonia_loss_fraction_min log_peak_count_min positive_min ce_mean_min ce_min_min ce_max_min ce_missing_min log_base_peak_min base_missing_min timsTOF_min orbitrap_min instrument_missing_min
feature_infos=[0:40] [0:268] [0:33] [0:26] [0:4] [0:8] [0:24] [0:8] [0:6] [0:2] [-135.5:27] [0:268] [0:37] [88.016044616699219:667.4410400390625] [4.0764543740579029e-08:31.064857482910156] [0.0076923076994717121:1] [0:1] [0:1] [4.7177491069305688e-05:1] [0:0.66779720783233643] [0:0.56658631563186646] [0:0.86762970685958862] [0:0.7597663402557373] [0.69314718246459961:4.8598122596740723] [0:1] [0:107.92500305175781] [0:107.92500305175781] [0:107.92500305175781] [0:1] [0:20.693050384521484] [0:1] [0:1] [0:1] [0:1] [4.0764543740579029e-08:46.142791748046875] none [0:1] [0:1] [4.7177491069305688e-05:1] [0:0.90489131212234497] [0:0.59425932168960571] [0:0.98425197601318359] [0:0.84961766004562378] [0.69314718246459961:4.8598122596740723] [0:1] [0:167.10000610351562] [0:167.10000610351562] [0:167.10000610351562] [0:1] [0:21.708717346191406] [0:1] [0:1] [0:1] [0:1] [4.0764543740579029e-08:9.9999008178710938] [0:1] [0:1] [0:1] [0:1] [0:0.66730010509490967] [0:0.56658631563186646] [0:0.85033345222473145] [0:0.70372974872589111] [0:4.8598122596740723] [0:1] [0:60] [0:60] [0:63.299999237060547] [0:1] [0:20.693050384521484] [0:1] [0:1] [0:1] [0:1]
tree_sizes=3465 3475 3457 3464 3454 3463 3465 3459 3481 3460 3468 3472 3479 3465 3453 3466 3462 3482 3464 3461 3464 3475 3463 3467 3462 3465 3467 3464 3465 3468 3456 3476 3464 3471 3459 3448 3471 3461 3481 3463 3485 3478 3482 3482 3461 3488 3467 3469 3466 3460 3486 3453 3461 3454 3468 3459 3458 3477 3477 3478 3469 3466 3472 3475 3486 3479 3476 3456 3479 3465 3498 3475 3478 3488 3471 3451 3460 3463 3473 3473 3487 3460 3488 3460 3471 3485 3499 3489 3474 3514 3491 3496 3480 3508 3489 3488 3477 3512 3508 3483 3507 3509 3495 3503 3499 3513 3513 3513 3527 3507 3515 3511 3531 3520 3511 3541 3524 3506 3506 3537 3521 3542 3510 3532 3533 3532 3532 3540 3528 3544 3541 3561 3538 3547 3539 3514 3531 3573 3528 3519 3506 3560 3571 3559 3557 3547 3563 3545 3518 3544 3566 3561 3561 3515 3527 3551 3522 3549 3582 3537 3586 3544 3607 3587 3570 3568 3585 3595 3573 3569 3579 3567 3580 3595 3588 3585 3596 3587 3618 3578 3580 3581 3569 3637 3624 3594 3619 3647 3600 3582 3581 3624 3635 3589 3597 3626 3605 3641 3606 3601 3632 3614 3640 3612 3611 3620 3650 3636 3657 3630 3629 3595 3650 3646 3592 3632 3627 3608 3652 3639 3624 3638 3641 3634 3610 3609 3615 3619 3634 3689 3602 3643 3644 3612 3623 3629 3651 3636 3616 3652 3647 3675 3629 3640 3686 3661 3641 3619 3677 3631 3678 3641 3685 3660 3660 3696 3671 3701 3693 3686 3660 3700 3717

Tree=0
num_leaves=31
num_cat=0
split_feature=11 54 12 4 12 3 0 10 10 12 43 14 12 54 25 12 11 54 6 27 3 2 26 13 25 11 11 43 58 14
split_gain=39460.2 1303.53 432.758 290.169 135.104 118.483 91.8865 85.4918 83.6876 76.9403 57.4394 43.702 28.6641 36.9727 31.4235 25.5589 22.6816 46.9727 45.5596 21.8837 19.6503 18.7025 15.488 15.2377 11.3877 16.2145 17.0971 10.1886 9.16472 7.60151
threshold=2.0172413587570195 4.4646072387695321 1.1715686321258547 1.0000000180025095e-35 0.30217391252517706 5.5000000000000009 20.500000000000004 -1.0000000180025095e-35 1.7500000000000002 0.21240601688623431 2.3502402305603032 0.13773538917303088 0.80476191639900219 1.9263557791709902 6.5000000000000009 0.14642857760190967 2.2052631378173833 1.0128937959671023 1.0000000180025095e-35 29.337500572204593 8.5000000000000018 1.5000000000000002 21.626470565795902 291.14698791503912 1.0000000180025095e-35 1.2649122476577761 1.0606617927551272 3.5694335699081425 0.070108741521835341 3.9059684276580815
decision_type=2 2 2 2 2 2 2 2 2 2 2 2 2 2 2 2 2 2 2 2 2 2 2 2 2 2 2 2 2 2
left_child=1 2 3 8 7 15 10 -2 9 -1 21 23 29 -14 -15 -5 17 18 22 -8 -13 -3 -6 -4 25 26 -12 -28 -22 -10
right_child=4 6 11 5 16 -7 19 -9 12 -11 24 20 13 14 -16 -17 -18 -19 -20 -21 28 -23 -24 -25 -26 -27 27 -29 -30 -31
leaf_value=0.096013397799544931 -0.099999999999999978 0.069738682250958278 0.09177883260059172 0.068596904435425599 0.086929204331270202 0.084544862741147295 0.090250220059971686 0.088259658007664901 0.099006119318384087 -0.10000000000000001 -0.099999999999999922 -0.10000000000000001 0.082336640888982349 0.068701328036061882 -0.099999999999999992 -0.098264367877588105 -0.099829899872063546 -0.10000000000000001 -0.10000000000000001 -0.10000000000000001 0.093574982413631089 -0.099999999999999964 -0.10000000000000001 -0.099999999999999936 -0.09916804057663324 -0.10000000000000001 0.077989906021528374 -0.099999999999999922 -0.099999999999999908 0.081580028543584038
leaf_weight=9.8057914376258868 9.7947348519810475 7.8364200837677327 5.1540343780070534 2.4980003064265501 9.3850164148607309 15.586122898967004 10.568052391754462 15.691374420421198 5228.3252247854834 10.228589588194152 3.0989368212176505 31.611305215104949 79.820859992760234 5.5447773949708772 5.4966605011140928 28.231437626294792 5144.0967781905201 35.613629150262568 6.913480832707136 1.7637759586796153 2.0434115272364575 2.0466951858252287 1.256460447795688 1.296250154438894 85.985333560500294 9.756614766083656 4.5659386162296869 0.97585068410262454 0.8725395367364398 63.338784472260159
leaf_count=29 1207 130 23 51 84 167 70 122 6020 1268 344 4006 971 113 705 3607 662154 4542 913 222 11 221 161 179 10549 1148 72 111 114 747
internal_value=4.93665e-09 0.0919961 0.095654 0.0968714 -0.0989309 -0.0277458 -0.066627 0.0159083 0.0979398 -0.0040616 -0.0806209 -0.0662257 0.0983194 0.0704742 -0.0152817 -0.0847002 -0.0994941 -0.0670043 -6.61989e-05 0.0630394 -0.0885437 0.0345875 0.0648581 0.0532389 -0.091529 -0.0558256 -0.00594645 0.0466478 0.0356516 0.0987975
internal_weight=10839.2 5616.45 5489.85 5448.88 5222.75 46.3156 126.598 25.4861 5402.56 20.0344 114.266 40.9775 5382.53 90.8623 11.0414 30.7294 5197.27 53.1686 17.555 12.3318 34.5273 9.88312 10.6415 6.45028 104.383 18.3973 8.64073 5.54179 2.91595 5291.66
internal_count=700061 30878 18011 13678 669183 3825 12867 1329 9853 1297 12575 4333 8556 1789 818 3658 667854 5700 1158 292 4131 351 245 202 12224 1675 527 183 125 6767
is_linear=0
shrinkage=0.05


Tree=1
num_leaves=31
num_cat=0
split_feature=11 12 3 17 54 10 6 7 6 11 12 14 10 12 6 54 17 23 26 24 38 17 49 43 6 57 67 6 2 14
split_gain=41752.5 1453.37 494.559 585.044 381.746 260.044 448.776 257.74 231.357 252.573 138.774 108.46 91.9338 89.8799 83.8213 82.0156 71.2437 70.4334 66.923 59.7884 83.5112 55.4263 53.5027 48.7751 47.2201 196.198 45.795 42.6786 42.1595 41.3468
threshold=2.0172413587570195 0.67543861269950878 1.0000000180025095e-35 0.82707059383392345 2.1715321540832524 4.7500000000000009 1.0000000180025095e-35 1.0000000180025095e-35 1.0000000180025095e-35 1.5080645084381106 0.30217391252517706 4.4788663387298593 7.7500000000000009 0.35857143998146063 1.0000000180025095e-35 0.55805063247680675 0.92768082022666942 3.2840046882629399 15.505555629730226 0.75595238804817211 0.36022506654262548 0.93491134047508251 12.348983764648439 3.4811217784881596 1.0000000180025095e-35 0.34842120110988622 35.049999237060554 1.0000000180025095e-35 2.5000000000000004 2.1772043704986577
decision_type=2 2 2 2 2 2 2 2 2 2 2 2 2 2 2 2 2 2 2 2 2 2 2 2 2 2 2 2 2 2
left_child=1 2 3 15 8 6 7 -4 26 17 16 24 13 -5 22 18 -2 -10 -1 20 29 23 -13 -19 -7 -26 -3 28 -6 -8
right_child=10 4 5 12 27 11 19 -9 9 -11 -12 14 -14 -15 -16 -17 -18 21 -20 -21 -22 -23 -24 -25 25 -27 -28 -29 -30 -31
leaf_value=0.066643886480752965 -0.051300280156927718 0.068716119175732768 0.083401386510451647 0.061626313357213441 0.033924155565030416 0.089852851978588832 0.058023797533690684 -0.077665500335365983 -0.044717458274150551 -0.096637605407890126 -0.090487706788663233 0.067949196272309886 0.083309210301953041 -0.082475881761750122 -0.094055033411867064 -0.097800636393893081 0.083915650718709642 0.077908761565321213 -0.099411425663961606 -0.086955538513443897 -0.097853156393349877 0.056878052745564789 -0.093969285496616095 -0.097617964271167729 -0.073829919689038501 0.081612815411976347 -0.09795938297463061 -0.084536432572008532 -0.064396481037554465 -0.098137065892549391
leaf_weight=16.163412078181867 24.710654903494287 180.42407851244934 389.82099493051646 26.902593560982496 17.439448199089384 5538.3865662056196 29.89679711277131 26.527797057991847 29.508970140836027 61.89922620620564 6938.0304287484323 47.391082685244328 185.91181491187308 18.101816031208728 12.358902218358706 81.918902155852265 16.081285949097946 5.9362598424777415 9.7139775531832111 46.204197692841262 17.555785782285966 96.536854380159639 5.7172771127079605 11.874954109218377 20.650350292446092 1196.1372644479852 4.2174420845112754 111.73683201882159 29.089540061017033 4.9389979158877386
leaf_count=49 1288 961 794 127 364 2853 112 600 777 2907 667854 478 301 524 1009 2866 41 26 165 1416 637 504 482 411 242 1296 143 8726 1946 162
internal_value=1.902e-09 0.076338 0.0819586 0.0228893 -0.00227795 0.084686 0.0504243 0.073139 0.0242769 -0.0121855 -0.0899471 0.0872727 0.067787 0.00366507 0.0232257 -0.0732883 0.0020055 0.0241527 0.00430925 -0.0454946 -0.0089301 0.0419256 0.0505182 -0.0391171 0.0878934 0.0789748 0.064909 -0.0677814 -0.0275451 0.0358834
internal_weight=15201.8 8222.96 7674.3 338.713 548.664 7335.59 514.945 416.349 390.398 205.756 6978.82 6820.64 230.916 45.0044 65.4673 107.796 40.7919 143.857 25.8774 98.5958 52.3916 114.348 53.1084 17.8112 6755.17 1216.79 184.642 158.266 46.529 34.8358
internal_count=700061 30878 14113 4032 16765 10081 3721 1394 5729 4625 669183 6360 952 651 1969 3080 1329 1718 214 2327 911 941 960 437 4391 1538 1104 11036 2310 274
is_linear=0
shrinkage=0.05


Tree=2
num_leaves=31
num_cat=0
split_feature=11 54 4 12 12 6 47 43 10 12 14 54 3 11 12 17 54 31 2 43 6 11 1 41 45 34 11 54 6 27
split_gain=36128.3 1053.31 444.275 277.001 147.939 123.283 104.768 87.8423 63.5452 58.8234 56.4751 51.8983 51.3171 48.9437 42.3517 39.6208 92.3456 44.0574 92.3301 39.2691 35.906 31.3162 28.687 28.6182 27.3247 25.4269 24.0855 48.9765 46.7933 23.6133
threshold=2.0172413587570195 4.5883610248565683 1.0000000180025095e-35 1.0277777910232546 0.30217391252517706 3.5000000000000004 26.649999618530277 2.8617925643920903 -1.0000000180025095e-35 0.60434782505035411 3.0058261156082158 0.31153599917888647 5.5000000000000009 1.1695402264595034 0.37715516984462744 0.59235218167305004 2.3453881740570073 1.0000000180025095e-35 1.5000000000000002 3.7012257575988774 2.5000000000000004 1.891812860965729 42.500000000000007 0.043077364563941963 40.750000000000007 2.1471327543258671 2.2052631378173833 1.0128937959671023 1.0000000180025095e-35 23.396666526794437
decision_type=2 2 2 2 2 2 2 2 2 2 2 2 2 2 2 2 2 2 2 2 2 2 2 2 2 2 2 2 2 2
left_child=1 2 3 5 8 9 12 14 -2 15 21 24 -4 25 -3 16 17 -1 -19 -12 -21 -11 -9 -23 -5 -7 27 28 -6 -18
right_child=4 7 6 11 26 13 -8 22 -10 10 19 -13 -14 -15 -16 -17 29 18 -20 20 -22 23 -24 -25 -26 -27 -28 -29 -30 -31
leaf_value=0.078681775200398263 -0.086009941276169177 0.070954310781481428 -0.05419626625358899 0.059199451512832006 0.059147070619825687 0.047770538294947082 -0.087908861952251893 -0.081180405860647342 0.070535122602833122 0.069997270340161497 0.054719622189892951 -0.062909233928610711 0.069496789687000349 -0.091944366035539474 -0.056729907211968633 0.081568544720376848 0.015215012975388981 -0.098733034861363048 0.069559638448614153 -0.094628397728745081 0.046776221970862682 -0.092692417160909812 0.083497354599850138 0.0775308327201715 -0.089471198390388029 -0.096245071558182793 -0.084209899182754733 -0.084386254412074507 -0.084382689548984091 -0.096779925030088587
leaf_weight=225.94911249820143 9.1500501809932775 16.89188996353187 13.052407993141967 17.96592014958151 14.610936118056999 22.965360345784578 46.494440665526781 115.71943032476702 22.236043837212492 483.84020202001557 20.592350053833798 38.854583033928066 23.449942443287 12.356868625036439 10.550779204218996 6554.3933981917216 8.8609306194121036 11.377814262988975 28.727110591309611 12.588174000382425 6.9777900052722535 5.7132216882891935 2.7064192350953808 4.3484323807060719 3.7327409989084108 3.5369051975430912 6761.801579879364 47.514753862807993 9.2886443648603727 10.038562797242774
leaf_count=292 1207 106 1018 194 245 120 4247 11696 122 1586 198 3087 115 824 726 4360 107 209 100 646 105 341 4 17 289 147 662154 4542 913 344
internal_value=-6.57209e-09 0.074342 0.0769111 0.0781889 -0.0834074 0.079059 -0.0381336 -0.058739 0.0248972 0.0795271 0.0635454 -0.0283174 0.025267 -0.0097657 0.021864 0.080775 0.0625233 0.0701097 0.0218148 0.00652422 -0.0441994 0.0681817 -0.077417 -0.0191256 0.0336242 0.0285507 -0.0839048 -0.0550198 0.00336379 -0.0442717
internal_weight=14566.3 7701.68 7555.82 7472.82 6864.6 7412.27 82.9968 145.869 31.3861 7373.41 534.06 60.5532 36.5024 38.8591 27.4427 6839.35 284.954 266.054 40.1049 40.1583 19.566 493.902 118.426 10.0617 21.6987 26.5023 6833.22 71.4143 23.8996 18.8995
internal_count=700061 30878 18346 12966 669183 9396 5380 12532 1329 8305 2893 3570 1133 1091 832 5412 1052 601 309 949 751 1944 11700 358 483 267 667854 5700 1158 451
is_linear=0
shrinkage=0.05


Tree=3
num_leaves=31
num_cat=0
split_feature=11 54 12 4 12 6 11 6 17 3 0 13 11 22 10 12 43 34 26 38 38 11 23 13 22 58 14 24 43 11
split_gain=31275.8 874.082 330.426 177.238 122.539 82.0997 169.085 79.2845 77.3615 75.3035 70.0955 65.1546 60.1999 52.573 50.1468 43.2507 42.9599 40.2946 36.8476 34.4048 30.0634 27.8272 46.6253 24.1145 22.6238 21.6157 21.3106 33.4522 47.2952 19.276
threshold=2.0172413587570195 4.4646072387695321 0.91287881135940563 1.0000000180025095e-35 0.30217391252517706 1.0000000180025095e-35 1.60357141494751 1.0000000180025095e-35 0.84206581115722667 5.5000000000000009 20.500000000000004 339.06616210937506 1.1695402264595034 0.00074289939948357653 -1.0000000180025095e-35 1.4083333015441897 2.6020033359527592 4.0216782093048105 29.602703094482425 0.34203633666038519 0.46491852402687078 1.431677043437958 3.454132199287415 312.17182922363287 0.0025512193096801643 0.4428421556949616 3.7046340703964238 0.7947368621826173 3.113268375396729 2.2052631378173833
decision_type=2 2 2 2 2 2 2 2 2 2 2 2 2 2 2 2 2 2 2 2 2 2 2 2 2 2 2 2 2 2
left_child=1 2 3 5 14 26 8 15 11 -5 16 24 19 -8 -2 18 25 21 -4 -9 -13 -10 -23 -19 -7 -3 -1 28 -28 -6
right_child=4 10 7 9 29 6 13 12 17 -11 -12 20 -14 -15 -16 -17 -18 23 -20 -21 -22 22 -24 -25 -26 -27 27 -29 -30 -31
leaf_value=0.076970960676997116 -0.08052513904631825 -0.083974138041841992 0.065056507670055053 -0.070038240760849621 -0.052634187453020689 -0.094560147306678971 -0.088520102701100195 0.051117004136673853 0.07148701683471427 0.059628258892047981 0.049088901015585613 0.054977616497902906 -0.081972499461171508 0.051337908172232383 0.059748915406585494 -0.086532624986413106 -0.073997209946986719 0.033451694943553427 -0.088807463674052955 -0.083967247026657227 -0.093708681137592342 -0.096816704272634446 0.051610150686651195 -0.096250953927886768 0.055634851946596599 0.049399163813311386 0.072160390329011101 0.066230209602189949 -0.096572150964955222 -0.0790109562479029
leaf_weight=5813.7044671236363 8.8751220565754938 4.1237884309957726 43.853859402879607 30.390367129206425 69.993741928890813 14.786013190867381 23.688121666142251 18.259595691983126 1138.6816318592755 17.728944217669778 15.488325784681363 43.165481970645487 42.606444229313638 9.3801232400583086 22.583976865862496 6.4438889563898547 114.92547568137525 10.613143614667935 4.269998241448774 6.3537299395829896 3.6903119208291164 5.6866682907566419 76.040903069544584 5.4105210948036975 3.0191846671514204 11.536553787067531 8.5401518670842069 109.45469114510342 8.0842664498486538 6651.5423469111556
leaf_count=3418 1207 357 307 3003 5700 616 1670 305 1152 109 292 193 4431 96 122 524 12040 101 302 571 171 146 251 153 23 178 10 240 219 662154
internal_value=-6.83e-09 0.0696441 0.0720211 0.0733797 -0.0782755 0.0740124 0.0628042 -0.00966044 0.0656419 -0.0222643 -0.0514825 0.0123278 -0.0460086 -0.048848 0.0201753 0.0351153 -0.0634109 0.06843 0.0514043 0.0162461 0.0432672 0.0694643 0.0412825 -0.0103435 -0.0690919 0.0142784 0.0765299 0.0561929 -0.00989233 -0.0787363
internal_weight=14342.9 7589.93 7443.85 7322.06 6753 7273.95 1334.16 121.788 1301.09 48.1193 146.074 64.661 67.2198 33.0682 31.4591 54.5677 130.586 1236.43 48.1239 24.6133 46.8558 1220.41 81.7276 16.0237 17.8052 15.6603 5939.78 126.079 16.6244 6721.54
internal_count=700061 30878 18011 11571 669183 8459 4572 6440 2806 3112 12867 1003 5307 1766 1329 1133 12575 1803 609 876 364 1549 397 254 639 535 3887 469 229 667854
is_linear=0
shrinkage=0.05


Tree=4
num_leaves=31
num_cat=0
split_feature=11 54 4 12 12 3 43 12 10 10 10 14 12 14 32 7 10 25 1 1 11 7 2 6 6 57 10 12 1 11
split_gain=27821 766.984 292.727 191.451 107.974 87.0331 66.2573 64.6941 70.209 43.8898 43.6106 39.0391 32.5178 29.2482 26.9388 23.6416 121.037 23.025 22.8235 22.0051 21.2766 56.4875 46.3672 33.5054 33.4647 26.9817 25.2928 21.227 21.7059 21.1992
threshold=2.0172413587570195 4.5883610248565683 1.0000000180025095e-35 1.1715686321258547 0.30217391252517706 5.5000000000000009 2.8617925643920903 0.54006412625312816 1.7500000000000002 -1.0000000180025095e-35 14.250000000000002 0.13773538917303088 0.37715516984462744 3.2754276990890507 0.9544871747493745 1.0000000180025095e-35 5.7500000000000009 3.652631521224976 19.500000000000004 42.500000000000007 1.2649122476577761 1.0000000180025095e-35 3.5000000000000004 1.0000000180025095e-35 1.5000000000000002 0.91085982322692882 3.7500000000000004 0.27429467439651495 23.500000000000004 2.2052631378173833
decision_type=2 2 2 2 2 2 2 2 2 2 2 2 2 2 2 2 2 2 2 2 2 2 2 2 2 2 2 2 2 2
left_child=1 2 3 7 9 -4 12 15 -9 -2 13 -5 -3 20 -15 -1 18 -7 -17 -8 -10 23 26 -22 25 -25 -23 28 -18 -6
right_child=4 6 5 11 29 17 19 8 10 -11 -12 -13 -14 14 -16 16 27 -19 -20 -21 21 22 -24 24 -26 -27 -28 -29 -30 -31
leaf_value=0.072690718356474796 -0.076176223500973167 0.063354100639815988 -0.069595170090135647 0.048354468258559519 -0.044368670064950447 0.061470060479221746 -0.072139809681361966 -0.076786553743112065 0.068359904293557414 0.055969112596455289 -0.097762678862120284 -0.077471058199651846 -0.052033292965837363 0.033832289557870869 -0.089269720061802393 0.012365108195829453 0.047885563391892823 -0.08296247318260476 -0.093393104328406529 0.073295567849803261 0.069797458104088828 -0.09143276358465624 -0.068182224144506545 0.028322808547130224 0.049571525407378206 -0.092117305477077888 0.054321688957790708 0.068960698253880556 -0.050561699337239023 -0.074863444304775165
leaf_weight=5648.1001876014343 8.7420606620726193 16.280811679665934 48.767400536511559 8.0337399672716838 57.487951909541152 22.694934584113074 107.2022292764741 9.6301676562288758 502.99152188826702 22.342324116732925 4.4197257123305453 26.495341725094477 9.7698315453017113 38.023619671643246 5.0323212555376804 8.2052038471447322 34.122943636204582 3.1412963228067374 13.48635201185243 2.6655684988945714 235.53815892711282 3.3614641970489201 15.999179271922911 10.443583214771936 71.961886865930865 8.3826516825356503 25.98410950275138 617.29125064937398 6.6980214137583962 6598.1463085201685
leaf_count=3870 1207 106 5023 129 5700 102 11696 951 794 122 70 2826 726 780 262 109 90 255 524 4 261 169 362 157 655 376 69 464 48 662154
internal_value=-4.58532e-09 0.0660819 0.0682527 0.0692606 -0.0741658 -0.0302871 -0.0516124 0.0698192 0.0575188 0.018805 0.0589214 -0.0481957 0.0200801 0.059676 0.0194443 0.0716304 0.0628212 0.0439092 -0.0533882 -0.0686113 0.0616564 0.0525845 0.000293157 0.0598506 0.0340448 -0.0253049 0.0376259 0.0666515 0.0317321 -0.0746
internal_weight=14191.4 7504.72 7368.81 7294.2 6686.72 74.6036 135.918 7259.67 931.768 31.0844 922.138 34.5291 26.0506 917.718 43.0559 6327.9 679.804 25.8362 21.6916 109.868 874.663 371.671 45.3448 326.326 90.7881 18.8262 29.3456 658.112 40.821 6655.63
internal_count=700061 30878 18346 12966 669183 5380 12532 10011 4906 1329 3955 2955 832 3885 1042 5105 1235 357 633 11700 2843 2049 600 1449 1188 533 238 602 138 667854
is_linear=0
shrinkage=0.05


Tree=5
num_leaves=31
num_cat=0
split_feature=11 54 12 4 12 6 3 43 6 10 10 11 18 12 12 1 38 54 5 27 45 1 11 54 6 34 16 10 12 17
split_gain=25102.6 695.04 257.871 134.083 92.9276 69.8227 59.2496 58.0866 47.586 111.542 40.3282 36.4842 36.4507 30.3895 27.9656 24.0843 23.6144 22.0068 21.8499 26.6521 20.838 19.7079 19.2117 37.6412 30.4962 18.5534 20.6698 15.0442 14.7787 14.4277
threshold=2.0172413587570195 4.5883610248565683 0.91987180709838878 1.0000000180025095e-35 0.30217391252517706 1.0000000180025095e-35 5.5000000000000009 2.8617925643920903 1.0000000180025095e-35 3.7500000000000004 -1.0000000180025095e-35 1.1695402264595034 0.39777155220508581 1.4083333015441897 0.37715516984462744 17.500000000000004 0.34203633666038519 0.67846864461898815 1.5000000000000002 37.845001220703132 50.199998855590827 42.500000000000007 2.2052631378173833 1.0128937959671023 1.0000000180025095e-35 4.0216782093048105 0.84752497076988231 2.7500000000000004 0.14642857760190967 0.9382169544696809
decision_type=2 2 2 2 2 2 2 2 2 2 2 2 2 2 2 2 2 2 2 2 2 2 2 2 2 2 2 2 2 2
left_child=1 2 3 8 10 13 28 14 -1 17 -2 16 18 20 -3 -14 -7 27 25 -20 -4 -9 23 24 -6 -11 -27 -10 -5 -17
right_child=4 7 5 6 22 11 -8 21 9 12 -12 -13 15 -15 -16 29 -18 -19 19 -21 -22 -23 -24 -25 -26 26 -28 -29 -30 -31
leaf_value=0.068912152393063225 -0.072577761874344671 0.058738980468542534 0.057044367933444431 0.053637943311724681 0.055000092276413559 0.038489921553833295 0.05361254085612193 -0.068954618818268962 -0.07807400673191546 0.063092574812466759 0.050827986993745092 -0.07374456394238843 -0.090797725695826503 -0.076701206770468877 -0.049301659414650763 -0.08601343905246725 -0.076884668204443965 -0.078636329791285708 -0.096652611162306196 0.038757406061387195 -0.078201634806693843 0.068961030802073386 -0.071478080480048847 -0.07293040613120691 -0.072911930419523638 -0.088007722935537269 0.045711504941205114 0.044376608419540192 -0.073800194198933161 0.065861093389962808
leaf_weight=5826.3133720321057 9.3912943504983577 15.966612043266652 41.423908341734204 2.4915123910177526 13.671718239434997 15.903239749226488 17.701887346687727 105.89851593028288 3.4834468163317078 1210.0431851405883 22.437222953652963 40.11733519640984 6.2851814217283382 5.5137030425248659 9.5851124462496937 1.962982373428529 6.1501628216938107 15.933090775331946 4.3456001097802099 22.187297078897245 3.0583104419056317 2.6552699841558924 6524.9759487113915 36.542714456183603 7.0691502307017791 4.1945844910223959 9.2914049874525499 8.9607943779556081 26.17731222443399 7.6887308387085795
leaf_count=3945 1207 106 307 51 245 298 115 11696 333 1888 122 4413 273 531 726 131 580 1456 83 96 287 4 662154 4542 913 242 122 121 3064 10
internal_value=-4.67912e-09 0.0631784 0.0652564 0.0664337 -0.0708129 -0.0099695 -0.0183135 -0.049616 0.0669856 0.0583137 0.014416 -0.0453457 0.0605112 0.0340213 0.0182101 -0.0146286 0.00631473 -0.0397231 0.0614691 0.0165797 0.0477457 -0.0655811 -0.071225 -0.0423953 0.0114036 0.0624426 0.00412044 0.0100997 -0.062725 0.0349726
internal_weight=14027.4 7413.33 7279.23 7167.06 6614.09 112.167 46.3707 134.106 7120.69 1294.38 31.8285 62.1707 1266 49.9959 25.5517 15.9369 22.0534 28.3773 1250.06 26.5329 44.4822 108.554 6582.26 57.2836 20.7409 1223.53 13.486 12.4442 28.6688 9.65171
internal_count=700061 30878 18346 11930 669183 6416 3230 12532 8700 4755 1329 5291 2845 1125 832 414 878 1910 2431 179 594 11700 667854 5700 1158 2252 364 454 3115 141
is_linear=0
shrinkage=0.05


Tree=6
num_leaves=31
num_cat=0
split_feature=11 54 12 4 12 6 0 3 6 11 10 10 10 7 43 38 12 16 23 11 10 1 26 5 2 63 11 54 6 24
split_gain=22772.7 625.862 235.528 117.245 83.7193 57.2024 52.8317 51.1935 43.7133 40.1467 35.558 31.029 94.2896 71.6904 29.171 27.7941 25.3473 25.178 22.8461 20.0252 36.0592 36.4122 18.5279 17.0039 33.1924 27.9509 16.992 32.5016 25.819 15.4192
threshold=2.0172413587570195 4.4646072387695321 0.91287881135940563 1.0000000180025095e-35 0.30217391252517706 1.0000000180025095e-35 20.500000000000004 5.5000000000000009 3.5000000000000004 1.1695402264595034 -1.0000000180025095e-35 4.7500000000000009 4.2500000000000009 1.0000000180025095e-35 2.3502402305603032 0.12900303304195407 1.4083333015441897 0.90959641337394725 3.3286200761795048 0.71714287996292125 16.250000000000004 19.500000000000004 29.602703094482425 1.0000000180025095e-35 1.0000000180025095e-35 2.2499048709869389 2.2052631378173833 1.0128937959671023 1.0000000180025095e-35 0.52506268024444591
decision_type=2 2 2 2 2 2 2 2 2 2 2 2 2 2 2 2 2 2 2 2 2 2 2 2 2 2 2 2 2 2
left_child=1 2 3 8 10 16 14 -5 11 18 -2 12 13 23 -3 -15 22 -10 -7 20 -13 -22 -4 -1 -25 -26 27 28 -6 -20
right_child=4 6 5 7 26 9 -8 -9 17 -11 -12 19 -14 15 -16 -17 -18 -19 29 -21 21 -23 -24 24 25 -27 -28 -29 -30 -31
leaf_value=0.065181661764984647 -0.06965054665907626 0.017707170395118429 0.051784822304562952 -0.059801269826674212 0.048606639340527627 -0.077750419913481361 0.045998711148856092 0.048885708167379062 -0.070598098647543711 -0.070830321668060053 0.047108271202351351 0.054864269920397661 -0.093411805877300025 0.059992561836165331 -0.063465500955521711 -0.080871519262347868 -0.073132048294508215 0.034847524942798663 0.054435915687200409 0.065618774157730195 -0.098119675307671253 0.071266609705931891 -0.074873703992544061 -0.090623664212139105 -0.09105428014660838 0.052992073896865249 -0.06867658232189626 -0.06994737107434193 -0.06992203136715007 -0.076753726454666771
leaf_weight=312.6513785920688 9.1966473968059308 12.284363287326412 42.456495697930222 27.290437812742312 13.709974339115435 5.6731854175450307 14.32075173803605 17.967240646597929 8.7119774410530244 39.781062062567798 22.410824806924211 148.55068480136106 10.94632765103597 4.7886539669707444 111.78610761777963 13.031093234749276 5.2217740047490215 16.165914520097431 16.442280273826331 6411.6612043007335 8.0251483789179456 5.2471600072458378 3.0980315298947962 4.5316744492738499 3.4932384873973197 93.693689420411829 6427.020956586377 35.729669677864877 6.9101481849793336 2.5929828400257966
leaf_count=522 1207 351 307 3003 245 460 292 109 626 4431 122 280 305 32 12224 976 524 234 184 4662 99 3 302 164 126 430 662154 4542 913 232
internal_value=1.84846e-09 0.0603899 0.0624137 0.0635669 -0.0680412 -0.00848479 -0.0449328 -0.0166527 0.0640825 -0.0397393 0.0131356 0.0643171 0.0515109 0.0551814 -0.0554285 -0.0430175 0.0312107 -0.00207843 0.0103178 0.0651803 0.0478093 -0.0311534 0.0431711 0.0594044 0.041647 0.0478145 -0.0684369 -0.0410999 0.0088857 0.0365653
internal_weight=13855.4 7340.41 7202.02 7086.76 6514.98 115.266 138.391 45.2577 7041.5 64.4895 31.6075 7016.62 443.136 432.19 124.07 17.8197 50.7763 24.8779 24.7084 6573.48 161.823 13.2723 45.5545 414.37 101.719 97.1869 6483.37 56.3498 20.6201 19.0353
internal_count=700061 30878 18011 11571 669183 6440 12867 3112 8459 5307 1329 7599 2555 2250 12575 1008 1133 860 876 5044 382 102 609 1242 720 556 667854 5700 1158 416
is_linear=0
shrinkage=0.05


Tree=7
num_leaves=31
num_cat=0
split_feature=11 54 12 4 12 12 43 47 6 10 57 10 54 34 12 14 25 10 10 4 43 1 11 54 65 17 54 24 57 69
split_gain=20875 577.998 221.433 89.1311 75.862 70.9285 46.4444 45.4692 36.5972 68.1607 40.3966 31.8132 30.9015 26.0855 24.0833 23.9163 23.5595 21.5158 32.5968 17.7238 16.755 16.4068 15.2559 28.3773 22.8063 14.0199 46.3466 39.0664 41.3909 23.2203
threshold=2.0172413587570195 4.5883610248565683 0.80476191639900219 1.0000000180025095e-35 0.30217391252517706 1.1715686321258547 2.8617925643920903 26.649999618530277 1.0000000180025095e-35 2.7500000000000004 0.34842120110988622 -1.0000000180025095e-35 1.9263557791709902 0.1091851480305195 0.37715516984462744 0.13773538917303088 6.5000000000000009 5.7500000000000009 5.2500000000000009 1.0000000180025095e-35 3.7494349479675297 42.500000000000007 2.2052631378173833 1.0128937959671023 10.34999990463257 0.78869378566741954 1.1831567883491518 0.99038460850715648 0.59439277648925792 12.49321508407593
decision_type=2 2 2 2 2 2 2 2 2 2 2 2 2 2 2 2 2 2 2 2 2 2 2 2 2 2 2 2 2 2
left_child=1 2 3 8 11 12 14 20 25 -10 13 -2 19 -11 -3 -7 -14 18 -12 -4 -5 -8 23 24 -6 26 -1 28 -28 -29
right_child=4 6 5 7 22 15 21 -9 9 10 17 -13 16 -15 -16 -17 -18 -19 -20 -21 -22 -23 -24 -25 -26 -27 27 29 -30 -31
leaf_value=0.062761655621200618 -0.06722914113892936 0.053122185889471811 0.041325637232783888 0.053076497720024589 0.042654628477958464 0.032304616668328852 -0.063886276621923616 -0.069072424463632431 -0.071901017120670485 0.061857742351735551 0.040316991698897547 0.043804745978418096 0.031388505623520489 -0.080646470325977757 -0.047794892413456642 -0.060461676251668428 -0.070865031109601684 0.058189758927657237 -0.093683194610555659 -0.030291576233292657 -0.073674357303093851 0.06274331666199634 -0.066328125761471651 -0.06744968273780895 -0.06975318113167403 0.064489897885111933 -0.094728818969121442 0.048770172954884811 0.057663348623820637 -0.04290114169104374
leaf_weight=499.46252552405349 9.0667212232074252 15.615742410998793 105.66351580154151 19.561013459926475 14.002621899882799 8.3557256241911073 102.71483317087404 18.814185103925411 10.637073093035722 5.0147662265226236 94.268629930447787 22.362434366601519 9.7189109178725648 8.9295689040445705 9.5136246505426225 41.237327127833851 13.399534927870262 1108.4201853398699 4.7679549444001159 9.4081680680392292 3.0082173892296842 2.6232863739132872 6325.1789106072683 35.040285866081831 6.6578361791034686 5054.078047265124 12.064374588895591 77.676330312853679 7.0650732493959358 7.5820897070225319
leaf_count=376 1207 106 1221 246 347 202 11696 2170 1092 15 791 122 237 601 726 4218 1407 1282 115 671 306 4 662154 4542 811 2880 230 212 12 62
internal_value=-5.68556e-09 0.058127 0.0600383 0.0614897 -0.065717 0.00646372 -0.046162 -0.0116699 0.0619291 0.05412 0.0552175 0.0117736 0.0248725 -0.029398 0.0149164 -0.0448319 -0.027878 0.0561947 0.0338658 0.0354703 0.0361821 -0.0607328 -0.0660987 -0.0400459 0.00643119 0.0636296 0.056429 0.0261291 -0.0384459 0.0406178
internal_weight=13661.9 7249.6 7119.13 6931.35 6412.31 187.783 130.467 41.3834 6889.97 1232.04 1221.4 31.4292 138.19 13.9443 25.1294 49.5931 23.1184 1207.46 99.0366 115.072 22.5692 105.338 6380.88 55.7007 20.6605 5657.93 603.85 104.388 19.1294 85.2584
internal_count=700061 30878 18346 10390 669183 7956 12532 2722 7668 3896 2804 1329 3536 616 832 4420 1644 2188 906 1892 552 11700 667854 5700 1158 3772 892 516 242 274
is_linear=0
shrinkage=0.05


Tree=8
num_leaves=31
num_cat=0
split_feature=11 54 12 4 12 6 0 3 6 11 22 17 18 67 11 43 12 12 38 10 16 14 32 25 11 62 54 13 37 37
split_gain=19300.2 537.121 203.952 101.855 69.2057 49.5556 44.9846 44.3508 42.3871 79.4106 31.2698 30.059 31.0297 29.1473 27.4918 23.1461 21.8576 20.9859 18.0237 15.8821 15.6388 14.5614 50.6911 14.5327 13.907 26.4254 20.9678 12.7231 28.0448 11.8738
threshold=2.0172413587570195 4.4646072387695321 0.91987180709838878 1.0000000180025095e-35 0.30217391252517706 1.0000000180025095e-35 20.500000000000004 5.5000000000000009 1.0000000180025095e-35 1.60357141494751 0.00074289939948357653 0.88900581002235424 0.38612732291221624 14.150000095367433 1.1695402264595034 2.3502402305603032 0.27429467439651495 1.4083333015441897 0.34203633666038519 -1.0000000180025095e-35 0.96298694610595714 3.5845891237258916 0.74456521868705761 33.334165573120124 2.2052631378173833 0.0021615457953885202 0.090659037232399001 320.25642395019537 0.9659458100795747 0.88183966279029857
decision_type=2 2 2 2 2 2 2 2 2 2 2 2 2 2 2 2 2 2 2 2 2 2 2 2 2 2 2 2 2 2
left_child=1 2 3 8 13 17 15 -5 21 11 -11 12 16 19 18 -3 -10 23 -7 -2 -13 -1 -23 -4 25 26 -6 28 -18 -8
right_child=4 6 5 7 24 14 29 -9 9 10 -12 20 -14 -15 -16 -17 27 -19 -20 -21 -22 22 -24 -25 -26 -27 -28 -29 -30 -31
leaf_value=0.062028084517106931 -0.065230862603147449 0.013071743345936276 0.047593617385303023 -0.056159985927642223 0.034208546698228919 0.032703966127248733 -0.07249802326225957 0.045986072856052329 -0.088795498476668941 -0.072299866729601689 0.042792891271522179 0.057369261888173054 -0.077678463958642502 -0.071974621674668893 -0.066465375310564373 -0.059559291723214482 -0.088867366846032303 -0.068438789344876266 -0.070288319421110856 0.05522614347050539 0.035319593912549872 0.052235955317789552 -0.094746492445831082 -0.070304139138170574 -0.064346162098243467 0.069503996559597769 -0.062548506978895024 0.047834091896350142 0.047018165764329822 0.058963640053525772
leaf_weight=5450.7007246369758 3.1683043108205302 12.197896941710495 38.726361450506374 27.085392936307471 6.4218428450403726 15.486307216138814 1.9908132890705008 17.487917420105077 3.4596691100159651 17.755601620970996 8.8397175091085938 1036.0364761175588 6.5705647885333738 7.9747855632158453 37.999064122443087 108.89090120201581 5.8259785238769863 5.0364992580725803 5.8535440451814784 20.074613184580819 87.182284694979899 144.62338405218907 6.1139707705005994 2.8029957430553614 6218.0157698981056 5.0816612630151203 43.711323791809264 76.462203269358724 10.903051928617058 12.517629343783481
leaf_count=3385 409 351 297 3042 206 292 202 112 129 1700 96 1420 467 870 4333 12224 199 524 560 50 291 427 95 283 662154 22 5472 315 44 90
internal_value=-1.62621e-09 0.0562896 0.0581975 0.0592546 -0.0637548 -0.0106626 -0.0422742 -0.0160839 0.0597445 0.0514313 -0.0340455 0.0532849 0.0274634 0.0105065 -0.0409612 -0.0522428 0.0346112 0.0279469 0.00445307 0.0388063 0.0556578 0.0616041 0.0462743 0.0396362 -0.0641243 -0.0391417 -0.0501543 0.0391926 -0.000304732 0.0409248
internal_weight=13445 7140.55 7004.95 6899.05 6304.45 105.905 135.597 44.5733 6854.47 1253.04 26.5953 1226.44 103.221 31.2177 59.3389 121.089 96.6509 46.5659 21.3399 23.2429 1123.22 5601.44 150.737 41.5294 6273.23 55.2148 50.1332 93.1912 16.729 14.5084
internal_count=700061 30878 18011 11722 669183 6289 12867 3154 8568 4661 1796 2865 1154 1329 5185 12575 687 1104 852 459 1711 3907 522 580 667854 5700 5678 558 243 292
is_linear=0
shrinkage=0.05


Tree=9
num_leaves=31
num_cat=0
split_feature=11 54 12 54 12 4 12 43 47 10 7 11 10 10 12 4 14 26 47 13 6 57 34 69 16 59 1 3 1 43
split_gain=17891.7 498.293 206.854 83.6538 64.7601 63.6182 43.3749 38.3216 37.7209 27.1791 25.4282 101.499 28.0933 48.7215 20.8859 20.8177 19.1896 24.8707 18.1134 16.3214 16.1031 48.4406 19.226 21.4741 17.8867 16.0621 14.1389 25.8197 14.0728 13.6899
threshold=2.0172413587570195 4.5883610248565683 0.73030304908752453 1.9606531262397768 0.30217391252517706 1.0000000180025095e-35 1.1715686321258547 2.8617925643920903 26.649999618530277 -1.0000000180025095e-35 1.0000000180025095e-35 1.5080645084381106 7.7500000000000009 7.2500000000000009 0.37715516984462744 1.0000000180025095e-35 2.8558591604232793 49.292306900024421 27.800000190734867 179.16896057128909 1.0000000180025095e-35 0.34842120110988622 3.7124922275543217 7.7133374214172372 0.82531106472015392 0.033487889915704734 16.500000000000004 4.5000000000000009 42.500000000000007 4.8559212684631357
decision_type=2 2 2 2 2 2 2 2 2 2 2 2 2 2 2 2 2 2 2 2 2 2 2 2 2 2 2 2 2 2
left_child=1 2 5 6 9 10 15 14 -7 -2 20 12 13 16 -3 26 -12 -18 -8 -5 -1 -22 -23 -24 -25 -21 -4 29 -9 -28
right_child=4 7 3 19 -6 8 18 28 -10 -11 11 -13 -14 -15 -16 -17 17 -19 -20 25 21 22 23 24 -26 -27 27 -29 -30 -31
leaf_value=0.060849368458162981 -0.063200480789899746 0.048561064723078882 0.047897358840375173 0.033807660642516106 -0.062432654517029409 0.036463295575274127 0.012029815259061667 -0.060152069007086244 -0.065098080759095525 0.040611815591270625 0.044851085119406671 -0.064033725494801644 0.057697277677925984 -0.098169024647296238 -0.046335079976117903 -0.032980235376138999 -0.091751447005578343 0.062983635917533337 -0.065221692985338378 -0.067777819688926225 -0.07266154651801203 0.055910941495794342 -0.08896042742155777 -0.084407445057528119 0.053762562072235967 0.053803615997370005 -0.080904167199636029 0.043787549280785897 0.058851569532462802 0.011194695103541553
leaf_weight=4818.4293232397467 8.8832771872403118 15.204588444845287 126.03388944584003 5.3450610720319665 6143.9430141352932 21.409702342061792 14.17342137481319 99.444362933252705 15.956235488294622 21.722156742442166 132.26526945631485 19.038386999454815 600.70492339401972 6.7125167497433713 9.3723629323067126 10.568477248307316 6.0284292334690672 4.5620699748396873 16.331037665193435 38.02381430278183 7.5049158125184467 974.66031946719158 4.4503779926453744 2.7490289785782833 15.831206605187615 2.9254922764375797 8.1617333762114885 28.466635362769011 2.5479260589927426 7.9798692591721183
leaf_count=2713 1207 106 652 38 667854 487 601 11696 1903 122 281 892 518 50 726 866 148 7 1842 3957 621 1469 139 133 81 23 486 200 4 239
internal_value=5.12591e-09 0.0546356 0.0564419 0.0125187 -0.0620712 0.0581512 0.0258319 -0.0436737 -0.00690608 0.0104801 0.0585199 0.0499764 0.0528695 0.0334797 0.0123726 0.0351174 0.0396656 -0.0250962 -0.029328 -0.0483658 0.0596485 0.053892 0.054844 0.00969059 0.0333197 -0.0590918 0.0393349 0.0151429 -0.0571792 -0.0353736
internal_weight=13189.4 7014.88 6888.31 258.009 6174.55 6630.3 211.715 126.569 37.3659 30.6054 6592.94 769.312 750.273 149.568 24.577 181.211 142.856 10.5905 30.5045 46.2944 5823.63 1005.2 997.691 23.0306 18.5802 40.9493 170.642 44.6082 101.992 16.1416
internal_count=700061 30878 18346 8904 669183 9442 4886 12532 2390 1329 7052 1896 1004 486 832 2443 436 155 2443 4018 5156 2443 1822 353 214 3980 1577 925 11700 725
is_linear=0
shrinkage=0.05


Tree=10
num_leaves=31
num_cat=0
split_feature=11 54 12 4 12 12 0 3 6 10 54 57 10 34 43 14 10 13 3 13 25 11 62 54 57 43 36 34 34 1
split_gain=16714.3 465.865 186.82 70.8214 59.7441 52.9364 39.0648 37.7361 28.0729 53.4562 26.901 25.933 24.8375 19.4014 18.5376 18.4358 17.6335 17.5394 16.0119 19.0333 13.7904 13.0716 23.4362 18.4452 12.2061 11.9218 11.582 13.9843 11.1871 13.2979
threshold=2.0172413587570195 4.4646072387695321 0.80476191639900219 1.0000000180025095e-35 0.30217391252517706 1.1715686321258547 20.500000000000004 5.5000000000000009 1.0000000180025095e-35 2.7500000000000004 1.9263557791709902 0.34842120110988622 -1.0000000180025095e-35 0.1091851480305195 2.3502402305603032 0.13773538917303088 5.7500000000000009 370.19001770019537 3.5000000000000004 308.08503723144537 6.5000000000000009 2.2052631378173833 0.0021615457953885202 0.090659037232399001 0.97915357351303112 4.8559212684631357 0.69261056184768688 2.6028815507888798 3.2022675275802617 21.500000000000004
decision_type=2 2 2 2 2 2 2 2 2 2 2 2 2 2 2 2 2 2 2 2 2 2 2 2 2 2 2 2 2 2
left_child=1 2 3 8 12 10 14 -5 26 -10 18 13 -2 -11 -3 -7 17 28 19 -4 -12 22 23 -6 -21 -26 27 -1 -13 -30
right_child=4 6 5 7 21 15 -8 -9 9 11 20 16 -14 -15 -16 -17 -18 -19 -20 24 -22 -23 -24 -25 25 -27 -28 -29 29 -31
leaf_value=0.055729992462558289 -0.061691499576636714 0.0096632364301142849 0.033266157737491038 -0.052231061040589402 0.031683482790951123 0.027786660137372313 0.038673563401247849 0.046179294351333118 -0.065932287941190187 0.057346489006877943 0.018938718920114318 0.041344437688324791 0.038190492924354814 -0.0720510184985753 -0.056493294405725959 -0.055263566488697062 0.053535539944774106 -0.081665347702686214 0.045579907814010147 -0.074389467875401905 -0.064991832014660939 -0.061201185254520563 0.066172278542673782 -0.059036441942017952 -0.074716180944600613 0.054495377192056438 0.059427637427608405 0.037314552874223826 -0.083570175366796187 0.032549285342816509
leaf_weight=650.0060098360118 8.7472972436808067 11.782450616272397 26.535275460555567 22.696231805719435 6.4553185428958377 8.0774966782773827 13.978965843794866 17.066013106144965 9.8726205530983844 4.744591645896433 8.1000946382991987 80.948437606799416 21.576918017555727 7.4382182132685557 104.52486024986138 38.684293170459569 1053.0997953668702 3.3330222598742685 68.75175103842048 9.0109317412716354 12.365539097925646 5962.9845281630696 5.0410333897452793 42.43507864230196 2.7039987120660944 5.2534925468498841 4580.6160454695928 122.52174308540998 4.1196888375561667 6.1404606710420921
leaf_count=540 1207 351 358 2566 206 202 292 88 1068 15 228 477 122 586 12224 4131 1266 163 599 693 1339 662154 22 5472 207 35 2800 400 174 76
internal_value=-1.59414e-09 0.0533476 0.0551572 0.0565337 -0.0606267 0.00482902 -0.0402996 -0.00999319 0.0569392 0.049922 0.020947 0.0509082 0.00937862 -0.0216572 -0.0497913 -0.0409177 0.0516785 0.0309933 0.0305586 0.00681935 -0.031773 -0.0609796 -0.0364743 -0.0470581 -0.0345383 0.0105886 0.0584725 0.0528093 0.0351102 -0.0140754
internal_weight=12919.6 6872.37 6742.09 6562.6 6047.24 179.483 130.286 39.7622 6522.84 1169.7 132.721 1159.82 30.3242 12.1828 116.307 46.7618 1147.64 94.5416 112.255 43.5037 20.4656 6016.92 53.9314 48.8904 16.9684 7.95749 5353.14 772.528 91.2086 10.2601
internal_count=700061 30878 18011 10219 669183 7792 12867 2654 7565 3825 3459 2757 1329 601 12575 4333 2156 890 1892 1293 1567 667854 5700 5678 935 242 3740 940 727 250
is_linear=0
shrinkage=0.05


Tree=11
num_leaves=31
num_cat=0
split_feature=11 54 12 12 12 4 4 43 3 10 27 3 17 6 14 10 10 7 11 6 11 6 21 5 2 11 54 6 14 36
split_gain=15584.5 436.372 179.774 73.7899 55.1804 47.1196 42.5083 32.7521 32.6677 23.3445 22.8573 22.5521 44.3472 18.1858 16.7522 15.1123 155.841 16.2579 37.6993 14.9744 43.2345 19.9907 18.8606 14.9441 13.1902 12.4143 21.5772 18.8004 12.2782 12.2769
threshold=2.0172413587570195 4.5883610248565683 0.67543861269950878 1.1715686321258547 0.30217391252517706 1.0000000180025095e-35 1.0000000180025095e-35 2.8617925643920903 5.5000000000000009 1.7500000000000002 32.629999160766609 1.0000000180025095e-35 0.4534223228693009 1.0000000180025095e-35 0.13773538917303088 6.7500000000000009 6.2500000000000009 1.0000000180025095e-35 1.5080645084381106 1.0000000180025095e-35 1.5080645084381106 1.5000000000000002 0.024740948341786865 1.5000000000000002 1.5000000000000002 2.2052631378173833 1.0128937959671023 1.0000000180025095e-35 0.059288023039698608 0.43683740496635443
decision_type=2 2 2 2 2 2 2 2 2 2 2 2 2 2 2 2 2 2 2 2 2 2 2 2 2 2 2 2 2 2
left_child=1 2 5 6 10 11 9 13 -7 -4 29 12 -1 24 -5 16 17 -13 -19 -11 21 22 -21 -14 -3 26 27 -6 -25 -2
right_child=4 7 3 14 25 8 -8 -9 -10 19 -12 15 23 -15 -16 -17 -18 18 -20 20 -22 -23 -24 28 -26 -27 -28 -29 -30 -31
leaf_value=-0.077458157073445055 -0.070313022867891553 0.0526795730716208 -0.063091135792651576 0.02529822110204796 0.039838869829762362 -0.048321979205855348 -0.04562580033562471 -0.054565590874948944 0.049013484563869086 0.044871588728637724 -0.066288662972801948 0.055022929272989435 0.046760923309166341 -0.066357566752207608 -0.053988004247440359 0.057820151892789932 -0.098074534406854166 0.043577723820633851 -0.074248746376292196 -0.082660446002165086 -0.068289318172496366 0.039740062276740235 0.043882429310799789 0.056196726900925746 -0.066529721170136405 -0.059941197501820691 -0.060752740111222593 -0.061545164790985589 -0.088053265861307545 0.046933803111919303
leaf_weight=7.7808524082938666 2.5155213837570107 15.592336972302297 6.2376698431617106 8.0610033787088451 13.280688567552717 18.324160086398479 18.570764468546258 97.855244155041873 16.27762247575447 154.90495894572814 7.6663939367572302 1187.5066128127801 189.5216907603899 5.8444561019423409 38.392798871151172 4761.2496018450038 17.138757223030552 53.316303965169936 7.7792281520087263 6.925126410846131 12.117738880093382 89.719785511551891 5.1227463334798813 2.411198782734572 2.7261398328701025 5808.6949463987257 32.670099854003638 6.9738075835630289 3.8000591201707721 19.85700342070777
leaf_count=462 245 87 715 202 245 2075 1785 11700 55 596 880 1537 639 534 4218 2950 114 182 526 294 1111 736 31 4 211 662154 4542 913 114 204
internal_value=-1.33722e-09 0.0520007 0.0537316 0.0183251 -0.0593752 0.0556533 0.0275897 -0.0416932 -0.00253272 0.0325335 0.0082192 0.0559765 0.0396062 0.0104377 -0.0402297 0.0565292 0.0516733 0.0537288 0.028575 0.0347526 0.0209888 0.0316194 -0.0288545 0.0442598 0.0349389 -0.0597216 -0.0356151 0.00493142 -0.0320557 0.0337508
internal_weight=12618.8 6727.18 6605.16 340.053 5891.66 6265.11 293.599 122.018 34.6018 275.028 30.0389 6230.5 203.514 24.1629 46.4538 6026.99 1265.74 1248.6 61.0955 268.79 113.885 101.768 12.0479 195.733 18.3185 5861.62 52.9246 20.2545 6.21126 22.3725
internal_count=700061 30878 18346 9688 669183 8658 5268 12532 2130 3483 1329 6528 1219 832 4420 5309 2359 2245 708 2768 2172 1061 325 757 298 667854 5700 1158 118 449
is_linear=0
shrinkage=0.05


Tree=12
num_leaves=31
num_cat=0
split_feature=11 14 12 12 6 12 27 4 4 43 6 10 10 2 34 32 10 14 56 10 2 16 5 12 3 11 62 54 1 56
split_gain=14625.5 413.156 155.036 63.4749 62.5169 52.9687 42.0039 39.3892 36.4776 28.9773 23.1979 34.2761 22.2866 22.016 29.1988 21.8816 19.761 14.5485 12.8306 32.5751 13.3665 22.9439 12.4356 12.1273 11.7332 11.5857 20.4847 15.7497 11.5683 10.3768
threshold=2.0172413587570195 4.4788663387298593 0.67543861269950878 1.1715686321258547 1.0000000180025095e-35 0.30217391252517706 35.139999389648445 1.0000000180025095e-35 1.0000000180025095e-35 3.7494349479675297 1.0000000180025095e-35 2.7500000000000004 -1.0000000180025095e-35 1.0000000180025095e-35 0.067820053547620787 0.49096386134624487 1.7500000000000002 0.13773538917303088 0.81275406479835521 5.7500000000000009 6.5000000000000009 0.82531106472015392 1.0000000180025095e-35 0.69397994875907909 1.0000000180025095e-35 2.2052631378173833 0.0021615457953885202 0.090659037232399001 42.500000000000007 0.63188141584396373
decision_type=2 2 2 2 2 2 2 2 2 2 2 2 2 2 2 2 2 2 2 2 2 2 2 2 2 2 2 2 2 2
left_child=1 2 7 8 6 12 15 10 16 29 -1 -12 -2 14 -13 24 -4 -5 20 -20 -18 -22 23 -21 -3 26 27 -7 -17 -9
right_child=5 4 3 17 -6 25 -8 9 -10 -11 11 13 -14 -15 -16 28 18 -19 19 22 21 -23 -24 -25 -26 -27 -28 -29 -30 -31
leaf_value=0.056448922141986393 -0.059365255894834504 -0.068515881414699317 -0.061268470387105936 0.022685180994762584 -0.060487575494621526 0.027422729578064478 -0.060751762925068821 0.047667714585145293 -0.043021494522375678 -0.061708356622905414 -0.063958053366619069 0.050562925572270649 0.037007797949174748 0.04995345889674057 -0.08213061235973719 -0.062674717864609555 0.043063663957647727 -0.051908614607495268 -0.072113585216681347 0.05503982101644566 -0.082603650644902465 0.041320821755301135 0.046243441147933897 -0.086280435984960477 0.04431904682581763 -0.058840035890898507 0.061810471445083184 -0.05676730530258435 0.060868033491345966 -0.071955355289594333
leaf_weight=4988.7040463271842 8.4560258159181121 2.4278295128024174 5.5133404221560331 8.0676399544463475 78.765570154151646 6.4318629976187358 19.7247417292092 18.550538956071254 17.071782457962399 12.035898676695068 6.7542860279208972 9.4440251719206589 20.64505077789363 1041.4076343901979 7.3897610022686413 9.361170278687494 197.36367649071326 34.444763705716468 9.5025707580498402 2.4946969039738169 5.9181822419632253 10.125025280518456 28.74907184424228 3.8778711710474454 45.145324818164227 5661.4931529831956 4.9311525665689251 40.75175504386425 2.3757467269897452 2.0092606348334803
leaf_count=3387 1207 176 652 202 9761 206 2384 267 1665 1494 722 9 122 1752 312 1026 1325 3863 621 4 244 100 122 119 479 662154 22 5472 1 191
internal_value=-4.12045e-09 0.0509641 0.0529319 0.0191825 -0.0289625 -0.0582813 0.0024551 0.0547237 0.027808 -9.29814e-05 0.0550188 0.0483199 0.00900426 0.0490365 -0.0076874 0.0234758 0.0323962 -0.0377528 0.0343975 0.0100151 0.039496 -0.0043937 0.0322359 -0.0309572 0.0385607 -0.058624 -0.0351569 -0.0452909 -0.0376676 0.0359772
internal_weight=12309.9 6567.22 6409.42 323.129 157.8 5742.71 79.0348 6086.3 280.616 32.5957 6053.7 1065 29.1011 1058.24 16.8338 59.3101 263.544 42.5124 258.031 44.6242 213.407 16.0432 35.1216 6.37257 47.5732 5713.61 52.1148 47.1836 11.7369 20.5598
internal_count=700061 30878 17051 8917 13827 669183 4066 8134 4852 1952 6182 2795 1329 2073 321 1682 3187 4065 2535 866 1669 344 245 123 655 667854 5700 5678 1027 458
is_linear=0
shrinkage=0.05


Tree=13
num_leaves=31
num_cat=0
split_feature=11 54 12 4 12 12 6 3 0 14 11 10 6 10 57 65 43 24 23 17 10 11 62 54 5 37 12 54 0 13
split_gain=13690.7 384.1 154.627 73.9094 49.1225 39.7452 35.0607 33.5007 32.9543 32.863 20.3041 20.1717 19.0574 42.5871 22.0691 15.7223 15.1882 13.6035 12.2508 12.2206 13.9659 11.081 18.9978 14.3138 10.6188 32.138 23.2298 10.0716 9.28472 9.65144
threshold=2.0172413587570195 4.4646072387695321 0.91987180709838878 1.0000000180025095e-35 0.30217391252517706 0.60434782505035411 1.0000000180025095e-35 5.5000000000000009 20.500000000000004 2.9668645858764653 1.1695402264595034 -1.0000000180025095e-35 1.0000000180025095e-35 3.7500000000000004 0.34842120110988622 6.9500000476837167 2.3502402305603032 0.7947368621826173 3.3286200761795048 0.99453777074813854 6.7500000000000009 2.2052631378173833 0.0021615457953885202 0.090659037232399001 1.5000000000000002 0.97791543602943432 0.47213622927665716 6.7249553203582773 13.500000000000002 311.16596984863287
decision_type=2 2 2 2 2 2 2 2 2 2 2 2 2 2 2 2 2 2 2 2 2 2 2 2 2 2 2 2 2 2
left_child=1 2 3 5 11 12 15 -5 16 19 18 -2 24 -14 -15 -4 27 -11 -8 -7 -21 22 23 -6 -1 26 -26 -3 29 -19
right_child=4 8 6 7 21 9 10 -9 -10 17 -12 -13 13 14 -16 -17 -18 28 -20 20 -22 -23 -24 -25 25 -27 -28 -29 -30 -31
leaf_value=0.055819741581707716 -0.058358346863584293 0.038629785991788186 0.042546951304487088 -0.050730506745128245 0.024385702030206402 0.044272283765049214 -0.065877989380401278 0.041787163713108928 0.035445088791143102 -0.072547526836682613 -0.060167063587429528 0.034416396963749867 -0.066146588658145974 -0.035541180263041962 0.049341614543436843 -0.024518111725244419 -0.053265990725003792 -0.051741358085334713 0.025431518225670271 -0.058202985072593166 0.029182573027188172 -0.057879148833338404 0.059421888652730806 -0.055648832847026923 -0.092462224807606685 0.050492532630507805 0.031463089333035314 -0.0627541880660894 -0.08942614477232802 0.038443807921746537
leaf_weight=4627.0333775494946 8.2026075298490486 7.9700522993225587 30.259038276039064 24.873934077098966 6.5015856502577654 396.05359451271943 4.8634530515992109 16.12948217743542 13.685664765071122 7.374882036936472 35.065272782623651 20.506397629738785 8.1511452182894555 7.7213442961801766 925.47021768230479 12.287899875256697 97.6426729610248 3.7755519812926712 15.012944616086314 6.0032699325820458 19.180828105891123 5489.9944305107929 4.8724397816695264 39.692535295384005 7.1788304081564984 109.00225668307394 7.9906307393684983 3.5366110899485648 2.2179785174084818 13.846202848886604
leaf_count=3087 1207 146 317 3042 206 1636 448 112 292 491 4333 122 757 444 1202 787 12224 196 404 238 70 662154 22 5472 105 93 19 205 56 174
internal_value=-2.34819e-09 0.0498709 0.0515838 0.0525691 -0.0573255 0.0530158 -0.0108958 -0.0143369 -0.0376928 0.0386844 -0.0372826 0.00790922 0.0541448 0.0476453 0.0486393 0.023178 -0.0468632 -0.0145667 0.00308947 0.0421248 0.008352 -0.0576635 -0.0344799 -0.0443844 0.0554325 0.0410032 -0.0271836 0.00746909 0.00698615 0.0191212
internal_weight=11972.1 6402.33 6279.49 6182 5569.77 6141 97.4886 41.0034 122.835 448.452 54.9417 28.709 5692.55 941.343 933.192 42.5469 109.149 27.2146 19.8764 421.238 25.1841 5541.06 51.0666 46.1941 4751.21 124.172 15.1695 11.5067 19.8397 17.6218
internal_count=700061 30878 18011 11722 669183 8568 6289 3154 12867 2861 5185 1329 5707 2403 1646 1104 12575 917 852 1944 308 667854 5700 5678 3304 217 124 351 426 370
is_linear=0
shrinkage=0.05


Tree=14
num_leaves=31
num_cat=0
split_feature=11 14 12 54 4 12 12 6 11 43 3 17 22 27 54 12 57 6 43 13 58 14 56 66 11 24 36 34 57 65
split_gain=12846.6 361.377 139.933 52.5778 51.6138 45.7286 38.8564 32.0433 43.7934 31.2901 28.6157 23.535 20.8371 18.7872 18.1982 17.7499 16.9282 12.8281 12.9675 14.5906 12.7025 12.6592 12.47 11.9364 18.1391 11.693 11.5048 15.8017 16.2367 37.0758
threshold=2.0172413587570195 4.5608761310577401 0.80476191639900219 2.3816143274307255 1.0000000180025095e-35 0.30217391252517706 1.1715686321258547 1.0000000180025095e-35 1.60357141494751 2.8617925643920903 5.5000000000000009 0.69622692465782177 0.00074289939948357653 32.629999160766609 1.4248260259628298 0.37715516984462744 0.39137864112854009 3.5000000000000004 2.6735538244247441 354.17941284179693 0.16112747788429263 0.13773538917303088 0.67510685324668895 12.650000095367433 1.5080645084381106 0.56949809193611156 0.6801639497280122 2.1471327543258671 0.47021925449371343 4.8499999046325692
decision_type=2 2 2 2 2 2 2 2 2 2 2 2 2 2 2 2 2 2 2 2 2 2 2 2 2 2 2 2 2 2
left_child=1 2 4 -3 7 13 14 26 11 15 -6 16 -10 -2 23 -5 -9 18 19 -13 -19 -8 25 -4 -25 -16 27 -1 29 -29
right_child=5 3 6 9 10 -7 21 8 12 -11 -12 17 -14 -15 22 -17 -18 20 -20 -21 -22 -23 -24 24 -26 -27 -28 28 -30 -31
leaf_value=0.052420293079308983 0.030671172835918359 0.045931817371371503 0.044311464095437667 0.046259768707278215 -0.0477056524906967 -0.056820227722818029 0.019965815184463418 -0.068796709638752937 -0.065319167058476235 -0.053229159998375943 0.042886710992164324 -0.093508288913729143 0.037726105107389732 -0.063061207397322058 -0.066377451893591496 -0.045067779755064825 0.029894429414263929 0.025685779112616609 0.048331614102910286 0.030735362221802461 -0.080475964696224422 -0.050265062755911909 -0.061990947806896214 0.025737624015067986 -0.065126950289037866 0.02603505936989178 0.055086584811690133 0.036791322483431164 0.04191051509463626 -0.085939171345086676
leaf_weight=485.22479968040716 21.11279593330983 20.010753867216408 57.471442871377803 14.087960516219029 19.962869420676725 5366.6166898366937 7.936580922221764 7.3917483183322501 13.168983940297041 101.69262221251847 15.473431444726883 3.3163598817773154 7.8186679668724528 7.1585279518621965 4.29762160585961 8.5485551586607453 10.541780872357775 14.790138833923267 1010.1451573721133 8.220022776280528 3.4808134406921445 33.498884677857859 9.4045120391674555 26.065685235778801 6.9587803778413209 16.819149476941675 4163.8470101841958 21.117310177825861 131.22765903372783 8.6840836983174068
leaf_count=431 449 114 529 108 2462 667854 202 547 1236 12617 87 59 71 880 379 747 100 117 1382 33 128 3934 943 334 679 436 2762 60 176 205
internal_value=-1.69351e-09 0.0489049 0.0507591 -0.0292881 0.0520145 -0.0564861 0.00497728 0.0523765 0.0445888 -0.0413947 -0.00814806 0.0460077 -0.026931 0.00693738 0.019286 0.0117704 -0.0107836 0.046987 0.0477296 -0.00498092 0.00546082 -0.036813 -0.0141007 0.0305462 0.00659101 0.00722754 0.0541232 0.0479163 0.0343444 0.00102783
internal_weight=11626.1 6231.2 6086.86 144.34 5924.41 5394.89 162.453 5888.97 1078.87 124.329 35.4363 1057.89 20.9877 28.2713 121.017 22.6365 17.9335 1039.95 1021.68 11.5364 18.271 41.4355 30.5213 90.4959 33.0245 21.1168 4810.1 646.254 161.029 29.8014
internal_count=700061 30878 17292 13586 9856 669183 7436 7307 3673 13472 2549 2366 1307 1329 3300 855 647 1719 1474 92 245 4136 1758 1542 1013 815 3634 872 441 265
is_linear=0
shrinkage=0.05


Tree=15
num_leaves=31
num_cat=0
split_feature=11 14 12 6 12 12 27 4 4 47 6 10 10 65 17 32 10 38 17 27 6 14 29 12 63 11 13 23 11 54
split_gain=12061.1 338.817 135.121 53.5228 51.7959 43.6864 34.7986 31.632 30.7669 25.606 24.1413 27.2548 20.8191 36.904 19.2095 18.1535 17.7307 15.599 12.8325 11.8829 11.8587 11.6207 33.5182 36.2069 11.3407 11.2186 20.4901 11.9095 10.902 17.5854
threshold=2.0172413587570195 4.4788663387298593 0.67543861269950878 1.0000000180025095e-35 1.1715686321258547 0.30217391252517706 35.139999389648445 1.0000000180025095e-35 1.0000000180025095e-35 26.649999618530277 1.0000000180025095e-35 2.7500000000000004 4.7500000000000009 10.066667079925539 0.71191743016242992 0.49096386134624487 -1.0000000180025095e-35 0.36402259767055517 0.67959931492805492 18.774999618530277 1.0000000180025095e-35 3.7046340703964238 12.50572443008423 0.21240601688623431 1.8688347935676577 1.431677043437958 365.10578918457037 3.4662128686904912 2.2052631378173833 1.0128937959671023
decision_type=2 2 2 2 2 2 2 2 2 2 2 2 2 2 2 2 2 2 2 2 2 2 2 2 2 2 2 2 2 2
left_child=1 2 7 6 8 16 15 10 12 -9 21 -12 13 20 17 -3 -2 -13 24 -6 -4 -1 23 -23 -14 -16 27 -27 29 -7
right_child=5 3 4 -5 19 28 -8 9 -10 -11 11 14 18 -15 25 -17 -18 -19 -20 -21 -22 22 -24 -25 -26 26 -28 -29 -30 -31
leaf_value=0.053771572298194209 -0.057079771090252168 0.037071755844295375 0.047868508675695205 -0.057788566501246003 -0.00202819260583689 0.0044897944203007778 -0.057204236668811553 0.036603238236062853 -0.041122995448147313 -0.058517527444788046 -0.060129621560046836 0.031066600841468707 0.037299359140981668 -0.052617906567503869 0.047858687325589531 -0.035054273318205313 0.0321768657754469 -0.068009987620290244 0.040225321391289315 -0.057826555898670355 -0.023854559761731231 0.046298381585758885 0.052421238668559071 -0.090665224175172976 -0.0822126395338795 -0.076921704126676774 -0.08160357206478526 0.03801318776810754 -0.056297224822573835 -0.05689461784378394
leaf_weight=4497.8169633672369 7.740363271674144 43.897318143543089 28.006622142682318 72.547372623666888 15.791713249083839 19.341114360257052 18.113876727089519 18.607998580264393 16.307683490464115 11.415399540972432 6.1459198515221933 10.148622349253857 3.829179626889526 19.493627529358491 905.59741082257824 10.887840355746446 19.788200473063625 6.5283969928568686 184.13490438685403 24.10774056694936 7.2563621574663548 9.5602048579603451 63.400460616219789 9.7425558661343512 4.1214808509685099 2.3416903194738543 4.1060760219115755 60.108177481219172 5137.8100310161535 29.407109557010699
leaf_count=3121 1207 655 96 9761 883 1158 2384 408 1665 1544 722 109 36 1475 1045 1027 122 469 1036 3182 396 29 98 139 148 95 133 222 662154 4542
internal_value=3.94704e-09 0.0480071 0.049863 -0.0273841 0.0173436 -0.0557405 0.00287377 0.051621 0.0253927 0.000436728 0.0518967 0.0448374 0.029787 0.00259008 0.0454898 0.0227376 0.00708007 -0.00771799 0.0375399 -0.0357422 0.0331094 0.0534301 0.0348577 -0.0228304 -0.0246535 0.0464026 0.0265898 0.0337035 -0.0560739 -0.03254
internal_weight=11268.1 6054.02 5908.57 145.446 303.049 5214.09 72.899 5605.52 263.15 30.0234 5575.5 994.976 246.842 54.7566 988.83 54.7852 27.5286 16.677 192.086 39.8995 35.263 4580.52 82.7032 19.3028 7.95066 972.153 66.5559 62.4499 5186.56 48.7482
internal_count=700061 30878 17051 13827 8917 669183 4066 8134 4852 1952 6182 2795 3187 1967 2073 1682 1329 578 1220 4065 492 3387 266 168 184 1495 450 317 667854 5700
is_linear=0
shrinkage=0.05


Tree=16
num_leaves=31
num_cat=0
split_feature=11 54 12 54 4 11 6 10 6 12 0 43 38 27 17 38 4 43 10 56 7 11 13 12 47 39 38 47 6 11
split_gain=11336.2 319.104 139.606 57.9103 41.4236 41.0023 28.9371 32.3122 27.9739 27.8087 27.5422 24.4908 23.0041 17.1306 14.9499 21.3148 14.0821 13.2708 12.8728 12.1905 12.137 54.0688 15.3451 12.4525 35.8765 9.88399 9.80814 9.6669 9.60645 25.901
threshold=2.0172413587570195 4.4646072387695321 0.73030304908752453 1.9606531262397768 1.0000000180025095e-35 2.1464285850524907 1.0000000180025095e-35 5.7500000000000009 1.0000000180025095e-35 1.1715686321258547 20.500000000000004 3.7494349479675297 0.4045883715152741 32.629999160766609 0.90204590559005748 0.4765963107347489 1.0000000180025095e-35 2.3502402305603032 2.7500000000000004 0.21458087116479876 1.0000000180025095e-35 1.5080645084381106 432.21638488769537 0.25462962687015539 54.95000076293946 0.014920500572770836 0.43278571963310247 26.649999618530277 1.0000000180025095e-35 1.5080645084381106
decision_type=2 2 2 2 2 2 2 2 2 2 2 2 2 2 2 2 2 2 2 2 2 2 2 2 2 2 2 2 2 2
left_child=1 2 4 9 6 8 20 12 13 16 17 27 18 -2 15 -9 28 -3 -8 26 -1 22 23 24 -22 -17 -11 -6 -4 -30
right_child=5 10 3 -5 11 -7 7 14 -10 19 -12 -13 -14 -15 -16 25 -18 -19 -20 -21 21 -23 -24 -25 -26 -27 -28 -29 29 -31
leaf_value=0.053380833543908185 0.040699386551025625 0.0084219480302900589 0.045935235225352616 -0.046164796642112482 0.04458979220492644 -0.05551798695289939 -0.059503703389962331 0.034587135486074012 -0.057389402004138591 0.047721189229718686 0.032450836268227777 -0.058409321367978967 -0.065927555079722575 -0.061538931044415927 0.048091225294918209 -0.080184430202004844 -0.028320767767348484 -0.051022442325774214 0.027196290444319055 -0.051304485718306196 0.050912380504733214 -0.055025068562010261 0.01067523074402804 0.051668602194906266 -0.093569173483165902 0.046228990677072881 -0.063254045302093873 -0.058965772872123762 0.031279088055098977 -0.062100222520955234
leaf_weight=3982.8809360620799 23.328596904088048 10.486119562468955 75.627869404459489 37.999379913555458 16.312988628924362 4983.726190928297 4.542355627869255 93.713318258873187 17.705269965081243 7.4393914965912717 13.038363317959009 13.219116371416019 8.167803783551788 4.9700758431572458 809.14144899277017 6.2588871919433569 9.8335825281683338 89.729681168304523 74.488174680504017 16.877096801443258 16.57986780162901 13.102746901684439 26.317012944258749 457.66618761396967 5.7995269568637005 2.0536240907385945 2.7185951514402404 2.6148560140281907 64.127856031293049 8.3985442857083381
leaf_count=2698 336 351 249 3830 213 665555 548 359 2700 104 292 1796 681 592 862 267 866 12224 611 2067 26 401 40 398 57 15 272 323 509 819
internal_value=-2.22273e-09 0.0472061 0.0488415 0.0100562 0.0504049 -0.0550843 0.0507356 0.0430343 -0.00809688 0.0216026 -0.0359087 -0.00618764 0.0139571 0.0227433 0.045817 0.0277807 0.0296213 -0.0448025 0.0222131 -0.0252567 0.0524433 0.045255 0.0478499 0.0498878 0.0134706 -0.0489537 0.0180207 0.0302837 0.0334671 0.0204658
internal_weight=10898.9 5869.14 5755.88 223.022 5532.86 5029.73 5500.71 998.366 46.0039 185.023 113.254 32.147 87.1983 28.2987 911.167 102.026 157.988 100.216 79.0305 27.0351 4502.35 519.465 506.363 480.046 22.3794 8.31251 10.158 18.9278 148.154 72.5264
internal_count=700061 30878 18011 8716 9295 669183 6963 3343 3628 4886 12867 2332 1840 928 1503 641 2443 12575 1159 2443 3620 922 521 481 83 282 376 536 1577 1328
is_linear=0
shrinkage=0.05


Tree=17
num_leaves=31
num_cat=0
split_feature=11 14 12 12 6 12 4 27 54 3 17 45 24 11 43 12 6 18 10 4 37 14 54 63 11 62 54 10 54 3
split_gain=10666.6 303.982 127.771 49.7619 42.136 39.8462 31.3755 27.2907 27.0875 24.5151 40.4968 22.4305 19.9753 18.7521 18.6116 17.2781 16.8159 15.8897 14.6016 14.3856 11.7549 10.733 10.7096 10.384 10.3204 16.1499 11.7729 10.151 10.1155 9.60598
threshold=2.0172413587570195 4.5608761310577401 0.64852941036224376 1.1715686321258547 1.0000000180025095e-35 0.30217391252517706 1.0000000180025095e-35 35.139999389648445 1.9606531262397768 1.0000000180025095e-35 0.83183515071868908 30.19999980926514 0.99038460850715648 1.3416666984558108 3.7494349479675297 0.40370370447635656 1.0000000180025095e-35 0.27961347997188574 5.7500000000000009 1.0000000180025095e-35 0.94051358103752147 0.13773538917303088 4.4246146678924569 1.0000000180025095e-35 2.2052631378173833 0.0021615457953885202 0.090659037232399001 1.7500000000000002 0.55805063247680675 5.5000000000000009
decision_type=2 2 2 2 2 2 2 2 2 2 2 2 2 2 2 2 2 2 2 2 2 2 2 2 2 2 2 2 2 2
left_child=1 2 6 8 7 17 9 15 19 10 11 28 -10 -14 -8 -3 -11 -2 20 27 -18 -5 -15 -19 25 26 -7 -4 -1 -21
right_child=5 4 3 21 -6 24 14 -9 12 16 -12 -13 13 22 -16 -17 18 23 -20 29 -22 -23 -24 -25 -26 -27 -28 -29 -30 -31
leaf_value=0.046465476251294435 0.040465104107421566 0.039211679667902746 -0.057944232393420496 0.018774484771996298 -0.056418467547998466 0.021451666825325826 0.029144811249568289 -0.055387612975005253 -0.066193073193292304 0.052518086998789196 0.041880005591870065 -0.075506903454637037 0.0363470451815084 -0.064314651627772515 -0.057374364375942982 -0.023874959551742292 -0.066275251285862702 0.056403898678745172 0.046689035988628488 -0.054835427437315343 0.027026507125104012 -0.047792894974996863 0.050292615272932863 -0.062730792431664309 -0.055057052585242176 0.056608082099959316 -0.052468305786505354 0.035586027383359246 -0.057499149545655784 0.030619841906797077
leaf_weight=9.2129024956375343 15.063452579255683 33.268825380364433 2.9348296257958273 7.5419603810296385 66.520583713747328 6.3496175756154107 16.079578927543484 16.652857320936164 11.637298251385799 4119.6565941863955 147.91820774099324 12.209987318958156 22.715742364816833 9.7254847858857811 10.132851725618819 16.108272469369695 3.578191153908846 2.3033378967083982 811.70801771129481 7.7417122351180279 59.685438847489422 30.720083962398348 2.5789129313197909 8.8830444737832277 4772.6134579078935 4.6878684307448557 35.507872009999119 251.47561275980843 3.1361049692786773 5.7170475783059373
leaf_count=31 229 474 393 202 9590 206 431 2347 1011 2978 343 596 261 928 1438 1175 287 5 1003 995 631 3934 34 1095 662154 22 5472 1592 122 82
internal_value=-3.3788e-09 0.0464978 0.0482862 0.0191685 -0.0283319 -0.0544939 0.0502642 -3.66477e-05 0.0257182 0.050541 0.0320079 -0.0274514 -0.00944007 0.00941913 -0.00430062 0.0186309 0.051181 0.0069418 0.0448858 0.031842 0.0217494 -0.0346716 -0.0402938 -0.0382003 -0.0548285 -0.0313986 -0.0412549 0.0345071 0.020063 -0.0185355
internal_weight=10524.1 5678.66 5546.11 352.789 132.551 4845.41 5193.32 66.03 314.527 5167.11 172.477 24.559 46.6574 35.0201 26.2124 49.3771 4994.63 26.2498 874.972 267.869 63.2636 38.262 12.3044 11.1864 4819.16 46.5454 41.8575 254.41 12.349 13.4588
internal_count=700061 30878 17292 9432 13586 669183 7860 3996 5296 5991 1092 749 2234 1223 1869 1649 4899 1329 1921 3062 918 4136 962 1100 667854 5700 5678 1985 153 1077
is_linear=0
shrinkage=0.05


Tree=18
num_leaves=31
num_cat=0
split_feature=11 14 12 6 12 12 6 17 27 4 11 6 11 22 6 57 10 32 17 54 31 36 0 10 10 7 1 5 11 2
split_gain=10019 284.907 123.345 43.9775 40.7356 38.0771 29.797 33.395 27.7238 24.4248 22.0836 18.8419 34.731 16.3775 15.686 18.9088 15.0485 14.718 14.1991 27.6344 22.0003 22.5064 13.5948 13.0221 89.0603 24.1027 19.1068 10.9888 13.7596 10.839
threshold=2.0172413587570195 4.4788663387298593 0.67543861269950878 1.0000000180025095e-35 1.1715686321258547 0.30217391252517706 1.0000000180025095e-35 0.71191743016242992 35.139999389648445 1.0000000180025095e-35 1.60357141494751 1.0000000180025095e-35 1.5080645084381106 0.00074289939948357653 2.5000000000000004 0.94121003150939953 -1.0000000180025095e-35 0.49096386134624487 0.46422247588634497 2.6761636734008794 1.0000000180025095e-35 0.16412080079317096 17.500000000000004 5.7500000000000009 5.2500000000000009 1.0000000180025095e-35 19.500000000000004 1.5000000000000002 1.1695402264595034 6.5000000000000009
decision_type=2 2 2 2 2 2 2 2 2 2 2 2 2 2 2 2 2 2 2 2 2 2 2 2 2 2 2 2 2 2
left_child=1 2 6 8 9 16 18 22 17 11 27 -4 14 -12 15 -13 -2 -3 19 20 -1 -22 -8 24 25 -20 -27 -9 -29 -25
right_child=5 3 4 -5 -6 -7 7 10 -10 -11 13 12 -14 -15 -16 -17 -18 -19 23 -21 21 -23 -24 29 -26 26 -28 28 -30 -31
leaf_value=0.047046754991127267 -0.055135122713419776 0.033081401815984131 0.039887044753076195 -0.055838433379196112 -0.033761489695004837 -0.05430727822188644 -0.063401819957562014 0.044351270404916376 -0.054854142402727117 -0.038662890309210662 -0.062214279777603389 -0.075282845459629516 -0.059688695340585234 0.04188759685861624 0.036877522987448841 0.016680647789507601 0.030912164359436535 -0.033802245231233659 0.049445130961439765 -0.081034369184313018 0.050209925461517917 -0.083710049089193439 0.017258386497140722 0.053055429096457357 -0.0955952635024611 0.032926282687217479 -0.073180552973447291 0.030285620237421457 -0.084728240592013185 0.032608982029940468
leaf_weight=98.445900160470046 7.0255217493977424 41.164864052509074 125.16229009415838 65.225912449299358 36.685175486607477 4628.9109268195025 9.9894023042579665 874.98189650080167 16.448936202737968 15.205261904338839 8.6582036537874938 7.6261514811776605 14.845090205315499 6.7029854390420942 62.256543698546011 20.929807293694466 18.359251610032516 10.279110732779371 456.11926879928797 5.0051957010291508 5.7405702238902432 6.9181279040349182 10.950253023678668 3485.2947017751285 11.172082787379621 10.436405397718774 7.1489468202635171 9.1775979784433712 3.6285539220552883 66.046279920032248
leaf_count=161 1207 655 556 9761 4065 667854 975 1584 2384 1665 869 307 1615 46 484 225 122 1027 597 159 11 193 311 2548 99 67 301 33 82 98
internal_value=1.37693e-09 0.0457378 0.0475326 -0.0265182 0.0153893 -0.0539724 0.0493227 0.0412025 0.00165028 0.0227183 0.0426498 0.0267617 0.0112135 -0.0167885 0.0228038 -0.00787911 0.00709761 0.0197173 0.0511299 0.0338911 0.0390684 -0.0229789 -0.0212211 0.0516258 0.0439397 0.0472306 -0.0102092 0.0436783 -0.00230294 0.0526752
internal_weight=10146.5 5492.25 5359.13 133.119 282.71 4654.3 5076.42 924.089 67.8929 246.025 903.149 230.82 105.658 15.3612 90.8125 28.556 25.3848 51.444 4152.33 116.11 111.105 12.6587 20.9397 4036.22 484.877 473.705 17.5854 887.788 12.8062 3551.34
internal_count=700061 30878 17051 13827 8917 669183 8134 3900 4066 4852 2614 3187 2631 915 1016 532 1329 1682 4234 524 365 204 1286 3710 1064 965 368 1699 115 2646
is_linear=0
shrinkage=0.05


Tree=19
num_leaves=31
num_cat=0
split_feature=11 14 12 54 12 11 6 17 2 10 65 6 43 10 3 27 10 65 12 6 14 22 36 34 57 1 13 27 1 38
split_gain=9452 270.254 122.512 38.1364 38.1172 36.7281 32.4467 31.9325 30.4063 24.5572 32.3197 23.9468 21.8399 18.0564 15.0524 14.346 13.9138 40.6757 13.4736 13.1012 13.0181 11.338 10.6238 12.74 19.5007 24.8348 10.4565 10.2517 9.60818 9.44439
threshold=2.0172413587570195 4.5608761310577401 0.67543861269950878 2.3816143274307255 1.1715686321258547 2.1464285850524907 1.0000000180025095e-35 0.84206581115722667 1.5000000000000002 4.7500000000000009 10.066667079925539 1.0000000180025095e-35 2.8617925643920903 5.7500000000000009 1.0000000180025095e-35 32.629999160766609 2.7500000000000004 10.449999809265138 0.37715516984462744 1.0000000180025095e-35 3.3531857728958134 0.0058140221517533073 0.69261056184768688 1.8350180983543398 0.37037247419357305 22.500000000000004 370.19001770019537 18.774999618530277 42.500000000000007 0.4045883715152741
decision_type=2 2 2 2 2 2 2 2 2 2 2 2 2 2 2 2 2 2 2 2 2 2 2 2 2 2 2 2 2 2
left_child=1 2 6 -3 9 11 16 8 -8 10 19 15 18 26 -10 -2 17 -1 -5 -4 -11 -19 23 -18 25 -25 29 -6 -14 -9
right_child=5 3 4 12 27 -7 7 13 14 20 -12 -13 28 -15 -16 -17 22 21 -20 -21 -22 -23 -24 24 -26 -27 -28 -29 -30 -31
leaf_value=0.04543981490644794 0.038608689045213709 0.04113152099514817 0.041425808099708104 0.040169879359824072 -0.0013453918921726348 -0.053947367598255858 -0.065143133198759931 0.026557607507146787 -0.066043933042839398 0.033197024397080797 -0.051856008504750639 -0.055508217134828099 -0.052163298910149959 0.044589886597407667 0.036609479638554369 -0.058824412080470991 0.050016816295659475 -0.086257404572950586 -0.044099889972605548 -0.030084395202214675 -0.043318400394436796 0.049789168289548179 0.052150346189386666 -0.08354919472138575 0.039765318742326916 0.029334995476790283 -0.063757116681588122 -0.055405689401254871 0.053587708403431127 -0.066781590102276911
leaf_weight=52.33122885634657 21.979163369425809 17.409941698657349 26.414964893541764 12.524773814016955 14.909321574144995 4431.6854841718741 12.901953596650854 61.212931008689338 4.0393582675606003 178.38192218354379 23.419475099741248 16.048484924191143 84.982345226075267 784.02969598921482 30.804300334188156 4.5621531731449059 366.02789110853337 8.6756110569840512 7.6346034829621194 8.4551136401423701 5.7377079656871492 1.8597324611619104 3381.9107791277056 7.6143236578209352 160.55611742660403 13.529917301842941 3.7242173527774858 21.295325556129683 2.2035849895328274 2.8356464911485082
leaf_count=139 336 114 158 108 895 665555 1168 645 325 1560 2214 2700 12613 1082 185 592 432 212 747 587 408 6 2876 222 270 112 338 3241 4 217
internal_value=-2.56682e-09 0.0452067 0.0469612 -0.0275126 0.0147111 -0.0535033 0.0487979 0.0402192 0.000428953 0.0218583 -0.00642561 -0.00729287 -0.0386458 0.0424496 0.0247091 0.021861 0.0507308 0.0273942 0.00825588 0.0240864 0.0308126 -0.062242 0.0511041 0.0446441 0.033821 -0.0113161 0.0176893 -0.0331433 -0.0494905 0.0224252
internal_weight=9769.7 5295.42 5170.67 124.755 278.614 4474.28 4892.05 899.548 47.7456 242.409 58.2896 42.5898 107.345 851.802 34.8437 26.5413 3992.51 62.8666 20.1594 34.8701 184.12 10.5353 3929.64 547.728 181.7 21.1442 67.7728 36.2046 87.1859 64.0486
internal_count=700061 30878 17292 13586 9063 669183 8229 3960 1678 4927 2959 3628 13472 2282 510 928 4269 357 855 745 1968 218 3912 1036 604 334 1200 4136 12617 862
is_linear=0
shrinkage=0.05


Tree=20
num_leaves=31
num_cat=0
split_feature=11 14 12 6 12 11 6 57 27 54 6 11 24 23 11 12 27 6 11 34 32 11 6 18 5 36 0 13 56 3
split_gain=8887.73 254.338 118.76 39.0873 38.1342 35.1313 30.5163 29.5514 23.8965 23.0865 22.2079 20.2963 14.8939 14.8606 13.6814 13.4008 13.0666 12.5912 26.3236 12.1852 14.5494 24.7779 11.3552 14.3011 15.1207 10.7643 19.8893 10.322 10.1199 9.88275
threshold=2.0172413587570195 4.4788663387298593 0.64852941036224376 1.0000000180025095e-35 1.1715686321258547 2.1464285850524907 1.0000000180025095e-35 0.34842120110988622 35.139999389648445 1.9606531262397768 1.0000000180025095e-35 1.431677043437958 0.99038460850715648 3.7833948135375981 1.3416666984558108 0.40370370447635656 32.629999160766609 1.0000000180025095e-35 1.60357141494751 3.4753828048706059 0.9961538314819337 1.60357141494751 2.5000000000000004 0.20498014986515048 1.0000000180025095e-35 0.67550018429756176 15.500000000000002 364.15367126464849 0.21458087116479876 1.0000000180025095e-35
decision_type=2 2 2 2 2 2 2 2 2 2 2 2 2 2 2 2 2 2 2 2 2 2 2 2 2 2 2 2 2 2
left_child=1 2 6 8 9 10 19 -8 15 17 16 -9 -11 -13 -14 29 -2 -4 22 -1 25 -22 23 24 -19 26 -21 -15 -6 -3
right_child=5 3 4 -5 28 -7 7 11 -10 12 -12 13 14 27 -16 -17 -18 18 -20 20 21 -23 -24 -25 -26 -27 -28 -29 -30 -31
leaf_value=0.051102235369203455 0.036844036607819479 -0.064033998269807837 0.039104424968712394 -0.054867519599047669 0.0062814497603277527 -0.053528157110174918 -0.042373821481811097 0.043016638343691502 -0.053428100440044979 -0.063213870176085873 -0.05492901026796361 -0.035036879893951642 0.03018852194736308 0.03159567845516751 -0.038490493936917093 -0.018775900120550131 -0.057787392080770675 -0.075656532496975057 -0.05774837659099602 -0.086498507085887313 -0.089618989063765767 0.045238679122290848 0.036622473706904739 -0.040497711059426789 0.041205233527290629 0.046173749883322492 0.03169828554852519 -0.069427880471977163 -0.051111069690345234 0.044184193291009616
leaf_weight=3519.056319865922 21.642952685710046 2.2670165907475157 136.45188619749388 60.358676161704352 11.438865993521175 4245.1309919674095 10.801863048312951 776.25918168979115 15.28468207552214 10.361598054878412 15.352625850384355 12.790895085578084 20.454495867801601 44.012252198532224 11.233999271382343 16.349896086758235 4.3872626293741623 3.2088084758142967 10.783873493288409 4.2554085194133249 5.6982734422199419 8.4672257930506003 66.580094855773496 12.864436419156844 20.149349794723094 247.5400484847487 21.753350364335347 2.682589608244597 23.378707201598445 30.398600761021953
leaf_count=3413 336 202 666 9761 660 665555 1047 1327 2384 968 2700 677 248 403 937 1199 592 112 1306 95 79 35 499 343 134 390 122 185 3405 281
internal_value=3.16864e-09 0.0445717 0.0463375 -0.0259699 0.0172068 -0.0530812 0.0483839 0.0397976 0.00115639 0.0231028 -0.00723535 0.0408597 -0.011175 0.0127122 0.00584088 0.0181777 0.0208944 0.0288674 0.0165696 0.0502934 0.0404001 -0.00900974 0.0243655 0.00183618 0.0251514 0.0429587 0.0123596 0.0257919 -0.0322555 0.0366738
internal_weight=9391.4 5104.88 4980.22 124.659 326.906 4286.51 4653.32 846.547 64.3002 292.089 41.3828 835.745 42.0501 59.4857 31.6885 49.0155 26.0302 250.038 113.587 3806.77 287.714 14.1655 102.803 36.2226 23.3582 273.549 26.0088 46.6948 34.8176 32.6656
internal_count=700061 30878 17051 13827 9278 669183 7773 3639 4066 5213 3628 2592 2153 1265 1185 1682 928 3060 2394 4134 721 114 1088 589 246 607 217 588 4065 483
is_linear=0
shrinkage=0.05


Tree=21
num_leaves=31
num_cat=0
split_feature=11 14 12 6 11 6 10 14 6 18 2 12 11 3 37 43 22 13 6 37 0 10 10 7 7 5 23 13 56 38
split_gain=8347.59 240.143 105.862 59.8811 33.7277 31.3979 30.7259 27.5808 26.5767 25.5764 23.2183 22.7076 22.5495 17.6935 17.4699 16.2598 13.9537 13.303 13.1248 12.9804 16.9617 13.2531 12.9584 31.995 11.1778 10.5426 15.4379 11.6047 10.3598 10.2045
threshold=2.0172413587570195 4.0224173069000253 0.67543861269950878 1.0000000180025095e-35 2.2052631378173833 1.0000000180025095e-35 4.7500000000000009 0.20791525393724444 1.0000000180025095e-35 0.43345424532890325 6.5000000000000009 0.40370370447635656 1.60357141494751 1.0000000180025095e-35 0.99752926826477062 4.3241107463836679 0.00074289939948357653 249.13955688476565 1.0000000180025095e-35 0.87598276138305675 16.500000000000004 12.250000000000002 4.7500000000000009 1.0000000180025095e-35 1.0000000180025095e-35 1.0000000180025095e-35 3.6239726543426518 288.13352966308599 0.61569231748580944 0.38881017267704016
decision_type=2 2 2 2 2 2 2 2 2 2 2 2 2 2 2 2 2 2 2 2 2 2 2 2 2 2 2 2 2 2
left_child=1 2 5 11 8 22 7 28 15 12 -8 13 19 -3 -12 -2 -14 -9 -16 20 -7 -22 23 25 -15 -1 27 -27 -4 -13
right_child=4 3 6 -5 -6 9 10 17 -10 -11 14 29 16 24 18 -17 -18 -19 -20 -21 21 -23 -24 -25 -26 26 -28 -29 -30 -31
leaf_value=0.048636057508954361 0.032652123402515811 -0.060931373264487609 0.051618175212362241 -0.050210296327605847 -0.053234831710984198 -0.075107049188299357 0.032791033810580371 0.013517992127101206 -0.054249777096611163 -0.068019647974894987 -0.064033822643172339 0.0063938268852616539 -0.05910998134166652 0.042030382517427169 0.039723615901289283 -0.057957648106360775 0.037233762846551187 -0.047495537425718708 -0.060582760466489929 0.042055254835788716 0.041272263694973318 -0.084389188647742197 0.050596400463517481 -0.050106864156434505 -0.063561552789087039 0.023769769582374617 0.03483816917677162 -0.091141452679193963 -0.059733383189756996 -0.045538374703849353
leaf_weight=169.55775524291676 26.084928389231209 5.0127060305094338 16.568899160949517 69.630183500499697 4041.7773203346151 5.1700761735555743 158.91361514860182 11.653543530323075 23.772499779821374 5.5371755298401686 11.407160867587665 18.496515292354161 9.2169217419141187 53.669547905388754 13.397777085134296 6.1110828852979457 6.3456984954536884 38.279571743187262 4.3103985038760575 792.93759465345647 17.754076714190891 2.3794319727458051 3412.475813771307 9.7640015555080009 2.6290758657560209 4.1579241175204498 49.716935537151585 4.6589563767192885 2.3901179113017852 19.360216477769427
leaf_count=288 658 570 92 10603 663318 262 1588 337 4392 456 1100 1058 1051 538 160 815 55 4226 493 1576 136 62 3157 366 268 18 122 65 251 1980
internal_value=1.61551e-09 0.0439345 0.0460186 -0.0146702 -0.052701 0.0478049 0.0148041 -0.0137619 -0.0141528 0.039085 0.0252704 0.010284 0.0397963 0.0290845 -0.0157777 0.0154536 -0.0198256 -0.033256 0.0153077 0.0409303 0.0056768 0.0264213 0.0498099 0.038526 0.0370994 0.0423202 0.0240247 -0.0369508 0.0375804 -0.0201647
internal_weight=9013.14 4915.39 4746.59 168.798 4097.75 4489.67 256.921 68.8921 55.9685 839.341 188.029 99.1681 833.804 61.3113 29.1153 32.196 15.5626 49.9331 17.7082 818.241 25.3036 20.1335 3650.33 237.856 56.2986 228.092 58.5338 8.81688 18.959 37.8567
internal_count=700061 30878 15861 15017 669183 7614 8247 4906 5865 3598 3341 4414 3142 1376 1753 1473 1106 4563 653 2036 460 198 4016 859 806 493 205 83 343 3038
is_linear=0
shrinkage=0.05


Tree=22
num_leaves=31
num_cat=0
split_feature=11 14 12 12 11 54 4 6 6 10 4 43 3 27 14 6 17 54 24 57 14 32 38 12 13 6 6 5 10 18
split_gain=7834.43 224.868 111.301 36.067 32.3561 31.6084 30.7016 25.7552 24.8833 22.8095 21.1256 18.3438 16.7341 15.2836 14.9526 13.2284 13.221 29.2602 16.1632 14.9101 11.4583 43.7567 14.3617 10.8183 10.3998 10.3781 18.0331 16.1459 12.0642 11.5906
threshold=2.0172413587570195 4.5608761310577401 0.63818180561065685 1.1715686321258547 2.2052631378173833 2.3816143274307255 1.0000000180025095e-35 1.0000000180025095e-35 1.0000000180025095e-35 3.7500000000000004 1.0000000180025095e-35 2.8617925643920903 5.5000000000000009 32.629999160766609 2.9289598464965825 3.5000000000000004 0.78869378566741954 1.0966277122497561 0.85164836049079906 0.59439277648925792 2.7463744878768925 0.17424242943525317 0.35091583430767065 0.37715516984462744 336.16227722167974 1.0000000180025095e-35 2.5000000000000004 1.0000000180025095e-35 2.7500000000000004 0.20498014986515048
decision_type=2 2 2 2 2 2 2 2 2 2 2 2 2 2 2 2 2 2 2 2 2 2 2 2 2 2 2 2 2 2
left_child=1 2 6 10 8 -3 7 16 13 -9 14 23 -8 -2 25 20 17 -1 19 -19 -11 22 -22 -7 -24 -4 27 -27 -28 -29
right_child=4 5 3 -5 -6 11 12 9 -10 15 -12 -13 -14 -15 -16 -17 -18 18 -20 -21 21 -23 24 -25 -26 26 28 29 -30 -31
leaf_value=0.047402933744491317 0.031947203971582995 0.038729477498605787 0.038715672357465654 -0.03175012453812192 -0.052898322440166172 0.037495827538023017 -0.043285252795571452 -0.039439514541342147 -0.053833577848881403 0.043562191347840222 -0.030078425729960518 -0.048099628180538145 0.038905531853624449 -0.056069560886317732 -0.013084456608484904 -0.013929590856493963 0.050437640444418057 -0.080310347611925847 0.02279977676795944 0.031231568742626573 0.046535026260590716 -0.087734445013697038 0.020883876711373584 -0.041865357022665778 -0.052194528601147185 -0.04567800874355829 -0.056477642960867984 0.032097205530271615 0.03724288632394343 -0.041424495939447067
leaf_weight=288.39949991600588 25.332591428770687 15.837434449233113 143.12784078523691 33.221701622853288 3855.5906989304785 11.385217062546873 14.326603931112915 9.0954067320271843 22.7494890341477 639.62865064031212 17.668744784343289 77.784126904734876 10.908176229568197 6.1245474926836314 22.390920384961646 11.115942361910127 3114.1230232708622 8.1118412092619092 58.418925344973104 4.7506218124181023 72.563645646674559 7.84849078208208 21.245507458690557 6.8946986542141522 6.3156102711800477 16.31946961954236 3.5880014804424709 24.125830582401253 79.869517617742531 6.8920103850832666
leaf_count=325 536 114 451 4136 663318 108 1777 851 4392 1061 1857 12617 48 937 1078 190 2571 169 242 12 111 124 134 747 76 622 505 271 441 240
internal_value=-2.52584e-10 0.0433167 0.0450152 0.017792 -0.052359 -0.0267178 0.0472305 0.0475576 -0.0139979 0.0392703 0.0230339 -0.0375077 -0.00775684 0.0148108 0.0262009 0.0402139 0.0493893 0.040313 0.0116278 -0.0391135 0.0410189 0.0259529 0.0348645 0.0075629 0.00413801 0.0294121 0.0192314 -0.00541998 0.0332137 0.015761
internal_weight=8635.75 4725.96 4614.06 347.204 3909.8 111.901 4266.85 4241.62 54.2066 767.813 313.982 96.064 25.2348 31.4571 296.314 758.718 3473.8 359.681 71.2814 12.8625 747.602 107.973 100.125 18.2799 27.5611 273.923 130.795 47.3373 83.4575 31.0178
internal_count=700061 30878 17292 9601 669183 13586 7691 5866 5865 2547 5465 13472 1825 1473 3608 1696 3319 748 423 181 1506 445 321 855 210 2530 2079 1133 946 511
is_linear=0
shrinkage=0.05


Tree=23
num_leaves=31
num_cat=0
split_feature=11 14 12 5 11 3 17 6 12 6 6 4 10 25 16 43 6 11 23 45 10 12 12 38 16 34 17 14 24 34
split_gain=7360.5 211.034 107.971 35.5859 30.8307 29.6696 39.6698 29.637 29.5103 23.3487 22.448 19.7853 19.3248 18.2638 16.7585 14.1106 13.3444 25.8895 12.9644 12.9061 12.8007 14.2357 11.3315 9.51786 9.48819 9.37617 13.7736 9.11985 31.5001 10.9032
threshold=2.0172413587570195 4.5608761310577401 0.67543861269950878 2.5000000000000004 2.2052631378173833 1.0000000180025095e-35 0.83183515071868908 1.0000000180025095e-35 1.1715686321258547 1.0000000180025095e-35 1.0000000180025095e-35 1.0000000180025095e-35 5.7500000000000009 35.492778778076179 0.9996871054172517 4.3241107463836679 1.0000000180025095e-35 1.5080645084381106 3.2840046882629399 30.19999980926514 7.7500000000000009 0.35857143998146063 0.40370370447635656 0.4045883715152741 0.72981250286102306 3.6315070390701298 0.94830998778343212 3.1221233606338505 0.7947368621826173 4.3092038631439218
decision_type=2 2 2 2 2 2 2 2 2 2 2 2 2 2 2 2 2 2 2 2 2 2 2 2 2 2 2 2 2 2
left_child=1 2 3 5 9 6 19 13 11 15 27 16 23 22 -5 -2 -4 18 24 -1 21 -8 -3 -12 -18 -14 -27 -7 29 -29
right_child=4 7 8 14 -6 10 20 -9 -10 -11 12 -13 25 -15 -16 -17 17 -19 -20 -21 -22 -23 -24 -25 -26 26 -28 28 -30 -31
leaf_value=0.0058537373528035454 0.030179022995394301 0.032664810565373591 0.034985295603897237 -0.086274658400369256 -0.052597375225541546 0.049954660385685128 0.027058566871699621 -0.053710314647113649 -0.032080614577206241 -0.053458015384842884 0.018506894354122217 -0.037479859742347667 0.043195952720278999 -0.054311150972238077 0.044301909991220065 -0.056632430837433606 0.013696126410938184 -0.056392195790044244 0.028642159558280606 -0.067455802474576748 0.042343831480018988 -0.073598030189529526 -0.021136921261226224 -0.060799508564952226 -0.070046847503359044 -0.075809518445724283 0.028197584962213858 0.00048416541757657146 0.045383197045635308 -0.085576881241243824
leaf_weight=11.064384957135189 25.062010464054769 28.488236272300128 111.0663197497779 7.4188801015552581 3674.0366613614024 3046.1818103437254 10.842533308081331 51.629474203364225 32.056088844401529 22.012266522506252 60.906244141384377 14.363275938900186 661.29037918680115 12.546647867100544 3.6741499314084649 5.7559838034503619 7.3654593955725414 12.897876708899274 68.629809330785065 13.125913687894354 107.16517093707807 5.1960037381795692 14.908158825768622 4.0337919896410304 6.2547701133880764 3.8503241004655164 18.371273129247129 14.99601150932722 198.86593911302043 4.8772332491353145
leaf_count=261 658 500 569 141 663318 3046 72 9590 4136 4392 1009 1691 1080 2241 13 815 131 1636 657 973 187 256 1255 417 243 140 73 97 356 108
internal_value=2.20879e-09 0.0428041 0.0444865 0.0464086 -0.052052 0.046647 0.024615 -0.0263916 0.0127461 -0.0141275 0.0474561 0.0192607 0.039646 -0.00117928 -0.0430261 0.0139649 0.0232128 0.0094707 0.0197989 -0.0339248 0.0361089 -0.00555114 0.0141821 0.0135807 -0.0247609 0.0421225 0.0101763 0.0492465 0.0393851 -0.0206367
internal_weight=8258.93 4532.07 4424.49 4171.86 3726.87 4160.77 147.394 107.573 252.634 52.8303 4013.37 220.578 748.452 55.943 11.093 30.818 206.214 95.1479 82.25 24.1903 123.204 16.0385 43.3964 64.94 13.6202 683.512 22.2216 3264.92 218.739 19.8732
internal_count=700061 30878 17292 8229 669183 8075 1749 13586 9063 5865 6326 4927 2719 3996 154 1473 3236 2667 1031 1234 515 328 1755 1426 374 1293 213 3607 561 205
is_linear=0
shrinkage=0.05


Tree=24
num_leaves=31
num_cat=0
split_feature=11 14 12 11 6 6 12 66 6 10 54 12 43 2 14 36 3 11 5 57 47 16 3 1 37 14 63 65 10 66
split_gain=6902.96 174.847 81.548 74.7728 44.8618 40.0983 27.3585 22.0678 20.8888 23.3769 17.5016 16.6768 15.6379 15.2544 17.0309 14.8422 14.6768 16.3108 14.5886 14.1517 35.5951 19.2874 14.0576 11.7692 16.7233 11.345 15.1457 10.8445 10.048 20.8941
threshold=1.980769217014313 4.0624690055847177 0.58578431606292736 2.2052631378173833 1.0000000180025095e-35 1.0000000180025095e-35 0.91287881135940563 6.8500001430511483 1.0000000180025095e-35 3.7500000000000004 0.40498395264148718 0.40370370447635656 1.8688347935676577 1.0000000180025095e-35 0.030767166055738929 0.69261056184768688 1.5000000000000002 1.2649122476577761 1.0000000180025095e-35 0.40096727013587957 55.750000000000007 0.16407619416713717 1.0000000180025095e-35 11.500000000000002 0.96389955282211315 2.8558591604232793 3.3842465877532963 12.34999990463257 7.7500000000000009 13.449999809265138
decision_type=2 2 2 2 2 2 2 2 2 2 2 2 2 2 2 2 2 2 2 2 2 2 2 2 2 2 2 2 2 2
left_child=1 2 8 4 7 11 12 18 15 -10 27 22 -4 14 -11 19 17 -14 -2 20 -1 -22 -3 24 -15 -18 -27 -8 29 -25
right_child=3 5 6 -5 -6 -7 10 -9 9 13 -12 -13 16 23 -16 -17 25 -19 -20 -21 21 -23 -24 28 -26 26 -28 -29 -30 -31
leaf_value=0.038836116239023374 0.044087585361265572 -0.059582113440186574 -0.085430171756437356 -0.05232649182756989 -0.053276096527713618 -0.047750968793802993 0.041916263674507556 -0.025956417363128377 -0.057599566162741228 0.054051020526290128 -0.027152682113914625 -0.021044159933737535 0.024255298601774167 -0.081957396595012832 -0.072674673539554022 0.050256722411398551 0.036888101302228381 -0.034143307280068029 -0.065344742383420043 0.044414601805377936 0.034331701040133222 -0.081117028617597967 0.034289357456099602 -0.030562095547966198 0.025517595330819806 -0.070565957888201566 0.028123605194780694 -0.029785753649678195 0.046193743299164564 0.036847948554816254
leaf_weight=58.984227549342904 40.961867193807848 4.368377659644465 2.9214172633364788 3494.3229540936445 36.612406478176126 52.368969756964361 21.818206373398429 21.335214119695593 6.2126370499172472 4.6050316160544735 37.842422271045507 29.907153343985556 41.95408899107133 4.2511707671801586 6.2489084900880698 2612.2580988974951 317.35036921899882 16.72253300283046 3.2901460234425022 363.31197404977866 5.328439129516485 11.268330889462957 45.832969562237849 12.506776578258721 24.358967164997011 5.7934035172220346 11.818257265840655 6.9541347084741565 444.36282491782913 142.11817668683943
leaf_count=187 309 537 59 663318 7368 8996 338 1830 781 5 3534 2634 297 96 341 2593 1717 787 228 495 40 270 758 221 50 329 167 608 693 475
internal_value=1.94404e-09 0.0428196 0.0446209 -0.0510935 -0.00893776 -0.0137286 0.0248437 0.015813 0.0470995 0.0389216 -0.00480554 0.00851264 0.0298242 0.0398609 -0.0189084 0.0488273 0.0306795 0.007612 0.0359513 0.0403195 0.0206348 -0.0440519 0.0261209 0.0408773 0.00954792 0.0347204 -0.00434059 0.0245862 0.0423737 0.0313955
internal_weight=7887.99 4291.47 4158.99 3596.52 102.2 132.477 463.175 65.5872 3695.82 644.664 66.6148 80.1085 396.56 638.452 10.8539 3051.15 393.639 58.6766 44.252 438.893 75.581 16.5968 50.2013 627.598 28.6101 334.962 17.6117 28.7723 598.988 154.625
internal_count=700061 27008 14083 673053 9735 12925 7836 2367 6247 2662 4480 3929 3356 1881 346 3585 3297 1084 537 992 497 310 1295 1535 146 2213 496 946 1389 696
is_linear=0
shrinkage=0.05


Tree=25
num_leaves=31
num_cat=0
split_feature=11 14 12 6 11 6 10 10 14 6 12 2 3 7 11 3 46 65 17 10 13 37 17 16 56 7 11 3 57 7
split_gain=6478.21 191.29 99.6657 47.3458 29.2187 27.5319 24.7525 23.6399 22.1721 21.1207 19.8953 18.0489 15.0989 13.8552 43.0344 38.7921 23.6145 12.7081 12.2969 12.9174 12.2543 12.0045 11.9149 10.7279 10.6825 12.3339 10.3883 10.3882 10.0897 10.0025
threshold=2.0172413587570195 3.9059684276580815 0.67543861269950878 1.0000000180025095e-35 2.2052631378173833 1.0000000180025095e-35 5.7500000000000009 4.7500000000000009 0.16108147054910663 1.0000000180025095e-35 0.40370370447635656 7.5000000000000009 1.0000000180025095e-35 1.0000000180025095e-35 1.2649122476577761 1.5000000000000002 33.000000000000007 14.050000190734865 0.88900581002235424 13.250000000000002 249.13955688476565 0.94051358103752147 0.67959931492805492 0.96545210480690014 0.81275406479835521 1.0000000180025095e-35 1.5080645084381106 3.5000000000000004 0.9503486454486848 1.0000000180025095e-35
decision_type=2 2 2 2 2 2 2 2 2 2 2 2 2 2 2 2 2 2 2 2 2 2 2 2 2 2 2 2 2 2
left_child=1 2 5 10 9 13 21 8 -4 17 12 22 -3 -1 -15 -16 -17 -2 19 -8 -10 -7 -9 -20 -24 28 -18 -13 -26 -14
right_child=4 3 7 -5 -6 6 18 11 20 -11 -12 27 29 14 15 16 26 -19 23 -21 -22 -23 24 -25 25 -27 -28 -29 -30 -31
leaf_value=0.049232525286714263 0.029183057757203992 -0.059841286455324411 0.03749589624274885 -0.045990323164469056 -0.052074315555034958 -0.058376318980790098 0.024232107938978464 -0.039931714388916496 0.014663932128202868 -0.052846448270733405 -0.019204139346018376 -0.060135781463938956 0.038520977727050876 0.047964851277302836 -0.054292873000127778 -0.060765610901368408 0.044519163191890442 -0.05501083373770297 0.044172983529851856 -0.071042671814758887 -0.046272264697989202 0.014752202950465336 0.036507591975152638 0.019949962010744407 -0.069923066572639248 -0.079817649700262186 -0.031046789107068463 0.024694390244440478 0.027195853223136553 -0.061623459216542123
leaf_weight=2674.0203729722416 24.028403830481697 4.6319172340445212 15.313810139254199 61.757824121130398 3320.7853274642257 6.1969459011161225 53.211026081582531 6.3949731145985416 10.779764467704807 20.219261688267579 37.177122344000963 9.9947908452595566 55.073681241687154 285.76266833319096 19.748662573692854 6.8959975347388527 48.93286149809137 5.5095426377083632 549.94320449553197 3.8125129928812376 35.162854040274397 59.44103238437674 117.6075169032265 49.852240845793858 3.0399704529554645 3.9190407939022398 5.0141524167847811 5.6485483402211676 22.232068525307113 2.6116664416622362
leaf_count=3014 555 579 261 10806 663318 758 553 282 321 4392 3108 1158 553 355 297 69 78 918 759 128 4224 1148 1038 176 153 120 144 207 315 274
internal_value=8.07188e-10 0.0417888 0.0439449 -0.011602 -0.0515045 0.0458983 0.0371245 0.012 -0.0146072 -0.013473 0.00974344 0.0216534 0.0270129 0.0479832 0.0388643 0.00659529 0.0263586 0.0134789 0.0400502 0.0178622 -0.0319745 0.00784807 0.0268774 0.0421597 0.0297879 0.00271478 0.0374956 -0.029505 0.0155134 0.033987
internal_weight=7524.72 4154.18 3992.93 161.252 3370.54 3762.83 722.457 230.093 61.2564 49.7572 99.4944 168.837 62.3173 3040.37 366.354 80.5917 60.843 29.5379 656.819 57.0235 45.9426 65.638 153.194 599.795 146.799 29.1911 53.947 15.6433 25.272 57.6853
internal_count=700061 30878 15558 15320 669183 7479 3522 8079 4806 5865 4514 3273 1406 3957 943 588 291 1473 1616 681 4545 1906 1908 935 1626 588 222 1365 468 827
is_linear=0
shrinkage=0.05


Tree=26
num_leaves=31
num_cat=0
split_feature=11 14 12 12 10 6 4 12 6 10 12 4 6 11 36 14 57 23 38 37 49 34 13 54 29 2 69 6 58 0
split_gain=6072.14 158.76 77.2734 68.0824 51.087 32.7842 28.6151 23.1093 18.7802 17.4412 15.7066 15.3898 15.2548 21.668 13.1763 13.3484 18.3444 12.9601 11.8331 11.8159 11.7614 20.6856 13.7996 9.86123 17.6558 11.3131 9.82198 11.4183 9.81773 9.47752
threshold=1.980769217014313 4.0624690055847177 0.60434782505035411 0.50999999046325695 -1.0000000180025095e-35 1.0000000180025095e-35 1.0000000180025095e-35 1.1715686321258547 1.0000000180025095e-35 5.7500000000000009 0.40370370447635656 1.0000000180025095e-35 1.0000000180025095e-35 1.1695402264595034 0.70042735338211071 2.5265837907791142 0.59439277648925792 3.3626852035522465 0.36022506654262548 0.692346751689911 12.466630458831789 0.34346774220466619 301.17921447753912 1.0966277122497561 1.0000000180025095e-35 1.5000000000000002 9.7526540756225604 2.5000000000000004 0.35194690525531774 29.500000000000004
decision_type=2 2 2 2 2 2 2 2 2 2 2 2 2 2 2 2 2 2 2 2 2 2 2 2 2 2 2 2 2 2
left_child=1 2 6 4 -2 10 8 12 14 18 19 28 23 20 15 -1 -17 -15 -10 -3 21 -14 -23 -4 25 -25 -19 -28 -6 -8
right_child=3 5 7 -5 11 -7 29 -9 9 -11 -12 -13 13 17 -16 16 -18 26 -20 -21 -22 22 -24 24 -26 -27 27 -29 -30 -31
leaf_value=0.043080652401973257 -0.052394679546442127 -0.049743193095633798 0.042992800798424644 -0.051739352553525832 0.044948914273060921 -0.046506656492110325 -0.034907828532655456 -0.02587643450556228 0.017405019592871683 0.040701885894782283 -0.022855124256673541 -0.057102389714175306 0.044266300099868851 -0.049055333348133195 0.049560387853924803 -0.043815841710603438 0.031627221051908141 0.018635936085100956 -0.061862727070606707 0.03258900647081741 0.044128232581001181 0.021750456115802695 -0.075050519143186389 0.023536028214437177 0.031104436776842843 -0.083088748218454495 -0.068065273028184436 0.0074900479926218169 -0.072983723446821622 0.057723775480999343
leaf_weight=376.05577122449176 32.331705139062251 4.8567388494266188 126.78916083014337 3166.493627754724 38.951156097493367 47.555859583517304 14.409245525108419 23.540972209622851 35.062560463280533 578.46376336156391 28.513001445506234 4.5751585726393378 17.150131391827017 13.939366449340012 2366.1632479627151 10.415242964867501 35.595554834231734 40.602196540974546 5.4383206148631862 42.420395536231808 58.497763611841947 6.1979536903090766 9.0685993975494039 4.114700928796081 46.59802169536124 6.2916553427930921 8.5231266211485508 12.09879607852781 1.8484988216368936 3.4159285142086437
leaf_count=523 6609 511 472 665244 411 8996 1350 2938 454 1115 2634 673 64 1080 2264 155 70 957 502 784 223 79 285 34 360 151 566 425 116 16
internal_value=3.47452e-09 0.0418616 0.0436744 -0.0506047 -0.0043672 -0.0139646 0.0460291 0.0220761 0.0463597 0.038481 0.00645441 0.0298547 0.0253025 0.0143194 0.0481087 0.0399704 0.0145495 -0.00554323 0.00676122 0.0241311 0.0307408 0.00658235 -0.035751 0.0352271 0.0179545 -0.040929 0.0043635 -0.0237373 0.0396058 -0.0171564
internal_weight=7165.98 3921.78 3798.43 3244.2 77.7065 123.346 3425.02 373.412 3407.19 618.965 75.7901 45.3748 349.871 166.078 2788.23 422.067 46.0108 75.1635 40.5009 47.2771 90.9144 32.4167 15.2666 183.794 57.0044 10.4064 61.2241 20.6219 40.7997 17.8252
internal_count=700061 27008 14083 673053 7809 12925 6449 7634 5083 2071 3929 1200 4696 3679 3012 748 225 3028 956 1295 651 428 364 1017 545 185 1948 991 527 1366
is_linear=0
shrinkage=0.05


Tree=27
num_leaves=31
num_cat=0
split_feature=11 14 12 6 4 54 11 6 24 10 6 3 3 11 3 54 36 3 57 27 17 11 16 49 58 16 54 16 37 2
split_gain=5671.04 169.657 84.5463 50.1364 30.1044 27.6589 27.2525 25.4256 20.904 20.0158 18.8186 16.3124 15.0964 13.8552 18.2204 13.5351 13.4994 12.3017 11.9369 11.0823 10.8732 13.5378 10.866 10.6203 20.2136 13.1982 15.577 10.2288 10.0985 10.0058
threshold=2.0172413587570195 3.785109400749207 0.73030304908752453 1.0000000180025095e-35 1.0000000180025095e-35 1.9606531262397768 2.2052631378173833 1.0000000180025095e-35 0.93499580025672924 5.7500000000000009 1.0000000180025095e-35 5.5000000000000009 1.0000000180025095e-35 1.60357141494751 4.5000000000000009 1.7199587821960451 0.6801639497280122 1.0000000180025095e-35 0.27213558554649359 32.629999160766609 0.90204590559005748 0.71714287996292125 0.96545210480690014 13.140637874603273 0.27021168172359472 0.5955328941345216 0.70224699378013622 0.91428565979003917 0.94051358103752147 8.5000000000000018
decision_type=2 2 2 2 2 2 2 2 2 2 2 2 2 2 2 2 2 2 2 2 2 2 2 2 2 2 2 2 2 2
left_child=1 2 4 8 7 13 10 16 15 28 19 -6 -10 29 -15 -3 17 18 -1 -2 21 -11 -22 -19 -25 26 -26 -14 -9 -4
right_child=6 3 5 -5 11 -7 -8 9 12 20 -12 -13 27 14 -16 -17 -18 23 -20 -21 22 -23 -24 24 25 -27 -28 -29 -30 -31
leaf_value=-0.071158072029665148 0.027736992880637707 0.036039638483402511 0.025781081930666683 -0.046165893683311629 -0.04418002936873755 -0.050881695045961108 -0.05166526256930068 -0.058409671264123254 -0.060209636505496836 -0.069962678837910464 -0.052356734250411964 0.036690971468754496 0.034010903567927492 -0.056410729967830656 0.021242677284385766 -0.045903627492013155 0.048550083335735829 0.045247755722964349 0.020390406124436794 -0.054024355458685572 0.043704501773678156 0.026033538579696688 0.018608172522940652 0.044593685990381431 0.017931932864321851 0.034780810243706516 -0.074508062590737126 -0.069348808733817033 0.015608696439757395 -0.059328587797813886
leaf_weight=4.3695842652232413 22.824748481099963 6.6572425395716008 106.45629949872091 58.488871444744291 14.561192664055854 18.112174540263368 2977.3689869844238 4.994784727547084 4.8945450235332819 3.8829273423179975 18.303889499977231 10.905596013879402 70.465526664775098 14.215268589818153 16.120331898127915 20.736091870552627 2379.710048859939 279.26814538547478 19.233046831563115 5.0640336006472344 500.38534876890481 67.820021467457991 47.199445306847338 47.240950384875759 8.1168156787753158 11.208145426586269 10.391892970539628 2.4778295508003785 59.511945329446462 3.5690776027622624
leaf_count=121 536 34 1745 11050 1865 2424 663318 549 621 124 4392 62 1488 2117 548 2251 2510 376 77 937 645 379 140 69 18 15 66 211 970 403
internal_value=1.15917e-09 0.0407348 0.042982 -0.00905243 0.0446136 0.00726797 -0.051074 0.0450142 0.0115757 0.036383 -0.0129636 -0.00954879 0.0247959 0.0147716 -0.0151457 -0.0259894 0.0471529 0.0383995 0.00344192 0.0128908 0.0391439 0.0208351 0.0415413 0.0407157 0.0242698 -0.00803925 -0.0339694 0.0304999 0.00987742 0.0230202
internal_weight=6814.55 3790.99 3627.27 163.72 3468.8 158.473 3023.56 3443.33 105.231 683.794 46.1927 25.4668 77.8379 140.361 30.3356 27.3933 2759.54 379.829 23.6026 27.8888 619.288 71.7029 547.585 356.226 76.9578 29.7169 18.5087 72.9434 64.5067 110.025
internal_count=700061 30878 15223 15655 7986 7237 669183 6059 4605 2807 5865 1927 2320 4813 2665 2285 3252 742 198 1473 1288 503 785 544 168 99 84 1699 1519 2148
is_linear=0
shrinkage=0.05


Tree=28
num_leaves=31
num_cat=0
split_feature=11 12 14 54 6 11 10 3 6 11 6 12 7 10 13 58 17 54 23 17 2 57 43 7 3 3 58 18 11 10
split_gain=5296.4 161.33 66.1618 53.3414 26.7942 26.1184 21.2248 21.0642 18.1953 26.9109 17.4357 15.8194 13.8042 44.8337 17.221 17.4323 13.4634 15.1286 12.9991 11.5234 12.4398 11.1641 10.4953 10.4053 9.98816 9.81988 13.1217 9.61153 9.02557 10.0564
threshold=2.0172413587570195 0.67543861269950878 3.9059684276580815 2.7118368148803715 1.0000000180025095e-35 2.2052631378173833 5.7500000000000009 1.0000000180025095e-35 1.0000000180025095e-35 1.5080645084381106 1.0000000180025095e-35 0.40370370447635656 1.0000000180025095e-35 5.7500000000000009 432.21638488769537 0.098262287676334395 0.83716130256652843 1.6521273851394656 3.2840046882629399 0.84206581115722667 1.5000000000000002 0.92069491744041454 4.3241107463836679 1.0000000180025095e-35 1.5000000000000002 3.5000000000000004 0.25581239163875585 0.12889570742845538 0.71714287996292125 14.250000000000002
decision_type=2 2 2 2 2 2 2 2 2 2 2 2 2 2 2 2 2 2 2 2 2 2 2 2 2 2 2 2 2 2
left_child=1 2 4 8 12 10 24 -4 25 18 22 23 28 27 16 -16 17 -15 -10 20 -8 -13 -2 -9 -6 26 -3 -14 29 -1
right_child=5 3 7 -5 6 -7 19 11 9 -11 -12 21 13 14 15 -17 -18 -19 -20 -21 -22 -23 -24 -25 -26 -27 -28 -29 -30 -31
leaf_value=0.040574257405310239 0.026553665802351436 0.020043361709493678 -0.055907998924547758 -0.040698085387225545 -0.032654723552241492 -0.051477226963993775 -0.064836218494090533 0.031568986310345763 -0.029816277917750628 -0.053972764090849445 -0.052143362851023535 -0.052996847495110716 0.034974667271423295 0.03055580670356426 0.033203286549972705 -0.065228745276283209 0.048499757884007892 -0.059289556783970111 0.021858473777694652 0.039728122098304897 0.022350200210795434 0.012719003859235318 -0.054750854220442485 -0.058960262766825117 0.017443051007011646 0.039394908211239754 -0.06743921275001491 -0.053080769181909383 0.048406654148639837 -0.013191416708476379
leaf_weight=30.321620899252594 22.351749238179767 26.146630171599103 13.333236977312479 56.989812942701974 12.543820792954646 2812.2021896058723 4.9760070999327608 54.467434923339169 15.093729679065289 19.392776025008061 17.260481454111869 13.170642665703783 3.8463678755797472 23.889912881073545 11.805868131108584 7.2665875279344609 254.45843108440749 5.8285203808918586 62.831359015865019 557.17706265373272 23.009634034824558 12.689690577011786 4.8262750073481575 3.3704696705681263 48.10018323539407 70.099053692538291 5.1267956688679979 15.948863366356816 2248.4850111089618 12.194944457354721
leaf_count=50 658 499 2439 10111 1113 663318 326 1134 889 3387 4392 1882 22 78 24 50 297 59 1093 1019 271 737 815 442 793 503 283 413 2888 76
internal_value=-1.5348e-09 0.0402305 0.0431465 0.00194448 0.0443576 -0.0508762 0.0352375 0.00246024 0.0141755 -0.00126722 -0.0128434 0.0117584 0.0466107 0.0369346 0.0416937 -0.00429922 0.0447805 0.0129349 0.0118493 0.0381556 0.00684796 -0.02075 0.0121156 0.0262934 0.00708065 0.0290006 0.00570194 -0.0359709 0.0479751 0.0251528
internal_weight=6469.21 3612.56 3356.88 255.68 3259.85 2856.64 645.807 97.0315 198.69 97.3179 44.4385 83.6982 2614.05 323.045 303.249 19.0725 284.177 29.7184 77.9251 585.163 27.9856 25.8603 27.178 57.8379 60.644 101.372 31.2734 19.7952 2291 42.5166
internal_count=700061 30878 14113 16765 7479 669183 3522 6634 6654 5369 5865 4195 3957 943 508 74 434 137 1982 1616 597 2619 1473 1576 1906 1285 782 435 3014 126
is_linear=0
shrinkage=0.05


Tree=29
num_leaves=31
num_cat=0
split_feature=11 14 12 12 4 12 6 6 11 10 54 6 69 58 17 31 2 57 37 49 43 10 7 66 34 3 54 6 6 10
split_gain=4937.61 130.984 77.6923 58.2652 27.7452 21.6816 21.505 18.4188 17.5516 17.5252 16.104 15.9904 14.7446 13.7428 13.7301 25.3361 26.5135 12.7332 12.588 12.5851 11.689 11.6106 22.9793 11.023 21.2132 9.57757 12.3756 9.55322 12.6678 9.67049
threshold=1.980769217014313 4.5608761310577401 0.60434782505035411 0.30217391252517706 1.0000000180025095e-35 1.1715686321258547 1.0000000180025095e-35 1.0000000180025095e-35 2.2052631378173833 3.7500000000000004 1.6182299852371218 1.0000000180025095e-35 4.5839977264404306 0.29266096651554113 0.7510221302509309 1.0000000180025095e-35 1.5000000000000002 0.34842120110988622 0.80334228277206432 12.348983764648439 4.2413008213043222 7.7500000000000009 1.0000000180025095e-35 13.449999809265138 0.13382896780967715 1.5000000000000002 1.3633204698562624 1.0000000180025095e-35 1.5000000000000002 2.7500000000000004
decision_type=2 2 2 2 2 2 2 2 2 2 2 2 2 2 2 2 2 2 2 2 2 2 2 2 2 2 2 2 2 2
left_child=1 2 4 13 6 10 14 19 11 -8 27 20 18 -2 15 25 -17 -11 -12 -3 -5 22 23 24 -19 26 -1 -4 -29 -30
right_child=3 7 5 8 -6 -7 9 -9 -10 17 12 -13 -14 -15 -16 16 -18 21 -20 -21 -22 -23 -24 -25 -26 -27 -28 28 29 -31
leaf_value=0.030075963603543032 0.034692562942430283 0.011138399240903181 0.03806714837548078 0.018592635968034548 -0.01911319988818698 -0.027392129329421522 -0.056304666838682987 -0.052471783350446846 -0.05139293684820511 -0.036865860519703197 0.030467090589295018 -0.052038404269842589 0.013345985407161851 -0.059412667303105231 0.047923253738419075 -0.057740594415755658 0.02762159004178982 0.050956117606853729 -0.07152432452462848 -0.054888129285941438 -0.046118073257214516 0.041832272549433364 -0.056945918273698194 0.034753934444399184 -0.077417201178128489 0.047343135251747617 -0.068476210086591591 -0.012381160290592748 -0.055186990620703716 0.030252501471334611
leaf_weight=16.136028723325584 24.811877258893222 33.857316503213951 130.35055903811008 23.235650892747799 17.137306235119468 23.198631102452055 5.1121312246250445 33.278696708308416 2643.7686913150828 5.8202418403816401 4.2324258832959449 28.206209219686571 58.731841353641357 4.598659392722765 2189.4061110075563 13.604428420774637 27.45263899047859 6.372072999365626 10.607401961344292 9.1722355670353846 9.9741990591865015 403.15019943285733 8.0222883054520917 122.8686523383949 6.5015701815718785 151.91007711715065 3.9690147051005615 25.997854608911439 3.4389148975023991 89.634628896223148
leaf_count=53 710 1787 599 927 1514 3195 653 8186 662154 408 76 7283 1726 713 2509 185 111 10 676 1786 1266 610 128 306 119 194 86 701 531 859
internal_value=2.42188e-09 0.0402296 0.0417167 -0.0500181 0.0443233 0.0192977 0.0446906 -0.0245389 -0.0507791 0.0358467 0.0226511 -0.0243549 0.00209451 0.0199782 0.0467441 0.0346276 -0.000663521 0.036699 -0.0424356 -0.0029359 -0.000842486 0.0374819 0.0252823 0.0301419 -0.0138762 0.043051 0.0106204 0.0287147 0.0184763 0.0270957
internal_weight=6134.56 3399.96 3323.66 2734.6 2977.46 346.192 2960.33 76.3082 2705.18 557.847 322.994 61.4161 73.5717 29.4105 2402.48 213.072 41.0571 552.735 14.8398 43.0296 33.2098 546.915 143.765 135.742 12.8736 172.015 20.105 249.422 119.071 93.0735
internal_count=700061 27008 15249 673053 6886 8363 5372 11759 671630 2234 5168 9476 2478 1423 3138 629 296 1581 752 3573 2193 1173 563 435 129 333 139 2690 2091 1390
is_linear=0
shrinkage=0.05


Tree=30
num_leaves=31
num_cat=0
split_feature=11 12 54 4 14 24 11 6 32 12 11 3 6 46 10 10 7 6 3 43 10 16 17 1 1 4 36 3 57 3
split_gain=4588.87 147.098 58.2034 54.6504 35.1611 28.2744 24.1108 21.4076 17.9089 16.7747 16.3323 15.8164 15.1979 13.7303 12.4751 63.6317 19.5671 12.3941 12.0139 11.8425 11.6625 15.997 11.0743 10.9791 10.4165 9.32473 9.13228 8.96894 8.7108 10.1257
threshold=2.0172413587570195 0.64852941036224376 2.7118368148803715 1.0000000180025095e-35 3.4282240867614751 0.7947368621826173 2.2052631378173833 1.0000000180025095e-35 0.74456521868705761 1.1715686321258547 1.431677043437958 5.5000000000000009 1.0000000180025095e-35 20.050000190734867 5.7500000000000009 5.2500000000000009 1.0000000180025095e-35 3.5000000000000004 1.0000000180025095e-35 4.1510088443756112 4.7500000000000009 0.81044411659240734 0.67959931492805492 19.500000000000004 32.500000000000007 1.0000000180025095e-35 0.69261056184768688 1.5000000000000002 0.82054564356803905 1.5000000000000002
decision_type=2 2 2 2 2 2 2 2 2 2 2 2 2 2 2 2 2 2 2 2 2 2 2 2 2 2 2 2 2 2
left_child=1 3 9 4 7 13 12 14 18 20 17 -5 25 -6 15 16 -1 28 -7 -12 21 27 -22 -18 -10 -2 -16 -3 29 -9
right_child=6 2 -4 11 5 8 -8 10 24 -11 19 -13 -14 -15 26 -17 23 -19 -20 -21 22 -23 -24 -25 -26 -27 -28 -29 -30 -31
leaf_value=0.044195649913176233 0.024826406260966882 -0.059216620251498465 -0.040994761525322429 -0.047117136545464997 0.025264125944656324 -0.037110818280275154 -0.051151526138230999 -0.0077470510775539195 -0.067120852145333407 -0.025840108795061458 -0.065956675758785471 0.033101330375437242 -0.051792275148944668 -0.053159052207984198 0.039101925139575285 -0.091792836036260206 0.025104158378425185 -0.019544623564615934 0.037865935687758139 0.015268374690307783 -0.041969143979465051 -0.045717538625965663 0.029165299783446043 -0.066185606522715948 0.04814146245458524 -0.055229676541993893 0.049167186153517103 0.027370700695146973 0.041628435802422946 0.034429829893914687
leaf_weight=243.94104630290531 21.219909289808133 3.3504941095743588 56.034761930073728 21.756647848495053 8.2253780518658477 5.5934107190405475 2493.3295060372911 19.683582519064657 7.1497640398447384 21.777627011513687 5.1380419535998945 8.5631608705734816 15.36815860927163 17.362112035130849 259.28832296322798 9.3511488810763677 6.9284680583514255 9.212293678428976 119.25462075177347 35.443179324211087 5.6720721710007629 14.347881925801628 154.64509349229047 6.277771757915616 2.700509819900617 4.389847262253169 1722.0162961506285 27.849834501132136 434.86518728360534 51.364431928610429
leaf_count=387 824 337 10493 3646 199 690 663318 264 590 3052 333 68 4392 1689 459 53 50 169 1429 614 207 1503 1353 196 14 649 1827 481 616 159
internal_value=1.42212e-09 0.0390657 0.0046541 0.042326 0.0430092 0.0202331 -0.0505263 0.0443114 0.0293858 0.0158907 0.0355241 -0.0244612 -0.0124845 -0.0279491 0.0464839 0.0363274 0.0409865 0.03793 0.0345068 0.00498436 0.0203052 -0.00202171 0.0266485 -0.0182917 -0.035521 0.0111037 0.04785 0.0180724 0.0389765 0.0227449
internal_weight=5812.1 3277.79 283.678 2994.12 2963.8 160.286 2534.31 2803.51 134.698 227.643 555.707 30.3198 40.9779 25.5875 2247.8 266.498 257.147 515.125 124.848 40.5812 205.865 45.5482 160.317 13.2062 9.85027 25.6098 1981.3 31.2003 505.913 71.048
internal_count=700061 30878 17426 13452 9738 4611 669183 5127 2723 6933 2155 3714 5865 1888 2972 686 633 1208 2119 947 3881 2321 1560 246 604 1473 2286 818 1039 423
is_linear=0
shrinkage=0.05


Tree=31
num_leaves=31
num_cat=0
split_feature=11 14 12 12 10 6 6 7 11 4 24 10 65 6 17 54 46 54 29 54 57 4 57 3 56 10 57 18 10 32
split_gain=4273.37 117.419 67.1512 52.9678 37.1953 34.7076 24.5372 18.7061 16.9309 15.9158 15.5511 14.8626 26.7184 12.7946 11.8995 22.475 15.0241 11.1415 18.0581 24.4125 16.1628 11.0619 10.6975 10.6255 10.2575 10.2796 10.2006 9.39992 9.11546 9.07949
threshold=1.980769217014313 3.785109400749207 0.63818180561065685 0.50999999046325695 -1.0000000180025095e-35 1.0000000180025095e-35 1.0000000180025095e-35 1.5000000000000002 1.5080645084381106 1.0000000180025095e-35 0.7947368621826173 2.7500000000000004 10.550000190734865 3.5000000000000004 0.78869378566741954 1.0966277122497561 20.800000190734867 0.090659037232399001 1.0000000180025095e-35 0.46887058019638067 0.63169986009597789 1.0000000180025095e-35 0.34842120110988622 1.0000000180025095e-35 0.81853973865509044 7.7500000000000009 0.69749382138252269 0.4678292870521546 6.7500000000000009 0.83750000596046459
decision_type=2 2 2 2 2 2 2 2 2 2 2 2 2 2 2 2 2 2 2 2 2 2 2 2 2 2 2 2 2 2
left_child=1 2 6 4 -2 10 11 8 13 17 -3 12 -1 22 15 -13 -17 -4 19 -19 -20 -6 -8 -12 -22 -26 -18 -16 -25 -30
right_child=3 5 9 -5 21 -7 7 -9 -10 -11 23 14 -14 -15 27 16 26 18 20 -21 24 -23 -24 28 25 -27 -28 -29 29 -31
leaf_value=0.038487025364678129 -0.051594107286887819 -0.028633747436209091 0.041915685373630857 -0.050869934489931615 0.037367950413430072 -0.044121370381654125 -0.035055001292515042 -0.07808735381575127 -0.0087148788588231017 -0.027590035751307185 -0.057604417858576444 0.043543853249897957 -0.085191495289841615 -0.02033692741278037 0.047890062157001749 0.034336961756495393 -0.037220613085806833 0.026707311416903773 -0.035914000986280566 -0.058511639497563842 0.034111182887183192 -0.054826456601656463 0.038336160901088684 -0.0023358255283109928 -0.023271858036563311 0.03542402251689486 0.047497634451992073 0.014095760016206778 0.044725293748719898 -0.062298656530500374
leaf_weight=16.174933743663136 24.266829207670526 19.306026656340691 45.559906299415161 2359.9944537233605 32.931899154733401 43.203612891433295 5.0152910161705213 3.70353719992272 21.574771223284188 19.202828558016336 3.9090294642373911 173.81815901072696 5.9816668295534319 9.7127204716380202 1898.6385866972269 22.196796562406234 20.302421348722422 15.76457080763066 11.183587328385327 17.998747067234945 104.29307138400327 3.6102561606967347 496.84335414785892 18.256536503031384 17.87641521879414 12.800853257998822 4.3068754537962368 20.802219700999558 42.012766713305609 2.0798113598721093
leaf_count=70 6609 1990 326 665244 527 9440 384 144 1037 2281 592 383 107 271 2603 85 347 254 636 1143 1270 673 1104 878 855 87 9 51 503 158
internal_value=-1.63338e-09 0.0391445 0.0411888 -0.0496827 -0.00360745 -0.00759013 0.0434625 0.033895 0.0346729 0.0161072 0.0108555 0.045838 0.00509726 0.0365027 0.0462598 0.0352626 0.00450942 0.0198287 0.0142357 -0.0187217 0.0218492 0.0282594 0.0376027 0.0223617 0.0266355 0.00122046 -0.0223941 0.0475238 0.0273752 0.0396771
internal_weight=5493.32 3072.52 2943.75 2420.8 60.809 128.768 2699.07 536.85 533.146 244.68 85.5642 2162.22 22.1566 511.571 2140.07 220.624 46.8061 225.477 179.917 33.7633 146.154 36.5422 501.859 66.2581 134.97 30.6773 24.6093 1919.44 62.3491 44.0926
internal_count=700061 27008 13447 673053 7809 13561 6595 2940 2796 6852 4121 3655 177 1759 3478 824 441 4571 4245 1397 2848 1200 1488 2131 2212 942 356 2654 1539 661
is_linear=0
shrinkage=0.05


Tree=32
num_leaves=31
num_cat=0
split_feature=11 12 14 54 6 57 11 54 17 37 17 3 27 16 26 3 4 10 10 12 54 34 24 11 7 69 2 10 65 56
split_gain=3967.55 131.322 50.6854 49.0695 26.6613 22.5191 22.4843 19.0796 17.2084 16.0317 14.2905 26.44 13.5451 13.1038 13.0737 12.1815 11.5384 9.8578 9.7857 9.60812 9.49389 9.25917 9.49686 9.31941 9.0216 13.4855 8.49214 9.21091 13.8367 9.86642
threshold=2.0172413587570195 0.64852941036224376 3.785109400749207 1.9606531262397768 1.0000000180025095e-35 0.83079293370246898 2.2052631378173833 2.3453881740570073 0.88900581002235424 0.98686182498931896 0.78869378566741954 1.5000000000000002 32.629999160766609 0.96298694610595714 11.518333435058596 1.5000000000000002 1.0000000180025095e-35 7.7500000000000009 12.250000000000002 0.75499999523162853 1.4580843448638918 4.5945892333984384 0.99038460850715648 1.3416666984558108 1.0000000180025095e-35 14.050042629241945 7.5000000000000009 4.7500000000000009 8.2500000000000018 0.3080128282308579
decision_type=2 2 2 2 2 2 2 2 2 2 2 2 2 2 2 2 2 2 2 2 2 2 2 2 2 2 2 2 2 2
left_child=1 2 4 16 10 7 12 -4 15 -7 11 14 19 17 -1 -6 26 24 -17 -2 -13 22 -5 -24 -10 -26 27 28 -3 -30
right_child=6 3 5 21 8 9 -8 -9 13 -11 -12 20 -14 -15 -16 18 -18 -19 -20 -21 -22 -23 23 -25 25 -27 -28 -29 29 -31
leaf_value=0.027742970393483102 0.026363694768816948 0.029891296171738153 0.035941891727262844 -0.055309426830394776 -0.025796529933701202 0.040946090585234123 -0.050886780093569464 -0.043316634569768003 0.030475954256580617 -0.026891646795228149 0.046667654072297976 0.045635738541912767 -0.051852142647793177 0.0092536039741184864 -0.031082937414070963 0.031976096659311858 -0.022528939718894012 0.043236620538243384 -0.071871463092808965 -0.052762006950426571 0.012593372826589726 -0.051551578143208245 0.023746617136838833 -0.035840427467249802 -0.075670395283181979 0.045542507717755087 -0.023379277499924016 0.030632147027953523 0.02448196871680855 -0.051235215792722694
leaf_weight=17.162050793122035 19.275072244636252 23.322661472673644 10.173033577331806 10.548542303964494 19.574647553352406 41.1781219974946 2199.0159777199224 29.940267313693766 124.84849417619989 11.045253893185871 1843.1456313494127 158.49788586073555 13.572754984859783 42.871322819773923 21.004881906992523 30.038931536750169 16.609567164065083 301.77765961020486 2.453810636419802 4.7899820485617957 25.194750034250319 31.64535141325905 16.801934568196888 10.766630028418147 5.0578205490164674 4.2000807262957096 10.142113840658565 124.51299079031742 6.3307530004531172 13.428318681806557
leaf_count=105 677 466 72 1662 1117 801 663318 4643 651 905 2848 279 4031 327 416 338 1908 471 49 1157 167 8246 447 1533 238 25 794 804 189 1377
internal_value=-1.4149e-10 0.0380551 0.0413605 0.00441192 0.0426554 0.00495778 -0.0502309 -0.0232161 0.032661 0.0265984 0.0452246 0.0332358 -0.011912 0.0356299 -0.00463142 0.00536249 0.0173243 0.0382241 0.0241337 0.0106143 0.0411037 -0.0315599 -0.0149625 0.000475487 0.0269445 -0.0206791 0.0210486 0.0237372 0.00380976 -0.0269756
internal_weight=5188.93 2952.27 2688.16 264.109 2595.83 92.3367 2236.65 40.1133 530.823 52.2234 2065.01 221.86 37.6378 478.755 38.1669 52.0674 194.346 435.884 32.4927 24.0651 183.693 69.7625 38.1171 27.5686 134.106 9.2579 177.737 167.595 43.0817 19.7591
internal_count=700061 30878 13452 17426 7031 6421 669183 4715 3216 1706 3815 967 5865 1712 521 1504 5538 1385 387 1834 446 11888 3642 1980 914 263 3630 2836 2032 1566
is_linear=0
shrinkage=0.05


Tree=33
num_leaves=31
num_cat=0
split_feature=11 12 14 11 54 6 66 57 17 37 17 3 54 2 6 11 5 11 18 26 7 11 13 17 54 24 23 6 10 3
split_gain=3674.11 102.847 48.2143 46.9404 30.4223 25.5212 24.7636 22.3271 15.6966 14.7739 13.8033 24.6876 13.3372 13.1994 13.1653 18.4834 12.4159 12.0557 14.6408 11.6176 9.39492 28.2878 9.65452 9.15346 8.60971 9.54594 8.57475 8.5697 8.11434 8.08565
threshold=1.980769217014313 0.67543861269950878 3.785109400749207 2.2052631378173833 2.7118368148803715 1.0000000180025095e-35 6.8500001430511483 0.83079293370246898 0.84206581115722667 0.98686182498931896 0.78869378566741954 1.5000000000000002 2.3453881740570073 1.5000000000000002 1.0000000180025095e-35 1.3416666984558108 1.0000000180025095e-35 1.2649122476577761 0.19310176372528079 11.518333435058596 1.0000000180025095e-35 1.431677043437958 429.05912780761724 0.99061235785484325 0.95803049206733715 0.85164836049079906 3.2840046882629399 1.0000000180025095e-35 4.7500000000000009 1.0000000180025095e-35
decision_type=2 2 2 2 2 2 2 2 2 2 2 2 2 2 2 2 2 2 2 2 2 2 2 2 2 2 2 2 2 2
left_child=1 2 5 6 14 10 16 12 13 28 11 19 -4 -7 -3 26 27 -10 23 -1 -12 22 -22 -19 -13 -26 -16 -2 -9 -15
right_child=3 4 7 -5 -6 8 -8 9 17 -11 20 24 -14 29 15 -17 -18 18 -20 -21 21 -23 -24 -25 25 -27 -28 -29 -30 -31
leaf_value=0.026880941240943743 0.039796139408384452 0.027466916838579387 0.032037666651217003 -0.050761969019457412 -0.035468110817689698 -0.059445819624863387 -0.039298742965820088 -0.056903892719591821 0.038810480037276093 -0.026131942708889029 0.047497459738323894 0.046165094415496384 -0.042436755405764512 -0.061191413191229428 -0.022834934414512082 -0.035816506043781178 -0.057184787706080056 0.0044545085434909868 0.027603289230000147 -0.029924964988552696 0.045067882619426985 -0.018150708298180405 0.0029275177675908669 -0.072898496389032397 -0.043570268383742936 0.029278024138830849 0.025095619099417571 -0.051978718268609551 0.045139367836905808 0.02864777339816231
leaf_weight=16.089128033083398 28.167041369757502 82.26375439306139 7.6557551696314468 2058.7637139669096 39.659359650409897 7.7247976059443344 34.468046896217857 2.0566654040594576 370.15175657381769 10.88325801801693 1508.3305072789663 135.91850949102081 27.992512397875544 2.8897152722929631 11.768972848687552 25.871563320542919 4.5221192083045016 10.971130493198872 108.24489842819457 20.428714734181995 201.12275056703947 21.321838087606011 14.576799915172158 5.8710962789482428 5.2407828848808995 31.684870011406019 45.04836359701585 2.7961656268817014 36.925917053245939 18.788425571401604
leaf_count=103 309 1056 67 663318 8299 888 7918 325 739 930 2212 227 4491 247 632 3062 712 170 853 404 301 270 36 191 89 116 692 796 453 155
internal_value=-1.84756e-09 0.0379654 0.0406868 -0.0493933 0.00385135 0.04196 -0.00911391 0.00377412 0.0321682 0.0253757 0.0445881 0.0324566 -0.0264428 -0.00332573 0.0133049 -0.000784339 0.0202056 0.0342755 0.0208558 -0.00489727 0.0460433 0.0367893 0.0422201 -0.0225103 0.0403486 0.0189388 0.0151674 0.0315083 0.0397557 0.0166721
internal_weight=4898.2 2769.48 2564.87 2128.72 204.612 2479.36 69.9534 85.5141 524.642 49.8658 1954.71 209.362 35.6483 29.4029 164.953 82.6889 35.4853 495.239 125.087 36.5178 1745.35 237.021 215.7 16.8422 172.844 36.9257 56.8173 30.9632 38.9826 21.6781
internal_count=700061 27008 13267 673053 13741 7001 9735 6266 3243 1708 3758 939 4558 1290 5442 4386 1817 1953 1214 507 2819 607 337 361 432 205 1324 1105 778 402
is_linear=0
shrinkage=0.05


Tree=34
num_leaves=31
num_cat=0
split_feature=11 12 4 54 10 7 10 6 34 36 8 5 3 10 4 2 26 14 10 69 13 57 36 10 34 57 6 14 11 5
split_gain=3399.94 129.827 55.7845 35.5793 33.6569 38.9358 27.6731 24.4268 18.0931 15.7532 14.7845 15.4765 14.565 13.3613 12.9559 10.8371 12.7242 10.7747 15.2048 11.2122 15.6028 11.2416 10.4262 10.5272 10.1728 11.2859 9.98175 9.83426 9.72479 8.97386
threshold=2.1464285850524907 0.67543861269950878 1.0000000180025095e-35 2.1715321540832524 4.7500000000000009 1.0000000180025095e-35 4.2500000000000009 1.0000000180025095e-35 4.14306664466858 0.69261056184768688 1.0000000180025095e-35 1.5000000000000002 5.5000000000000009 14.250000000000002 1.0000000180025095e-35 6.5000000000000009 25.095798492431644 0.16108147054910663 4.7500000000000009 4.5839977264404306 268.18864440917974 0.68057316541671764 0.66536459326744091 10.250000000000002 1.8350180983543398 0.37037247419357305 1.0000000180025095e-35 0.076194975525140776 1.1695402264595034 1.5000000000000002
decision_type=2 2 2 2 2 2 2 2 2 2 2 2 2 2 2 2 2 2 2 2 2 2 2 2 2 2 2 2 2 2
left_child=1 2 4 14 5 6 10 9 22 13 11 26 -4 24 17 -11 -17 -3 -19 20 -20 -21 23 -9 -6 28 -1 -15 -26 -24
right_child=-2 3 12 -5 7 -7 -8 8 -10 15 -12 -13 -14 27 -16 16 -18 18 19 21 -22 -23 29 -25 25 -27 -28 -29 -30 -31
leaf_value=0.044943986561952642 -0.050516339344271945 0.041702153061584736 -0.047794745245737152 -0.033350872950413987 0.043501362374577413 -0.053206787384798948 -0.07616275406087164 0.018777983520784382 -0.033887345511056398 0.047506699240818982 -0.055839740815916097 -0.020552789739542218 0.027726039387034041 0.066262832189621187 -0.030676807461256408 -0.029740808136666248 0.039031152767328277 -0.025494257042905734 0.038168390656415543 -0.040317888202362845 -0.066512997043518332 0.032483032618158457 0.036039845126089362 -0.074007395133488724 -0.071642192988953884 0.029876367270339113 0.0060064493351475968 -0.059994651272213755 0.013701302686073939 -0.015319758361395531
leaf_weight=112.12156346152187 1934.4660144040026 33.076758805444115 22.538046748071796 59.279246376405354 150.47891875053756 16.734979783926974 6.2267513153783502 11.034591285861095 10.102238672392557 1486.8984469532734 4.6978911804617374 11.798578004643785 8.907621775637379 2.0451518297195417 16.085380432989041 9.7039486593566853 21.916123512666672 24.620042970178474 6.2701478344388297 5.7499164797191034 8.234370631456839 68.170635490241693 453.0468051728094 4.2283932637656099 5.3733284856425589 77.620718555001076 19.291150343138725 6.2726096097612754 8.8120512471068633 8.6677501278463733
leaf_count=337 665555 360 4322 12655 255 1758 251 200 1381 2519 212 457 83 2 2339 40 80 2570 44 324 390 629 1023 132 196 320 1236 158 161 72
internal_value=2.22856e-09 0.0364634 0.0397665 -0.000201218 0.0406238 0.0192284 0.0270929 0.0422442 0.0323292 0.044974 0.0314398 0.0343029 -0.026402 0.0333597 0.0119134 0.0468907 0.0179256 0.0166019 0.00925757 0.0189335 -0.0212604 0.0268202 0.0337316 -0.00692689 0.0354989 0.022382 0.039228 -0.0289508 -0.0186263 0.0350757
internal_weight=4614.47 2680 2458.52 221.486 2427.07 170.871 154.136 2256.2 487.08 1769.12 147.909 143.211 31.4457 250.603 162.207 1518.52 31.6201 146.122 113.045 88.4251 14.5045 73.9206 476.978 15.263 242.285 91.8061 131.413 8.31776 14.1854 461.715
internal_count=700061 34506 15195 19311 10790 4251 2493 6539 2808 3731 2242 2030 4405 1092 6656 2639 120 4317 3957 1387 434 953 1427 332 932 677 1573 160 357 1095
is_linear=0
shrinkage=0.05


Tree=35
num_leaves=31
num_cat=0
split_feature=11 12 4 54 34 6 12 10 7 11 18 3 27 17 5 57 2 54 38 12 63 13 12 17 38 14 11 3 1 6
split_gain=3146.59 122.499 57.4994 37.6265 35.0639 27.7775 24.0156 17.4531 15.9982 36.3915 22.9338 13.2715 11.0816 10.818 14.2567 13.6584 10.647 10.6413 17.2275 12.2566 11.6616 10.3071 9.63993 9.50072 9.40149 8.36231 8.16317 19.8174 8.10066 10.2895
threshold=2.1464285850524907 0.73030304908752453 1.0000000180025095e-35 1.9606531262397768 4.5548241138458261 1.0000000180025095e-35 0.40370370447635656 5.7500000000000009 1.0000000180025095e-35 1.5080645084381106 0.38405418395996099 5.5000000000000009 39.84611892700196 0.90777143836021434 1.0000000180025095e-35 0.26154541969299322 6.5000000000000009 1.068251967430115 0.4765963107347489 0.18350168317556384 3.113268375396729 432.21638488769537 1.1715686321258547 0.91875183582305919 0.4765963107347489 0.20791525393724444 1.2649122476577761 1.5000000000000002 16.500000000000004 1.0000000180025095e-35
decision_type=2 2 2 2 2 2 2 2 2 2 2 2 2 2 2 2 2 2 2 2 2 2 2 2 2 2 2 2 2 2
left_child=1 2 4 22 5 8 12 -7 13 10 21 -4 -6 14 17 25 23 -1 19 -19 -20 26 28 24 -9 -16 -10 -28 -3 -30
right_child=-2 3 11 -5 6 7 -8 16 9 -11 -12 -13 -14 -15 15 -17 -18 18 20 -21 -22 -23 -24 -25 -26 -27 27 -29 29 -31
leaf_value=0.049337059583425262 -0.050394493061451752 0.025649386175441193 -0.047683371982600378 -0.041988877258237536 0.034721948160989745 0.0032489964438769934 -0.040270930136327654 0.023327313479129159 0.047925437995163661 -0.054164487143990317 -0.031291954006640824 0.024028827170592414 -0.030884651538196431 0.04855469576906514 0.060563904966983453 0.025212064426669307 -0.028144399342658662 -0.011009604572766018 -0.037393284368285214 0.043614902494710013 0.034994226433523443 -0.0015651734084764228 -0.024048437128640868 0.038005115910730407 -0.046175267836897058 -0.079935644036896958 -0.044218870055178078 0.041112966443831854 0.018957526556650249 -0.038204145030461288
leaf_weight=251.53419640986249 1807.4685835077689 68.716571646291413 23.075933188651106 49.293780972155218 39.888002773252083 52.740857558994321 20.804418739266112 70.483736734255217 160.00268563861027 11.716284069945685 11.9200233053416 8.95556521770777 7.6748844131216165 1045.8667875528336 1.3307288289070118 56.153202460875036 6.8587245556991538 11.118954500183461 13.350097327725964 134.36548860132461 9.5395288374274951 13.966047766618429 17.724855987515184 362.17550138849765 5.2263677866430944 5.1874143615132198 8.6709553096443397 31.600801602005959 19.058131598751061 13.413831123587441
leaf_count=395 665555 976 4790 12175 797 1856 2975 356 243 430 89 105 1216 1598 2 158 60 39 61 229 34 33 2841 738 226 96 51 61 324 1552
internal_value=-2.1415e-10 0.0359682 0.0389015 -0.00525945 0.0398153 0.0408807 0.00453638 0.0304445 0.0438201 0.0317581 0.0362093 -0.0276336 0.0241355 0.0456973 0.0395047 0.0172595 0.0336696 0.0428248 0.0330962 0.0394401 -0.00722491 0.039965 0.00996619 0.0346378 0.0185295 -0.0512516 0.0428611 0.0227401 0.0159244 -0.00465537
internal_weight=4339.88 2532.41 2364.21 168.207 2332.18 2263.81 68.3673 497.485 1766.32 237.877 226.161 32.0315 47.5629 1528.45 482.58 62.6713 444.744 419.908 168.374 145.484 22.8896 214.24 118.913 437.886 75.7101 6.51814 200.274 40.2718 101.189 32.472
internal_count=700061 34506 16638 17868 11743 6755 4988 3236 3519 907 477 4895 2013 2612 1014 256 1380 758 363 268 95 388 5693 1320 582 98 355 112 2852 1876
is_linear=0
shrinkage=0.05


Tree=36
num_leaves=31
num_cat=0
split_feature=11 12 14 12 17 54 10 10 10 54 6 2 17 3 7 66 65 34 32 29 14 24 54 69 69 2 16 16 6 6
split_gain=2909.51 90.6342 44.9741 41.2841 34.578 39.6915 33.6095 19.5334 20.2927 16.4389 15.7733 14.8347 16.3323 13.5643 12.6639 11.6636 10.0165 9.58986 8.40884 8.25735 8.24946 27.0871 13.885 8.1528 7.90131 15.3575 7.85852 7.34728 7.22196 18.7987
threshold=1.980769217014313 0.54006412625312816 3.0468680858612065 0.60434782505035411 0.78869378566741954 1.0966277122497561 -1.0000000180025095e-35 14.250000000000002 4.7500000000000009 0.72677716612815868 1.0000000180025095e-35 5.5000000000000009 0.91603830456733715 1.5000000000000002 1.0000000180025095e-35 6.8500001430511483 6.0499999523162851 3.7124922275543217 0.51923078298568737 12.949902534484865 2.5630142688751225 0.7947368621826173 1.8906534314155581 12.610035896301271 4.6732244491577157 2.5000000000000004 0.96298694610595714 0.83072644472122203 1.0000000180025095e-35 2.5000000000000004
decision_type=2 2 2 2 2 2 2 2 2 2 2 2 2 2 2 2 2 2 2 2 2 2 2 2 2 2 2 2 2 2
left_child=1 4 7 6 5 14 -2 8 9 -3 20 28 -13 -7 -1 -8 -4 26 19 -15 -6 22 -22 -18 25 -23 -12 -19 -10 -30
right_child=3 2 16 -5 10 13 15 -9 11 -11 17 12 -14 18 -16 -17 23 27 -20 -21 21 24 -24 -25 -26 -27 -28 -29 29 -31
leaf_value=0.039813198641792752 -0.051033615609709586 0.017833881509538279 0.0046911970595355963 -0.050488470404822086 0.047593972086490001 -0.041926335096764897 0.040171829465283873 -0.081802864857107721 0.041381868259374399 -0.037167256072691883 0.037539399974032807 -0.055868390505853231 0.017048268273821322 0.023524848207602343 -0.023278852210014668 -0.024911094935233802 -0.051743130835268707 -0.061881815591942571 -0.069438136100987771 -0.065964649619205395 0.029572426158792509 0.040270632470799365 -0.03786291252732174 0.0025579693575135658 0.046198380967888711 -0.085027356467938936 0.007892161546821477 0.019791428035269659 0.0032368157642513524 0.041474324703625984
leaf_weight=127.92805037657672 27.07064852440817 33.988118776222109 19.17220380029903 1675.4360277757805 1126.8651261005871 24.326192340769921 26.050002940151899 4.4635160943726069 133.10647214664641 22.631156228329928 304.9092860785895 9.3377842132758797 43.243477978096053 27.67098020028789 8.4807301157852617 9.3565341346329642 30.377451648862916 4.3778816247067862 3.2478135135024777 2.8425238913332569 14.274525046348574 8.528812349541111 16.406806608953048 8.9486978189088386 197.72013688320294 3.4286466162884599 24.119916658906732 7.4219747138122329 56.898579976288602 73.878762968786759
leaf_count=560 10343 1337 1755 660831 2018 3059 431 108 448 2162 978 705 932 541 197 1448 7117 654 229 226 29 101 317 1217 650 76 173 307 715 397
internal_value=1.64633e-10 0.0364143 0.0158535 -0.0490003 0.0411266 0.0211512 -0.00909321 0.0221743 0.0234182 -0.00415049 0.0434013 0.0283506 0.00409917 -0.0134621 0.0358907 0.022973 -0.0249408 0.0337778 0.00704734 0.0151883 0.0458002 0.0373908 -0.00648854 -0.0393869 0.0438115 0.00434306 0.0353661 -0.0105103 0.0331829 0.024838
internal_weight=4076.51 2338.6 436.046 1737.91 1902.55 194.496 62.4772 377.548 373.084 56.6193 1708.05 316.465 52.5813 58.0875 136.409 35.4065 58.4984 340.829 33.7613 30.5135 1367.22 240.359 30.6813 39.3261 209.678 11.9575 329.029 11.7999 263.884 130.777
internal_count=700061 27008 16893 673053 10115 4812 12222 6804 6696 3499 5303 3197 1637 4055 757 1879 10089 2112 996 767 3191 1173 346 8334 827 177 1151 961 1560 1112
is_linear=0
shrinkage=0.05


Tree=37
num_leaves=31
num_cat=0
split_feature=11 12 4 54 10 10 7 5 11 16 10 10 56 6 6 12 37 3 38 12 27 34 34 38 43 4 24 11 34 5
split_gain=2685.04 110.474 45.5854 35.9287 31.0858 69.1251 30.1419 20.395 20.3744 19.5408 18.1954 18.0189 12.3159 11.8459 11.236 10.4692 10.1575 9.67447 8.8609 8.3101 10.8696 11.6343 8.26292 8.19882 8.71638 8.04286 7.83277 7.60255 7.23704 7.51823
threshold=2.1464285850524907 0.64852941036224376 1.0000000180025095e-35 1.9606531262397768 6.7500000000000009 6.2500000000000009 1.0000000180025095e-35 1.5000000000000002 0.71714287996292125 0.7001820206642152 11.250000000000002 5.7500000000000009 0.55600360035896312 1.0000000180025095e-35 1.0000000180025095e-35 1.1715686321258547 0.87598276138305675 5.5000000000000009 0.31555351614952093 0.18350168317556384 44.937500000000007 2.1838011741638188 4.5945892333984384 0.24273606389760974 2.6020033359527592 1.0000000180025095e-35 0.99038460850715648 1.3416666984558108 3.9071062803268437 1.0000000180025095e-35
decision_type=2 2 2 2 2 2 2 2 2 2 2 2 2 2 2 2 2 2 2 2 2 2 2 2 2 2 2 2 2 2
left_child=1 2 4 15 5 6 7 14 9 10 -6 -8 -9 19 28 25 -16 -4 -14 20 -10 -22 26 -12 -25 -3 -5 -28 -1 -30
right_child=-2 3 17 22 8 -7 11 12 13 -11 23 -13 18 -15 16 -17 -18 -19 -20 -21 21 -23 -24 24 -26 -27 27 -29 29 -31
leaf_value=0.045190030608694531 -0.050191239341651012 0.021145570798880731 -0.046540943485713034 -0.054067570291959459 0.037369647351624062 -0.082474454059592084 -0.035759135557949323 -0.072603431888087142 0.040723407012231011 0.038856962170040893 0.039275286441320223 0.037196995790269839 -0.080016644426943909 0.035388330971093125 -0.062027314147415885 -0.02357877798292685 0.025565490109630801 0.022984747405281655 0.031812774142726569 0.047290706960910506 -0.052400607966207657 0.032918374338475213 -0.051033713131118721 0.039785678151750055 -0.076146114059301939 -0.025051446934445949 0.023248371442213492 -0.033590326321696201 0.027928568514811472 -0.052783577965588913
leaf_weight=260.65561479469761 1570.678955319232 143.15803442038305 18.585804682799793 8.9567494329967285 9.7547278526180907 13.782840873493113 25.151882826139627 6.2320260160922798 47.550831335945986 36.743364415830001 2.3223671424202648 12.755519250873474 2.1258843890391281 315.22618835730827 3.455379715684102 16.70510480091616 78.508565437805373 6.8467646299395701 10.621670419495784 1121.7917648707225 7.4853219911456135 8.570726484875193 27.504313721889048 1.8515433927532274 13.039788843743734 10.085286238456318 14.740500419604361 9.7908545697791833 17.746089272899557 3.445370367349823
leaf_count=535 665555 2280 4072 1858 105 300 1884 374 150 112 13 83 75 1468 670 2841 1169 77 123 2343 38 96 9434 16 360 1305 447 1890 245 143
internal_value=8.13029e-10 0.0349568 0.0386947 0.00219328 0.0395411 0.0277095 0.0313193 0.0355309 0.0428272 0.015134 -0.0171876 -0.01121 -0.0149986 0.044003 0.038167 0.0140079 0.0218728 -0.0278238 0.0131632 0.0462938 0.0287128 -0.00685729 -0.0307268 -0.0481043 -0.0617315 0.0181052 -0.0140484 0.000563142 0.0429055 0.0148061
internal_weight=3825.87 2255.19 2024.25 230.941 1998.82 434.481 420.698 382.791 1564.34 63.7118 26.9684 37.9074 18.9796 1500.62 363.811 169.948 81.9639 25.4326 12.7476 1185.4 63.6069 16.056 60.9924 17.2137 14.8913 153.243 33.4881 24.5314 281.847 21.1915
internal_count=700061 34506 14451 20055 10302 5601 5301 3334 4701 606 494 1967 572 4095 2762 6426 1839 4149 198 2627 284 134 13629 389 376 3585 4195 2337 923 388
is_linear=0
shrinkage=0.05


Tree=38
num_leaves=31
num_cat=0
split_feature=11 12 3 10 57 54 7 6 10 8 34 10 6 11 3 5 17 36 34 57 11 58 13 4 29 34 13 13 11 63
split_gain=2475.9 107.732 44.0851 30.0754 27.6333 24.8071 23.5606 21.3953 18.1264 13.7136 12.0478 11.6412 11.5289 18.1758 10.8125 10.6525 8.74643 8.72825 9.72414 10.4987 11.2361 8.59217 8.56067 8.32545 8.24601 7.75014 7.46052 7.37679 34.1612 7.26762
threshold=2.1464285850524907 0.67543861269950878 1.0000000180025095e-35 4.7500000000000009 0.85703989863395702 2.7118368148803715 1.0000000180025095e-35 1.0000000180025095e-35 4.2500000000000009 1.0000000180025095e-35 3.6315070390701298 7.7500000000000009 1.0000000180025095e-35 1.3416666984558108 3.5000000000000004 1.0000000180025095e-35 0.98976069688797008 0.6801639497280122 1.4285653829574587 0.51018068194389354 1.1695402264595034 0.099723659455776228 268.18864440917974 1.0000000180025095e-35 14.585350036621096 3.7504276037216191 179.16896057128909 194.09574890136722 3.1143791675567631 3.9415346384048466
decision_type=2 2 2 2 2 2 2 2 2 2 2 2 2 2 2 2 2 2 2 2 2 2 2 2 2 2 2 2 2 2
left_child=1 2 4 6 21 12 8 17 9 15 -9 -6 14 -14 22 23 25 18 -5 20 -20 -1 -3 -4 -12 -17 -7 28 -2 -23
right_child=27 5 3 7 11 26 -8 10 -10 -11 24 -13 13 -15 -16 16 -18 -19 19 -21 -22 29 -24 -25 -26 -27 -28 -29 -30 -31
leaf_value=0.020447127491669884 0.060865723087612816 0.026301563207734004 0.043537538077788464 0.045317861441063145 -0.032419349767372152 0.03447553269433698 -0.050104817462318686 0.033134674689563083 -0.069512397298646195 -0.05946755076820931 -0.029981217802661456 0.038997147649910753 0.012306507833601188 -0.038330284414496117 0.03504320574654099 0.02325805604310429 -0.077818098407250069 0.046130260970958153 -0.058602836643333871 0.03115007338009515 0.021193924846676954 -0.05501666675751115 -0.033136542726376429 -0.052865465117707122 0.044453741993129139 -0.060254409579074714 -0.042667319921674905 -0.05058136704847857 -0.060276502508715961 -0.0061721013112616451
leaf_weight=7.9051517942280034 8.2399215805780859 11.343191884960108 77.297828115464654 92.394178864866262 6.6022022368197204 3.4265159466885953 11.946403814705262 370.53927559663134 5.0268762369523747 4.3693754720152347 12.938377230297194 42.041970075893914 50.56932110474736 27.282299456455803 51.133778930583503 27.436136858450485 2.7811748207896008 1142.1841711775633 7.5263750981539514 64.950253972609062 10.659358300385064 21.310729390854249 13.001087377982911 2.3064031395915654 5.2226419069193062 3.0910854927933533 36.730084748640365 1433.5969822401348 19.810863553488161 11.850300596357554
leaf_count=346 471 180 761 199 425 141 1535 1285 301 169 1116 185 1324 4914 582 380 140 2885 253 282 194 2675 722 569 146 609 11448 660743 4341 740
internal_value=-2.87124e-10 0.0344682 0.0380334 0.0397015 0.00380702 -0.00110099 0.0169157 0.0414942 0.0234619 0.0274469 0.0311859 0.0293042 0.00806118 -0.00543864 0.0219855 0.0308102 0.00706831 0.044535 0.0341546 0.0217481 -0.0118309 -0.0263952 -0.00544142 0.0407444 -0.00857564 0.0148019 -0.0360848 -0.0500845 -0.024691 -0.0375618
internal_weight=3585.51 2123.87 1930.38 1840.67 89.7104 193.486 134.255 1706.41 122.309 117.282 388.7 48.6442 153.33 77.8516 75.4781 112.913 33.3084 1317.71 175.53 83.136 18.1857 41.0662 24.3443 79.6042 18.161 30.5272 40.1566 1461.65 28.0508 33.161
internal_count=700061 34506 15195 10824 4371 19311 4464 6360 2929 2628 2547 610 7722 6238 1484 2459 1129 3813 928 729 447 3761 902 1330 1262 989 11589 665555 4812 3415
is_linear=0
shrinkage=0.05


Tree=39
num_leaves=31
num_cat=0
split_feature=11 12 14 4 3 57 6 12 10 10 18 63 17 54 65 17 54 29 66 13 11 10 10 14 10 46 10 10 7 11
split_gain=2273.24 102.261 39.638 39.2215 28.673 24.1786 19.8451 14.7812 13.28 11.6907 10.3555 12.0759 9.98965 14.2647 9.401 8.79134 9.33308 12.1159 12.4099 8.37437 35.3732 8.2787 14.3922 8.23753 7.87095 7.66024 7.46908 38.9517 10.6877 11.9561
threshold=2.1464285850524907 0.60434782505035411 3.0058261156082158 1.0000000180025095e-35 1.0000000180025095e-35 0.78720742464065563 1.0000000180025095e-35 0.91287881135940563 3.7500000000000004 7.7500000000000009 0.33564202487468725 4.0859410762786874 0.78869378566741954 1.0966277122497561 6.8500001430511483 0.99453777074813854 0.090659037232399001 1.0000000180025095e-35 12.150000095367433 194.09574890136722 3.1143791675567631 7.7500000000000009 7.2500000000000009 2.8206955194473271 4.7500000000000009 20.800000190734867 7.7500000000000009 7.2500000000000009 1.0000000180025095e-35 1.5080645084381106
decision_type=2 2 2 2 2 2 2 2 2 2 2 2 2 2 2 2 2 2 2 2 2 2 2 2 2 2 2 2 2 2
left_child=1 3 7 4 5 -1 12 15 -8 -7 21 23 13 -6 -9 16 -3 18 -18 20 -2 22 -10 -12 -19 -15 27 28 -14 -30
right_child=19 2 -4 -5 6 9 8 14 10 -11 11 -13 26 25 -16 -17 17 24 -20 -21 -22 -23 -24 -25 -26 -27 -28 -29 29 -31
leaf_value=-0.033062575401726225 0.061888800251684299 0.045894320077818435 -0.035184397931064343 -0.031949260570466133 0.040686995757180988 -0.033490073783942163 -0.05368655632810633 0.013570916037162959 0.02497266594055212 0.037798707807507992 0.029112460977396299 -0.068027045214551496 0.044294663402213469 0.027035303748040737 -0.030829043150346392 -0.014951211626602515 0.0076799817321732333 -0.005960229637672166 -0.075385751566538595 -0.050512546441082377 -0.060583720927900035 0.039251647655657654 -0.081983773837426041 -0.038723712129943189 0.030236332716654254 -0.016888387743170693 0.047744932131481427 -0.092035316598706077 0.028579641003474016 -0.047224373407827647
leaf_weight=23.522086979195592 8.5380974779254775 38.214096229261486 48.234890845287737 19.553825215924007 109.01101599086542 6.6264815938920938 4.6763897732816977 22.216902628530079 81.072631036862731 43.523865142837167 25.374300155323002 4.8111875234753816 290.3269481046882 20.428600321887643 25.728252347194939 15.738511256262425 15.792058183113115 17.832351245073369 6.2862470056279554 1330.1431704798051 19.050358709326247 219.65698256751057 3.2721807754132888 5.4335185929376157 95.18568990402855 19.30796382119297 798.49179502972402 5.5905855097807935 30.83968575426843 6.2570496434491352
leaf_count=1937 471 220 12878 3718 271 322 1075 1119 585 153 132 98 835 169 4103 568 414 1165 271 660743 4341 634 57 414 655 610 1600 50 114 339
internal_value=-8.15985e-10 0.0338564 0.0061315 0.03846 0.0392707 0.00876208 0.0406543 0.0145404 0.0299979 0.0283792 0.0311502 0.00564338 0.0435201 0.0313386 -0.0102549 0.0208288 0.0240781 0.017907 -0.0159709 -0.049947 -0.0226808 0.0341387 0.0208233 0.0171483 0.0245251 0.00569282 0.0451215 0.0388311 0.0410656 0.0157939
internal_weight=3360.74 2003.01 285.229 1717.78 1698.22 73.6724 1624.55 236.994 344.297 50.1503 339.621 35.619 1280.25 148.748 47.9452 189.049 173.31 135.096 22.0783 1357.73 27.5885 304.002 84.3448 30.8078 113.018 39.7366 1131.51 333.014 327.424 37.0967
internal_count=700061 34506 21393 13113 9395 2412 6983 8515 2995 475 1920 644 3988 1050 5222 3293 2725 2505 685 665555 4812 1276 642 546 1820 779 2938 1338 1288 453
is_linear=0
shrinkage=0.05


Tree=40
num_leaves=31
num_cat=0
split_feature=11 12 11 14 17 3 6 6 14 29 54 10 66 29 43 36 6 6 57 18 3 69 54 5 65 36 34 7 10 13
split_gain=2088.44 76.9203 32.4107 30.3088 28.4056 27.7805 21.5012 17.5572 17.1905 27.8224 17.7094 15.536 11.4804 11.4328 11.3369 10.4645 10.3446 9.95462 9.65297 9.32633 9.23947 9.00899 8.73249 8.68914 8.64287 8.32452 7.94102 7.34495 17.6768 12.6099
threshold=1.980769217014313 0.54006412625312816 2.3603895902633671 3.3531857728958134 0.7510221302509309 1.5000000000000002 1.0000000180025095e-35 1.0000000180025095e-35 0.16108147054910663 1.0000000180025095e-35 0.31153599917888647 4.7500000000000009 7.5000000000000009 10.645816802978517 2.6735538244247441 0.71940523386001598 1.0000000180025095e-35 1.0000000180025095e-35 0.33760219812393194 0.47912268340587622 1.5000000000000002 4.6732244491577157 0.31153599917888647 1.0000000180025095e-35 6.0499999523162851 0.89494904875755321 3.7124922275543217 1.0000000180025095e-35 5.7500000000000009 432.21638488769537
decision_type=2 2 2 2 2 2 2 2 2 2 2 2 2 2 2 2 2 2 2 2 2 2 2 2 2 2 2 2 2 2
left_child=1 4 6 8 5 22 12 19 21 10 16 -11 23 -7 -9 -12 -10 24 -13 27 -21 -3 -1 -2 -5 -15 -16 -6 -29 -30
right_child=2 3 -4 17 7 13 -8 14 9 11 15 18 -14 25 26 -17 -18 -19 -20 20 -22 -23 -24 -25 -26 -27 -28 28 29 -31
leaf_value=0.021999102343751686 0.040272710106025504 0.045385164747701351 -0.050325856827028392 0.029021203012482996 0.046656988891911173 0.039241614853147373 -0.050866060881032599 -0.041208476977687959 0.046009040998356301 -0.01510775203004381 -0.0023857800195794567 -0.048222595866154926 -0.027026214313893959 -0.024518991192838541 0.033518302287686576 -0.062434085347770965 -0.063004303789250274 -0.050036208684468945 0.027542575503972835 -0.092312919731825857 0.021401987207861732 -0.025053106896839858 -0.035572404215633346 -0.057685105151004751 -0.037786255597864055 0.049479958318463378 -0.011303104016019538 -0.041015120827988027 0.042982519837765208 -0.013390869132370396
leaf_weight=8.8126224520237866 22.141817266630827 66.545271759503521 1237.1987009674885 10.840714186168045 900.4809308758995 79.325005871200119 23.461300436552847 5.4102688775747074 11.273045088280922 26.618104638459045 10.907481819507664 4.3049187625874756 13.552893386819049 13.693939132863308 268.4944700730266 21.668413389415946 2.6967734815552822 21.594720665882051 179.31212186109769 2.1918676954228422 9.6537091164209397 4.871729206541203 26.076104476043838 2.5216154114496012 8.7475383288692665 5.2605565784033379 10.259617266892745 7.3519419414806171 126.54959040100221 10.763539829291402
leaf_count=163 504 450 657592 468 2504 597 11648 118 66 2274 391 364 2921 551 1112 1601 261 7310 1757 34 84 146 3165 388 1805 27 1046 340 336 38
internal_value=1.41529e-10 0.0342118 -0.0485624 0.0138083 0.0393238 0.0172988 -0.0131882 0.0415107 0.0188819 0.012847 -0.0221313 0.0205912 0.00994256 0.0309054 0.0304773 -0.0423279 0.0249648 -0.0266237 0.0257663 0.0444769 0.000360544 0.0405802 -0.0210303 0.0302574 -0.000813046 -0.00398161 0.0318686 0.0449769 0.0345194 0.0385636
internal_weight=3142.58 1843.7 1298.88 369.381 1474.32 133.168 61.6776 1341.16 328.198 256.781 46.5457 210.235 38.2163 98.2795 284.164 32.5759 13.9698 41.183 183.617 1056.99 11.8456 71.417 34.8887 24.6634 19.5883 18.9545 278.754 1045.15 144.665 137.313
internal_count=700061 27008 673053 16893 10115 4503 15461 5612 7310 6714 2319 4395 3813 1175 2276 1992 327 9583 2121 3336 118 596 3328 892 2273 578 2158 3218 714 374
is_linear=0
shrinkage=0.05


Tree=41
num_leaves=31
num_cat=0
split_feature=11 12 4 6 14 17 17 54 11 10 10 34 12 6 34 7 11 3 31 12 7 11 27 7 65 13 11 13 59 4
split_gain=1914.99 88.4691 35.115 28.0754 26.741 17.6626 16.1251 17.8065 12.0598 10.7125 30.4259 11.8214 10.5989 9.24931 8.9108 8.20181 9.59186 7.89024 7.75102 11.4806 7.55603 13.7806 8.65015 7.48804 7.51603 7.4373 27.6153 7.25939 7.4093 7.07123
threshold=2.1464285850524907 0.63818180561065685 1.0000000180025095e-35 1.0000000180025095e-35 2.9289598464965825 0.90204590559005748 0.79451277852058422 1.4580843448638918 1.5080645084381106 6.7500000000000009 6.2500000000000009 3.9071062803268437 0.91987180709838878 3.5000000000000004 3.5919058322906499 1.0000000180025095e-35 1.5080645084381106 5.5000000000000009 1.0000000180025095e-35 0.25462962687015539 1.0000000180025095e-35 1.0606617927551272 48.439048767089851 1.0000000180025095e-35 6.8500001430511483 194.09574890136722 3.1143791675567631 179.16896057128909 0.014221850782632829 1.0000000180025095e-35
decision_type=2 2 2 2 2 2 2 2 2 2 2 2 2 2 2 2 2 2 2 2 2 2 2 2 2 2 2 2 2 2
left_child=1 2 3 6 12 14 7 18 13 10 11 15 29 20 -5 -8 -17 -4 -1 -20 -7 -22 -23 24 -14 26 -2 -6 -29 -3
right_child=25 4 17 5 27 8 9 -9 -10 -11 -12 -13 23 -15 -16 16 -18 -19 19 -21 21 22 -24 -25 -26 -27 -28 28 -30 -31
leaf_value=0.042350547117382897 0.057169398463032574 0.020548499052790496 -0.045570303466599009 0.0065936046056961836 0.026908977946478049 0.036787492537812043 0.042861784502348288 -0.0037846817963264993 -0.015423574884680505 0.046141913577139412 -0.085325274802506859 -0.012893512837561714 0.022850443927900477 -0.027020091394086981 -0.054601266920987095 0.028023130649772417 -0.059125102902999244 0.022314523977782028 -0.071177664176594324 0.025480150477289427 0.030831046522523955 -0.079216491821242685 0.017792851298778233 -0.056342378717028824 -0.024319201494000967 -0.050393745685313907 -0.05915917600783599 -0.046483647603531547 0.050622906639544551 -0.036361834942920328
leaf_weight=92.300104641355574 7.5012539180315825 126.44274044853955 15.468311409524178 46.081135230095242 4.4130246126442207 242.66429795621661 168.07283565867692 37.356026339024538 13.910050400896578 832.96620094525861 5.2644953862181856 11.419316879197138 16.741325660215807 6.4324837023887076 6.8305406121144179 12.658405508846046 4.2066236718092105 5.9180572001496321 3.683042359538379 18.51872293962515 26.277822898700833 5.6041220219922234 3.8950757882557809 7.4438213903158603 17.041626160651504 1140.9924025000182 15.948669067700392 34.588308495822275 2.0826334150042376 5.7044909764008471
leaf_count=262 471 1895 3994 954 158 791 443 1304 878 2032 75 500 718 115 2093 52 214 72 57 93 78 101 34 1405 2863 660743 4341 12202 92 1031
internal_value=6.22135e-10 0.0327024 0.036843 0.0377277 0.00259201 0.0253204 0.0414055 0.0261909 0.0300358 0.0436388 0.0332974 0.0364778 0.0111867 0.0322555 -0.00130624 0.0395263 0.00628585 -0.0267851 0.0359703 0.00944562 0.0336249 0.0121737 -0.0394385 -0.0109466 -0.000944027 -0.0498209 -0.0219475 -0.0336777 -0.0409687 0.0180918
internal_weight=2938.43 1773.99 1559.53 1538.14 214.458 351.696 1186.45 151.858 298.784 1034.59 201.622 196.357 173.374 284.874 52.9117 184.938 16.865 21.3864 114.502 22.2018 278.441 35.777 9.4992 41.2268 33.783 1164.44 23.4499 41.084 36.6709 132.147
internal_count=700061 34506 14142 10076 20364 5044 5032 1716 1997 3316 1284 1209 7912 1119 3047 709 266 4066 412 150 1004 213 135 4986 3581 665555 4812 12452 12294 2926
is_linear=0
shrinkage=0.05


Tree=42
num_leaves=31
num_cat=0
split_feature=11 12 11 14 17 54 6 6 14 29 6 10 54 54 24 7 6 17 12 18 16 27 10 69 69 57 69 3 65 65
split_gain=1754.31 66.6062 28.7211 25.8239 25.2627 24.9044 18.7934 17.9475 14.2761 21.3986 14.2065 12.9859 12.9372 9.76011 9.40016 8.61933 8.45013 8.27316 8.30168 8.2088 8.92921 7.65826 13.051 7.65396 10.0879 8.94656 7.52382 7.35993 7.0536 7.01794
threshold=1.980769217014313 0.54006412625312816 2.3603895902633671 3.3531857728958134 0.78869378566741954 0.95803049206733715 1.0000000180025095e-35 1.0000000180025095e-35 0.16108147054910663 1.0000000180025095e-35 1.0000000180025095e-35 4.7500000000000009 0.55805063247680675 1.3939152359962466 0.85164836049079906 1.0000000180025095e-35 1.0000000180025095e-35 0.88900581002235424 0.77350428700447094 0.33564202487468725 0.83843311667442333 26.851666450500492 9.7500000000000018 14.107646942138674 14.672186851501467 0.95331615209579479 4.6732244491577157 1.0000000180025095e-35 6.0499999523162851 14.150000095367433
decision_type=2 2 2 2 2 2 2 2 2 2 2 2 2 2 2 2 2 2 2 2 2 2 2 2 2 2 2 2 2 2
left_child=1 4 6 8 5 15 13 -6 26 10 12 -11 -10 29 -7 -1 28 18 -13 21 -21 22 -9 -19 -25 -26 -3 -16 -5 -2
right_child=2 3 -4 16 7 14 -8 19 9 11 -12 17 -14 -15 27 -17 -18 23 -20 20 -22 -23 -24 24 25 -27 -28 -29 -30 -31
leaf_value=0.037803634422527682 0.045002406132357543 0.043524033973326243 -0.050205055289409509 0.025984316791716679 0.043915406338144732 -0.049537223314054843 -0.050762058689754398 -0.046139527099465547 0.0370537178734874 -0.014442549270511236 -0.056534512150852256 0.012024992909563732 -0.035168787926233354 -0.019356991874505677 -0.05706309398736284 -0.022085761059952237 -0.049368822352292389 0.032218172269296928 -0.06189859638508937 0.013144317637797723 -0.080140744001395536 0.035608676909142309 0.029761231714196298 -0.085545205701267599 -0.052507173659713371 0.045512331141616041 -0.02375212506487008 0.010293961219411216 -0.037183152904199171 -0.054535759833243692
leaf_weight=83.630292195943184 16.494951730051984 60.365626194514334 1058.9102750133789 10.133825188328048 901.09346420972724 11.929960855923126 20.604014811597153 8.0452608376217558 13.327051326516086 24.841067598528753 16.342729981755838 17.200096755725102 11.595627790782599 15.637214475362269 4.6535832324952926 6.4727637117612167 19.034348042710917 133.86326393092168 4.8740950650826553 27.383855296036931 2.8303872818069058 196.66161689323053 19.131319742329651 3.1358544102404258 3.3286982028221228 7.74309791187261 4.4630659249378359 31.55686567658995 7.837278635124675 1.983770348917459
leaf_count=519 349 450 657592 468 3191 1942 11648 258 126 2274 1809 216 384 2940 1117 175 7310 1169 545 536 102 1121 95 51 63 77 146 1059 1805 524
internal_value=2.42883e-10 0.0330236 -0.0483797 0.0132635 0.0381887 0.0179892 -0.0130568 0.0406061 0.0181081 0.0124048 -0.0203055 0.0193273 0.00345118 0.00971501 -0.0110444 0.0335013 -0.0261528 0.0242577 -0.00429772 0.0288686 0.00440563 0.0321707 0.00729183 0.0285147 -0.00637906 0.0160431 0.0388925 0.00163757 -0.0015633 0.0343166
internal_weight=2745.11 1631.48 1113.63 338.086 1293.39 138.243 54.72 1155.15 301.08 236.252 41.2654 194.986 24.9227 34.1159 48.1404 90.1031 37.0055 170.145 22.0742 254.052 30.2142 223.838 27.1766 148.071 14.2077 11.0718 64.8287 36.2104 17.9711 18.4787
internal_count=700061 27008 673053 16893 10115 4812 15461 5303 7310 6714 2319 4395 510 3813 4118 694 9583 2121 761 2112 638 1474 353 1360 191 140 596 2176 2273 873
is_linear=0
shrinkage=0.05


Tree=43
num_leaves=31
num_cat=0
split_feature=11 12 10 10 14 7 6 6 36 17 49 10 10 8 5 4 18 10 43 13 11 7 6 11 18 7 11 11 11 12
split_gain=1604.95 76.4896 32.352 35.8708 22.8985 22.2903 18.41 13.3796 13.3229 12.9019 11.3411 8.91526 10.9877 10.3385 10.7466 8.91231 8.00552 7.84145 7.8317 7.20969 23.2542 6.9002 6.80577 10.9779 7.71877 6.79859 10.4168 6.53528 6.20247 6.15011
threshold=2.1464285850524907 0.63818180561065685 5.7500000000000009 5.2500000000000009 2.9289598464965825 1.0000000180025095e-35 1.0000000180025095e-35 1.0000000180025095e-35 0.69261056184768688 0.90204590559005748 13.783401489257814 4.7500000000000009 4.2500000000000009 1.0000000180025095e-35 1.0000000180025095e-35 1.0000000180025095e-35 0.32138723134994512 14.250000000000002 2.6735538244247441 194.09574890136722 3.1143791675567631 1.0000000180025095e-35 1.0000000180025095e-35 1.1695402264595034 0.36680430173873907 1.0000000180025095e-35 1.3416666984558108 0.71714287996292125 1.6726190447807314 0.91287881135940563
decision_type=2 2 2 2 2 2 2 2 2 2 2 2 2 2 2 2 2 2 2 2 2 2 2 2 2 2 2 2 2 2
left_child=1 2 3 5 15 7 8 11 10 27 17 12 13 14 -1 22 -12 21 -11 20 -2 -4 25 24 -24 -3 -27 -8 -9 -25
right_child=19 4 6 -5 -6 -7 9 28 -10 18 16 -13 -14 -15 -16 -17 -18 -19 -20 -21 -22 -23 23 29 -26 26 -28 -29 -30 -31
leaf_value=0.045012531946267392 0.054360914277816731 0.034299509385536192 0.041176537014581696 -0.075435376894795333 -0.033271292662923162 -0.032839972814795969 -0.063227237890948751 0.0073641964546950663 0.044695453101655049 -0.034536850932809983 0.026316094130300661 0.050438663201225746 -0.069425348071770032 -0.054631969807796214 0.0017745487266667406 -0.026901095086990335 -0.034988913487908252 -0.027821648776084753 0.033233166970792281 -0.050290960732905537 -0.058370949657736329 0.0017299248748480268 0.028583953601561702 -0.0042271320197453553 -0.061231308020465169 0.025741474785260506 -0.062723365369322964 0.0080538677334893328 -0.053189184853230848 -0.052596485866746992
leaf_weight=46.776170618759352 6.9077452052151811 52.656878385860182 97.803111552013434 10.139150186711047 36.669875104664243 17.062388282280153 3.5046261904062694 22.649182221241066 769.56590221509396 4.3402129894238888 10.188054670928979 51.1255006173742 3.0626378686283706 3.6529995045275419 20.743789254149306 14.483260421347948 11.156786444655152 4.9181299275805932 239.79468126347638 974.86658248323874 13.543609365762675 12.503482905682175 37.05094888957683 30.786939314821211 2.5572510389174559 9.9221236113226023 5.0067130282113785 38.983725474558014 5.1997703966917461 8.3552868766782904
leaf_count=423 471 525 631 499 12452 2384 372 1134 2690 67 98 250 148 140 468 2764 357 138 1093 660743 4341 173 441 1218 192 80 274 1423 1654 2418
internal_value=-3.584e-10 0.0314785 0.035663 0.0159295 0.00238336 0.02137 0.0386478 0.0274072 0.0421414 0.0276029 0.0277495 0.0343714 0.0233059 0.0272962 0.0317288 0.0105133 -0.00572757 0.033951 0.0320284 -0.0496746 -0.0202941 0.0367052 0.0142163 0.00422702 0.0227852 0.0258557 -0.00392715 0.00217429 -0.00394193 -0.014552
internal_weight=2565.98 1570.66 1373.17 180.412 197.489 170.272 1192.76 153.21 906.135 286.623 136.57 125.361 74.2356 71.173 67.52 160.819 21.3448 115.225 244.135 995.318 20.4514 110.307 146.336 78.7504 39.6082 67.5857 14.9288 42.4884 27.849 39.1422
internal_count=700061 34506 14142 7100 20364 6601 7042 4217 4087 2955 1397 1429 1179 1031 891 7912 455 942 1160 665555 4812 804 5148 4269 633 879 354 1795 2788 3636
is_linear=0
shrinkage=0.05


Tree=44
num_leaves=31
num_cat=0
split_feature=11 12 3 11 14 24 17 6 14 32 6 13 10 10 10 37 54 6 6 10 6 1 58 34 69 57 18 5 13 2
split_gain=1465.44 54.9378 26.9097 26.6351 19.9695 32.9561 17.8161 16.6372 16.1816 15.7693 13.767 10.1197 10.6773 9.88051 9.95278 9.17779 8.98802 8.82956 13.1855 8.25035 8.17501 7.74693 7.60084 7.54122 9.20201 7.88222 7.25168 7.12319 7.05503 6.59096
threshold=1.980769217014313 0.63818180561065685 1.0000000180025095e-35 2.3603895902633671 2.7830677032470708 0.7947368621826173 0.83183515071868908 1.0000000180025095e-35 4.7289907932281503 0.49096386134624487 1.0000000180025095e-35 429.05912780761724 7.7500000000000009 7.7500000000000009 7.2500000000000009 0.90886101126670849 1.3939152359962466 1.0000000180025095e-35 2.5000000000000004 3.7500000000000004 3.5000000000000004 40.500000000000007 0.2072040066123009 1.662352502346039 9.9133124351501483 0.95472764968872081 0.20498014986515048 1.0000000180025095e-35 324.14933776855474 1.5000000000000002
decision_type=2 2 2 2 2 2 2 2 2 2 2 2 2 2 2 2 2 2 2 2 2 2 2 2 2 2 2 2 2 2
left_child=1 2 6 7 10 28 -1 16 17 15 19 12 -8 14 23 22 -2 -3 26 29 -20 -11 -7 24 -12 -26 27 -19 -6 -4
right_child=3 8 4 -5 5 9 11 -9 -10 21 13 -13 -14 -15 -16 -17 -18 18 20 -21 -22 -23 -24 -25 25 -27 -28 -29 -30 -31
leaf_value=-0.042337590175029853 0.034320060573379621 0.022460143135142052 0.029905341524808716 -0.050107446826694046 -0.007110378352719199 -0.089091521339566368 -0.031989488236574291 -0.050766913937998426 -0.047773765171320905 -0.052858130249105142 0.019394064832147225 -0.07771290336051824 0.035572768022247299 0.035840494561845869 -0.078821001508391608 0.040889705018459531 -0.01952523357791652 -0.058481826791862625 0.028371767382877101 0.043715242051435177 -0.014417628984718336 0.05041648025992479 0.014267336243311328 0.031125672672665989 -0.074966490516561748 0.012235031425364619 -0.046820551074294559 0.01638431070354637 -0.057581984776990426 -0.027841483315366972
leaf_weight=15.9704861818318 16.963635396430622 74.227268910406565 19.050415381032511 903.42215301781107 16.932936125609562 1.9806619760347555 6.9702238544632555 17.874378042935859 13.211705905494453 7.844726185736361 18.472873008169703 2.5548171234840984 36.314923694881145 169.71949185078847 2.7827356749912715 114.83657063871215 14.269274490514361 4.1785619396978317 35.79952970573504 767.52773904116475 16.219698129796598 2.3627864602021873 17.445355917298002 42.023151679313742 6.2658394036116061 4.4190923740970902 17.966333023541665 13.257930509542346 11.713321191542489 6.671659519430249
leaf_count=2797 873 1628 156 657592 948 69 478 11648 6434 583 325 79 234 629 46 1186 2940 600 1192 2478 1929 6 762 406 186 57 2036 758 924 82
internal_value=-1.13233e-09 0.0317076 0.0353203 -0.0481581 0.0369641 0.0212439 0.00314112 -0.0122964 0.00542995 0.0309582 0.0395886 0.0189858 0.0246932 0.029194 0.0139429 0.035513 0.00971994 0.00977833 -0.000989397 0.0427818 0.0150299 -0.0289526 0.00372895 0.0175693 -0.00196847 -0.0389015 -0.0245275 -0.00155696 -0.027748 0.0149273
internal_weight=2399.25 1446.72 1271.86 952.529 1210.05 173.116 61.8105 49.1073 174.861 144.47 1036.93 45.84 43.2851 243.683 73.9637 134.263 31.2329 161.649 87.4221 793.25 52.0192 10.2075 19.426 71.181 29.1578 10.6849 35.4028 17.4365 28.6463 25.7221
internal_count=700061 27008 12431 673053 8843 4478 3588 15461 14577 2606 4365 791 712 1649 1020 2017 3813 8143 6515 2716 3121 589 831 974 568 243 3394 1358 1872 238
is_linear=0
shrinkage=0.05


Tree=45
num_leaves=31
num_cat=0
split_feature=11 10 10 6 2 7 6 17 11 36 57 49 34 5 10 1 6 13 11 10 10 39 43 11 8 31 54 34 54 29
split_gain=1336.62 65.1949 40.583 32.9384 32.4241 25.1364 21.6521 16.0801 15.2373 13.3901 9.44078 9.28192 9.22721 8.42907 8.15159 8.0416 7.60488 7.48229 20.7063 7.37384 15.8379 7.17938 7.08652 6.95339 6.89698 6.88375 9.79664 7.65273 6.55477 47.3804
threshold=2.1464285850524907 5.7500000000000009 5.2500000000000009 1.0000000180025095e-35 6.5000000000000009 1.0000000180025095e-35 1.0000000180025095e-35 0.90204590559005748 1.60357141494751 0.69261056184768688 0.79847061634063732 13.783401489257814 3.1647884845733647 1.0000000180025095e-35 3.7500000000000004 12.500000000000002 1.0000000180025095e-35 194.09574890136722 3.1143791675567631 7.7500000000000009 7.2500000000000009 0.0038460460491478447 2.9174053668975835 1.5080645084381106 1.0000000180025095e-35 1.0000000180025095e-35 0.090659037232399001 0.96554061770439159 1.068251967430115 1.0000000180025095e-35
decision_type=2 2 2 2 2 2 2 2 2 2 2 2 2 2 2 2 2 2 2 2 2 2 2 2 2 2 2 2 2 2
left_child=1 2 3 5 6 13 9 15 12 11 -6 -3 -5 24 -15 -8 21 18 -2 20 25 22 -12 -7 -1 26 -9 -27 -11 -30
right_child=17 4 -4 8 10 23 7 19 -10 28 16 -13 -14 14 -16 -17 -18 -19 -20 -21 -22 -23 -24 -25 -26 27 -28 -29 29 -31
leaf_value=0.044206473828341225 0.049870404864392148 0.031738752050995959 -0.06997095551941597 0.012610817257854904 -0.047535478030034536 0.01078204587496813 -0.050721291486032619 0.040313381059026002 -0.044269443579105061 0.048242472539220795 -0.081058125596031136 -0.005966953927448484 -0.042180786979371332 -0.011248383504920004 0.031899193964725868 0.0067060246904166627 -0.043046028776072387 -0.050197949123910429 -0.058331778743965106 0.035381288972697787 -0.074264066415545615 -0.08000722464820087 0.03615939573174675 -0.055649794109792261 -0.033307328311769573 -0.04727203478368841 -0.051072737025316818 0.033850789622521422 -0.03985372265844727 0.043221966055357545
leaf_weight=86.914934203377925 7.0010254549706614 106.0500077837205 16.099282661853067 40.002206240817031 11.490375528337607 6.1671651839278665 7.3726197508512987 5.1244136581663025 27.614379216036468 368.34735301160254 1.3837054580435602 19.290539541470935 9.5108223619172332 17.726527011662256 28.618839821909205 35.205355083817267 6.1154278848844106 829.34394080206403 12.000271160650298 181.84069129941054 4.4931609833874964 1.6590697741630709 18.918838776298799 10.902300602778267 2.9677151121431953 3.0676651078974819 6.8564912252913928 55.566839207524026 18.215967747149989 296.88796068054944
leaf_count=1115 471 1071 1492 1446 1934 207 881 29 12000 1178 52 459 2748 793 552 1457 934 660743 4341 992 171 78 377 1631 155 49 312 498 436 1459
internal_value=-1.81064e-09 0.0301075 0.00677822 0.0121405 0.0351178 0.0255494 0.0367056 0.0252217 -0.0145109 0.0409585 -0.00935744 0.0259357 0.00208605 0.0327163 0.0153958 -0.00323784 0.00626671 -0.0494872 -0.0184647 0.0299376 0.0167583 0.0199983 0.0281705 -0.0316481 0.0416471 0.0225499 -0.0119855 0.0296066 0.0437136 0.0384194
internal_weight=2242.76 1394.41 246.524 230.425 1147.89 153.297 1108.32 299.527 77.1274 808.792 39.5674 125.341 49.513 136.228 46.3454 42.578 28.077 848.345 19.0013 256.949 75.1086 21.9616 20.3025 17.0695 89.8826 70.6154 11.9809 58.6345 683.451 315.104
internal_count=700061 34506 22139 20647 12367 4453 8992 4389 16194 4603 3375 1530 4194 2615 1345 2338 1441 665555 4812 2051 1059 507 429 1838 1270 888 341 547 3073 1895
is_linear=0
shrinkage=0.05


Tree=46
num_leaves=31
num_cat=0
split_feature=11 4 10 10 7 6 11 11 2 11 16 3 57 20 5 34 20 6 5 0 14 32 2 10 11 13 10 54 13 54
split_gain=1218.76 59.0105 40.5346 52.0144 32.4122 26.9625 21.1532 15.7972 15.7696 15.485 15.3154 11.1465 10.7918 9.84564 8.31071 11.4588 8.24093 8.13871 7.94795 13.6489 8.46368 16.3168 7.72723 7.70378 7.51895 7.51356 18.5855 6.95841 6.65819 7.07347
threshold=2.1464285850524907 1.0000000180025095e-35 7.7500000000000009 7.2500000000000009 1.0000000180025095e-35 1.0000000180025095e-35 0.71714287996292125 1.60357141494751 6.5000000000000009 1.5080645084381106 0.68225201964378368 5.5000000000000009 0.66639894247055065 0.0022366034099832181 1.0000000180025095e-35 4.6776068210601816 0.0009708890283945949 3.5000000000000004 1.5000000000000002 20.500000000000004 2.7463744878768925 0.43665158748626715 1.0000000180025095e-35 14.250000000000002 1.6726190447807314 194.09574890136722 -1.0000000180025095e-35 0.95803049206733715 399.20475769042974 0.11639168485999109
decision_type=2 2 2 2 2 2 2 2 2 2 2 2 2 2 2 2 2 2 2 2 2 2 2 2 2 2 2 2 2 2
left_child=1 2 3 4 5 14 10 12 17 16 13 -3 -7 22 -1 24 28 18 20 -20 -8 -22 -4 -12 -16 26 -2 -25 29 -6
right_child=25 11 6 -5 9 7 8 -9 -10 -11 23 -13 -14 -15 15 -17 -18 -19 19 -21 21 -23 -24 27 -26 -27 -28 -29 -30 -31
leaf_value=0.043500464862315402 -0.057528104542861717 -0.048213696872949276 0.010940058530154072 -0.076324853240897439 0.054459970691163144 -0.044046646543704354 0.045023102770108146 -0.038869007871623923 0.0022882023059019314 -0.05216153240147503 0.044021073589664061 0.012719043529700347 0.019621464183191606 0.048645625259191555 0.038054593949573778 -0.065765598192021837 -0.080166373276452985 -0.022786568952110939 0.029919806418751721 -0.071771595421873016 0.033693489867388016 -0.063313701948251228 -0.064892152738348502 0.027284899329389663 0.0058612774061447132 -0.050150388566490504 0.047448295383356688 -0.0695657042907563 -0.073154027980063305 0.0033987458604400494
leaf_weight=169.7153572116149 11.010170654320975 27.868273018029868 4.6842148005380357 13.766176542441825 8.520937205757944 7.1375987308638278 610.33521816344 15.408528075367938 26.683732825418701 16.628130319324555 22.230899634974779 10.27191104130179 98.565047613818024 3.5191503206151529 59.182531367987394 3.3735334349621544 2.737825604112003 4.9037614603876127 21.765152792795565 3.8892766380449748 93.476910828503605 4.5455745303261201 11.877481753690516 4.3097187643870702 26.151325370068662 764.06461992832374 6.8329111518978598 3.2555028302595019 2.3230779850855461 33.244549693754379
leaf_count=1203 4271 10121 110 603 50 1471 1933 5648 1122 4170 156 645 2184 48 270 644 68 116 138 35 980 270 730 21 384 660743 541 40 96 1250
internal_value=-7.667e-10 0.0294781 0.0313153 0.0193901 0.0223646 0.0278947 0.0379947 0.0084277 0.0400501 -0.0107121 0.00644443 -0.0318033 0.0153223 -0.0273055 0.037018 0.0246156 0.00400662 0.0414138 0.0418427 0.0145031 0.0428328 0.029195 -0.0434442 0.0291899 0.0281887 -0.0494014 -0.017328 -0.0143923 0.00923362 0.0138162
internal_weight=2092.28 1310.37 1272.23 456.755 442.988 379.534 815.477 121.111 765.6 63.4545 49.877 38.1402 105.703 20.0808 258.423 88.7074 46.8264 738.916 734.012 25.6544 708.358 98.0225 16.5617 29.7961 85.3339 781.908 17.8431 7.56522 44.0886 41.7655
internal_count=700061 34506 23740 18041 17438 11804 5699 9303 4594 5634 1105 10766 3655 888 2501 1298 1464 3472 3356 173 3183 1250 840 217 654 665555 4812 61 1396 1300
is_linear=0
shrinkage=0.05


Tree=47
num_leaves=31
num_cat=0
split_feature=10 12 10 3 67 6 54 17 34 34 10 12 6 54 29 67 7 13 18 58 34 11 7 67 34 37 17 69 27 13
split_gain=1110.92 46.992 30.8246 28.6426 25.9369 21.7233 14.6743 13.1508 12.5695 11.3276 10.3233 9.99798 9.07159 9.6812 42.6231 14.4903 8.66856 15.2019 11.1496 9.54108 8.33132 8.20677 7.52805 7.47802 6.98053 9.49627 6.96203 9.20422 7.93539 6.20185
threshold=2.7500000000000004 0.87867647409439098 -1.0000000180025095e-35 1.0000000180025095e-35 10.449999809265138 1.0000000180025095e-35 1.99603807926178 0.85034516453742992 4.14306664466858 4.5548241138458261 7.7500000000000009 1.4083333015441897 3.5000000000000004 0.14420446753501895 1.0000000180025095e-35 37.250000000000007 1.0000000180025095e-35 464.08660888671881 0.39196445047855383 0.098262287676334395 0.55071184039115917 1.431677043437958 1.0000000180025095e-35 15.949999809265138 3.126665592193604 0.9650179147720338 0.59235218167305004 4.5839977264404306 45.857143402099616 332.22123718261724
decision_type=2 2 2 2 2 2 2 2 2 2 2 2 2 2 2 2 2 2 2 2 2 2 2 2 2 2 2 2 2 2
left_child=2 3 -1 7 6 9 22 -2 12 16 -9 -3 13 -7 15 -15 26 18 21 -19 -16 24 -4 -11 -18 -26 27 -5 -29 -12
right_child=1 11 4 5 -6 8 -8 10 -10 23 29 -13 -14 14 20 -17 17 19 -20 -21 -22 -23 -24 -25 25 -27 -28 28 -30 -31
leaf_value=-0.050438797111362989 -0.040364361250049184 -0.0024819571848720646 0.039643982274436732 0.044221182267919976 -0.048731853577981668 0.044699521507338205 -0.032533130445452044 -0.042259597340681958 -0.038480042195864372 0.022456067897363752 0.041415779859772912 -0.051678252138493766 -0.022716695458879915 -0.062930260067072391 -0.019753175331312219 0.074380199393707658 0.044757296081444561 0.013409160757206893 -0.041535602719331349 -0.090871168649533138 0.030524358700363477 -0.0081892951958441318 -0.055269399816205003 -0.038045584705801792 -0.067499710093229234 0.039069447850943483 0.04332494362325176 0.010210884033961309 -0.077415284961550562 -0.0018955548949137072
leaf_weight=687.42398799332477 16.04418751958292 42.380466994356539 24.810853085222337 18.688265430508181 33.980486677002773 55.975533716773498 13.264933138076229 7.037085613821545 8.1610384490777488 18.98885855067056 20.780599287536461 13.654713369482122 9.8433344269869831 17.861494030919861 8.6095504444383533 2.1529636692721388 85.183428220683709 4.6357926987111551 4.8700027570594093 4.1634656256064773 191.75243136464269 9.5880193054181273 2.2812263475952923 6.9863904952799194 3.3983836454572138 5.4312650796491653 601.80504485030542 12.91240442520939 3.2299906283151349 13.723823959851869
leaf_count=641957 2778 5460 1770 106 22441 313 5112 593 2459 719 130 8130 289 600 100 14 282 31 97 30 1402 234 815 1131 19 33 2648 106 66 196
internal_value=-2.90411e-10 0.0302248 -0.0471313 0.0324376 -0.0165457 0.0342792 0.010555 -0.00191658 0.0227058 0.0386474 0.0129328 -0.0144702 0.0244506 0.0261306 0.0214141 -0.0481597 0.039766 0.0272738 0.0324012 -0.0359322 0.0283639 0.0358767 0.031652 0.00618334 0.0403708 -0.00194723 0.042067 0.0203331 -0.00732256 0.0241891
internal_weight=1949.62 1187.86 761.761 1131.82 74.3375 1074.24 40.357 57.5857 294.356 779.881 41.5415 56.0352 286.195 276.352 220.376 20.0145 753.906 117.27 108.471 8.79926 200.362 103.601 27.0921 25.9752 94.0131 8.82965 636.636 34.8307 16.1424 34.5044
internal_count=700061 27966 672095 14376 30138 10679 7697 3697 5177 5502 919 13590 2718 2429 2116 614 3652 726 665 61 1502 568 2585 1850 334 52 2926 278 172 326
is_linear=0
shrinkage=0.05


Tree=48
num_leaves=31
num_cat=0
split_feature=11 10 10 6 2 6 7 36 17 10 57 14 17 54 10 10 8 11 4 12 13 11 1 5 18 37 38 7 58 25
split_gain=1012.43 53.6202 31.1048 25.656 23.808 20.482 17.8245 14.4187 13.2968 12.3389 11.4525 9.04762 8.66463 8.1472 7.76524 11.7705 8.8945 7.63781 7.58522 7.33472 7.21183 15.5452 6.84162 6.77139 6.76462 8.35576 6.40998 6.20189 7.1237 6.41564
threshold=2.1464285850524907 5.7500000000000009 5.2500000000000009 1.0000000180025095e-35 6.5000000000000009 1.0000000180025095e-35 1.0000000180025095e-35 0.77823317050933849 0.91875183582305919 4.7500000000000009 0.52096602320671093 0.30427655577659612 0.85034516453742992 0.090659037232399001 4.7500000000000009 4.2500000000000009 1.0000000180025095e-35 1.0606617927551272 1.0000000180025095e-35 0.18350168317556384 194.09574890136722 3.1143791675567631 12.500000000000002 1.5000000000000002 0.32846145331859594 0.92881321907043468 0.4765963107347489 1.0000000180025095e-35 0.30958321690559393 38.717498779296882
decision_type=2 2 2 2 2 2 2 2 2 2 2 2 2 2 2 2 2 2 2 2 2 2 2 2 2 2 2 2 2 2
left_child=1 2 3 6 5 7 14 10 22 13 11 -3 -6 -5 15 16 18 -13 23 24 21 -2 -7 -1 -12 -26 -24 -10 29 -29
right_child=20 4 -4 9 12 8 -8 -9 27 -11 19 17 -14 -15 -16 -17 -18 -19 -20 -21 -22 -23 26 -25 25 -27 -28 28 -30 -31
leaf_value=0.039659875172649517 0.044357184225674612 0.04575275666796022 -0.067900705422324015 0.019288722591901307 -0.054020169276096999 -0.041966794887724146 -0.029157367040605054 0.044279819893354236 0.031885428174479084 0.01315520926258717 0.030746694256059682 -0.047504541974923313 0.0060404683999546373 -0.040685826483389531 0.047140292255839593 -0.064746808719347348 -0.05365948222666727 0.008890484773271104 -0.048493342123017237 0.037427411801629472 -0.050067045767922841 -0.05670047115664098 0.013701756851066851 -0.0098011256158879265 0.014517480164856964 -0.094538499585495414 -0.059872338258113125 -0.021906637791360636 -0.08994480054231295 0.030675067594558954
leaf_weight=52.257797252423188 6.3839243237016481 8.5310727623291296 13.556328140544791 6.7415330758158225 7.7981241296001818 8.2213721020962094 14.202968699668416 468.1258779654745 181.13303220581292 25.179816852622025 8.8303144035162386 10.076004814829504 26.114358759503375 35.381161068762594 42.542067468064488 3.8643851075903504 3.4090688126452724 14.855530991786507 2.988964580166793 134.92168773416779 646.81739671967443 9.4213457190708123 38.071774581119826 7.9759203022840657 3.881446822138968 3.2081548256101087 3.209975997946457 8.6942809024622019 1.7894094583461981 17.432865691574989
leaf_count=613 471 43 1492 473 1739 915 1838 2552 1585 1186 43 568 1636 14535 433 386 203 530 693 817 660743 4341 855 287 37 13 695 169 32 138
internal_value=8.6062e-10 0.0283048 0.00532866 0.0104315 0.0333649 0.0348962 0.0236371 0.0396159 0.0229867 -0.0145348 0.0277697 0.00130704 -0.00777038 -0.0310872 0.0302706 0.0200902 0.0250105 -0.0139014 0.0292525 0.0336401 -0.0492516 -0.0158822 -0.000314388 0.0331104 0.00154257 -0.034832 0.0079808 0.0285045 0.00656756 0.0131776
internal_weight=1815.62 1153 208.1 194.544 944.895 910.983 127.241 652.43 258.553 67.3025 184.304 33.4626 33.9125 42.1227 113.038 70.4961 66.6318 24.9315 63.2227 150.842 662.623 15.8053 49.5031 60.2337 15.9199 7.0896 41.2818 209.05 27.9166 26.1271
internal_count=700061 34506 22139 20647 12367 8992 4453 4603 4389 16194 2051 1141 3375 15008 2615 2182 1796 1098 1593 910 665555 4812 2465 900 93 50 1550 1924 339 307
is_linear=0
shrinkage=0.05


Tree=49
num_leaves=31
num_cat=0
split_feature=11 10 6 6 17 3 34 65 4 2 8 17 12 14 10 10 54 18 13 10 54 1 56 24 58 1 43 14 7 36
split_gain=923.429 52.4853 27 18.4974 17.4269 16.2892 15.1867 12.3481 10.1953 8.45991 8.01448 7.87912 7.63398 8.55055 7.52547 9.75385 7.40095 7.2219 7.08671 14.5099 6.96572 6.77408 6.46913 6.25709 6.25372 8.0341 6.13758 6.10733 5.74243 5.72017
threshold=2.2052631378173833 4.7500000000000009 1.0000000180025095e-35 1.0000000180025095e-35 0.82707059383392345 1.5000000000000002 4.14306664466858 8.6500000953674334 1.0000000180025095e-35 7.5000000000000009 1.0000000180025095e-35 0.91603830456733715 0.47213622927665716 3.1593675613403325 7.7500000000000009 7.2500000000000009 0.090659037232399001 0.4450449943542481 194.09574890136722 -1.0000000180025095e-35 0.90279909968376171 12.500000000000002 0.75688305497169506 0.99038460850715648 0.26859675347805029 23.500000000000004 4.8559212684631357 0.11505815014243127 1.0000000180025095e-35 0.89753684401512157
decision_type=2 2 2 2 2 2 2 2 2 2 2 2 2 2 2 2 2 2 2 2 2 2 2 2 2 2 2 2 2 2
left_child=1 3 4 7 5 -3 8 10 9 11 28 21 17 24 15 -13 -5 -6 19 -2 -7 -4 -15 -22 -14 -26 -19 -9 -1 -24
right_child=18 2 6 16 12 20 -8 27 -10 -11 -12 14 13 22 -16 -17 -18 26 -20 -21 23 -23 29 -25 25 -27 -28 -29 -30 -31
leaf_value=0.039070495814458983 -0.056106104605367448 -0.017341470262470515 -0.042977556205548502 0.017714605170183761 0.044666879225010947 0.039800232501406234 -0.041558900135370842 0.052839173201786931 -0.052974980297315767 -0.05820221006947493 -0.077412643549872553 0.018206164397317755 0.039709759189109926 -0.052391419315111459 0.033832024075625307 -0.070490894253028846 -0.039976541891173473 0.025284160230014036 -0.050292204051965023 0.045435161770510907 -0.030756597023584117 0.011922469471439354 0.063763919758898627 0.022879766776055285 0.023534159481066987 -0.054119562140988869 -0.058118203179072708 -0.018301535231140625 -0.020385098343941328 -0.047655654802304111
leaf_weight=37.526950471888995 8.6985115085844864 24.696752205163648 6.5964902522973707 6.6226698305836171 422.6975337472395 52.704405199969187 10.15038089124573 3.3345383260166264 4.6129870617405677 3.2487303789384887 1.7221198288316362 77.051599352591438 100.37939667791943 5.2628834758215799 140.34125673089875 3.2294553349493063 34.618007211884105 9.490658365248235 591.4589777968813 5.9075208413851206 7.3135059915948686 37.911272500889027 3.4323953745770268 21.196788517860114 26.985275921797442 3.799854776589199 2.8738223052350795 31.666852798727632 4.5539962278562589 1.7338034357671857
leaf_count=600 4261 1775 300 531 2031 294 4404 46 1252 672 91 817 771 737 549 79 16121 71 658548 509 492 518 71 424 207 16 21 3161 442 250
internal_value=-2.89459e-10 0.0275987 0.0314746 -0.00358114 0.0368592 0.0182172 0.0184939 0.0106173 0.0207268 0.0219936 0.0283096 0.0229762 0.0402831 0.030199 0.0268477 0.0146382 -0.0307122 0.0435651 -0.0494426 -0.015037 0.0290303 0.00378574 -0.0133753 0.00912088 0.0336636 0.0139492 0.00589931 -0.011524 0.0326362 0.0263709
internal_weight=1691.82 1085.75 965.709 120.045 682.567 105.911 283.142 78.8045 272.992 268.379 43.8031 265.13 576.656 141.594 220.622 80.2811 41.2407 435.062 606.065 14.606 81.2147 44.5078 10.4291 28.5103 131.165 30.7851 12.3645 35.0014 42.0809 5.1662
internal_count=700061 36743 15751 20992 7160 2985 8591 4340 4187 2935 1133 2263 4175 2052 1445 896 16652 2123 663318 4770 1210 818 1058 916 994 223 92 3207 1042 321
is_linear=0
shrinkage=0.05


Tree=50
num_leaves=31
num_cat=0
split_feature=11 10 6 17 6 34 3 7 4 10 8 18 12 11 13 11 4 54 58 5 54 56 1 30 17 24 14 17 7 11
split_gain=840.477 48.8492 25.4332 16.3418 16.0581 13.7841 13.6967 11.1489 9.12351 8.90263 8.19077 8.07687 7.72174 7.24926 7.14691 13.344 7.09023 6.97872 6.74232 6.70125 6.48548 6.41494 6.33589 6.19373 5.96796 5.50135 5.47936 5.41057 5.10885 9.63146
threshold=2.2052631378173833 4.7500000000000009 1.0000000180025095e-35 0.82707059383392345 1.0000000180025095e-35 4.14306664466858 1.5000000000000002 1.0000000180025095e-35 1.0000000180025095e-35 4.2500000000000009 1.0000000180025095e-35 0.38804556429386144 0.58578431606292736 1.2649122476577761 194.09574890136722 3.1143791675567631 1.0000000180025095e-35 0.72677716612815868 0.19037481397390368 1.0000000180025095e-35 1.242470443248749 0.41702897846698767 7.5000000000000009 1.0000000180025095e-35 0.91875183582305919 0.75595238804817211 0.9015411138534547 0.97946524620056163 1.0000000180025095e-35 1.2649122476577761
decision_type=2 2 2 2 2 2 2 2 2 2 2 2 2 2 2 2 2 2 2 2 2 2 2 2 2 2 2 2 2 2
left_child=1 4 3 6 7 8 -3 9 11 10 16 13 28 24 15 -2 19 25 -15 -1 -14 -21 -8 -22 -4 -6 -24 -23 -5 -30
right_child=14 2 5 12 17 -7 22 -9 -10 -11 -12 -13 20 18 -16 -17 -18 -19 -20 21 23 27 26 -25 -26 -27 -28 -29 29 -31
leaf_value=0.043280054844614502 0.043838594062805061 -0.015362357356115994 0.0093603237706638715 0.044139029216918563 0.016195866908262836 -0.040844488255770223 -0.058472594771344491 -0.03891251105588505 -0.052659981637831525 -0.06241026176739152 -0.053774614047788466 -0.031290241869516365 0.033292882948763342 -0.01405133960543962 -0.050270486721192068 -0.055708556999466197 -0.048537439527980633 -0.046174696654062257 0.020494137248381419 -0.057544700884185285 0.010773084255978081 0.030180233976891575 0.043428796041713291 -0.066781340699901104 0.032004954630454552 -0.053139399988901798 0.016285882424388977 -0.053684257182700805 0.040129137863097436 0.00021461843499650851
leaf_weight=35.030550815950846 5.8086389740055884 23.774055526133452 35.929149638541276 398.75536087132059 10.6390947883483 9.5965471931012853 2.0575004975253242 10.217051889885623 4.2303530924291399 3.3270276288967571 3.409819810447515 7.0806569963751818 38.096829357848037 22.268882930395193 543.80341509045138 8.0067302893949073 3.029155888441891 24.467435657013993 38.618684538232628 3.2199704437080099 13.297490580182059 14.926399033123745 38.949450793210417 3.1924923299811772 152.9919959132385 3.9131418106189804 35.576480818039272 2.2076595974504007 62.374975975370035 19.946884646313265
leaf_count=347 429 1775 513 2192 1219 4404 222 1864 1252 398 229 483 395 654 658548 4341 831 14112 468 220 764 305 189 359 817 1321 799 146 267 198
internal_value=-8.56969e-11 0.0269591 0.0308434 0.0363066 -0.00383095 0.018008 0.0177903 0.00964866 0.020171 0.0172641 0.0215518 0.0213703 0.0397757 0.0228629 -0.0493682 -0.0138542 0.0259489 -0.0298672 0.00785955 0.0300228 0.0219542 0.00720611 0.028082 -0.0042416 0.0276984 -0.0024486 0.0304716 0.0193746 0.0417979 0.0304577
internal_weight=1578.74 1021.13 906.738 636.022 114.387 270.716 100.357 75.3676 261.12 65.1506 61.8236 256.889 535.664 249.809 557.619 13.8154 58.4137 39.0197 60.8876 55.3846 54.5868 20.354 76.5834 16.49 188.921 14.5522 74.5259 17.1341 481.077 82.3219
internal_count=700061 36743 15751 7160 20992 8591 2985 4340 4187 2476 2078 2935 4175 2452 663318 4770 1849 16652 1122 1018 1518 671 1210 1123 1330 2540 988 451 2657 465
is_linear=0
shrinkage=0.05


Tree=51
num_leaves=31
num_cat=0
split_feature=11 10 10 34 17 6 6 3 11 12 1 3 7 11 66 2 12 34 2 29 54 32 18 56 1 12 43 10 69 16
split_gain=762.289 45.4667 33.8959 22.5175 19.6868 16.1867 13.3549 12.3072 9.69425 8.2818 8.28149 8.25885 8.25162 11.1134 7.47008 7.08492 6.84976 6.66569 6.39124 6.31629 5.5767 28.25 13.5316 7.95336 7.03475 8.14804 7.29405 5.55566 4.91974 4.70616
threshold=2.2052631378173833 6.7500000000000009 6.2500000000000009 3.7504276037216191 0.78869378566741954 1.0000000180025095e-35 1.0000000180025095e-35 1.5000000000000002 1.60357141494751 0.63818180561065685 7.5000000000000009 1.0000000180025095e-35 1.0000000180025095e-35 1.5080645084381106 6.8500001430511483 7.5000000000000009 2.9500000476837163 4.0216782093048105 6.5000000000000009 12.972770214080812 1.068251967430115 0.19090909510850909 0.19310176372528079 0.53371214866638195 16.500000000000004 0.23303167521953586 4.0163424015045175 18.250000000000004 9.3819766044616717 0.96298694610595714
decision_type=2 2 2 2 2 2 2 2 2 2 2 2 2 2 2 2 2 2 2 2 2 2 2 2 2 2 2 2 2 2
left_child=1 2 3 5 7 12 18 -3 11 19 16 -7 -1 -14 -5 17 -2 29 20 -9 -6 23 -23 24 26 -26 -22 -20 -24 -8
right_child=10 4 -4 14 6 8 15 9 -10 -11 -12 -13 13 -15 -16 -17 -18 -19 27 -21 21 22 28 -25 25 -27 -28 -29 -30 -31
leaf_value=0.033867004470463598 0.087655915860504696 -0.025150597050024249 -0.069553818785959745 0.0039303113264804249 0.047484285702428984 -0.070795609106882623 0.030218217319041486 0.032542609047588732 -0.038644421323650452 -0.057911877227871958 -0.049777201144378683 0.012769765714497939 0.026097806807779324 -0.056357080857407607 -0.039610712939055319 -0.058405250072370088 -0.054507196792922277 -0.041953208697518035 0.018466279245387483 -0.032427247641084823 -0.081936144532254021 0.04763369019737676 -0.078569314176407834 0.046358512139356524 -0.037013918096704547 0.044301265977172023 0.011434013979240645 -0.093080184416583334 0.0012105437917148253 0.0058930967436543504
leaf_weight=123.95241605951742 2.0085176979191597 20.171103764689178 13.0867756296102 16.956161370137124 215.18308560573496 3.1053868997332748 156.24173379243439 41.435673815387418 12.930470334227719 3.0898976618191218 509.2043190317072 61.750469612401503 11.879818271496335 6.2293549710811922 23.507382454465187 2.534200687732663 1.4655716152738021 3.5619666782440609 15.76347580158472 4.1121773671693509 2.8626052045728994 4.0218746448517768 8.2387485122308117 150.13455046867603 3.5243232041830224 24.474475672235712 7.766670898628945 1.2013264684937883 2.5245204628590718 22.78312471951358
leaf_count=1661 18 2795 1150 2723 1029 429 965 562 6209 626 662202 1898 160 828 11962 604 1098 781 529 139 37 46 181 886 28 163 77 9 34 232
internal_value=2.78105e-10 0.0262201 0.00896542 0.0129129 0.0330606 0.0192218 0.0358731 0.00768537 0.000887055 0.0213031 -0.0492523 0.00876854 0.029261 -0.00226576 -0.0213649 0.0246226 0.0276833 0.025775 0.0406533 0.026677 0.0418723 0.0359394 -0.0306172 0.0411526 0.0209188 0.0340658 -0.0137118 0.0105674 -0.059857 0.0271225
internal_weight=1475.7 963.024 273.398 260.311 689.626 219.848 620.817 68.8089 77.7863 48.6377 512.678 64.8559 142.062 18.1092 40.4635 185.121 3.47409 182.587 435.696 45.5479 418.731 203.548 14.7851 188.763 38.6281 27.9988 10.6293 16.9648 10.7633 179.025
internal_count=700061 36743 27020 25870 9723 11185 5601 4122 8536 1327 663318 2327 2649 988 14685 2582 1116 1978 3019 701 2481 1452 261 1191 305 191 114 538 215 1197
is_linear=0
shrinkage=0.05


Tree=52
num_leaves=31
num_cat=0
split_feature=10 4 10 6 67 17 34 3 6 2 10 10 3 12 11 7 29 46 58 26 6 11 20 10 6 58 5 3 34 29
split_gain=693.027 34.6772 26.0768 24.5363 17.8687 15.6717 13.4627 13.1813 11.9304 8.38654 8.2172 8.52254 8.00768 7.40704 7.62464 6.97285 6.65505 6.26114 5.98385 5.78705 5.62505 5.07126 4.85777 4.80152 4.70409 5.40913 4.60019 5.13248 4.56909 23.0435
threshold=2.7500000000000004 1.0000000180025095e-35 -1.0000000180025095e-35 1.0000000180025095e-35 10.449999809265138 0.83716130256652843 4.14306664466858 1.5000000000000002 1.0000000180025095e-35 6.5000000000000009 6.7500000000000009 6.2500000000000009 5.5000000000000009 0.54006412625312816 1.60357141494751 1.0000000180025095e-35 10.645816802978517 22.800000190734867 0.31519304215908056 34.954999923706062 10.500000000000002 0.92980295419693004 0.00075344814104028057 2.2500000000000004 2.5000000000000004 0.15050134807825091 1.5000000000000002 3.5000000000000004 0.13382896780967715 1.0000000180025095e-35
decision_type=2 2 2 2 2 2 2 2 2 2 2 2 2 2 2 2 2 2 2 2 2 2 2 2 2 2 2 2 2 2
left_child=2 3 -1 5 8 7 9 17 15 10 11 24 -3 -7 22 23 -9 -2 26 -18 -10 -20 -15 -4 -5 -26 28 -28 -12 -30
right_child=1 12 4 6 -6 13 -8 16 20 -11 18 -13 -14 14 -16 -17 19 -19 21 -21 -22 -23 -24 -25 25 -27 27 -29 29 -31
leaf_value=-0.05031515482619249 0.014125466572964216 -0.047817507214801505 0.041714315411747506 -0.0021325682585237975 -0.047866250540927871 0.041046015030120127 -0.040872937465258524 0.034669366691234833 -0.059300548636806755 -0.036812174286756427 0.048698557866571998 -0.066703096085547725 0.012978025434655018 0.034059742283532028 -0.01196514095212203 -0.054569796371487934 0.030115478906170563 -0.036621787739157141 -0.059023237689862201 -0.027145109132181929 0.055240162590734124 0.012105319946712908 -0.04082535485837363 -0.062767558190405387 -0.032047998123982402 0.033956630852166179 -0.043497845276656365 0.047312044379808536 -0.033073633755294242 0.033550959312511446
leaf_weight=453.02229111748329 10.679996898266836 18.251154823286928 20.8006009516048 36.797396779962583 22.901755886392493 406.93267180639668 9.9547474716055131 62.257914465179056 7.0603309460620931 6.690088386360002 26.864750381559134 3.8897860597935496 7.7019959921162799 55.317094183563313 12.491853804411219 2.3418448025768148 8.3693099908705353 14.105955810970045 3.4804834917158578 9.3332069524913077 1.263738138368353 8.9494971823878569 2.2538774058193658 1.1609794297255565 3.5732998440071269 23.632802940112015 4.4726002494571722 2.3860467257909477 14.626098279841242 115.20040785902529
leaf_count=641957 388 8881 1430 1364 22441 2464 5822 831 5065 1872 100 130 446 729 1056 935 144 1310 112 536 6 93 61 261 247 464 50 15 238 613
internal_value=2.60743e-11 0.02715 -0.0463512 0.0289041 -0.014012 0.034615 0.0161515 0.0171024 0.00975081 0.018417 0.0199321 0.00515573 -0.0297755 0.0384607 0.0234447 0.0274454 0.0269776 -0.0147553 0.0256329 -7.37264e-05 -0.0419113 -0.00781118 0.031128 0.036191 0.00952292 0.0252875 0.0281746 -0.0119061 0.0299291 0.0260451
internal_weight=1376.76 868.213 508.552 842.26 55.5293 581.742 260.518 104.746 32.6275 250.563 243.873 67.8933 25.9532 476.995 70.0628 24.3034 79.9604 24.786 175.98 17.7025 8.32407 12.43 57.571 21.9616 64.0035 27.2061 163.55 6.85865 156.691 129.827
internal_count=700061 27966 672095 18639 30138 7519 11120 3209 7697 5298 3426 2205 9327 4310 1846 2626 1511 1698 1221 680 5071 205 790 1691 2075 711 1016 65 951 851
is_linear=0
shrinkage=0.05


Tree=53
num_leaves=31
num_cat=0
split_feature=11 10 10 17 10 6 6 3 66 1 54 14 2 8 2 7 14 29 14 67 37 14 24 32 17 3 12 58 23 58
split_gain=630.534 41.5387 21.8762 18.1498 17.0245 16.2895 14.7533 12.894 11.3313 6.51331 6.22404 6.10267 5.94855 5.82486 5.64898 5.09678 5.4791 29.0429 8.88328 8.07167 5.83484 4.91969 11.5697 6.21197 5.59634 11.7219 4.97965 6.22781 5.38782 6.81626
threshold=2.3603895902633671 5.7500000000000009 5.2500000000000009 0.82707059383392345 4.7500000000000009 1.0000000180025095e-35 1.0000000180025095e-35 1.5000000000000002 8.6500000953674334 7.5000000000000009 0.090659037232399001 0.11505815014243127 7.5000000000000009 1.0000000180025095e-35 8.5000000000000018 1.5000000000000002 0.13773538917303088 1.0000000180025095e-35 0.66176852583885204 37.250000000000007 0.9132884442806245 3.1221233606338505 0.7947368621826173 0.19090909510850909 0.88900581002235424 1.5000000000000002 0.18350168317556384 0.26372319459915167 2.0627344846725468 0.08101049438118936
decision_type=2 2 2 2 2 2 2 2 2 2 2 2 2 2 2 2 2 2 2 2 2 2 2 2 2 2 2 2 2 2
left_child=1 2 4 7 6 14 8 -3 13 -9 -8 -10 15 -1 21 16 -7 19 -19 -18 -20 26 -23 24 25 -24 27 -5 29 -28
right_child=-2 3 -4 5 -6 12 10 9 11 -11 -12 -13 -14 -15 -16 -17 17 18 20 -21 -22 22 23 -25 -26 -27 28 -29 -30 -31
leaf_value=0.031485084616125737 -0.049555720363741645 -0.019575767416678099 -0.065857615214445206 0.038363562345457236 0.029946831785425721 0.042223162951345233 0.017099459324469473 -0.057210060536403054 0.054022137782929851 0.024622917060957351 -0.039717349984705559 -0.021682598542129682 -0.056188397766024814 -0.073328369467366969 -0.036341780922484072 -0.070485997295186911 -0.061656574592250768 -0.016638383907734932 -0.044633367605848483 0.058245819020522963 0.031157785535453508 -0.047868496105779 -0.091919971340192155 -0.052818861129614585 0.048576315647505725 0.064292390408766636 0.0600577736948711 -0.030894725277415925 0.043435270740159904 -0.028814787205719755
leaf_weight=35.562904932368838 428.19941884212312 26.94301595034085 10.985084449290296 8.4321894063614291 53.674228817770199 31.378486152971163 5.7365395927990894 2.5286191345221587 2.9608124576334403 63.349304560397286 30.172971904503356 26.380302485456923 2.4375888796239442 1.3768559262971383 2.4696697864965236 1.4651137601758808 12.774266291409729 11.219007206193053 2.5896752821572582 1.5768786123953749 130.81155342661077 5.0934723942482369 2.2991147073335076 1.962843835906823 24.867214920377592 2.5141008708160371 3.4600955123314616 5.2773163500241926 342.00520030467305 5.7309789890423417
leaf_count=1390 657592 3553 1546 52 1882 159 663 492 61 1395 20193 4141 890 112 323 48 663 120 71 20 1594 385 36 158 345 37 21 28 2043 48
internal_value=-1.24189e-10 0.0247306 0.00233933 0.0301358 0.00714574 0.0333269 -0.00483024 0.00956414 0.00915339 0.0214819 -0.0306409 -0.0140432 0.021428 0.0275784 0.0390466 0.0224143 0.0231294 0.0193606 0.0260928 -0.0484819 0.0296865 0.0395102 0.0220697 0.0333273 0.0390244 -0.0103251 0.041266 0.0117034 0.04242 0.00464241
internal_weight=1286.23 858.035 166.85 691.186 155.865 598.365 102.19 92.8209 66.2809 65.8779 35.9095 29.3411 194.253 36.9398 404.112 191.815 190.35 158.971 144.62 14.3511 133.401 401.643 36.7367 31.6433 29.6804 4.81322 364.906 13.7095 351.196 9.19107
internal_count=700061 42469 29988 12481 28442 7041 26560 5440 5704 1887 20856 4202 3565 1502 3476 2675 2627 2468 1785 683 1665 3153 961 576 418 73 2192 80 2112 69
is_linear=0
shrinkage=0.05


Tree=54
num_leaves=31
num_cat=0
split_feature=11 10 6 17 6 5 18 65 54 4 12 54 5 43 5 34 29 14 10 54 3 1 13 11 34 54 24 34 63 10
split_gain=574.18 36.6588 18.4517 15.2423 13.0203 11.2983 10.3098 9.93558 8.77812 7.62926 6.82936 6.49271 6.226 6.26577 6.2179 7.39046 24.0422 7.32895 5.97825 5.85474 5.34678 5.2182 4.69526 8.45576 4.6408 4.57031 4.40284 4.38531 4.24041 4.13625
threshold=2.3603895902633671 4.7500000000000009 1.0000000180025095e-35 0.82707059383392345 1.0000000180025095e-35 1.0000000180025095e-35 0.38804556429386144 10.449999809265138 1.3939152359962466 1.0000000180025095e-35 0.58578431606292736 1.068251967430115 1.5000000000000002 2.8617925643920903 1.5000000000000002 0.16040084511041644 1.0000000180025095e-35 0.30427655577659612 10.250000000000002 0.72677716612815868 5.5000000000000009 22.500000000000004 179.16896057128909 3.1143791675567631 0.55071184039115917 1.242470443248749 0.75595238804817211 4.14306664466858 3.2769666910171513 13.250000000000002
decision_type=2 2 2 2 2 2 2 2 2 2 2 2 2 2 2 2 2 2 2 2 2 2 2 2 2 2 2 2 2 2
left_child=1 4 3 5 7 8 9 11 -3 14 12 -1 -5 -14 15 -4 17 -17 -7 26 24 -15 23 -2 -18 -12 -6 -26 -27 -10
right_child=22 2 6 10 19 18 -8 -9 29 -11 25 -13 13 21 -16 16 20 -19 -20 -21 -22 -23 -24 -25 27 28 -28 -29 -30 -31
leaf_value=0.042210038245907466 0.05152972526227776 0.034598231042057073 0.043947833896484434 0.041131620792599348 0.014960028206455532 -0.0023462444457216123 -0.037636660830389412 -0.016093445553001393 0.0033449799650767283 -0.052029552566302609 0.029563673126525244 0.00039791568166065684 -0.058463064759867955 0.042773534233861252 -0.02121819320297735 0.024361436730763578 -0.010896555642113505 -0.058273261057644271 -0.068310248561706199 -0.045815545109391564 -0.06599425331177787 -0.034950637557761545 -0.050230340140215657 -0.056605619541043609 0.02789750725295553 -0.034837525409982827 -0.052510849933499464 -0.025501561479629582 0.021392263771897988 -0.067727672924108112
leaf_weight=22.129299288342736 3.1801621498743762 47.028731672042341 30.747192890441511 345.98407584644156 9.2375071414808172 10.041201083447957 8.561886330800915 24.594711672072663 17.989593096765024 3.7871563344524466 31.034293275974051 15.995719856753565 2.865446073934435 8.9301566912909021 8.9486226453082036 3.4015890378505018 8.8260663281398575 12.705554771877358 5.220601612556492 21.238796228534738 1.6569052482009272 2.8482287684455505 386.77074102667757 4.1893573912384454 141.32651018835168 6.390691629603678 3.2751834393620802 3.9523190486215745 7.0533848028062494 2.309976503631332
leaf_count=428 188 511 197 2557 1509 602 2303 3859 1414 1858 401 1417 11 57 343 44 124 932 231 17627 129 32 655187 2217 1320 717 1720 1417 432 277
internal_value=3.39469e-10 0.0241323 0.0280535 0.0335089 -0.00479134 0.0139321 0.0161711 0.00868355 0.0227369 0.0183104 0.0375001 0.0246674 0.03978 0.00784659 0.0195695 0.0213709 0.0173319 -0.040822 -0.0249105 -0.0298315 0.0233456 0.0239784 -0.049477 -0.00994207 0.0243061 0.0190146 -0.0027004 0.0264448 -0.00533678 -0.00474269
internal_weight=1202.22 808.081 711.61 487.696 96.4712 82.5901 223.914 62.7197 67.3283 215.352 405.106 38.125 360.628 14.6438 211.565 202.616 171.869 16.1071 15.2618 33.7515 155.762 11.7784 394.14 7.36952 154.105 44.4784 12.5127 145.279 13.4441 20.2996
internal_count=700061 42469 15909 7242 26560 3035 8667 5704 2202 6364 4207 1845 2657 100 4506 4163 3966 976 833 20856 2990 89 657592 2405 2861 1550 3229 2737 1149 1691
is_linear=0
shrinkage=0.05


Tree=55
num_leaves=31
num_cat=0
split_feature=11 10 10 14 17 6 6 11 69 1 7 11 2 54 57 5 3 57 2 56 69 17 16 10 18 18 12 27 12 56
split_gain=523.711 33.7438 23.8012 17.1455 16.0811 12.7867 10.335 8.32531 7.96902 8.70569 6.47776 8.86013 6.28967 5.31397 5.26004 5.09669 5.13328 4.92506 4.8824 4.5298 6.12984 4.42447 7.01602 5.80386 4.22943 8.11709 4.19629 4.5736 4.19528 5.75783
threshold=2.3603895902633671 6.7500000000000009 6.2500000000000009 3.785109400749207 0.78869378566741954 1.0000000180025095e-35 1.0000000180025095e-35 1.60357141494751 8.2962846755981463 11.500000000000002 1.0000000180025095e-35 1.5080645084381106 6.5000000000000009 2.7489032745361333 0.66639894247055065 1.5000000000000002 2.5000000000000004 0.58499380946159374 6.5000000000000009 0.91321465373039257 9.6847095489501971 0.96069067716598522 0.96364685893058788 12.250000000000002 0.47049309313297277 0.51818212866783153 0.18350168317556384 44.937500000000007 0.53589746356010448 0.46123798191547399
decision_type=2 2 2 2 2 2 2 2 2 2 2 2 2 2 2 2 2 2 2 2 2 2 2 2 2 2 2 2 2 2
left_child=1 2 3 5 8 10 12 14 9 -3 15 -12 24 18 -7 -1 -17 -10 21 20 -15 23 -23 28 26 -26 27 -6 -8 -30
right_child=-2 4 -4 -5 6 7 13 -9 17 -11 11 -13 -14 19 -16 16 -18 -19 -20 -21 -22 22 -24 -25 25 -27 -28 -29 29 -31
leaf_value=0.034569562977916475 -0.049504854513029641 -0.039768008249752913 -0.066742327782817287 -0.026674036864111392 0.032857277524511896 -0.045271532624428949 0.028494229702688903 -0.039362663695014864 -0.039558664722414122 0.027406688471050752 0.022889804528349624 -0.05507203722971811 0.0052149947651474564 -0.061790481389510189 0.011369544448963055 -0.043579960738102927 0.026542027926350176 0.019253054658830045 -0.033459115747221518 -0.066684486647850441 0.02283776471373589 0.042328675077319106 0.0068894509382361998 -0.029857863803066931 -0.076766485520416761 0.047991159650918762 0.041659400418884537 -0.03071243684127797 0.038977171830411217 -0.053852304558842656
leaf_weight=91.589523125978303 362.11225168369492 5.6395193395437664 10.373675523325799 26.689383685014036 8.9296590210869891 4.4517354699200942 37.595713673508726 11.773342464395681 12.571385804512831 33.319185924243357 10.92206597258337 5.4692007332232597 13.812599711716755 2.6450320656294961 51.714178596979764 4.3663573518861067 6.4880202046733757 4.9659730426283195 3.3975263363099648 2.4817923104674255 11.200476158162926 63.12769570958335 17.933002899255371 6.1554791000671676 2.2471573660732238 3.1056778518250212 297.86145159252192 4.1417663278989485 2.9203076013945966 3.9028990158985835
leaf_count=1803 657592 994 1166 16780 57 812 215 8738 1832 1121 174 1153 540 602 1711 205 169 198 358 115 520 412 193 56 32 32 2324 36 35 86
internal_value=-1.97717e-10 0.0235318 0.00721799 0.0108122 0.0303198 0.0161689 0.0332811 -0.00113337 0.00508352 0.0176827 0.0260607 -0.00312337 0.0382416 0.0224627 0.00688015 0.0307303 -0.00166573 -0.0229052 0.0257204 -0.00447968 0.00667047 0.0272479 0.0344885 0.0156426 0.039684 -0.00438297 0.0404426 0.0127148 0.021948 -0.0141216
internal_weight=1123.9 761.792 223.837 213.464 537.954 186.774 481.458 67.9393 56.4961 38.9587 118.835 16.3913 330.098 151.36 56.1659 102.444 10.8544 17.5374 135.033 16.3273 13.8455 131.635 81.0607 50.5744 316.286 5.35284 310.933 13.0714 44.4189 6.82321
internal_count=700061 42469 32711 31545 9758 14765 5613 11261 4145 2115 3504 1327 3021 2592 2523 2177 374 2030 1355 1237 1122 997 605 392 2481 64 2417 93 336 121
is_linear=0
shrinkage=0.05


Tree=56
num_leaves=31
num_cat=0
split_feature=11 10 10 4 14 57 54 32 6 7 10 66 10 5 5 3 6 3 0 6 36 34 43 3 57 49 43 54 16 6
split_gain=476 33.0196 17.5964 14.8177 12.7893 12.464 12.2126 9.72336 9.3771 8.04806 6.38249 6.31317 8.1853 6.1884 6.11468 6.10084 5.92849 5.13837 5.08375 5.03055 5.0198 4.76433 4.69263 5.80952 6.14314 4.62534 4.77505 4.54614 4.32915 4.92185
threshold=2.3603895902633671 5.7500000000000009 5.2500000000000009 1.0000000180025095e-35 2.8206955194473271 0.82054564356803905 1.0406137108802798 0.51923078298568737 1.0000000180025095e-35 1.0000000180025095e-35 12.250000000000002 10.650000095367433 3.7500000000000004 1.0000000180025095e-35 1.5000000000000002 8.5000000000000018 1.0000000180025095e-35 5.5000000000000009 19.500000000000004 1.0000000180025095e-35 0.74222776293754589 4.0216782093048105 3.5408543348312382 1.5000000000000002 0.97041773796081554 12.638404846191408 4.135134458541871 0.95803049206733715 0.96545210480690014 3.5000000000000004
decision_type=2 2 2 2 2 2 2 2 2 2 2 2 2 2 2 2 2 2 2 2 2 2 2 2 2 2 2 2 2 2
left_child=1 2 4 5 9 6 16 10 22 11 21 13 -13 -1 28 -5 20 -12 -16 -6 25 -8 23 24 -7 -3 -27 -15 29 -10
right_child=-2 3 -4 15 19 8 7 -9 14 -11 17 12 -14 27 18 -17 -18 -19 -20 -21 -22 -23 -24 -25 -26 26 -28 -29 -30 -31
leaf_value=0.044770645600364915 -0.049425116624585347 0.028446735841290566 -0.06472777630977837 -0.043767114853162779 -0.0045541319218896622 0.027597644059323578 0.020341853060824661 -0.062903876813662038 0.030424565493308776 -0.02109523300428412 -0.058605663077640563 -0.025963459145497022 0.020847291749794779 0.02239792617085877 0.0079342977568183076 0.050925719906088497 2.3999061801386222e-05 0.065467574496249445 -0.084286632743139203 -0.044556181002699591 0.045592716893066973 -0.026727685773811023 0.041734748467840053 0.033745492290529824 -0.04950174359432527 0.036932613575140792 -0.057971839299847887 -0.054112564107517275 0.0028693911536630812 -0.034668493630035664
leaf_weight=32.193330100220919 333.03965943991352 20.823724618472628 9.4231543289279198 9.7491592051119351 18.619231223530733 5.5065264538570755 32.482573808869347 5.9991144114756016 121.73000225808937 13.549028539171557 5.6871277897153041 13.015317159872209 33.058357125009934 5.9856332460440154 4.3824559590284471 2.0604600463993838 15.399532850191461 0.97796317836036895 2.2676506992429495 13.600305343747094 40.147855558665469 6.442262663773362 234.79812646920618 37.131768936000299 4.8673426000750624 2.1159263451118013 3.5475203908281401 2.8736011788932956 18.364656154339173 2.9749911585058717
leaf_count=1082 657592 167 1546 3396 4007 60 580 883 1603 3482 514 3833 1177 463 117 21 381 9 18 13954 287 1618 1984 273 36 33 60 444 298 143
internal_value=-4.48405e-11 0.022869 0.00129714 0.0281855 0.00597876 0.0293428 0.0159972 -0.00306405 0.0334706 0.0147536 0.00481018 0.0203284 0.00762376 0.034587 0.0233555 -0.0272458 0.0279843 -0.0404005 -0.0235125 -0.0214395 0.034446 0.0125516 0.0388351 0.0245035 -0.00857682 0.0175503 -0.0225145 -0.00241919 0.025534 0.0288717
internal_weight=1052.81 719.775 142.318 577.457 132.895 565.647 133.624 51.589 432.024 100.675 45.5899 87.1262 46.0737 41.0526 149.72 11.8096 82.0346 6.66509 6.65011 32.2195 66.635 38.9248 282.304 47.5056 10.3739 26.4872 5.66345 8.85923 143.07 124.705
internal_count=700061 42469 29988 12481 28442 9064 4532 3604 4532 10481 2721 6999 5010 1989 2179 3417 928 523 135 17961 547 2198 2353 369 96 260 93 907 2044 1746
is_linear=0
shrinkage=0.05


Tree=57
num_leaves=31
num_cat=0
split_feature=11 10 10 14 57 7 6 14 2 37 11 11 6 5 58 11 1 18 14 54 11 54 36 13 23 16 17 13 11 11
split_gain=433.117 30.866 25.3497 16.9302 14.2206 12.6063 10.8188 9.63393 8.55087 7.77579 7.70851 7.31735 7.27922 5.7244 5.67885 5.14546 5.04621 4.71492 4.61473 4.44301 4.40119 6.66976 5.03925 5.79741 4.33637 4.24029 4.12967 4.0513 6.96682 4.01965
threshold=2.3603895902633671 7.7500000000000009 7.2500000000000009 4.5608761310577401 0.52096602320671093 1.0000000180025095e-35 1.0000000180025095e-35 0.32815524935722357 6.5000000000000009 0.97164231538772594 1.5080645084381106 1.60357141494751 1.0000000180025095e-35 1.0000000180025095e-35 0.341289833188057 1.0606617927551272 25.500000000000004 0.33564202487468725 2.2787655591964726 0.11639168485999109 0.92980295419693004 1.3029109239578249 0.87555310130119335 320.25642395019537 2.0627344846725468 0.42578591406345373 0.99234843254089367 179.16896057128909 3.1143791675567631 1.6726190447807314
decision_type=2 2 2 2 2 2 2 2 2 2 2 2 2 2 2 2 2 2 2 2 2 2 2 2 2 2 2 2 2 2
left_child=1 2 3 5 7 6 13 -3 12 15 19 14 20 -1 26 -9 29 -14 -19 -7 21 -6 23 -23 -22 -17 -8 28 -2 -15
right_child=27 4 -4 -5 8 10 11 9 -10 -11 -12 -13 17 16 -16 25 -18 18 -20 -21 24 22 -24 -25 -26 -27 -28 -29 -30 -31
leaf_value=0.037857255873493534 0.048407003979282014 0.042143707379687215 -0.069369351672481774 -0.034858581357676416 0.040652469270636038 0.041914253227500198 0.018578381662290106 -0.055811167510726234 -0.0025543245176747839 0.020217809920580615 -0.051075528179305954 -0.036612014750056314 0.028436018960361176 0.034183212002770823 -0.058592128281615419 0.025933797615336186 -0.013107425034061915 0.018620448707219264 -0.045555369159410324 -0.0077848255404909779 -0.0028585467303491479 0.018964806577129859 0.035757364011786412 -0.053616547529261982 0.044827538155903048 -0.052643516432177753 -0.025411570419691512 -0.050184464234293895 -0.056436884347550002 -0.005554844994077413
leaf_weight=78.005720838416892 2.8417002924907129 11.113701308378948 9.9412076153857907 17.915874099904613 32.34929375606589 5.5651532371994135 56.488171874556429 10.381764851219492 15.45977583196145 11.140200143181572 9.0631008199452463 9.0765484699932113 99.826388548084651 27.630558761651628 2.7817253602224801 4.9070787095697588 11.436330143662415 7.7533713642624189 4.3856950535118813 23.429077635912108 4.8897209266433483 5.3441678332310421 7.0408093898149664 5.6703376605291851 190.59432441962417 2.6408753998621251 5.8916201877582344 300.00717991481906 3.5814312541260733 8.2680535533727362
leaf_count=1488 188 135 911 15565 187 93 1891 1725 999 457 4690 7091 1009 326 365 387 385 92 281 1006 36 98 79 79 1637 398 344 655187 2217 715
internal_value=1.54964e-10 0.0222687 0.00896456 0.0120118 0.0308109 0.0155455 0.0205743 0.00254877 0.0338531 -0.0125887 -0.0108267 0.00544795 0.0354259 0.0295336 0.0113066 -0.0329723 0.0158165 0.0248581 -0.00456548 0.00175442 0.040238 0.0270643 0.00271875 -0.0184005 0.0436347 -0.0015588 0.0144236 -0.0493432 -0.0100522 0.0250309
internal_weight=985.421 678.991 265.493 255.552 413.498 237.636 199.579 40.1836 373.314 29.0699 38.0573 74.2381 357.854 125.341 65.1615 17.9297 47.3349 111.965 12.1391 28.9942 245.889 50.4046 18.0553 11.0145 195.484 7.54795 62.3798 306.43 6.42313 35.8986
internal_count=700061 42469 34870 33959 7599 18394 12605 3102 4497 2967 5789 9691 3498 2914 2600 2510 1426 1382 373 1099 2116 443 256 177 1673 785 2235 657592 2405 1041
is_linear=0
shrinkage=0.05


Tree=58
num_leaves=31
num_cat=0
split_feature=11 10 10 54 57 7 6 69 1 6 11 57 11 5 12 27 54 7 11 13 18 8 12 37 7 5 10 1 17 17
split_gain=394.645 26.8608 20.631 15.1264 14.1348 11.4815 10.5075 9.75529 8.01814 7.25777 7.22366 7.00084 5.98736 5.03958 4.88342 4.75904 4.41013 4.30933 4.1922 4.64968 4.19113 4.02057 3.94363 5.47216 4.7113 4.45755 5.11351 3.7985 3.77891 3.64811
threshold=2.3603895902633671 7.7500000000000009 7.2500000000000009 4.5883610248565683 0.54246145486831676 1.0000000180025095e-35 1.0000000180025095e-35 8.2962846755981463 11.500000000000002 1.0000000180025095e-35 1.5080645084381106 0.66639894247055065 1.60357141494751 1.0000000180025095e-35 0.62828946113586437 26.851666450500492 0.11639168485999109 1.0000000180025095e-35 1.7549999952316286 373.23710632324224 0.26088383793830877 1.0000000180025095e-35 0.27429467439651495 0.97245988249778759 1.0000000180025095e-35 1.0000000180025095e-35 8.7500000000000018 23.500000000000004 0.91875183582305919 0.99234843254089367
decision_type=2 2 2 2 2 2 2 2 2 2 2 2 2 2 2 2 2 2 2 2 2 2 2 2 2 2 2 2 2 2
left_child=1 2 3 5 7 6 13 8 -3 14 16 -8 29 21 22 17 -7 -11 19 -15 -9 -1 23 24 25 26 -6 -23 -17 -13
right_child=-2 4 -4 -5 9 10 11 20 -10 15 -12 12 -14 18 -16 28 -18 -19 -20 -21 -22 27 -24 -25 -26 -27 -28 -29 -30 -31
leaf_value=0.039561118809345749 -0.049361790559116658 -0.047349692185023252 -0.067197174176605631 -0.039637275650459915 -0.018184833164652216 0.041912062594625807 -0.04869206950589984 0.028631266658689942 0.026337579355004411 0.012295733521898502 -0.050711349460892577 0.018452881294860942 -0.033395953141272042 0.030765461606968355 0.0074506058192017376 0.0050664993220604516 -0.0081837013167081873 -0.044688648877713961 -0.0095857537297193325 -0.033061834139609197 -0.05668820393489557 0.018546159187359437 0.043064554984322184 0.046397519971011915 -0.056964556526785948 -0.047436373370764784 0.038314320423444827 -0.081515010025887069 0.032231546711466934 -0.023677315787481543
leaf_weight=70.471456861094339 281.40987550147202 4.3054094579420079 8.5953103379360964 13.586593385078229 5.2109219869598844 5.4312601208803271 5.713354652061752 1.7511515205114836 25.899607850224129 16.732809289453147 8.6859881451437086 52.856675417686347 7.3928359495475879 29.818638833705336 12.402282387716694 15.490225897068738 22.988226986672089 4.1382145737297824 12.260997815938024 3.1552433380857101 8.0845739360411226 3.7526794456352937 179.39654238073854 20.445975713199005 2.2609493223135351 2.3282718061236656 17.301369026914472 1.2692622782451506 73.775563232695276 5.6916062961026901
leaf_count=1440 657592 793 911 14292 39 93 2572 83 872 378 4999 1477 5984 431 532 446 1068 104 1020 51 1421 91 1578 170 27 33 160 62 963 379
internal_value=3.56077e-10 0.0216641 0.00893241 0.0116244 0.02989 0.0146593 0.0195709 0.00175099 0.0158342 0.0331139 -0.0108063 0.00440322 0.00900357 0.0285732 0.0380017 0.022492 0.00139012 0.000997121 0.0153761 0.0246579 -0.0414979 0.0364809 0.0396713 0.0268686 0.0121355 0.0184249 0.0252365 -0.00674363 0.0275176 0.0143573
internal_weight=922.604 641.194 251.67 243.075 389.524 229.488 192.383 40.0407 30.205 349.483 37.1055 71.6545 65.9411 120.728 239.346 110.137 28.4195 20.871 45.2349 32.9739 9.83573 75.4934 226.944 47.5475 27.1015 24.8406 22.5123 5.02194 89.2658 58.5483
internal_count=700061 42469 34870 33959 7599 19667 13507 3169 1665 4430 6160 10412 7840 3095 2539 1891 1161 482 1502 482 1504 1593 2007 429 259 232 199 153 1409 1856
is_linear=0
shrinkage=0.05


Tree=59
num_leaves=31
num_cat=0
split_feature=11 4 10 10 57 7 3 69 6 2 7 11 57 1 11 6 12 5 34 54 65 18 14 27 37 8 19 13 11 12
split_gain=359.198 24.4518 18.6588 17.7999 12.9 11.1886 9.73937 9.37437 8.78545 6.90144 7.59615 6.62539 6.17396 6.01139 4.95599 4.78057 4.58477 4.57508 4.86512 4.48843 4.21899 4.21134 5.19806 3.89068 3.83192 3.73888 3.61515 3.55129 5.86201 3.45373
threshold=2.3603895902633671 1.0000000180025095e-35 7.7500000000000009 7.2500000000000009 0.52096602320671093 1.0000000180025095e-35 6.5000000000000009 8.2962846755981463 1.0000000180025095e-35 5.5000000000000009 1.0000000180025095e-35 1.5080645084381106 0.66639894247055065 11.500000000000002 1.60357141494751 1.0000000180025095e-35 0.54006412625312816 1.0000000180025095e-35 4.6776068210601816 0.11639168485999109 16.250000000000004 0.33564202487468725 2.2787655591964726 26.851666450500492 0.99309694766998302 1.0000000180025095e-35 0.037176810204982765 179.16896057128909 3.1143791675567631 0.27429467439651495
decision_type=2 2 2 2 2 2 2 2 2 2 2 2 2 2 2 2 2 2 2 2 2 2 2 2 2 2 2 2 2 2
left_child=1 2 3 5 7 8 -3 13 17 15 16 19 -10 -4 -14 29 20 25 -19 -7 -11 23 -23 -17 -9 -1 -21 28 -2 -6
right_child=27 6 4 -5 9 11 -8 24 12 10 -12 -13 14 -15 -16 21 -18 18 -20 26 -22 22 -24 -25 -26 -27 -28 -29 -30 -31
leaf_value=0.039638627951046446 0.045211127090887142 -0.04393438152387999 -0.043741262079260906 -0.066761640062860672 0.027659951715828131 0.042854850515302606 0.033478742939980197 -0.05642085829914726 -0.04604994396786824 -0.0059657043961332465 -0.051011293307212185 -0.050363115981629417 0.014497177397129494 0.025482856290537793 -0.031408314433884664 0.0075545695671699097 -0.002696476750966249 0.019117529706180386 -0.060571384022582768 -0.0034011117040173631 0.053283203400104201 0.021024949473915248 -0.055689010009627476 0.034992532044198596 0.042402634164012382 -0.0064157842538790913 -0.079964455083042618 -0.050168600231409947 -0.056090046475843092 0.043522807800940533
leaf_weight=61.672855940756563 2.5968376189266555 19.475960126246722 3.6286413451598518 7.0151975993612714 44.112566515279468 5.1078340603271526 5.1339655684460004 7.5834589125552139 5.4035641619520893 4.0237722010351744 4.2616201284617992 8.3168480205786164 55.820161014416954 23.108314990458894 6.5717103915358157 15.806863286270525 11.973591994192246 40.630542211201828 2.0100581154110833 20.884596819454604 11.862494970875558 6.6844303726684284 3.2974742231599521 70.741975279699545 1.1266605571836406 4.7461085520772022 1.664680517715168 253.34053548453812 3.1731067733016971 154.47137019652291
leaf_count=1143 188 13488 552 612 401 70 464 971 3381 37 176 5954 2184 578 6163 164 666 865 862 1354 123 57 170 527 27 174 40 655187 2217 1266
internal_value=4.65844e-10 0.0210337 0.0230961 0.0116024 0.0300631 0.0141854 -0.0277849 0.00141204 0.0193558 0.0331667 0.0111573 -0.0112335 0.00522151 0.016088 0.00966197 0.0355622 0.020667 0.0281422 0.015361 0.000533293 0.0382763 0.0264347 -0.00431714 0.0299814 -0.043638 0.0363477 -0.00905333 -0.0492852 -0.0104982 0.0399991
internal_weight=866.248 607.137 582.527 219.844 362.683 212.829 24.6099 35.4471 176.855 327.236 32.1215 35.974 67.7954 26.737 62.3919 295.115 27.8599 109.06 42.6406 27.6571 15.8863 96.5307 9.9819 86.5488 8.71012 66.419 22.5493 259.11 5.76994 198.584
internal_count=700061 42469 28517 22802 5715 22190 13952 2128 14772 3587 1002 7418 11728 1130 8347 2585 826 3044 1727 1464 160 918 227 691 998 1317 1394 657592 2405 1667
is_linear=0
shrinkage=0.05


Tree=60
num_leaves=31
num_cat=0
split_feature=11 10 10 17 14 2 6 29 5 10 54 12 18 12 69 66 34 6 36 12 17 16 5 29 0 16 5 17 14 32
split_gain=327.554 22.7858 17.5338 13.587 11.0277 7.74402 6.76803 6.10606 6.08384 5.42586 7.76615 5.29537 4.87052 5.64391 4.86171 4.76658 4.56764 4.54876 4.18897 4.04541 3.69207 4.71708 3.94721 3.63904 3.27136 3.26622 3.21792 4.39755 3.25372 8.53525
threshold=2.3603895902633671 6.7500000000000009 6.2500000000000009 0.78869378566741954 2.9289598464965825 3.5000000000000004 1.0000000180025095e-35 10.698869705200197 1.0000000180025095e-35 4.7500000000000009 0.10293394327163698 0.58578431606292736 0.47049309313297277 0.35857143998146063 11.706211566925051 6.4500000476837167 4.0216782093048105 1.0000000180025095e-35 0.74901574850082409 0.63818180561065685 0.91875183582305919 0.94265103340148937 1.5000000000000002 1.0000000180025095e-35 12.500000000000002 0.65885639190673839 1.5000000000000002 0.97322702407836925 2.7830677032470708 1.0000000180025095e-35
decision_type=2 2 2 2 2 2 2 2 2 2 2 2 2 2 2 2 2 2 2 2 2 2 2 2 2 2 2 2 2 2
left_child=1 2 4 7 5 9 11 8 19 10 -1 12 26 -14 -6 17 20 -12 25 -3 -8 22 -22 -10 -16 -9 28 -28 -5 -30
right_child=-2 3 -4 6 14 -7 16 18 23 -11 15 -13 13 -15 24 -17 -18 -19 -20 -21 21 -23 -24 -25 -26 -27 27 -29 29 -31
leaf_value=0.042057179070153022 -0.049288634529123514 0.029915129140816562 -0.064733188792420057 0.042642063114318007 -0.029926509583083422 -0.0094547435719615422 0.0019197437640400532 -0.056489263484134133 -0.073066365435080313 0.030942027335285879 0.029643800296625888 0.012116061495559384 -0.081231950049692137 0.040040050803509329 -0.034992959835453225 -0.021614552796368477 -0.043730928209850868 -0.057527119195751902 0.01324993150395894 -0.054352834405641905 0.03408494090156225 0.005483416639832657 -0.030218674150056177 0.0018629317178158985 0.025342733461397489 0.053830666616370537 -0.036603010474475971 0.035744512345923921 0.032662669020369003 -0.065248103838984842
leaf_weight=12.025133976816504 238.07289246596974 22.660785856289301 8.4850069836884341 170.69273881730624 22.471440528290259 24.975643325768033 19.031343811169791 8.1151696904744277 2.7755921836360349 62.379643335498258 11.216266070070562 22.503283149075287 1.8448345823271659 1.9989404310763346 3.0275649771774615 18.342396757097958 2.7008136907825238 1.726965925819967 4.2044306021325601 1.5197348175624927 72.38429366285709 21.68887412298136 2.4678508701545061 3.8933736237104313 8.708879254449128 0.73140026352484788 3.2938848367193696 5.79693252814468 28.407080950739331 2.4150808074045917
leaf_count=575 657592 884 1166 1553 14614 4867 331 1563 353 932 371 824 29 23 3323 4500 1064 845 356 709 772 385 40 235 1518 45 33 43 414 102
internal_value=2.75335e-10 0.0204971 0.00536142 0.0270712 0.00896874 0.0155851 0.0303143 0.00082936 0.012958 0.0215022 0.00790625 0.0351903 0.0376116 -0.0181649 -0.0163041 -0.0052202 0.0205456 0.0180129 -0.02784 0.0246189 0.0220477 0.0260156 0.0319649 -0.0293223 0.00977837 -0.0473684 0.0386296 0.00953076 0.0399423 0.0249908
internal_weight=810.558 572.485 173.359 399.126 164.874 130.666 355.226 43.9005 30.8495 105.69 43.3108 236.953 214.449 3.84378 34.2079 31.2856 118.273 12.9432 13.051 24.1805 115.572 96.541 74.8521 6.66897 11.7364 8.84657 210.606 9.09082 201.515 30.8222
internal_count=700061 42469 32711 9758 31545 12090 5613 4145 2181 7223 6291 3021 2197 52 19455 5716 2592 1216 1964 1593 1528 1197 812 588 4841 1608 2145 76 2069 516
is_linear=0
shrinkage=0.05


Tree=61
num_leaves=31
num_cat=0
split_feature=11 4 54 29 54 46 17 10 69 3 14 10 12 2 45 14 3 6 2 34 34 26 27 0 49 57 36 57 58 12
split_gain=297.836 20.6183 14.6948 30.0748 17.3821 19.4313 16.5392 11.8506 10.0722 8.25355 8.09071 8.00889 6.49606 5.67655 5.43895 5.17865 5.11187 4.7611 4.7557 4.12752 4.06928 4.2755 4.09341 4.06654 3.96578 4.46544 3.9273 3.85836 6.9565 3.65479
threshold=2.3603895902633671 1.0000000180025095e-35 0.1297685578465462 1.0000000180025095e-35 0.36689652502536779 18.300000190734867 0.79991695284843456 6.7500000000000009 11.433653354644777 6.5000000000000009 0.18431045114994052 6.2500000000000009 0.4629120826721192 1.0000000180025095e-35 59.850000381469734 0.18431045114994052 1.0000000180025095e-35 1.0000000180025095e-35 2.5000000000000004 3.7504276037216191 1.1588239669799807 39.916666030883796 43.186666488647468 21.500000000000004 16.162660598754886 0.43525071442127233 0.71486642956733715 0.99796420335769664 0.15864710509777072 0.58578431606292736
decision_type=2 2 2 2 2 2 2 2 2 2 2 2 2 2 2 2 2 2 2 2 2 2 2 2 2 2 2 2 2 2
left_child=1 2 8 4 -4 18 14 11 27 -3 -10 12 -8 23 16 -9 -5 26 -6 -14 21 -19 -22 -7 25 -16 -17 -1 -29 -28
right_child=-2 9 3 6 5 13 7 15 10 -11 -12 -13 19 -15 24 17 -18 20 -20 -21 22 -23 -24 -25 -26 -27 29 28 -30 -31
leaf_value=0.044899590980579863 -0.049183206269563566 -0.043143487453172563 0.032049345015848253 -0.056214799910380003 0.03126087708481546 -0.039102597779529326 0.033060950952049827 -0.056483092558698336 -0.068383081335604584 0.031042952741239915 0.044149254973311847 -0.064342243767284549 0.0084980442370648553 -0.06232165380499495 -0.045429563653851791 0.019033987136211548 0.020621890953812266 0.019731270178112766 -0.025210611673008705 -0.038544021402384575 -0.0064708269715596477 -0.04185163396526187 0.033346151074411551 0.047684893225473091 -0.079286353956980304 0.0077358352087022247 0.045259078110104212 0.034806015739664679 -0.06393672929493166 0.013677227143768955
leaf_weight=94.428601346055075 219.35285128287978 17.51529561176358 15.588445666682672 2.4785414101006635 12.012854322529167 3.7289460429892669 29.899633299391098 1.5954057266935695 3.8736864315324047 4.7701965137002835 2.7179418259329395 3.3552406063536173 47.194517932457529 25.498067613589228 7.3188634034941087 20.45852968563122 17.090792569469158 7.7750676775613083 5.405881772414431 5.1741215852343876 7.2690908771182867 4.4210294061922468 57.627717562420003 2.1154634890408488 3.0148952156305304 8.579210469608368 112.84296070237178 7.9155790216609585 2.3025508973514661 9.9700424080510839
leaf_count=1300 657592 13488 430 614 488 734 946 14 161 464 52 331 3948 4975 2738 250 1001 89 547 5561 209 39 909 40 702 826 1150 159 44 260
internal_value=6.99306e-11 0.019834 0.021846 0.0174771 -0.013911 -0.0286041 0.0233136 0.0271799 0.0379653 -0.0272639 -0.0219824 0.0113784 0.0144666 -0.0521343 -0.00758925 0.0332755 0.0108902 0.0339254 0.013735 0.0038502 0.0239064 -0.00259225 0.0288863 -0.00768869 -0.02671 -0.0167395 0.0393165 0.0417414 0.0125553 0.0426952
internal_weight=763.292 543.939 521.654 410.415 64.3497 48.7612 346.066 307.583 111.238 22.2855 6.59163 85.6235 82.2683 31.3425 38.4823 221.96 19.5693 220.364 17.4187 52.3686 77.0929 12.1961 64.8968 5.84441 18.913 15.8981 143.272 104.647 10.2181 122.813
internal_count=700061 42469 28517 26801 7214 6784 19587 13706 1716 13952 213 10786 10455 5749 5881 2920 1615 2906 1035 9509 1246 128 1118 774 4266 3564 1660 1503 203 1410
is_linear=0
shrinkage=0.05


Tree=62
num_leaves=31
num_cat=0
split_feature=10 4 10 10 17 2 3 1 6 10 5 12 10 10 14 12 12 57 29 24 54 16 17 10 10 10 65 34 44 7
split_gain=270.59 23.0323 14.6028 13.7367 10.0033 8.27814 7.91522 7.52121 5.51874 5.16463 4.9609 4.45999 4.29225 10.8666 4.1653 3.5967 3.52391 3.40851 3.35807 3.30252 3.22728 3.30176 3.44348 3.95063 3.03593 5.2663 3.88089 3.76677 3.10086 2.87707
threshold=-1.0000000180025095e-35 1.0000000180025095e-35 6.7500000000000009 6.2500000000000009 0.90777143836021434 3.5000000000000004 6.5000000000000009 17.500000000000004 1.0000000180025095e-35 14.250000000000002 1.0000000180025095e-35 1.2583333253860476 8.7500000000000018 8.2500000000000018 2.9289598464965825 0.77350428700447094 0.58578431606292736 0.89373958110809337 5.0222330093383798 0.93499580025672924 2.7489032745361333 0.94265103340148937 0.96069067716598522 12.250000000000002 4.7500000000000009 4.2500000000000009 12.050000190734865 1.5283994674682619 1.0000000180025095e-35 1.0000000180025095e-35
decision_type=2 2 2 2 2 2 2 2 2 2 2 2 2 2 2 2 2 2 2 2 2 2 2 2 2 2 2 2 2 2
left_child=-1 2 3 5 7 14 -3 9 16 15 12 -7 13 29 24 17 -6 -4 -12 -16 21 22 23 -10 25 26 -2 28 -28 -9
right_child=1 6 4 -5 8 11 -8 10 20 -11 18 -13 -14 -15 19 -17 -18 -19 -20 -21 -22 -23 -24 -25 -26 -27 27 -29 -30 -31
leaf_value=-0.050206715594227548 0.029997942156753388 -0.043519711714789931 0.0092321417834071336 -0.063678382186551516 0.040611725163284568 -0.0027486839035406074 0.029145909461213315 0.03940687786809393 0.02525745617208864 -0.061237442137722448 -0.062966594124756567 -0.051979382423331583 0.038555624980212144 -0.078475368859838232 -0.03525526925924484 -0.054613036590318756 0.015976040486554082 -0.08853875864730372 0.0082755041607091538 0.0097535202405965166 -0.0038664751585462658 0.0074594843469275134 0.040169169289880874 -0.029526033821870301 0.029499489264700876 -0.060398644386093964 0.023062106322521245 0.018457663595224685 -0.059521277035304368 -0.022124287711168217
leaf_weight=195.08597280063441 19.512249004044861 19.080068762013983 32.560688320561894 6.4063557016870609 137.22858402295969 24.720987179296575 4.6634861128613911 10.153295351683481 19.901028050226163 3.5260190052213138 2.324080777820198 5.6523487129188643 39.187288547953358 2.9724551214167141 5.6906194729108401 2.5890540023829081 16.232677099138527 0.9165193559601893 5.7376507292356109 14.36051535054321 10.262999764854611 18.853478096505569 40.312006116728298 3.9428331517774486 54.976953757992305 2.4279272404965004 1.5848515817633595 7.2233714654057621 4.0195641116169991 2.33704535391007
leaf_count=641957 907 21786 1094 851 1440 5483 712 229 194 385 92 12470 614 71 2720 1291 368 7 230 3258 651 240 369 29 666 151 123 890 706 77
internal_value=-9.85206e-11 0.0188591 0.0211638 0.00791974 0.0267255 0.0111921 -0.0292474 0.0135802 0.032176 -0.00348207 0.0243522 -0.0119103 0.0297535 0.00744624 0.017583 0.00216439 0.0380058 0.00655543 -0.0122626 -0.00302022 0.0225843 0.0258546 0.0312603 0.0161984 0.0221862 0.0106222 0.015954 -0.00540803 -0.0361678 0.0278939
internal_weight=714.443 519.357 495.613 146.576 349.038 140.169 23.7436 102.304 246.734 39.5923 62.7118 30.3733 54.6501 15.4628 109.796 36.0663 153.461 33.4772 8.06173 20.0511 93.2723 83.0093 64.1559 23.8439 89.7449 34.768 32.34 12.8278 5.60442 12.4903
internal_count=700061 58104 35606 28225 7381 27374 22498 4090 3291 2777 1313 17953 991 377 9421 2392 1808 1101 322 5978 1483 832 592 223 3443 2777 2626 1719 829 306
is_linear=0
shrinkage=0.05


Tree=63
num_leaves=31
num_cat=0
split_feature=10 12 3 10 10 54 57 69 58 58 23 1 58 43 11 2 6 1 12 34 2 12 10 10 5 6 38 54 65 18
split_gain=246.693 20.4372 12.8948 7.68605 12.0181 6.41677 6.40224 6.98725 5.61692 5.56763 6.80432 4.49944 4.72474 4.39887 4.23426 4.12747 3.92576 3.82194 3.80365 3.7219 3.45533 3.38262 6.52514 8.48123 4.27608 3.11292 3.05887 4.69895 3.03147 2.92755
threshold=-1.0000000180025095e-35 0.67543861269950878 1.0000000180025095e-35 7.7500000000000009 7.2500000000000009 1.272581219673157 0.53123265504837047 8.2962846755981463 0.27186056971549993 0.10434039309620859 3.8259057998657231 14.500000000000002 0.20053732395172122 4.2121002674102792 1.2649122476577761 6.5000000000000009 1.0000000180025095e-35 11.500000000000002 1.0277777910232546 3.9071062803268437 1.0000000180025095e-35 0.25462962687015539 8.7500000000000018 8.2500000000000018 1.0000000180025095e-35 1.0000000180025095e-35 0.37540295720100408 1.7199587821960451 13.84999990463257 0.27014097571372991
decision_type=2 2 2 2 2 2 2 2 2 2 2 2 2 2 2 2 2 2 2 2 2 2 2 2 2 2 2 2 2 2
left_child=-1 2 9 4 8 11 7 17 -4 -2 -11 12 -3 -10 -12 16 21 -5 -7 -15 -14 22 23 -8 -24 -13 -18 -28 -17 -9
right_child=1 5 3 6 -6 18 15 29 13 10 14 25 20 19 -16 28 26 -19 -20 -21 -22 -23 24 -25 -26 -27 27 -29 -30 -31
leaf_value=-0.050197253755875137 0.032135374904784263 0.035230736544719109 0.025328745540920395 -0.042038063829369587 -0.066482705341348952 -0.0084089254357614957 0.039499841634940094 0.037574374224027707 -0.01667315106244828 -0.053824527339878928 0.024619900041743348 0.0070038694612229099 0.047086057638557451 0.022589770779839157 -0.040148393009230107 -0.057567264384531525 0.028988266010174665 0.02925485849136238 -0.043092858158914074 -0.044456850382437317 -0.029407384076984362 0.041776698083785598 0.042594192421298416 -0.088805371876381184 -0.025722572270076401 -0.033770823798903254 0.020420597456724213 -0.047645698913548508 0.018275220054424494 -0.0579639831838972
leaf_weight=179.3500156916034 5.9159523044108964 17.757230641216669 86.836375598275481 2.1308514107076979 4.3427974821734088 20.613010462772763 2.4382732077501741 0.96069496318523206 16.897282882484433 9.5917114325766324 7.6632222781954606 10.442368964540039 1.9464737683883848 22.481953807149697 3.7623447667410801 2.0710304452222763 59.098227035196032 15.961376051680416 12.821429995492506 2.2798098034982095 6.1121471055730581 125.60615293502633 18.868806685437452 2.7301457212306559 2.6069655359024173 8.4838070413761653 9.4251233419345208 3.4687447371688895 3.6214524307579268 4.8492526498812367
leaf_count=641957 464 1593 4332 165 268 8412 38 26 969 2172 596 1801 32 698 1322 36 601 408 24085 1143 1293 1521 209 12 29 5130 98 193 75 383
internal_value=-5.78785e-11 0.0183065 0.0227379 0.0250679 0.0153233 -0.00513842 0.0301674 0.00553868 0.0180881 -0.0107132 -0.0227743 0.00724468 0.0208209 0.00299522 0.00329224 0.0327276 0.033795 0.0208582 -0.0217095 0.0164168 -0.0109312 0.0383442 0.0221626 -0.0282756 0.0343012 -0.0112737 0.0241742 0.00210921 -0.00931768 -0.0421664
internal_weight=671.135 491.785 413.609 386.675 132.838 78.1765 253.837 23.9022 128.495 26.9332 21.0173 44.742 25.8159 41.659 11.4256 229.935 224.242 18.0922 33.4344 24.7618 8.05862 152.25 26.6442 5.16842 21.4758 18.9262 71.9921 12.8939 5.69248 5.80995
internal_count=700061 58104 15758 11204 7410 42346 3794 982 7142 4554 4090 9849 2918 2810 1918 2812 2701 573 32497 1841 1325 1809 288 50 238 6931 892 291 111 409
is_linear=0
shrinkage=0.05


Tree=64
num_leaves=31
num_cat=0
split_feature=10 10 10 57 2 54 54 4 32 14 6 31 18 6 69 7 26 58 57 3 1 5 7 12 11 66 12 11 37 5
split_gain=225.128 20.6206 10.9648 9.73485 8.91411 7.81313 7.09679 7.10555 5.54909 4.95486 5.54117 8.91274 4.91537 5.22473 4.70857 4.45868 7.67081 5.23142 4.3651 4.31932 4.05483 3.78099 3.56374 3.49191 3.42502 3.28797 3.28259 3.2718 3.2372 3.20873
threshold=-1.0000000180025095e-35 6.7500000000000009 6.2500000000000009 0.82054564356803905 5.5000000000000009 1.0406137108802798 0.090659037232399001 1.0000000180025095e-35 0.38345864415168768 0.095773007720708861 1.0000000180025095e-35 1.0000000180025095e-35 0.4450449943542481 1.0000000180025095e-35 8.2962846755981463 1.0000000180025095e-35 18.662499427795414 0.15285345166921618 0.54246145486831676 2.5000000000000004 12.500000000000002 1.5000000000000002 1.0000000180025095e-35 0.62828946113586437 1.2649122476577761 20.250000000000004 0.69397994875907909 1.5080645084381106 0.99388921260833751 1.5000000000000002
decision_type=2 2 2 2 2 2 2 2 2 2 2 2 2 2 2 2 2 2 2 2 2 2 2 2 2 2 2 2 2 2
left_child=-1 2 4 5 6 14 -2 9 20 -8 21 -12 13 15 29 23 17 -17 -16 -14 -7 22 -11 -5 -18 -15 -13 -24 -27 -3
right_child=1 3 -4 12 -6 8 7 -9 -10 10 11 26 19 25 18 16 24 -19 -20 -21 -22 -23 27 -25 -26 28 -28 -29 -30 -31
leaf_value=-0.050187589427322515 0.03781460615698784 0.03440970099593136 -0.062176283613770644 0.04360647202017609 -0.040785596061861419 -0.042609038773165686 -0.097395862136573835 -0.037143292004080182 -0.061767180218912511 0.02848606812350234 -0.05384795346324537 0.014594797479790212 -0.056015336650255265 0.023331594226016959 -0.039689075250745387 0.02795198286253682 0.042478260322942038 -0.057377962049525832 0.021447323404289027 0.04074668101868599 0.0079917920074262551 -0.015364567445705218 0.012952339688632403 0.0097264293393252814 -0.0064971472133216433 0.011789972720558758 -0.02183213907002975 -0.052723462222415376 -0.081851463795228896 -0.042365398608644633
leaf_weight=165.10747005427402 18.012446350179744 34.487587660187273 6.2965179702914602 108.06738121929811 9.7976235002697631 4.8446063307910725 1.1074304630164977 9.5899590472436085 4.420780647036735 46.072780277127094 7.6904877106662743 25.603565827302191 3.0610643425461594 82.318961441191277 5.1316515007420076 2.9527781721553792 20.039567629050001 4.5858120780321769 6.7734795366995968 1.8505237384051723 21.66036629798873 7.3752845873605102 6.879677652512326 8.1810265271087683 4.343594037112779 2.4508227373007681 8.1542806334718971 2.6179614777029201 1.4804576866736168 1.4168309155502345
leaf_count=641957 785 689 1289 1514 21125 1472 7 10799 1200 1666 3892 2067 113 1795 265 48 197 46 114 44 1877 781 210 408 85 47 4230 1223 60 56
internal_value=1.52138e-10 0.0177337 0.00239753 0.0249276 0.00524278 0.00967682 0.00863087 0.00406346 -0.00990689 0.0078091 0.00892513 -0.00527074 0.0299447 0.0309819 0.0223446 0.0366771 0.0201254 -0.0239552 -0.00490524 -0.0195586 -0.00125708 0.0182728 0.0227371 0.0412222 0.0337538 0.0211982 0.00579579 -0.00515076 -0.0234739 0.0313801
internal_weight=632.373 467.265 149.198 318.067 142.901 78.7353 133.104 115.091 30.9258 105.501 104.394 41.4483 239.332 234.42 47.8095 148.17 31.9218 7.53859 11.9051 4.91159 26.505 62.9457 55.5704 116.248 24.3832 86.2502 33.7578 9.49764 3.93128 35.9044
internal_count=700061 58104 48074 10030 46785 5673 25660 24875 4549 14076 14069 10189 4357 4200 1124 2298 376 94 379 157 3349 3880 3099 1922 282 1902 6297 1433 107 745
is_linear=0
shrinkage=0.05


Tree=65
num_leaves=31
num_cat=0
split_feature=10 10 10 17 14 6 12 14 10 65 1 6 20 14 54 69 11 49 14 34 3 8 18 12 18 11 2 54 29 43
split_gain=205.671 18.3331 11.2928 8.75082 7.36868 7.10425 6.14057 5.54502 4.39356 5.60645 3.86077 3.64333 3.54713 3.78935 3.31547 3.57964 3.26132 3.11741 13.5338 4.84932 3.10173 3.09854 3.08024 3.31423 4.30535 3.09823 2.88729 2.86533 2.81825 2.57885
threshold=-1.0000000180025095e-35 5.7500000000000009 5.2500000000000009 0.91074064373970043 2.8206955194473271 1.0000000180025095e-35 0.63818180561065685 0.16108147054910663 4.7500000000000009 10.650000095367433 12.500000000000002 1.0000000180025095e-35 0.0022366034099832181 1.1534383296966555 1.0406137108802798 13.027177333831789 1.431677043437958 8.9657583236694354 0.35344822704792028 0.61325433850288402 1.0000000180025095e-35 1.0000000180025095e-35 0.44265677034854894 0.44722221791744238 0.37642948329448706 0.92980295419693004 5.5000000000000009 1.242470443248749 1.0000000180025095e-35 3.4811217784881596
decision_type=2 2 2 2 2 2 2 2 2 2 2 2 2 2 2 2 2 2 2 2 2 2 2 2 2 2 2 2 2 2
left_child=-1 2 4 6 8 22 7 -3 9 14 12 29 13 -9 21 -16 17 18 -7 -19 26 -2 23 -5 -25 -24 -12 -26 -20 -6
right_child=1 3 -4 5 11 16 -8 10 -10 -11 20 -13 -14 -15 15 -17 -18 19 28 -21 -22 -23 25 24 27 -27 -28 -29 -30 -31
leaf_value=-0.050176916291207643 0.035457143435894546 0.044742493610009634 -0.06356264066740662 0.042238164346635639 0.026261901882921934 0.031174360620463994 -0.029210588682538154 0.0076359245432112369 0.027611438780648031 -0.018759124382606726 -0.039890158773555451 -0.045311517282544372 0.041633977661945813 -0.065134542280809324 -0.035465228317880168 0.045617671869309213 -0.029267034288086659 -0.032300954836432007 -0.061938613673759801 0.028557948668862694 0.01666387625909287 -0.07085585594411771 -0.07849761881122394 0.02936364715222058 -0.086657028561733795 0.021354655478680946 0.031847157022717766 0.025881873281013018 -0.0061313299958810717 -0.019710620123256108
leaf_weight=151.90265364963807 15.0611585324732 13.006282356189329 6.8949308470200767 87.350950933265267 4.4636215258142355 17.926095158705724 8.8203007784677521 2.9795535091834591 25.508098734023406 18.98127491330888 4.780264440298196 9.4247285360870574 1.8297773173253515 4.4768449002658599 4.6374391036169973 1.9267377625037623 3.5795773336294578 3.4561939488921771 6.2855495500989473 61.82005760912034 67.773546405474917 0.7180447751043183 1.145211267343256 48.26692891019411 1.3695538553874933 2.4151821825944353 1.9850838377460602 0.96351073546247779 3.5342570683278609 9.6354733767320777
leaf_count=641957 2106 162 1762 1237 1244 226 3362 72 827 10874 1105 19080 40 690 1832 175 719 74 561 1232 1851 139 21 1198 15 54 138 93 155 7060
internal_value=3.02861e-10 0.0172828 -0.00188367 0.0227051 0.00282293 0.0280189 0.0107289 0.014367 0.0112941 0.00122206 0.0096539 -0.0212443 -0.0207475 -0.0360557 0.0181966 -0.0116655 0.0175659 0.0193681 0.00532859 0.0253356 0.0134414 0.0306193 0.0351546 0.0363397 0.0261571 -0.0107631 -0.018841 -0.0401806 -0.041853 -0.00515622
internal_weight=592.919 441.016 97.2515 343.765 90.3566 238.113 105.652 96.8314 66.8328 41.3247 83.8251 23.5238 9.28618 7.4564 22.3434 6.56418 96.6017 93.0222 27.7459 65.2763 74.5389 15.7792 141.511 137.951 50.6 3.56039 6.76535 2.33306 9.81981 14.0991
internal_count=700061 58104 45099 13005 43337 5585 7420 4058 15953 15126 3896 27384 802 762 4252 2007 2967 2248 942 1306 3094 2245 2618 2543 1306 75 1243 108 716 8304
is_linear=0
shrinkage=0.05


Tree=66
num_leaves=31
num_cat=0
split_feature=11 10 10 17 54 6 12 6 3 11 58 12 34 57 36 13 2 29 13 11 54 24 13 58 11 10 10 66 54 29
split_gain=187.834 14.7079 10.4732 8.10644 6.28797 6.10619 5.51662 5.15188 4.35618 4.19125 3.57762 3.32852 3.12231 3.02588 2.95424 2.85519 2.6674 2.65278 2.65042 3.74772 2.64849 4.52402 2.62121 2.55451 2.83447 2.55338 6.0129 2.94132 2.54469 9.43476
threshold=2.3603895902633671 6.7500000000000009 6.2500000000000009 0.8638896942138673 4.5883610248565683 1.0000000180025095e-35 0.63818180561065685 1.0000000180025095e-35 1.5000000000000002 1.60357141494751 0.27688804268836981 0.58578431606292736 4.0216782093048105 0.66639894247055065 0.70519566535949718 370.19001770019537 1.5000000000000002 13.948102474212648 179.16896057128909 3.1143791675567631 1.0406137108802798 0.99038460850715648 479.26719665527349 0.12199011817574502 1.3416666984558108 5.7500000000000009 5.2500000000000009 8.6500000953674334 0.14420446753501895 1.0000000180025095e-35
decision_type=2 2 2 2 2 2 2 2 2 2 2 2 2 2 2 2 2 2 2 2 2 2 2 2 2 2 2 2 2 2
left_child=1 2 4 6 7 11 8 10 16 13 25 -5 14 -9 -7 -15 -3 20 19 -2 -10 -22 28 24 -13 26 27 -1 -16 -30
right_child=18 3 -4 5 -6 12 -8 9 17 -11 -12 23 -14 15 22 -17 -18 -19 -20 -21 21 -23 -24 -25 -26 -27 -28 -29 29 -31
leaf_value=0.03757189318335951 0.041739906064738902 -0.058121724331742501 -0.062679135568006014 0.036250478401474211 -0.036741555960784836 -0.043115731237061368 -0.051710677655016413 -0.045081106253814333 0.035102109425492925 -0.038747274302662796 0.0031950172223296595 0.048010903511269437 -0.04391654393887983 0.010655318341728278 0.040498448291535573 -0.046913767167859395 -0.0027106294524169225 -0.030727836289742579 -0.050114756830288133 -0.054668898295588075 -0.036211823526694262 0.026951253481929317 -0.016228449839543264 -0.0049175221863601978 -0.042275065183936589 0.045872579903084743 -0.067289612789776007 0.0051751526075866352 -0.043940206150225369 0.023676088180485985
leaf_weight=17.416776037891402 1.9130773398283043 2.7288115065930461 5.7784541372157028 131.24429344764212 7.9728129984487159 1.9104523548376153 3.8907734646472809 3.0482415770093203 19.300795873750761 7.2660409500053893 26.381025989288901 6.0346284507541013 2.0623208200122454 32.673051627274617 14.980380857181443 2.3057470016337893 10.641454389962744 2.4325836484422316 141.00611341198692 2.1307608357255958 4.2723277312616093 8.4258889761695173 4.7629596951883277 9.2825978365799511 1.0156043419847263 12.260068902469355 1.8987921589578025 11.72115816396308 5.6719302826386402 57.051190552825574
leaf_count=754 188 791 1166 1939 13283 59 2020 1092 254 10797 1476 100 869 1701 167 346 1114 96 655187 2217 323 260 170 529 70 277 188 1631 305 692
internal_value=2.15365e-10 0.0171394 0.00310631 0.0234619 0.00619828 0.0274202 0.00554213 0.009176 0.0102022 -0.00395175 0.0177095 0.0336015 0.016867 0.00269683 0.0183526 0.00686046 -0.0140198 0.0196079 -0.0489702 -0.00905938 0.0234344 0.00569997 0.0197766 0.0123154 0.035005 0.0265533 0.0189218 0.0245398 0.0219836 0.0175617
internal_weight=559.481 414.431 128.722 285.709 122.944 234.016 51.6926 114.971 47.8019 45.2931 69.6778 147.577 86.4392 38.027 84.3769 34.9788 13.3703 34.4316 145.05 4.04384 31.999 12.6982 82.4665 16.3328 7.05023 43.2968 31.0367 29.1379 77.7035 62.7231
internal_count=700061 42469 32711 9758 31545 4900 4858 18262 2838 13936 4326 2638 2262 3139 1393 2047 1905 933 657592 2405 837 583 1334 699 170 2850 2573 2385 1164 997
is_linear=0
shrinkage=0.05


Tree=67
num_leaves=31
num_cat=0
split_feature=11 10 10 17 54 12 1 69 12 7 12 5 11 43 11 10 3 10 12 54 5 7 14 37 18 16 10 34 13 10
split_gain=171.549 13.4438 9.9074 7.39188 6.38613 6.76698 5.81436 5.56261 5.29593 5.07701 4.74285 4.26009 3.85294 3.80608 3.42534 3.37123 3.12993 3.08351 2.95042 2.88165 2.86121 2.7789 2.71226 4.48192 2.70892 2.69036 2.65459 4.35866 2.65324 2.99633
threshold=2.3603895902633671 6.7500000000000009 6.2500000000000009 0.90777143836021434 0.1297685578465462 1.1715686321258547 17.500000000000004 7.3876998424530038 0.39009661972522741 1.0000000180025095e-35 0.44722221791744238 1.0000000180025095e-35 1.0606617927551272 2.9700856208801274 1.431677043437958 14.250000000000002 1.0000000180025095e-35 9.7500000000000018 0.77350428700447094 1.7866662144660952 1.5000000000000002 1.5000000000000002 3.2754276990890507 0.98686182498931896 0.44265677034854894 0.7001820206642152 13.250000000000002 0.77171680331230175 359.06912231445318 5.7500000000000009
decision_type=2 2 2 2 2 2 2 2 2 2 2 2 2 2 2 2 2 2 2 2 2 2 2 2 2 2 2 2 2 2
left_child=1 2 4 6 7 9 15 -1 -9 16 20 17 -11 -12 22 18 -6 19 -3 -8 21 24 26 -24 -5 -21 -15 -28 29 -18
right_child=-2 3 -4 10 5 -7 11 8 -10 12 13 -13 -14 14 -16 -17 28 -19 -20 25 -22 -23 23 -25 -26 -27 27 -29 -30 -31
leaf_value=0.045098940005525209 -0.04897693929295921 0.0034720657144442072 -0.063305251261355347 0.03938399026727285 -0.034583196811897157 -0.051844440124584307 0.02762316338079486 0.062159509754075165 -0.051700533525245534 0.046345681628447676 -0.019894103446230074 -0.016228069959514955 -0.033464061533604844 0.029913388705146829 -0.023672846561950678 -0.058335375495720668 0.0073271168013945807 0.039170629149918618 -0.053517182996994039 -0.037469317590015351 -0.013288945364121224 -0.012456571637025982 0.035455736234317907 -0.058839682903610538 -0.010157767222496228 0.025548712527712687 0.039856239457272014 -0.046380843382133163 -0.01440420228891794 0.030436843244201386
leaf_weight=16.050992982090978 133.66853733144217 27.627376530894256 5.4120062694573781 96.90337825648021 3.935142822798297 5.8064139881143992 11.124496628850467 1.4804940612448252 3.2924495762454171 1.7221288420696499 5.7575065220589741 6.5768000752177604 12.407803921984394 65.453533998781495 3.8742803525638001 2.8253583001787765 43.831559088234826 23.23040518455673 2.4745278524605956 4.3760126392444354 2.9577793925709548 2.8086424063512814 2.5621413442040639 2.4798073185120302 2.8401337364630299 2.7629952270326612 2.8057240879861629 3.0667844230483752 8.8981661593593326 20.626856148668594
leaf_count=801 657592 1544 1166 1481 2854 9159 259 55 511 64 273 452 6846 942 438 520 8786 600 1639 478 49 30 216 577 48 134 29 49 1914 555
internal_value=1.88014e-10 0.0165332 0.00284586 0.0227345 0.00587851 0.000496585 0.010072 0.031007 -0.0163829 0.00382089 0.02809 0.0211592 -0.023737 0.0193745 0.022192 -0.0061142 0.00885883 0.0270851 -0.00121274 0.0117129 0.0351938 0.0365922 0.0245188 -0.0109221 0.0379733 -0.0130796 0.0270241 -0.00517912 0.0111892 0.0147223
internal_weight=529.64 395.972 123.464 272.508 118.052 97.2281 80.998 20.8239 4.77294 91.4217 191.51 48.0707 14.1299 85.9998 80.2423 32.9273 77.2917 41.4939 30.1019 18.2635 105.51 102.552 76.368 5.04195 99.7435 7.13901 71.326 5.87251 73.3566 64.4584
internal_count=700061 42469 32711 9758 31545 30178 5626 1367 566 21019 4132 1923 6910 2524 2251 3703 14109 1471 3183 871 1608 1559 1813 793 1529 612 1020 78 11255 9341
is_linear=0
shrinkage=0.05


Tree=68
num_leaves=31
num_cat=0
split_feature=10 4 14 29 32 69 17 3 10 10 3 14 2 14 54 6 16 58 6 58 37 45 38 16 12 36 6 2 3 14
split_gain=157.047 14.471 10.137 20.5697 13.4772 11.6122 10.5858 10.0332 8.60732 7.46217 5.42593 5.20569 4.74604 4.67171 4.5845 3.69435 3.68355 4.78385 3.60734 3.57397 3.45775 3.447 3.33025 3.17833 3.54627 2.94511 2.86588 3.54988 2.84609 2.69704
threshold=-1.0000000180025095e-35 1.0000000180025095e-35 0.16108147054910663 1.0000000180025095e-35 0.9961538314819337 11.073776721954347 0.7510221302509309 3.5000000000000004 7.7500000000000009 7.2500000000000009 6.5000000000000009 0.30427655577659612 6.5000000000000009 0.18431045114994052 0.20778109133243564 1.0000000180025095e-35 0.93713945150375377 0.15864710509777072 1.0000000180025095e-35 0.27688804268836981 0.9132884442806245 59.850000381469734 0.31723943352699285 0.79268625378608715 0.18350168317556384 0.46888826787471777 2.5000000000000004 3.5000000000000004 1.0000000180025095e-35 2.4188903570175175
decision_type=2 2 2 2 2 2 2 2 2 2 2 2 2 2 2 2 2 2 2 2 2 2 2 2 2 2 2 2 2 2
left_child=-1 2 5 4 7 16 21 14 9 12 -3 -6 15 -10 -4 19 -2 -18 23 -8 -20 28 -21 24 -15 -16 27 -17 -5 -26
right_child=1 10 3 6 11 -7 8 -9 13 -11 -12 -13 -14 18 25 26 17 -19 20 22 -22 -23 -24 -25 29 -27 -28 -29 -30 -31
leaf_value=-0.050153501774184345 0.0476782972445896 -0.041686289074493267 0.031557091444905011 -0.052818682224099328 0.036881656314068867 -0.059886766639061145 0.036984577643508876 0.034465948694687602 -0.069561379647104266 -0.066963934002871719 0.027032942189348944 -0.063229302757833297 -0.048902954485111623 -0.024771111138465779 0.0025373895514251331 0.0033942842410073087 0.030975160698660242 -0.047275072118553634 -0.048488929248258053 -0.064074464946378085 0.023132866310503625 -0.032404434498036205 0.014508905036659052 0.049010822309721251 0.040254682824449065 -0.049670633443271717 0.021651040507445641 -0.044183356207289824 0.015092802078512192 0.015071237594845167
leaf_weight=119.09327124713127 45.560406371616409 14.504772853837951 3.1178997108363609 1.7941158808835105 1.4272914671455499 3.024633384769003 26.653712369919049 13.683202034932036 1.157995661953463 2.9945908217759998 3.5818188952343908 14.39495391443779 2.959990958144771 2.8313461233337867 3.6972089281407525 19.629254189424504 13.482051464918184 2.2841050345305112 1.7448522896447674 1.4723540161721782 49.264277623862654 11.193713734524863 15.989077276809438 35.307683602135512 35.566602632432478 10.027847580153319 14.973636955648542 4.8990437953952997 11.012631665075785 15.164561968224005
leaf_count=641957 824 21786 109 689 127 253 1546 892 12 252 712 5404 5765 48 543 2132 308 65 95 47 893 4851 983 572 539 1952 2776 2516 1045 368
internal_value=-2.50282e-10 0.0155791 0.0177405 0.0138891 -0.0167482 0.0357528 0.0194662 0.0026629 0.0227552 0.010634 -0.0280773 -0.0541985 0.013318 0.0304534 -0.0231739 0.0155206 0.0404697 0.0196387 0.0312813 0.0254656 0.0206829 -0.0121363 0.00788273 0.0373645 0.0296875 -0.035607 0.00441411 -0.00610841 0.00557898 0.0327268
internal_weight=502.489 383.396 365.309 300.958 46.3484 64.3512 254.609 30.5262 230.609 89.5717 18.0866 15.8222 86.5771 141.037 16.843 83.6171 61.3266 15.7662 139.879 44.1151 51.0091 24.0005 17.4614 88.8702 53.5625 13.7251 39.5019 24.5283 12.8067 50.7312
internal_count=700061 58104 35606 34156 9027 1450 25129 3496 18544 16017 22498 5531 15765 2527 2604 10000 1197 373 2515 2576 988 6585 1030 1527 955 2495 7424 4648 1734 907
is_linear=0
shrinkage=0.05


Tree=69
num_leaves=31
num_cat=0
split_feature=10 10 10 17 2 6 54 1 10 27 66 69 3 6 20 10 7 13 11 58 54 56 34 66 1 37 54 10 46 2
split_gain=143.473 13.1817 7.49766 6.66218 6.65846 6.0109 5.65241 4.37494 4.24907 3.33214 3.33081 3.27595 3.22728 3.11138 2.94565 2.81943 2.67636 5.87874 4.49389 2.95843 2.93656 6.26178 2.60333 2.72567 3.19577 2.81496 2.5748 2.63051 2.56987 2.43729
threshold=-1.0000000180025095e-35 6.7500000000000009 6.2500000000000009 0.8638896942138673 4.5000000000000009 1.0000000180025095e-35 0.11639168485999109 12.500000000000002 3.7500000000000004 40.010000228881843 6.8500001430511483 7.1176109313964853 1.5000000000000002 1.0000000180025095e-35 0.0022366034099832181 5.7500000000000009 1.0000000180025095e-35 432.21638488769537 0.92980295419693004 0.35621657967567449 1.0128937959671023 0.72763636708259594 4.0216782093048105 20.250000000000004 20.500000000000004 0.99388921260833751 0.32940165698528295 5.2500000000000009 9.6999998092651385 2.5000000000000004
decision_type=2 2 2 2 2 2 2 2 2 2 2 2 2 2 2 2 2 2 2 2 2 2 2 2 2 2 2 2 2 2
left_child=-1 2 4 7 6 16 9 14 10 -2 13 26 -9 -8 -3 -6 18 20 19 -5 -18 -22 23 24 -7 -25 -10 28 -28 -26
right_child=1 3 -4 5 15 22 8 12 11 -11 -12 -13 -14 -15 -16 -17 17 -19 -20 -21 21 -23 -24 25 29 -27 27 -29 -30 -31
leaf_value=-0.05014375978207241 0.046324395946571922 -0.042355269468590057 -0.060852116435148519 0.020087474504430929 -0.041323774103745506 0.023815429748173661 0.016039208802825906 -0.011378883921126043 0.034600353085813426 -0.016797969643715022 -0.032629442788196704 0.017615279992300864 0.021499971625136342 -0.055772659081487999 0.032623649575828612 0.010706943879975526 0.044986873559016767 -0.043188848834326832 0.041674139308679581 -0.051951894608222228 -0.016472328521346512 0.053481700155801261 -0.044329558450303612 0.0086248199292310434 -0.030830894066963346 -0.081735043523436413 0.02791562636580909 -0.043596123468550962 -0.034773957507899952 0.011863660773404297
leaf_weight=109.46477702352149 13.043531523200725 6.8546637837816871 4.6518775429949519 16.010181913283308 10.475824067334996 55.321273991234193 9.6814320344619755 10.543810335115266 2.7406686230679034 2.4898148270222 12.26926848536732 43.135393052652944 25.547559492057189 1.7867096634608977 1.6193715037079526 3.4647711466432147 12.243207946914486 3.3450482523185192 77.641943410700151 1.5644080343772646 8.1135232817177876 5.281277227390091 1.828796990595946 2.2412741982843722 4.9612103587423908 1.4004779899696584 4.0001101010711846 5.7997459356265608 2.7646649023590726 10.246763951727187
leaf_count=641957 435 2312 1289 249 24688 989 1145 1816 123 368 12644 2949 855 2048 101 807 147 69 1912 40 155 90 876 36 94 65 243 565 770 224
internal_value=-9.62565e-11 0.015202 0.00134281 0.0217875 0.00393411 0.0256794 0.00854614 0.00430365 0.00331773 0.0362066 -0.0145217 0.0105637 0.0118947 0.00485109 -0.0280269 -0.0283922 0.0324567 0.0191532 0.0365062 0.0136749 0.0272871 0.011109 0.014604 0.0160571 0.0182351 -0.0261241 -0.00930999 -0.018888 0.00229531 -0.00206434
internal_weight=470.533 361.069 116.304 244.765 111.652 200.199 97.7113 44.5654 82.178 15.5333 23.7374 58.4406 36.0914 11.4681 8.47404 13.9406 124.2 28.9831 95.2165 17.5746 25.638 13.3948 75.9998 74.171 70.5292 3.64175 15.3052 12.5645 6.76478 15.208
internal_count=700061 58104 48074 10030 46785 4946 21290 5084 20487 803 15837 4650 2671 3193 2413 25495 2662 461 2201 289 392 245 2284 1408 1307 101 1701 1578 1013 318
is_linear=0
shrinkage=0.05


Tree=70
num_leaves=31
num_cat=0
split_feature=10 4 54 29 2 10 14 17 46 10 6 49 3 3 34 5 17 2 12 7 56 11 32 10 10 58 36 7 10 10
split_gain=131.338 11.9058 8.96393 15.2498 9.86371 8.78427 8.4249 5.91541 5.65213 5.36415 5.10801 4.98923 4.71676 4.07588 3.92341 3.41343 3.09039 3.08931 2.98069 2.93807 3.0305 2.91247 2.81264 2.72589 6.10088 3.34041 2.63709 2.45099 2.42991 2.79278
threshold=-1.0000000180025095e-35 1.0000000180025095e-35 0.1297685578465462 1.0000000180025095e-35 1.0000000180025095e-35 5.7500000000000009 0.30427655577659612 0.91074064373970043 35.049999237060554 5.2500000000000009 1.0000000180025095e-35 7.1311612129211435 5.5000000000000009 3.5000000000000004 0.1091851480305195 1.5000000000000002 0.99885213375091564 5.5000000000000009 0.14642857760190967 1.0000000180025095e-35 0.87555310130119335 0.71714287996292125 0.9961538314819337 9.7500000000000018 9.2500000000000018 0.27186056971549993 0.46888826787471777 1.0000000180025095e-35 4.7500000000000009 4.2500000000000009
decision_type=2 2 2 2 2 2 2 2 2 2 2 2 2 2 2 2 2 2 2 2 2 2 2 2 2 2 2 2 2 2
left_child=-1 2 11 4 22 9 -6 21 13 19 -9 15 18 26 -13 -2 -12 -16 -3 20 28 -7 -4 24 25 -23 -8 -17 29 -5
right_child=1 12 3 5 6 7 8 10 -10 -11 16 14 -14 -15 17 27 -18 -19 -20 -21 -22 23 -24 -25 -26 -27 -28 -29 -30 -31
leaf_value=-0.050137755068430268 0.044498188694582032 0.073765264372901679 0.040881297728672605 0.0090515731509528095 0.029739244760752733 -0.032663186337456185 0.0071083948150675556 0.038137212723641199 -0.064012567748861077 -0.061663510323473114 0.020192216479646176 -0.046953378057590561 0.013298923873822449 0.020521219265802061 0.029670504415822085 0.02099031406608079 -0.037867851703904498 -0.05227432287657257 -0.050270167407666926 -0.029200953454753188 -0.031468897167970605 0.028092578189791769 -0.024445701127797835 0.026583777919384849 -0.072719145964434323 -0.0065719343468926888 -0.05454614387019522 -0.061582205273012773 0.032048024620867421 -0.058557414499566363
leaf_weight=101.01225456094608 47.040578745480161 0.50697895791381853 8.1117975814704533 16.375636569536713 5.1044125350017593 3.8879334679859303 2.3878564437327459 67.240237205878657 12.930391182610036 3.4993299351181113 53.918433732449557 2.7458970467632744 5.0606772044948221 4.592836888958117 9.6383439423143482 3.5274000480640089 2.3936590501089077 1.3060102436675141 10.854565038614508 6.0465641760201825 4.1339523183073643 12.929065394205287 2.0676428570368435 20.006661407056527 2.4569643535505739 15.027475190488984 6.3370522467739647 1.2059313021090927 11.631075150044127 1.684582918167506
leaf_count=641957 959 105 356 8439 256 631 510 1373 5276 766 1394 216 1395 559 343 128 56 265 20998 5205 2695 697 384 868 168 1193 1626 61 597 585
internal_value=-4.17316e-10 0.0146947 0.0167734 0.0126491 -0.0151514 0.0178681 -0.0290357 0.022788 -0.0404655 -0.00230808 0.0288335 0.0333277 -0.0268515 -0.0176034 0.00648451 0.0404257 0.0177243 0.0198919 -0.0447354 0.00290122 0.00863977 0.00903444 0.0276121 0.0122498 0.00282055 0.00945937 -0.0376724 -4.70439e-05 0.0142242 0.00274529
internal_weight=445.662 344.65 328.228 262.764 41.532 221.232 31.3525 177.86 26.2481 43.3711 123.552 65.4642 16.4222 13.3177 13.6903 51.7739 56.3121 10.9444 11.3615 39.8718 33.8252 54.3081 10.1794 50.4202 30.4135 27.9565 8.72491 4.73333 29.6913 18.0602
internal_count=700061 58104 35606 33634 8967 24667 8227 6380 7971 18287 2823 1972 22498 2695 824 1148 1450 608 21103 17521 12316 3557 740 2926 2058 1890 2136 189 9621 9024
is_linear=0
shrinkage=0.05


Tree=71
num_leaves=31
num_cat=0
split_feature=10 12 17 6 34 1 14 20 14 2 5 34 13 5 11 34 0 1 56 65 17 65 38 3 16 58 0 34 38 58
split_gain=119.892 10.8459 8.5708 5.67003 5.18686 6.5474 3.93787 3.67031 4.41592 3.47342 3.43053 3.39024 3.51907 3.16038 3.12653 2.94 2.66944 2.62642 2.60315 2.57725 2.44789 2.44712 2.39508 3.26107 2.46599 2.36258 2.58991 2.39072 2.34948 2.31771
threshold=-1.0000000180025095e-35 0.67543861269950878 0.90777143836021434 1.0000000180025095e-35 0.23655166476964953 12.500000000000002 2.5975071191787724 0.0022366034099832181 0.8744637966156007 5.5000000000000009 1.5000000000000002 6.039741277694703 255.1225280761719 1.5000000000000002 1.3416666984558108 0.34346774220466619 10.500000000000002 24.500000000000004 0.83398950099945079 12.050000190734865 0.7510221302509309 5.7500000000000009 0.35091583430767065 1.0000000180025095e-35 0.96298694610595714 0.34333588182926184 14.500000000000002 4.5132474899292001 0.41472074389457708 0.20053732395172122
decision_type=2 2 2 2 2 2 2 2 2 2 2 2 2 2 2 2 2 2 2 2 2 2 2 2 2 2 2 2 2 2
left_child=-1 2 4 9 -2 7 15 8 -6 10 25 12 -3 22 29 -7 -16 28 -8 -11 21 -17 23 -5 -25 27 -27 -4 -12 -14
right_child=1 11 3 13 5 6 18 -9 -10 19 17 -13 14 -15 16 20 -18 -19 -20 -21 -22 -23 -24 24 -26 26 -28 -29 -30 -31
leaf_value=-0.050129956900596767 0.037641701302047165 0.027680621595472001 0.040924937083299563 -0.059798449155548078 0.01424597923237615 -0.053473677273985609 -0.017726277042351149 0.034274818519523131 -0.069634498146419005 -0.04660326898433835 0.033394919172377836 -0.043873286688749687 0.016030408383831071 -0.036315310541637232 -0.049471569649087076 0.021919397722820325 -0.0089490055700716994 -0.043543463169694929 0.06626779109240194 0.017867474009652797 0.023663307864453795 -0.020465531136790765 -0.00065188205885216349 0.027748913511915826 -0.0007427791340764375 -0.024294008405328235 0.030536293449524382 -0.0056636416041573627 -0.050246576508278074 -0.016061468779046875
leaf_weight=92.907682295228369 10.9347242748845 8.3244132881413844 82.071406361617846 1.2222701605760438 2.0674061089812295 1.5617074095862324 17.290443941295965 1.5462635084768397 6.5092771809504484 2.2243584290845311 5.2271838027299946 5.3485080690065834 14.750289802093905 3.0293505987474409 6.4920911235140037 6.1786670728033624 10.86691873203972 2.2045772083311022 0.97443523987021663 5.1141965707865893 32.955750726054248 7.5872166401504728 16.818115425815449 43.800399616449795 9.1873933119150006 3.0940646715735038 7.086150337869185 2.8492526128538875 1.0002521805508875 9.0952846910604404
leaf_count=641957 284 2139 1972 136 51 69 5688 61 916 64 92 14644 1185 327 18616 312 4435 140 44 204 888 884 1077 1299 349 170 186 503 42 1327
internal_value=1.66136e-10 0.0142251 0.0183086 0.0244115 0.00542598 0.000831426 0.0065301 -0.0366316 -0.0494151 0.0315669 0.0339231 -0.00605502 -0.00197112 0.0136991 -0.00796155 0.0140108 -0.024104 0.00335711 -0.0132452 -0.00167398 0.0162665 -0.00144152 0.0158323 0.0209463 0.0228088 0.0366332 0.0138718 0.0393618 0.0199604 0.00378978
internal_weight=420.32 327.412 272.535 184.929 87.6059 76.6712 66.5482 10.1229 8.57668 110.871 103.533 54.8775 49.529 74.0575 41.2046 48.2833 17.359 8.43201 18.2649 7.33855 46.7216 13.7659 71.0282 54.2101 52.9878 95.1009 10.1802 84.9207 6.22744 23.8456
internal_count=700061 58104 15758 6561 9197 8913 7885 1028 967 3373 3105 42346 27702 3188 25563 2153 23051 274 5732 268 2084 1196 2861 1784 1648 2831 356 2475 134 2512
is_linear=0
shrinkage=0.05


Tree=72
num_leaves=31
num_cat=0
split_feature=10 10 17 10 5 6 54 10 6 66 1 10 10 10 66 69 34 66 14 32 57 6 57 58 34 11 14 27 6 1
split_gain=109.881 10.0839 6.74673 6.61938 5.45157 4.9155 4.79829 4.44311 3.73184 3.7282 3.60696 3.71529 5.8208 2.98331 2.88858 2.77904 3.14156 2.46186 2.38396 2.5146 3.04889 2.69741 2.39825 2.37572 2.44098 2.33909 2.3001 2.21318 2.20448 2.16849
threshold=-1.0000000180025095e-35 5.7500000000000009 0.91875183582305919 5.2500000000000009 1.0000000180025095e-35 1.0000000180025095e-35 0.11639168485999109 4.7500000000000009 1.0000000180025095e-35 6.8500001430511483 17.500000000000004 8.7500000000000018 8.2500000000000018 13.250000000000002 19.85000038146973 8.629270553588869 2.4605877399444585 20.250000000000004 0.45004735887050634 1.0000000180025095e-35 0.43525071442127233 1.0000000180025095e-35 0.12104515731334688 0.38463623821735388 4.6776068210601816 1.431677043437958 2.1772043704986577 35.023771286010749 1.5000000000000002 15.500000000000002
decision_type=2 2 2 2 2 2 2 2 2 2 2 2 2 2 2 2 2 2 2 2 2 2 2 2 2 2 2 2 2 2
left_child=-1 3 4 6 10 23 27 8 9 -8 13 12 -12 18 -6 -16 -17 25 -3 20 22 -22 -20 24 -4 -7 -19 -2 -13 -25
right_child=1 2 5 -5 14 17 7 -9 -10 -11 11 28 -14 -15 15 16 -18 26 19 -21 21 -23 -24 29 -26 -27 -28 -29 -30 -31
leaf_value=-0.050121551415875855 0.040898094184432146 0.036339321367758283 0.035807104276271928 -0.060005485354079617 -0.047835681889290646 0.018647101838581492 0.015249991806886048 0.014934937261869775 -0.038212494857272329 -0.024588778106652762 0.016009948791956313 0.037877503326934597 -0.072709719202743633 -0.046699346954819948 0.027000860441545628 0.0047322385695687738 -0.07504219776447868 -0.055561316734667278 0.0047640978671447832 -0.045576445503335165 0.029637110565434246 -0.016434039996562649 -0.070335587806069744 -0.072049847397017461 -0.012316253480324221 -0.031764851258472317 0.0323884958841687 -0.018164314949694539 -0.023128919750064314 0.014956887453034444
leaf_weight=85.82528758228068 9.3252342447308347 5.0348045444989173 81.827433684007701 4.7500922001045174 5.7702956338016493 63.724733445140373 12.240824304876242 18.294998572820077 11.90929579612566 11.287971791452946 11.972399668597062 24.322191848517836 2.1863913556953767 3.0713263645666293 4.2529361467604758 3.0359370759742887 2.0794115281714767 2.2810664301869106 2.136250032046525 2.8548161801136294 10.281043003944431 4.5979532799647123 2.1160964547752883 0.92671959321887598 2.7227464349525681 2.3872187889865009 1.102783224538143 1.9111794694858861 1.5767958088763396 3.1514187414431944
leaf_count=641957 662 151 1858 1762 812 2029 2535 2030 28178 8996 961 811 129 580 348 153 489 83 788 815 379 552 601 40 481 667 90 936 123 65
internal_value=-4.24657e-10 0.0137376 0.0185397 -0.0030278 0.00720527 0.0246532 0.00113799 -0.00507572 -0.0154063 -0.00386271 0.0130776 0.0229044 0.00230992 -3.39133e-06 -0.0200065 -0.0028654 -0.0276964 0.0146977 0.00530428 -0.0018027 0.0047293 0.0154001 -0.0326078 0.0324595 0.0342574 0.0168268 -0.0268988 0.0308523 0.0341633 -0.0048146
internal_weight=398.958 313.132 243.413 69.7196 85.2886 158.124 64.9695 53.7331 35.4381 23.5288 70.1501 40.0578 14.1588 30.0923 15.1386 9.36828 5.11535 69.4958 27.021 21.9862 19.1313 14.879 4.25235 88.6283 84.5502 66.112 3.38385 11.2364 25.899 4.07814
internal_count=700061 58104 13005 45099 7692 5313 43337 41739 39709 11531 5890 2024 1090 3866 1802 990 642 2869 3286 3135 2320 931 1389 2444 2339 2696 173 1598 934 105
is_linear=0
shrinkage=0.05


Tree=73
num_leaves=31
num_cat=0
split_feature=10 10 10 17 6 5 6 54 24 6 66 54 7 65 57 2 2 58 63 19 14 11 34 54 43 66 69 34 14 11
split_gain=100.822 9.71502 5.69977 5.57911 4.5174 4.41288 4.08225 3.5768 3.3325 3.28598 2.84904 2.54699 3.00079 2.53985 3.77017 2.36572 2.35416 2.6264 2.25574 2.24055 2.22665 2.15767 2.35374 2.19985 2.14038 2.12606 2.48232 2.92798 2.10547 3.48982
threshold=-1.0000000180025095e-35 5.7500000000000009 5.2500000000000009 0.91875183582305919 1.0000000180025095e-35 1.0000000180025095e-35 1.0000000180025095e-35 1.0128937959671023 0.75595238804817211 1.0000000180025095e-35 20.250000000000004 0.1297685578465462 1.0000000180025095e-35 8.1500000953674334 0.7239341437816621 6.5000000000000009 5.5000000000000009 0.14020282775163653 2.1383330821990971 0.00013115518959239128 2.1772043704986577 1.2649122476577761 4.0216782093048105 2.0673604011535649 4.2121002674102792 19.85000038146973 8.629270553588869 2.4605877399444585 0.9015411138534547 0.92980295419693004
decision_type=2 2 2 2 2 2 2 2 2 2 2 2 2 2 2 2 2 2 2 2 2 2 2 2 2 2 2 2 2 2
left_child=-1 2 6 5 16 9 11 8 18 15 21 -2 13 -13 -15 28 24 19 -8 -18 -12 22 -6 -23 -5 -7 -27 -28 -3 -30
right_child=1 3 -4 4 10 25 7 -9 -10 -11 20 12 -14 14 -16 -17 17 -19 -20 -21 -22 23 -24 -25 -26 26 27 -29 29 -31
leaf_value=-0.050115203504349941 0.038680612959642792 0.036553074138655349 -0.059180601464268734 0.025529737086242787 0.022576933299083977 -0.043321435254587287 -0.047602408693485705 -0.034347315760428217 -0.035407718087661313 -0.0074293760953034324 -0.056635252700527577 0.026828977019523595 -0.03234007894370463 -0.055875904816992686 0.0094593169494634286 -0.029351143185696749 0.045671346618525122 -0.016511593860938395 0.03193271605796473 -0.063131938837101317 0.030823070014706723 -0.019932592254305125 -0.043426172089173661 0.024086885421908039 0.042489865678073668 0.025700984778089138 0.0043473505637453254 -0.074170785905574452 -0.017693850776420158 0.022492094641959708
leaf_weight=79.334516155327947 6.6369905775773068 15.522059114155125 4.3140746445114919 35.284974651149241 50.943345911618962 5.1928631033897519 1.0196101261171877 12.50613181044764 3.6836240198153964 15.34242672754044 2.4066630310662727 13.006631660216049 4.6800267198159409 2.793011292218579 10.542445592227976 2.414021992670313 4.5365643836339569 5.0986847437143297 7.0940490768548443 0.52826151093177021 1.0432325222282086 7.2673001998555247 1.3875216118703964 4.6569448541549718 39.346443754737265 4.080960094659531 2.9771796121021907 1.9749412655082776 6.8001408419222562 26.285544851503801
leaf_count=641957 499 307 1762 753 905 812 1118 24508 3280 2900 83 1920 4124 2376 3798 1004 164 456 1714 41 90 549 575 667 1030 348 153 489 484 1195
internal_value=-4.34085e-10 0.0132809 -0.00361073 0.0180839 0.0237072 0.00744283 0.000258268 -0.0157173 0.00403208 0.0128599 0.0140766 0.0105682 0.00455367 0.0111083 -0.00422465 0.0189609 0.0313969 0.00882111 0.0219379 0.0343232 -0.0301883 0.0164532 0.0208269 -0.00274104 0.0344713 -0.0178278 -0.00317227 -0.0269662 0.0213603 0.0142326
internal_weight=378.701 299.367 66.2766 233.09 152.5 80.5901 61.9625 24.3034 11.7973 66.3642 67.705 37.6591 31.0221 26.3421 13.3355 51.0218 84.7949 10.1635 8.11366 5.06483 3.4499 64.2551 52.3309 11.9242 74.6314 14.2259 9.03308 4.95212 48.6077 33.0857
internal_count=700061 58104 45099 13005 5313 7692 43337 30620 6112 5890 2869 12717 12218 8094 6174 2990 2444 661 2832 205 173 2696 1480 1216 1783 1802 990 642 1986 1679
is_linear=0
shrinkage=0.05


Tree=74
num_leaves=31
num_cat=0
split_feature=10 10 17 10 6 5 14 66 6 13 56 7 54 58 14 29 65 14 32 1 11 7 1 1 2 11 7 0 1 20
split_gain=92.4406 8.88038 5.17132 4.95769 4.39019 4.18504 3.7626 3.53057 2.88529 2.6244 2.78568 2.69294 2.48731 2.27617 2.18038 2.08542 2.03258 3.85337 2.7585 1.97781 1.95622 1.93449 3.03378 1.94339 2.14871 2.12708 1.93199 2.6218 2.26337 2.16836
threshold=-1.0000000180025095e-35 5.7500000000000009 0.91875183582305919 5.2500000000000009 1.0000000180025095e-35 1.0000000180025095e-35 2.8206955194473271 20.250000000000004 1.0000000180025095e-35 243.05506134033206 0.8745078742504121 1.0000000180025095e-35 1.1258466243743899 0.38463623821735388 4.2739980220794687 9.2395076751709002 19.116666793823246 1.4038301110267641 0.49096386134624487 17.500000000000004 0.92980295419693004 1.5000000000000002 19.500000000000004 13.500000000000002 5.5000000000000009 1.2649122476577761 1.0000000180025095e-35 16.500000000000004 11.500000000000002 0.0022366034099832181
decision_type=2 2 2 2 2 2 2 2 2 2 2 2 2 2 2 2 2 2 2 2 2 2 2 2 2 2 2 2 2 2
left_child=-1 3 5 6 13 8 9 16 26 -2 11 -11 -9 14 21 -14 17 18 20 -15 -6 23 -23 -4 -25 -26 28 -28 29 -3
right_child=1 2 4 -5 7 -7 -8 12 -10 10 -12 -13 15 19 -16 -17 -18 -19 -20 -21 -22 22 -24 24 25 -27 27 -29 -30 -31
leaf_value=-0.050107686227820053 0.036663406502541372 -0.035443810590369954 0.016768092329441805 -0.058323714496372553 0.021662161609545941 -0.018064363745744303 -0.021555014469108409 -0.07971992766553597 -0.0069163204195907962 0.013698231941791306 -0.030283413747142385 -0.028764277164248748 -0.09895318648263296 -0.050573809056624203 -0.019182044739487474 0.029017764600562976 0.022196204578977516 -0.041114836659046167 0.026285957714671727 0.022443291246552234 -0.051384582783752034 0.050198562548955827 -0.055516818374665079 0.042640740982224618 0.037618752294788033 -0.014831451375660713 0.02133613547285201 -0.02974437507209067 0.027473072874464401 0.046256126869113512
leaf_weight=73.344127788649303 6.4646925040606211 2.8629603475310428 11.661096622541661 3.9123325678392566 1.5110028354683902 13.738634585271937 15.295008099824825 1.6580284752781147 14.870694672267289 27.383983248531425 5.6209267522740438 4.3233224664941181 0.39850605053652532 1.5453799290480668 1.9837164087675763 1.5828356344136407 42.925219163317706 3.9880421383131752 11.515732271052912 2.3192482933227438 2.3297180608060444 1.2466405353625298 1.4895291624197851 53.273748992709443 4.4086810135049737 3.4422485363102169 5.7156791286033677 4.4818219252629206 34.590121367721622 1.1337421970965804
leaf_count=641957 890 635 253 1762 24 1802 27384 63 2900 7767 4048 3248 53 54 502 57 1477 667 396 51 132 28 26 1215 79 236 462 215 1628 50
internal_value=-3.94292e-10 0.0127753 0.0174272 -0.00381449 0.0229261 0.0069628 -0.000205328 0.0133343 0.0123644 0.00725121 0.00215746 0.00790843 -0.0345337 0.0306954 0.0325627 0.00327904 0.0161319 0.0026754 0.0140476 -0.00675464 -0.0226468 0.0339219 -0.00735128 0.0354734 0.039042 0.0146219 0.0182417 -0.00111385 0.0233568 -0.012268
internal_weight=361.017 287.673 224.673 63.0003 147.279 77.3937 59.0879 65.9091 63.655 43.7929 37.3282 31.7073 3.63937 81.3703 77.5057 1.98134 62.2697 19.3445 15.3565 3.86463 3.84072 75.5219 2.73617 72.7858 61.1247 7.85093 48.7843 10.1975 38.5868 3.9967
internal_count=700061 58104 13005 45099 5313 7692 43337 2869 5890 15953 15063 11015 173 2444 2339 110 2696 1219 552 105 156 1837 54 1783 1530 315 2990 677 2313 685
is_linear=0
shrinkage=0.05


Tree=75
num_leaves=31
num_cat=0
split_feature=11 10 10 57 54 10 14 10 10 0 6 59 37 28 1 7 49 10 2 29 2 69 13 16 14 43 54 46 12 29
split_gain=84.9614 8.39714 8.52665 5.50435 4.51992 4.3226 3.43483 3.30489 19.2198 4.08247 3.42472 2.91909 2.8203 2.81452 2.78326 4.64463 2.93175 2.7063 2.67098 2.57049 2.46729 2.30723 2.24027 2.20609 3.14829 2.16589 2.06061 2.04598 2.00894 1.9421
threshold=2.3603895902633671 7.7500000000000009 7.2500000000000009 0.52096602320671093 0.11639168485999109 4.7500000000000009 0.32815524935722357 8.2500000000000018 8.7500000000000018 11.500000000000002 1.5000000000000002 0.00092118218890391301 0.93864908814430248 0.046536797657608993 16.500000000000004 1.0000000180025095e-35 13.407066345214846 16.250000000000004 1.5000000000000002 7.1651062965393075 1.0000000180025095e-35 7.6558568477630624 409.09986877441412 0.74100372195243847 3.0865100622177128 2.6020033359527592 0.60620301961898815 9.6999998092651385 0.37715516984462744 5.0222330093383798
decision_type=2 2 2 2 2 2 2 2 2 2 2 2 2 2 2 2 2 2 2 2 2 2 2 2 2 2 2 2 2 2
left_child=1 2 4 6 18 11 -3 22 -9 -10 14 -6 -12 -8 17 -16 -17 23 -1 26 -21 -20 -5 -11 25 -25 29 -28 -14 -7
right_child=-2 3 -4 7 5 19 13 8 9 10 12 -13 28 -15 15 16 -18 -19 21 20 -22 -23 -24 24 -26 -27 27 -29 -30 -31
leaf_value=0.048993232477307386 -0.048723201825720479 0.034503410737363877 -0.06466428161139548 0.044258733962153685 -0.021202931041369728 0.028439248295505221 -0.037228367844699378 -0.070520984260013783 -0.064376451113471789 0.0047995048983007563 -0.054001333519139709 0.031635050396367402 -0.028498140805848088 0.012254334577789051 0.04129852806603776 -0.015232512624149151 0.036889392879807158 -0.0638832133731813 0.023893897780880968 -0.049379346663417568 0.015061208594040901 -0.0364599833136659 -0.013347792714178356 -0.017897239282236879 -0.025000053048415932 0.045027791005442651 -0.00074574804303892666 -0.053227916045858338 0.018831510486489626 -0.078653849042606833
leaf_weight=8.2330966171466589 70.997618243719899 3.7398311590804978 4.5998573796505289 22.214884079485277 25.356304432024448 3.5304263344478368 8.267432956733499 5.6429998244893786 1.2937957640351658 14.0932043695866 1.7825760966006807 2.914374628213408 2.6247093847923706 4.4047081093995066 51.877466842310241 6.6843908849259588 4.5237400185724255 1.0007763445173612 6.4616101065112144 1.5340572811692244 46.825544197171439 2.0975354050378883 1.8264699275969167 1.5122837881790498 2.1873683557132599 14.28477757523069 3.4696310634026304 3.9955038880762004 15.37716354556869 0.48101884579227761
leaf_count=414 657592 135 911 710 24986 299 2467 384 348 357 102 558 85 500 1356 125 87 45 607 382 4317 384 82 22 183 202 458 1547 409 7
internal_value=8.28169e-11 0.0126787 0.00196543 0.0198607 0.00488716 0.000356111 -0.00760234 0.0229284 0.0196115 0.0239497 0.0249353 -0.015756 0.00599028 -0.0200287 0.0288329 0.0349925 0.00580453 0.0170858 0.028661 0.00796855 0.013017 0.00910336 0.0398823 0.0196119 0.0312193 0.0390039 -0.0133046 -0.0288354 0.0119308 0.0155975
internal_weight=343.835 272.838 109.499 163.339 104.899 88.1069 16.412 146.927 122.885 117.242 115.948 28.2707 19.7844 12.6721 96.164 63.0856 11.2081 33.0784 16.7922 59.8362 48.3596 8.55915 24.0414 32.0776 17.9844 15.7971 11.4766 7.46513 18.0019 4.01145
internal_count=700061 42469 34870 7599 33959 32554 3102 4497 3705 3321 2973 25544 596 2967 2377 1568 212 809 1405 7010 4699 991 792 764 407 224 2311 2005 494 306
is_linear=0
shrinkage=0.05


Tree=76
num_leaves=31
num_cat=0
split_feature=10 10 10 17 34 12 6 58 12 14 11 1 20 11 6 49 54 32 2 23 49 39 18 13 10 43 3 5 36 56
split_gain=78.1765 8.75423 4.84388 4.48887 4.37462 3.37253 3.32887 3.65799 3.04769 2.83169 2.60481 2.4539 2.56499 2.39567 2.35053 2.38755 2.36762 4.88215 3.64851 3.7233 3.37176 2.62878 2.58398 2.28976 2.66832 2.27468 2.94348 2.1345 2.73213 2.05839
threshold=-1.0000000180025095e-35 6.7500000000000009 6.2500000000000009 0.91074064373970043 6.1260240077972421 0.63818180561065685 1.0000000180025095e-35 0.27186056971549993 0.44722221791744238 0.16108147054910663 1.60357141494751 12.500000000000002 0.0022366034099832181 1.431677043437958 1.5000000000000002 11.739042282104494 0.80169472098350536 0.19090909510850909 2.5000000000000004 3.5479320287704472 9.5747241973876971 0.00066072997287847113 0.19186469167470935 273.05984497070318 4.7500000000000009 3.5408543348312382 1.5000000000000002 1.5000000000000002 0.80478277802467357 0.62550812959671032
decision_type=2 2 2 2 2 2 2 2 2 2 2 2 2 2 2 2 2 2 2 2 2 2 2 2 2 2 2 2 2 2
left_child=-1 2 4 5 6 9 7 23 14 -3 -8 12 -11 25 16 -16 -5 18 19 -18 -20 -21 -19 -2 -25 26 -10 -9 -29 -28
right_child=1 3 -4 8 -6 -7 10 27 13 11 -12 -13 -14 -15 15 -17 17 22 20 21 -22 -23 -24 24 -26 -27 29 28 -30 -31
leaf_value=-0.050099438856725388 0.044309484921862631 0.041013248762638191 -0.058030660945565526 0.04671914810092672 -0.038266080698181715 -0.039620158554758006 -0.0015031992626836296 0.0048239474275756878 -0.081787853449351217 -0.041321603892338049 -0.04058227874763639 0.0099066664973111208 0.040622875651929451 -0.029859175373550276 -0.028859313367749363 0.029749125996088782 0.044701085030176384 0.033147125666818045 -0.061106774414620951 -0.034010805886012727 0.05350874474823003 0.033884389090590564 -0.053186863144529618 -0.010425909366754249 0.031129976082708191 0.022088481482261335 -0.054177017041995318 -0.081426916235538091 0.0050530662607616772 0.016410924205133879
leaf_weight=62.847173389992349 9.9730622767574477 6.3874150470073792 3.5979545466861955 23.824151828521281 6.4450220259286644 3.6930147900852708 24.925741494168509 15.096086760847358 1.104845018904596 4.6926591235678634 5.1441110645266681 40.200244776806358 1.1989519679773364 2.7694670816654243 3.0810183441935797 3.9855258328898344 4.9481700323522144 1.2697896315949031 0.66956618713448079 4.5312881461868528 15.400080136256291 2.0801155885565095 2.730155384648242 6.6432329145841313 9.2298308134995732 47.868348323363534 1.2239260283822657 1.8090565120737658 1.844460479722329 6.6128308612551336
leaf_count=641957 1303 136 1289 569 15979 2504 3545 2774 123 715 18306 2541 35 504 101 93 78 39 18 89 419 66 95 3711 663 1618 47 309 195 240
internal_value=-7.84775e-12 0.0119728 -0.00126132 0.0182612 0.00125689 0.0065637 0.00466845 0.0133376 0.0236427 0.0098137 -0.00818854 0.00549006 -0.0246458 0.0155506 0.0313542 0.0041958 0.034815 0.0258484 0.0333228 0.0119 0.0487331 -0.0126493 -0.02578 0.0255343 0.0137379 0.0177643 -0.00538482 -0.00347543 -0.0377679 0.00538667
internal_weight=325.827 262.98 84.7086 178.272 81.1106 56.1723 74.6656 44.5957 122.099 52.4793 30.0699 46.0919 5.89161 59.5794 62.5199 7.06654 55.4533 31.6292 27.6292 11.5596 16.0696 6.6114 3.99995 25.8461 15.8731 56.81 8.9416 18.7496 3.65352 7.83676
internal_count=700061 58104 48074 10030 46785 5931 30806 8955 4099 3427 21851 3291 750 2532 1567 194 1373 804 670 233 437 155 134 5677 4374 2028 410 3278 504 287
is_linear=0
shrinkage=0.05


Tree=77
num_leaves=31
num_cat=0
split_feature=10 10 10 34 57 13 6 18 2 10 10 1 58 16 54 1 7 49 69 1 11 1 18 6 7 43 56 58 18 54
split_gain=71.8981 7.73734 6.77055 4.74288 4.43859 3.2227 3.55401 4.04446 2.94836 2.69236 13.1075 3.31212 3.07205 5.78284 2.99242 2.79747 2.64957 2.98159 2.62685 2.8195 2.46588 2.43872 2.37459 2.27323 2.19555 2.15981 2.0936 2.59656 3.53033 2.24858
threshold=-1.0000000180025095e-35 7.7500000000000009 7.2500000000000009 6.1260240077972421 0.52096602320671093 359.06912231445318 1.0000000180025095e-35 0.34465132653713232 5.5000000000000009 8.2500000000000018 8.7500000000000018 16.500000000000004 0.11152738332748414 0.96653643250465404 1.1831567883491518 8.5000000000000018 1.0000000180025095e-35 13.031225204467775 8.2962846755981463 11.500000000000002 1.60357141494751 37.500000000000007 0.2320189103484154 1.5000000000000002 1.0000000180025095e-35 4.2555875778198251 0.68616053462028515 0.20850458741188052 0.30922618508338934 0.72677716612815868
decision_type=2 2 2 2 2 2 2 2 2 2 2 2 2 2 2 2 2 2 2 2 2 2 2 2 2 2 2 2 2 2
left_child=-1 2 3 5 18 6 7 -2 9 -6 -11 12 14 15 -12 22 23 -18 19 -3 -8 25 -14 -13 -10 -7 27 29 -29 -17
right_child=1 4 -4 -5 8 21 20 -9 24 10 11 16 13 -15 -16 26 17 -19 -20 -21 -22 -23 -24 -25 -26 -27 -28 28 -30 -31
leaf_value=-0.050093173896341964 0.031667444523986045 -0.047191234010492356 -0.06266707174287757 -0.036641962781558728 0.041069130387638042 -0.046983841530839579 0.0032145335444240712 0.00041553758476834974 0.0083036327780970851 -0.070365972475441893 0.05638156888237969 0.041687791038203317 0.0553848867695413 -0.08633767901894436 -0.032601599694265695 0.0082456953992551523 -0.014010256069077529 0.038439738712394408 -0.041298308018533687 0.018101438143233076 -0.040187097524261792 0.033828703344828265 -0.077729202688572849 0.0089454786138122716 -0.047627916256773928 -0.0062484247361345047 0.03185925665996623 0.05081602097875583 -0.0050764650519999335 -0.065866613574987368
leaf_weight=58.191465464677776 27.868678828882366 2.0355270195068433 4.0056578351868657 6.8085679260902898 19.990402524766978 5.2281625973873842 28.381866999953672 16.471245889032616 12.154798152863803 3.7796171065019726 6.0957807867671354 40.330265485732525 0.43430512381019681 1.5956301694386628 1.1181186797475673 1.9579846751876235 5.9171700571605452 4.9983727664948674 4.0616782306078667 8.8079954026470642 3.6992028312015455 2.3134413556813334 1.465629338257713 6.1033181274688095 2.0505727491909047 8.6171818137636347 11.387765255749398 4.4735584749578248 7.6673828128987225 2.1442874184795073
leaf_count=641957 4945 826 967 16916 569 2412 3448 2989 1131 197 103 1109 7 42 47 34 112 94 1514 871 14135 297 97 146 242 4254 227 76 226 71
internal_value=3.22352e-10 0.0115691 0.00106606 0.0036347 0.0188784 0.00659676 0.0108864 0.0200581 0.0217644 0.0243251 0.0209601 0.0245673 0.0131904 0.0063768 0.0425896 0.0113864 0.0321733 0.0100073 -0.00700172 0.00584481 -0.00179002 -0.0136905 -0.0473007 0.0373841 0.000229806 -0.0216306 0.0154218 0.00389783 0.0155182 -0.0304933
internal_weight=310.156 251.964 103.394 99.3883 148.57 92.5798 76.421 44.3399 133.665 119.46 99.4692 95.6896 38.3404 31.1265 7.2139 29.5309 57.3491 10.9155 14.9052 10.8435 32.0811 16.1588 1.89993 46.4336 14.2054 13.8453 27.631 16.2432 12.1409 4.10227
internal_count=700061 58104 50363 49396 7741 32480 25517 7934 4530 3157 2588 2391 930 780 150 738 1461 206 3211 1697 17583 6963 104 1255 1373 6666 634 407 302 105
is_linear=0
shrinkage=0.05


Tree=78
num_leaves=31
num_cat=0
split_feature=10 10 17 10 5 12 2 18 3 54 69 38 12 7 6 65 10 34 10 5 3 13 36 2 43 1 6 29 23 6
split_gain=66.0958 7.07152 4.30968 4.00868 3.50561 3.01192 2.88071 2.52496 2.34731 2.30476 5.98681 5.60109 2.87742 2.26119 2.22287 2.1919 2.49207 1.97778 1.96493 1.91693 1.67845 2.56125 1.72389 1.65419 2.43643 2.32853 1.85052 2.36388 2.19384 2.03288
threshold=-1.0000000180025095e-35 5.7500000000000009 0.91875183582305919 5.2500000000000009 1.0000000180025095e-35 0.44722221791744238 4.5000000000000009 0.37642948329448706 1.0000000180025095e-35 0.80169472098350536 4.5839977264404306 0.14263470470905307 0.29099461436271673 1.0000000180025095e-35 1.0000000180025095e-35 10.650000095367433 2.7500000000000004 3.1647884845733647 14.250000000000002 1.0000000180025095e-35 1.5000000000000002 359.19441223144537 0.89494904875755321 2.5000000000000004 3.5408543348312382 25.500000000000004 1.0000000180025095e-35 14.620291709899904 3.6602805852890019 2.5000000000000004
decision_type=2 2 2 2 2 2 2 2 2 2 2 2 2 2 2 2 2 2 2 2 2 2 2 2 2 2 2 2 2 2
left_child=-1 3 4 6 14 9 8 18 -2 -4 11 -11 13 19 17 -10 -17 -3 23 -12 -6 -22 -23 -7 -25 26 27 -26 -29 -28
right_child=1 2 5 -5 20 7 -8 -9 15 10 12 -13 -14 -15 -16 16 -18 -19 -20 -21 21 22 -24 24 25 -27 29 28 -30 -31
leaf_value=-0.050087951649660567 -0.040972961890055129 0.022726871425748758 0.04146817868659277 -0.0576748730158336 -0.043837647006927216 0.031836953919819673 -0.035323098876969668 -0.033975332423719661 0.01831470655410317 0.085176852586882443 0.030651516136987956 -0.064793727211176877 0.037169894415632468 -0.063607364911966391 -0.0075150628036948766 -0.043706545203772589 0.00239994434913473 -0.0038123158636263507 -0.034561410299481718 -0.04596640316329751 0.01798611183955556 -0.061182128431244376 0.025731589435273677 -0.019386781896398652 0.040974854863208891 -0.036746718546573763 -0.0015884887652508771 -0.090471349148473573 0.021892505461502537 0.028877254450890441
leaf_weight=53.80826909292955 2.848141953447338 31.100129026712239 24.222105171909789 3.3504899795707379 4.3044887711039319 15.23606934161762 5.513128424623118 2.6310329233456278 19.352919596710763 0.77025497058639203 3.6577220263716326 3.2475160313479137 22.81548981321248 1.189380840747617 12.355380972830515 3.4494446653811819 19.489598796627888 9.0666514334243384 1.860968088833032 1.0509262230189049 4.7769176587826223 2.3695131941967706 0.75145268698543066 5.2074628327227392 13.033659579680714 1.9177662856327504 13.516669741414718 0.6835603646322842 1.1917679317921281 9.2041260985170066
leaf_count=641957 3284 1194 665 1762 1226 411 23719 317 4699 10 125 158 637 16 2900 8187 3448 1796 64 23 363 144 69 481 633 143 1134 22 71 403
internal_value=1.59877e-10 0.0112221 0.0158431 -0.00470751 0.00542261 0.0213971 -0.00120395 0.0139968 0.00296315 0.0297759 0.0211233 -0.0360426 0.0291223 -0.00200846 0.0110314 0.00592202 -0.00453329 0.0167363 0.0160374 0.0135511 -0.018719 -0.00502889 -0.0402554 0.017607 0.0127626 0.0169959 0.0197349 0.0334228 -0.0190643 0.0107531
internal_weight=293.973 240.165 186.161 54.0037 64.7245 121.436 50.6532 64.4831 45.1401 56.9534 32.7313 4.01777 28.7135 5.89803 52.5222 42.292 22.939 40.1668 61.8521 4.70865 12.2024 7.89788 3.12097 59.9911 44.755 39.5476 37.6298 14.909 1.87533 22.7208
internal_count=700061 58104 13005 45099 7692 5313 43337 3679 19618 1634 969 168 801 164 5890 16334 11635 2990 3362 148 1802 576 213 3298 2887 2406 2263 726 93 1537
is_linear=0
shrinkage=0.05


Tree=79
num_leaves=31
num_cat=0
split_feature=10 14 10 10 10 10 1 2 58 6 10 10 54 11 23 24 6 7 5 37 18 16 12 24 1 66 23 34 57 17
split_gain=60.7849 6.76126 5.37779 13.034 5.09242 12.4547 6.08813 4.04363 3.77489 3.99531 3.46206 4.92841 3.92702 3.37144 2.25817 2.8872 2.06045 2.04562 2.32919 4.92999 2.05445 3.41774 1.79838 1.78035 1.76743 1.71144 1.6524 1.62206 1.60748 1.51168
threshold=-1.0000000180025095e-35 3.785109400749207 9.7500000000000018 9.2500000000000018 10.250000000000002 10.750000000000002 8.5000000000000018 5.5000000000000009 0.27688804268836981 1.0000000180025095e-35 14.250000000000002 14.750000000000002 0.93072339892387401 1.1695402264595034 3.3286200761795048 0.29583333432674414 1.0000000180025095e-35 1.0000000180025095e-35 1.0000000180025095e-35 0.98564770817756664 0.29579851031303411 0.92303848266601574 0.64852941036224376 0.93499580025672924 17.500000000000004 20.050000190734867 3.8528552055358891 1.662352502346039 0.43525071442127233 0.84206581115722667
decision_type=2 2 2 2 2 2 2 2 2 2 2 2 2 2 2 2 2 2 2 2 2 2 2 2 2 2 2 2 2 2
left_child=-1 2 3 7 -4 -6 -7 8 9 26 17 -12 -13 25 15 -10 23 18 -8 -20 21 -19 27 -3 -22 29 -2 -15 -16 -11
right_child=1 16 4 -5 5 6 10 -9 14 13 11 12 -14 22 28 -17 -18 20 19 -21 24 -23 -24 -25 -26 -27 -28 -29 -30 -31
leaf_value=-0.050085618556089943 0.022108996010835998 -0.03486012577129817 0.045637627088377257 -0.071613589400971761 -0.073753368765939284 -0.066293118469849754 0.045390320623283603 -0.023535746818501652 0.018154082475222166 -0.043460551630565294 -0.078198861854106017 0.031596414157567303 -0.050940638621077262 -0.014005473936759577 -0.030338120506444452 -0.046864878940806626 -0.044475310602065603 0.047800214346518877 -0.048168990096556653 0.035171829007950871 -0.060530014386575605 -0.049591484129905251 -0.026250146016019212 0.0043773448500934028 0.018093369466249312 -0.052287176582504473 0.042898026538075403 0.017285751088186842 0.0095429867379785288 0.030004481798137739
leaf_weight=49.840471838863778 27.809909032152518 4.1648755888836613 19.793487227765581 5.0447227214826844 3.6025854257732126 1.8785364929062769 24.29309485578051 8.2542994583614 2.5713474910735377 0.73104240614339389 1.7066085420810839 7.0083882733742922 1.8141899826478036 7.2167633123954209 2.8045028565748025 5.0817546449534348 5.2577891255959903 4.2970421045538369 2.2623775287502204 8.2282322493410884 1.5740768632895199 1.1397462049499152 6.952206922097047 9.4517389563179677 1.3093814770181778 0.71012299493304354 14.564235701581763 9.7191190494572748 25.506429285827835 16.6120977594328
leaf_count=641957 2281 4718 519 247 180 290 712 11223 355 195 39 168 134 744 711 469 20005 76 84 148 49 31 5249 5367 44 38 1103 831 1719 375
internal_value=3.09831e-10 0.0107896 0.0133371 0.00722347 0.0236865 0.0163365 0.0221831 0.0103177 0.0126409 0.018426 0.0252821 -0.000420821 0.0146243 0.00748586 -0.000921787 -0.0250193 -0.0178896 0.0315606 0.0368879 0.0171988 0.00928939 0.0273834 -0.00483791 -0.00762411 -0.0248271 0.0237927 0.0292543 0.00395185 0.00559233 0.0269078
internal_weight=281.201 231.361 212.486 133.579 78.9077 59.1143 55.5117 128.534 120.28 84.3155 53.6331 10.5292 8.82258 41.9414 35.964 7.6531 18.8744 43.104 34.7837 10.4906 8.32025 5.43679 23.8881 13.6166 2.88346 18.0533 42.3741 16.9359 28.3109 17.3431
internal_count=700061 58104 28014 25540 2474 1955 1775 25293 14070 10816 1485 341 302 7432 3254 824 30090 1144 944 232 200 107 6824 10085 93 608 3384 1575 2430 570
is_linear=0
shrinkage=0.05


Tree=80
num_leaves=31
num_cat=0
split_feature=10 17 12 3 18 6 11 10 5 10 2 27 18 3 69 54 54 24 69 29 24 6 31 29 34 6 6 14 54 57
split_gain=55.8306 6.40098 6.07205 4.93295 4.29824 3.70432 4.29935 4.0188 2.99847 2.78022 2.24846 2.82636 2.74527 3.49278 2.20355 4.46924 2.15206 2.21792 2.1391 2.0001 1.99734 1.96393 1.86574 1.85984 2.86163 1.78657 1.76603 1.70796 1.61398 1.60377
threshold=-1.0000000180025095e-35 0.87637126445770275 0.47213622927665716 1.5000000000000002 0.28599420189857488 1.0000000180025095e-35 1.1695402264595034 14.250000000000002 1.0000000180025095e-35 13.250000000000002 2.5000000000000004 25.156666755676273 0.30259756743907934 2.5000000000000004 6.3846223354339608 0.77643641829490673 1.0406137108802798 0.99038460850715648 6.3846223354339608 6.8825681209564218 0.25657895207405096 2.5000000000000004 1.0000000180025095e-35 12.240903854370119 1.799699664115906 2.5000000000000004 3.5000000000000004 3.0058261156082158 0.48950026929378515 0.55387040972709667
decision_type=2 2 2 2 2 2 2 2 2 2 2 2 2 2 2 2 2 2 2 2 2 2 2 2 2 2 2 2 2 2
left_child=-1 3 10 8 5 14 7 21 -2 22 12 28 -3 -14 15 -4 18 -18 -5 -20 -8 -7 -6 27 -25 -22 -27 -24 -12 -21
right_child=1 2 4 16 9 6 20 -9 -10 -11 11 -13 13 -15 -16 -17 17 -19 19 29 25 -23 23 24 -26 26 -28 -29 -30 -31
leaf_value=-0.050080688384452933 -0.012531220441804042 0.027081713702860184 0.032277017892010054 0.030570424191513502 -0.037068141786657148 0.0067609382590037544 0.030503720225534665 -0.068720893516269504 -0.056815842013982647 -0.087528078271154358 0.03023240797055074 0.038481677025069987 -0.025611304562664718 0.02051714550874249 0.044860876916095589 -0.039540322738074937 -0.032527550292880243 0.0068713821463227895 -0.10587816025818936 -0.016970261682096113 -0.035510893970306004 0.038584077180598725 0.022143036976684603 -0.061578573559979047 0.0014044852342821857 0.014137717137240415 -0.052699884984482803 -0.041069145303562399 -0.021100271091320056 0.027308640721560459
leaf_weight=46.069940412437518 13.043017341532734 25.147332579785598 8.2312753478036047 11.939336714756793 4.5364164479960953 8.8837930008794554 2.0923305810010797 1.2392732862936089 5.4069248010764559 1.1688494028858247 2.7713417853519777 35.401654250006686 7.1184637273499929 9.6895844090176961 11.058673339641471 2.9400288407341568 5.7247989821580605 9.499150720358557 0.44037231802940269 4.4246301803477746 9.1116646294863113 10.672645255212045 8.2743071828631418 2.6265849058345321 5.7548013362243182 4.6213847376827752 1.2571692091864859 1.2270728369021515 3.4220808140289591 3.80232880015501
leaf_count=641957 8517 1033 470 695 3183 437 1462 27 4628 50 84 1326 562 431 2628 1513 3772 3181 1 520 11738 355 982 366 2713 2861 2136 1989 164 280
internal_value=1.20509e-10 0.010415 0.015257 -0.00450384 0.00573826 0.0128363 0.00332741 0.0185948 -0.0255092 -0.0123494 0.0247924 0.0330302 0.0166253 0.000981046 0.0290389 0.0133764 0.00631227 -0.00794415 0.0168447 -0.00206252 -0.0152586 0.024128 -0.00842992 -0.00116511 -0.0183333 -0.0216461 -0.000155964 0.0139794 0.00186932 0.00349452
internal_weight=267.597 221.527 167.247 54.2806 83.6963 60.1082 37.8783 20.7957 18.4499 23.588 83.5505 41.5951 41.9554 16.808 22.23 11.1713 35.8306 15.2239 20.6067 8.66733 17.0825 19.5564 22.4192 17.8828 8.38139 14.9902 5.87855 9.50138 6.19342 8.22696
internal_count=700061 58104 36510 21594 32910 23627 19016 819 13145 9283 3600 1574 2026 993 4611 1983 8449 6953 1496 801 18197 792 9233 6050 3079 16735 4997 2971 248 800
is_linear=0
shrinkage=0.05


Tree=81
num_leaves=31
num_cat=0
split_feature=11 17 12 58 10 6 11 10 2 18 3 25 54 14 34 10 43 0 58 10 10 43 69 54 29 38 12 29 10 12
split_gain=51.2982 6.06209 4.58972 4.48194 4.93746 3.30706 3.47276 3.15335 2.90877 4.13401 4.26904 3.12228 4.41539 2.5585 2.37944 2.2382 2.17604 2.0169 1.98804 1.89084 2.51152 2.09001 1.83447 5.68415 2.27251 2.06784 1.82248 1.78767 1.72788 1.70364
threshold=2.3603895902633671 0.7510221302509309 0.44722221791744238 0.26372319459915167 13.250000000000002 1.0000000180025095e-35 1.1695402264595034 11.250000000000002 2.5000000000000004 0.30259756743907934 2.5000000000000004 31.977500915527347 1.068251967430115 0.16108147054910663 2.1471327543258671 10.750000000000002 4.0517470836639413 16.500000000000004 0.19037481397390368 9.7500000000000018 9.2500000000000018 2.2499048709869389 6.3846223354339608 0.72677716612815868 13.493380546569826 0.13281065970659259 0.64852941036224376 1.0000000180025095e-35 9.2500000000000018 0.89444443583488475
decision_type=2 2 2 2 2 2 2 2 2 2 2 2 2 2 2 2 2 2 2 2 2 2 2 2 2 2 2 2 2 2
left_child=1 13 8 5 16 22 7 15 9 19 17 12 18 27 -12 28 -5 -11 -10 20 21 -3 23 -4 -24 -25 -18 -1 29 -7
right_child=-2 2 3 4 -6 6 -8 -9 11 10 14 -13 -14 -15 -16 -17 26 -19 -20 -21 -22 -23 24 25 -26 -27 -28 -29 -30 -31
leaf_value=0.040198121228034872 -0.048466580805167254 -0.042459303962630354 0.031401372378697466 -0.028862262569322696 -0.091493539179473754 0.032444991275425869 -0.012333322491648521 -0.022066173631972504 0.043401491814665745 -0.0012233138827651604 0.03900403673086443 0.041169620291649361 -0.038842285993103805 -0.017875014608645563 -0.0060064800658935274 0.066751889940920336 0.015375908074860679 -0.047417520526577592 -0.015747644149730424 0.043399899094205337 -0.075555422010469983 0.026863900879090331 0.047765116918939414 0.039603068965754204 0.0054025174147939057 -0.051987562264969991 -0.02653420633074087 -0.046511568034474073 -0.0098625655475757228 -0.02006905227418147
leaf_weight=3.3758938367536784 45.040200265387057 1.1995428099144199 10.912487965153561 7.0685231658553738 1.8463895162549295 12.523544212851457 19.699740500925373 4.5917236419700194 6.2349435316064028 4.1976695790144749 6.2005031193875748 27.730505619401811 3.283444269829487 23.58173702518161 5.577298510910623 2.6351817233444299 10.627247776562852 5.4060421442700317 1.8397717760453813 10.689657560506019 0.72065729010501023 11.614861161554471 11.760439245322234 0.74387549966195265 4.3318681697824095 3.5917213124739646 3.4315650004095906 0.72145070335682238 4.401102640278622 1.7616839035381406
leaf_count=140 657592 53 422 2255 58 381 14965 173 214 636 208 1149 218 12024 354 47 1211 382 40 244 21 796 1282 52 649 1261 2547 84 192 411
internal_value=6.64275e-10 0.0102823 0.0135537 0.00629589 -0.0130844 0.0120817 0.00348986 0.015519 0.0221169 0.0135385 -0.00248493 0.0321257 0.0100454 -0.0115385 0.0176896 0.0236132 -0.00623192 -0.0272266 0.0299247 0.0276812 0.015267 0.0203746 0.0245863 0.012159 0.0363616 -0.036273 0.00514622 0.0249305 0.0175296 0.0259689
internal_weight=257.341 212.301 184.622 99.9271 22.9737 76.9534 45.613 25.9132 84.6949 45.6062 21.3815 39.0887 11.3582 27.6791 11.7778 21.3215 21.1273 9.60371 8.07472 24.2247 13.5351 12.8144 31.3404 15.2481 16.0923 4.3356 14.0588 4.09734 18.6863 14.2852
internal_count=700061 42469 30221 25906 6071 19835 16169 1204 4315 2694 1580 1621 472 12248 562 1031 6013 1018 254 1114 870 849 3666 1735 1931 1313 3758 224 984 792
is_linear=0
shrinkage=0.05


Tree=82
num_leaves=31
num_cat=0
split_feature=10 10 17 10 12 16 34 10 2 65 5 10 57 37 3 34 12 8 58 17 6 6 13 58 57 36 3 5 3 54
split_gain=47.5459 5.70606 3.59361 3.07436 2.76441 2.68185 2.30725 2.26548 2.52098 2.50495 2.1718 2.06737 1.89958 3.75124 1.89651 1.64299 1.64617 1.58988 1.56554 3.31535 1.69289 3.33246 1.56848 1.54337 1.59755 1.52276 1.49923 1.48278 1.45778 1.72641
threshold=-1.0000000180025095e-35 5.7500000000000009 0.91875183582305919 5.2500000000000009 0.50999999046325695 0.45384499430656439 5.8204483985900888 4.7500000000000009 2.5000000000000004 10.650000095367433 1.0000000180025095e-35 14.250000000000002 0.99427497386932384 0.99613177776336681 1.5000000000000002 3.1647884845733647 0.80476191639900219 1.0000000180025095e-35 0.26534488797187811 0.97219437360763561 1.0000000180025095e-35 2.5000000000000004 479.26719665527349 0.27021168172359472 0.87591743469238292 0.83735463023185741 6.5000000000000009 1.0000000180025095e-35 1.0000000180025095e-35 0.32940165698528295
decision_type=2 2 2 2 2 2 2 2 2 2 2 2 2 2 2 2 2 2 2 2 2 2 2 2 2 2 2 2 2 2
left_child=-1 3 10 7 6 -6 12 8 9 17 15 18 28 -14 -15 16 26 -2 20 23 -7 27 -23 -20 -25 -17 -3 -22 29 -4
right_child=1 2 4 -5 5 11 -8 -9 -10 -11 -12 -13 13 14 -16 25 -18 -19 19 -21 21 22 -24 24 -26 -27 -28 -29 -30 -31
leaf_value=-0.050077361462949957 0.018653402831824217 0.011990653352632977 0.045520856966568289 -0.056645651646016218 -0.087193307751478988 0.032473657826858064 -0.058776266270728433 0.013669950550477043 -0.031145522977374288 -0.022744810758377962 -0.016920879918859218 -0.055860393686917226 -0.092007818283459525 -0.039966485422691017 0.028689912167346322 -0.022812487923153085 -0.05186087461093495 -0.06435696953801727 -0.10685733606144038 -0.058292661471220364 -0.030010916594358169 0.032975151456247312 -0.05447118810385522 -0.057111452470345027 0.041473294863976856 0.020726860647531688 0.047443096294559971 0.0068632823591196872 0.033114029359508683 -0.028534426199610038
leaf_weight=39.701398421086083 11.151221613317379 31.158861425617943 1.255589215550571 2.7870604525967329 0.70127253037207893 12.045456385370924 0.78434737221687001 14.488766614699669 9.8192122782047573 7.4181674777450999 10.195983984973735 1.1107703872985428 0.88945162971503933 1.2137727142107904 5.8718370470742229 6.6938538071835847 0.93481786631855257 0.60828523576856319 0.22797444438401671 2.2448635734199343 5.1155745975713689 10.394596361200453 0.53939637997245959 0.47854796110914355 2.9085823173190875 2.8688818764589996 3.2976532088941886 5.8371135854667955 49.612239610862161 2.1087469297490316
leaf_count=641957 3155 1305 35 1762 37 735 206 2154 30928 6915 1802 57 10 46 122 3152 664 185 31 221 737 423 58 64 289 703 66 576 1598 68
internal_value=-5.28872e-10 0.00970948 0.0142195 -0.00573778 0.0197196 0.00975778 0.0264329 -0.00247502 -0.0105421 7.09257e-06 0.00391332 0.01142 0.0275294 0.00477937 0.016929 0.00863871 0.0136074 0.0143595 0.0132981 -0.0105669 0.0174195 0.00913435 0.0286612 0.0190692 0.0275448 -0.0097504 0.0153836 -0.0103592 0.0309541 -0.000896577
internal_weight=244.464 204.763 158.49 46.2727 103.34 41.6041 61.736 43.4857 28.9969 19.1777 55.1501 40.9029 60.9516 7.97506 7.08561 44.9541 35.3913 11.7595 39.7921 5.85997 33.9321 21.8867 10.934 3.6151 3.38713 9.56274 34.4565 10.9527 52.9766 3.36434
internal_count=700061 58104 13005 45099 5313 3228 2085 43337 41183 10255 7692 3191 1879 178 168 5890 2035 3340 3134 605 2529 1794 481 384 353 3855 1371 1313 1701 103
is_linear=0
shrinkage=0.05


Tree=83
num_leaves=31
num_cat=0
split_feature=10 14 12 17 58 49 14 6 6 3 2 3 54 12 14 17 21 7 1 16 12 12 13 14 23 10 10 11 3 54
split_gain=43.9016 6.50279 5.00428 4.3879 3.23946 2.45837 3.57388 2.25282 2.62461 1.809 2.15701 2.49962 2.34774 2.06326 1.976 1.75974 1.65784 1.65308 2.14495 1.92904 1.61271 1.57866 1.54286 1.52861 1.4634 1.4293 4.00808 1.72403 1.70163 1.48415
threshold=-1.0000000180025095e-35 3.785109400749207 0.50999999046325695 0.91875183582305919 0.26534488797187811 13.140637874603273 2.8206955194473271 1.0000000180025095e-35 2.5000000000000004 7.5000000000000009 2.5000000000000004 2.5000000000000004 2.0313529968261723 0.40370370447635656 1.4332118034362795 0.96647647023201 0.024740948341786865 1.0000000180025095e-35 21.500000000000004 0.70461112260818493 0.39009661972522741 1.1143791079521181 179.16896057128909 2.5975071191787724 3.3286200761795048 9.7500000000000018 9.2500000000000018 0.92980295419693004 1.0000000180025095e-35 3.4461432695388798
decision_type=2 2 2 2 2 2 2 2 2 2 2 2 2 2 2 2 2 2 2 2 2 2 2 2 2 2 2 2 2 2
left_child=-1 2 3 9 7 24 -7 -4 15 10 11 -2 -13 -12 -15 -9 -17 25 19 -19 -20 -10 -3 -16 -6 26 27 -5 -27 -30
right_child=1 22 4 17 5 6 -8 8 21 -11 13 12 -14 14 23 16 -18 18 20 -21 -22 -23 -24 -25 -26 28 -28 -29 29 -31
leaf_value=-0.050075181334620217 -0.02112923424182498 0.023379851275448976 0.020491049824953408 0.077913384255494239 -0.025705797892116827 -0.062050525129296812 0.032020592781751948 -0.037761458096717757 0.017741689639062024 0.057363359290566102 0.030943106968934399 0.021253062402057793 -0.03370052733006608 -0.03093923770975638 0.04864154732588901 -0.010140541391264137 0.047383320648273525 -0.024223963564756958 0.0061308643293457518 0.034433848976417936 -0.057002922872465216 -0.051441943283164517 -0.025655568207427426 -0.035455525739416287 0.010292201926378006 -0.018352738152403601 -0.071194546302223896 0.024201051083282896 0.039732725566780557 0.086264569491972698
leaf_weight=36.898263552875392 12.059798872944613 1.7959638815991663 21.873193047197674 1.5947892902768277 4.5263294105316181 4.8002619291098645 1.278562249385004 5.329725559508236 15.557724179610318 1.6924080291646522 11.179449562594529 10.15890269938245 2.4033659575288757 3.3576089901052901 2.0221622315366408 10.1535821758398 1.4287766910106245 1.6730889995524183 2.773095815196938 8.6383165323350095 1.5923348878295653 0.87070527147261678 15.0199947766107 0.73738857908028865 7.5033679321124964 1.1646720034768829 1.0702444241615001 23.627652937220773 20.378212181502025 1.8709566975012411
leaf_count=641957 1685 403 4161 23 1249 1406 530 2929 1599 36 499 423 139 117 105 5776 247 39 130 184 156 2673 29687 73 1925 34 25 1244 599 8
internal_value=-4.85693e-12 0.00932551 0.0120841 0.0189285 0.00200305 -0.0163484 -0.0422645 0.0080218 -0.000158705 0.00668276 0.00463661 -0.00486967 0.0107395 0.018169 -0.00517646 -0.0139853 -0.00304451 0.0272234 0.0124792 0.0249163 -0.0168978 0.014075 -0.0204185 0.0261697 -0.00325251 0.0315769 0.0235759 0.0275972 0.0405617 0.0436456
internal_weight=235.031 198.133 181.317 107.994 73.3222 18.1085 6.07882 55.2137 33.3405 43.6111 41.9187 24.6221 12.5623 17.2966 6.11716 16.9121 11.5824 64.3834 14.6768 10.3114 4.36543 16.4284 16.816 2.75955 12.0297 49.7065 26.2927 25.2224 23.4138 22.2492
internal_count=700061 58104 28014 5519 22495 5110 1936 17385 13224 3077 3041 2247 562 794 295 8952 6023 2442 509 223 286 4272 30090 178 3174 1933 1292 1267 641 607
is_linear=0
shrinkage=0.05


Tree=84
num_leaves=31
num_cat=0
split_feature=10 10 10 57 54 12 3 2 6 66 2 37 18 1 13 38 65 34 14 10 10 37 11 7 12 2 37 36 12 69
split_gain=40.592 6.19181 5.70153 3.25918 2.85513 3.03904 2.25556 2.20396 2.25209 2.57101 2.16734 2.05209 2.01984 2.08168 1.97916 1.85006 1.77165 2.12308 2.07995 1.70174 2.34491 1.6666 1.63273 1.55325 1.9603 2.19848 1.98719 1.52748 1.50859 1.88632
threshold=-1.0000000180025095e-35 7.7500000000000009 7.2500000000000009 0.52096602320671093 0.11639168485999109 1.5166666507720949 1.5000000000000002 8.5000000000000018 1.0000000180025095e-35 20.44999980926514 1.5000000000000002 0.97164231538772594 0.28443659842014318 8.5000000000000018 373.23710632324224 0.38881017267704016 19.116666793823246 1.6280510425567629 1.1534383296966555 6.7500000000000009 6.2500000000000009 0.99388921260833751 1.3416666984558108 1.0000000180025095e-35 0.29099461436271673 4.5000000000000009 0.97720754146575939 0.61134067177772533 0.55902779102325451 11.182362079620363
decision_type=2 2 2 2 2 2 2 2 2 2 2 2 2 2 2 2 2 2 2 2 2 2 2 2 2 2 2 2 2 2
left_child=-1 2 4 11 10 6 -6 8 12 15 -2 -3 22 -14 19 16 18 -18 -10 20 -8 -11 27 28 -25 -26 -27 -5 -15 -30
right_child=1 3 -4 7 5 -7 14 -9 9 21 -12 -13 13 23 -16 -17 17 -19 -20 -21 -22 -23 -24 24 25 26 -28 -29 29 -31
leaf_value=-0.050071066043087614 0.046654709434849478 -0.026544552869470214 -0.064499265618550725 -0.022137584928027962 -0.018638165969637622 -0.051308015727152351 0.0062873527564960442 -0.048665845829807 0.015958633785554153 0.0036405252585954891 0.0030291477186187802 0.017193294749937148 -0.062488808416389541 0.029608301766252999 -0.024982881086749512 -0.01378887448510783 0.0042967186077173189 0.039075637767531902 -0.032260126215797262 0.030083628526153802 -0.058173015089455216 -0.080217760438439367 -0.0034761364733458828 -0.058312202659157521 0.034276814290005585 0.017465662133430978 -0.086647837419959198 0.043193952662248375 0.017248977278411053 -0.076487905919580212
leaf_weight=34.286226467130859 5.5452700720343255 6.6787575462271871 3.4535717888052195 0.9308701747795628 13.320747125096657 3.0867653691462911 33.712955433893057 1.1716395337130041 8.3280859789665573 1.1514355769504612 5.8508327560273301 4.4811081412735803 0.77905600461235636 23.714855322672523 5.0405349970201305 5.0762309576821272 6.513674946807444 13.446788769550038 3.0575429586351666 7.322293705111405 1.4724720794729353 1.2205340234941102 2.2969924179487853 1.2315202721219964 3.5968841108842753 0.94594814199081134 0.88908375697792508 23.015141996685998 1.7939415394430391 0.76581544649889099
leaf_count=641957 314 2689 967 37 10921 19586 13971 615 212 62 1592 522 57 993 2127 477 128 437 234 462 423 43 142 36 100 23 18 743 113 60
internal_value=1.676e-10 0.00904069 -0.00167889 0.0166453 0.00120033 -0.00290809 -0.000453648 0.0195074 0.0203162 0.0109291 0.0242571 -0.00898215 0.0263897 0.0182935 0.00464078 0.0142139 0.0187487 0.0277263 0.00300977 0.00815354 0.00358976 -0.0395101 0.0367916 0.0202042 -0.00135643 0.0115565 -0.0329779 0.0406543 0.0256721 -0.0107948
internal_weight=224.178 189.891 78.8054 111.086 75.3519 63.9558 60.869 99.926 98.7544 38.7943 11.3961 11.1599 59.9601 33.7171 47.5483 36.4223 31.3461 19.9605 11.3856 42.5077 35.1854 2.37197 26.243 32.938 6.66344 5.43192 1.83503 23.946 26.2746 2.55976
internal_count=700061 58104 50363 7741 49396 47490 27904 4530 3915 1593 1906 3211 2322 1400 16983 1488 1011 565 446 14856 14394 105 922 1343 177 141 41 780 1166 173
is_linear=0
shrinkage=0.05


Tree=85
num_leaves=31
num_cat=0
split_feature=10 10 10 57 54 12 1 4 2 2 14 6 27 2 1 34 3 43 12 32 3 34 34 34 38 13 1 58 12 18
split_gain=37.6225 5.59124 4.79866 2.92494 2.58311 2.79995 2.20498 1.99508 1.99363 1.97993 1.76789 1.74364 2.11827 1.97726 1.93323 1.64949 2.02844 1.86265 1.93469 1.56743 1.55953 1.38295 1.45622 3.36967 1.70715 1.35783 1.32953 1.63968 1.49016 1.37346
threshold=-1.0000000180025095e-35 7.7500000000000009 7.2500000000000009 0.52096602320671093 0.11639168485999109 1.5166666507720949 7.5000000000000009 1.0000000180025095e-35 1.5000000000000002 8.5000000000000018 0.16108147054910663 1.0000000180025095e-35 26.911176681518558 1.0000000180025095e-35 9.5000000000000018 3.126665592193604 3.5000000000000004 3.7256208658218388 0.55902779102325451 0.9961538314819337 1.5000000000000002 4.0216782093048105 1.1588239669799807 0.13382896780967715 0.38121350109577185 299.03753662109381 6.5000000000000009 0.36298473179340368 0.87867647409439098 0.38996171951293951
decision_type=2 2 2 2 2 2 2 2 2 2 2 2 2 2 2 2 2 2 2 2 2 2 2 2 2 2 2 2 2 2
left_child=-1 2 4 10 8 7 -5 20 -2 11 -3 13 14 -8 -13 17 19 18 -15 -17 -6 22 23 -14 -24 -16 -22 28 -28 -29
right_child=1 3 -4 6 5 -7 9 -9 -10 -11 -12 12 21 15 25 16 -18 -19 -20 -21 26 -23 24 -25 -26 -27 27 29 -30 -31
leaf_value=-0.0500690956431094 0.045657861802185812 0.03385757179071102 -0.063053520043720265 -0.035602296455945148 -0.014248973021048501 -0.051231404767079096 0.051802275184618579 -0.033011086149082415 0.0029381257846604137 -0.04760655869521338 -0.018142526831474919 0.068890992010953792 0.039509814301772056 0.016573385400225193 -0.077646168195425816 0.020592658778523031 -0.053133192947789745 0.032863984466412852 -0.049789144959349323 -0.057215950931213649 0.069200219663516804 -0.047046014299245487 0.035839450646689919 -0.02437872617415968 -0.0033001314191775906 -0.00965976854115249 0.011962306272307687 -0.079693029062252355 -0.021206716526249277 -0.009853507700909897
leaf_weight=31.918225715217204 5.2363535390650195 2.0079453378639291 3.0476100889841282 1.8145711648935492 11.637955695770868 2.8667335386178356 6.7149343025084809 4.4014620399293554 5.7081285221272537 1.0690924826158141 8.7886076954373475 0.71821169188478773 3.6672870037145966 7.4292464884929341 0.82129397975950258 7.0702671684521174 1.3400165988859951 31.652163994469447 1.2887788969092069 0.71247263551049389 0.82624387573741742 0.77148078885966143 15.173208423540929 4.7203942179767182 3.4125894344906547 6.9424571053023101 33.670980211075857 0.8658834348389054 3.7647614604827586 3.7646557670720995
leaf_count=641957 314 87 967 253 6102 19586 118 11010 1592 549 3124 28 77 188 30 464 94 1230 53 113 57 467 317 143 117 289 4528 63 5509 635
internal_value=1.58312e-10 0.00878541 -0.00158704 0.0161937 0.000988132 -0.00297696 0.0189875 -0.00062963 0.0233773 0.0200469 -0.00847154 0.0208294 0.0122755 0.0263425 -0.00959148 0.0228883 0.00368654 0.0272274 0.00676306 0.0134697 0.00198406 0.0189605 0.0208484 0.00355481 0.0286529 -0.0168518 0.00638854 0.00515483 0.00862663 -0.0229131
internal_weight=213.824 181.906 75.7908 106.115 72.7432 61.7987 95.3185 58.9319 10.9445 93.5039 10.7966 92.4348 36.2269 56.2079 8.48196 49.4929 9.12276 40.3702 8.71803 7.78274 54.5305 27.745 26.9735 8.38768 18.5858 7.76375 42.8925 42.0663 37.4357 4.63054
internal_count=700061 58104 50363 7741 49396 47490 4530 27904 1906 4277 3211 3728 1468 2260 347 2142 671 1471 241 577 16894 1121 654 220 434 319 10792 10735 10037 698
is_linear=0
shrinkage=0.05


Tree=86
num_leaves=31
num_cat=0
split_feature=10 10 17 5 10 6 54 34 7 12 57 14 17 2 58 16 2 4 16 12 2 17 2 43 6 43 12 23 6 10
split_gain=34.828 5.8205 2.94713 2.34638 2.29757 2.04829 1.87654 2.54418 2.11373 1.82748 1.88958 1.72948 1.66411 1.58106 1.53208 1.61107 1.41995 1.59346 1.41474 1.38845 1.43054 1.36768 1.33821 1.29698 2.01327 1.28369 2.20998 1.20859 1.18107 1.15452
threshold=-1.0000000180025095e-35 5.7500000000000009 0.91875183582305919 1.0000000180025095e-35 5.2500000000000009 1.0000000180025095e-35 0.1297685578465462 0.13382896780967715 1.0000000180025095e-35 1.1715686321258547 0.29297472536563879 3.3531857728958134 0.92988044023513805 1.5000000000000002 0.38463623821735388 0.46068006753921514 1.0000000180025095e-35 1.0000000180025095e-35 0.76562863588333141 1.0000000180025095e-35 6.5000000000000009 0.95516896247863781 6.5000000000000009 2.7403194904327397 5.5000000000000009 4.6586997509002694 0.4629120826721192 3.78852391242981 4.5000000000000009 4.7500000000000009
decision_type=2 2 2 2 2 2 2 2 2 2 2 2 2 2 2 2 2 2 2 2 2 2 2 2 2 2 2 2 2 2
left_child=-1 4 3 19 6 14 13 -8 9 10 -9 -5 -7 -2 15 -4 -17 27 29 -3 -21 -16 23 24 -14 26 -20 -18 -25 -12
right_child=1 2 5 11 -6 12 7 8 -10 -11 18 -13 22 -15 21 16 17 -19 25 20 -22 -23 -24 28 -26 -27 -28 -29 -30 -31
leaf_value=-0.050066850900434806 0.042690531300274885 -0.12704357424985094 -0.045075129640949729 -0.010031937571655975 -0.055982122005563885 0.052722586811825428 -0.095837102597841395 -0.039122341880211908 -0.036677423979605495 -0.040237032801697763 0.0089980478679993568 -0.070527834750101687 -0.052736040359268904 -0.0071253796342138631 -0.047116315912997968 0.058670867475709945 0.021366108079332459 -0.029273979424798802 0.033366223267790908 0.011775074183265764 -0.033177645845269811 0.027469222817912961 -0.048963567852539407 0.013462236708483269 0.062169199354763595 0.013058374380049248 -0.039676477150442035 0.039686234272657155 -0.054274635245773521 0.044823890041545321
leaf_weight=29.713899152072031 3.431247348082251 0.18684595231024914 0.7341570737407882 7.9029571391897644 2.3587661246534699 2.2440843238800872 0.84214165542652963 2.4213088791298203 5.2576663719348735 2.7778593076195639 6.7486354461743776 1.3890685734613724 1.718766541063814 2.9726458232228197 1.3103872618448797 3.8309961913619182 22.818291284158477 1.228385536242057 1.3734409166572712 36.3771057195504 1.8603278409675557 1.1576045195251934 0.98933593021592869 35.247655096381095 0.48985389387235034 5.063350380187785 4.2094257876465235 14.868620369154085 0.65549314759846211 3.3726201591234712
leaf_count=641957 249 7 21 715 1762 152 20 2267 11329 17759 3214 1087 142 1490 52 75 1051 452 227 3815 2068 53 881 1641 3 2900 3630 740 50 252
internal_value=-1.44347e-10 0.00846047 0.0134631 0.00347123 -0.00808162 0.0189248 -0.00514466 -0.0100796 -0.00776667 -0.00191288 0.00267809 -0.0190755 0.0108506 0.0195663 0.02619 0.0283652 0.0296266 0.0267673 0.00755166 0.00892363 0.00958803 -0.0121322 0.00844751 0.00993784 -0.027251 -0.00517268 -0.0217072 0.0285939 0.0122255 0.020936
internal_weight=205.553 175.839 135.01 47.7163 40.8291 87.2936 38.4703 32.0664 31.2243 25.9666 23.1888 9.29203 41.3452 6.40389 45.9484 43.4805 42.7463 38.9153 20.7675 38.4243 38.2374 2.46799 39.1011 38.1118 2.20862 10.6462 5.58287 37.6869 35.9031 10.1213
internal_count=700061 58104 13005 7692 45099 5313 43337 41598 41578 30249 12490 1802 2869 1739 2444 2339 2318 2243 10223 5890 5883 105 2717 1836 145 6757 3857 1791 1691 3466
is_linear=0
shrinkage=0.05


Tree=87
num_leaves=31
num_cat=0
split_feature=10 10 10 14 1 10 10 10 10 14 10 10 54 13 24 7 18 16 58 13 57 6 18 17 3 18 69 14 34 61
split_gain=32.2035 5.41967 6.83923 4.55397 3.90615 3.12094 6.19118 3.41751 3.51328 2.48265 2.32189 2.81091 2.6346 2.27642 2.52424 2.15943 2.73891 3.85856 2.09087 2.16906 1.93968 1.7961 1.72416 1.53462 1.35798 1.3404 1.32953 1.83082 1.64772 1.25322
threshold=-1.0000000180025095e-35 9.7500000000000018 9.2500000000000018 3.0865100622177128 8.5000000000000018 8.7500000000000018 8.2500000000000018 7.7500000000000009 7.2500000000000009 3.785109400749207 14.250000000000002 14.750000000000002 0.93072339892387401 344.07348632812506 0.7947368621826173 1.0000000180025095e-35 0.29579851031303411 0.92423039674758922 0.35855884850025183 347.09138488769537 0.51018068194389354 1.0000000180025095e-35 0.23347822576761249 0.79991695284843456 8.5000000000000018 0.38996171951293951 10.39975166320801 2.1058121919631962 3.1647884845733647 0.001745436398778111
decision_type=2 2 2 2 2 2 2 2 2 2 2 2 2 2 2 2 2 2 2 2 2 2 2 2 2 2 2 2 2 2
left_child=-1 2 3 5 22 6 7 8 18 10 15 -12 -13 14 -5 20 17 -17 19 21 -6 -2 -3 -7 -21 -20 28 -28 -23 -16
right_child=1 4 -4 13 9 23 -8 -9 -10 -11 11 12 -14 -15 29 16 -18 -19 25 24 -22 26 -24 -25 -26 -27 27 -29 -30 -31
leaf_value=-0.050064147112989767 0.024434825815206968 0.021579073837995136 -0.064658280083194616 -0.042621571545090969 0.00068215472280793701 -0.016931652096315596 -0.06397641591662967 0.030182813890847083 -0.06165098909197974 -0.025122494613013177 -0.070293820346422536 0.028380357376677157 -0.05029396405993164 -0.053407842987587079 0.00015242047072079192 0.045567108568749362 -0.027161325959808049 -0.044624024396035716 -0.066213208152399519 -0.016726978091520451 0.038357572528937345 0.018703609441904346 -0.067271878847701985 0.036679561856233875 0.038302678770936044 -0.010303355540316892 -0.035324170425869196 0.019425808973705872 -0.056577815737266203 0.10047620891725928
leaf_weight=27.645167624049236 19.64786726535317 0.78488266118802075 3.779008788700593 4.2027670914314976 3.7992609692482793 1.502280841810715 3.1561556757515055 13.538724601071861 2.0736709723851154 2.6001641089824252 1.2162988289855992 5.2514296400331659 1.3345386880246222 3.7681044976682179 10.214437538597052 5.6886033611099247 3.5018268461935804 1.498189872188959 1.3665720642675285 10.29400436213484 33.891140109362823 9.9467421676426966 1.7939766763611258 11.976607409116694 1.2581069842051409 4.9733621557502374 4.1820546014653237 2.4050420624075741 0.78415782264801315 0.32107138729225049
leaf_count=641957 3621 64 563 10260 326 120 269 661 355 1249 39 168 134 7967 13410 136 133 44 173 5834 1118 4699 842 481 206 1626 2087 912 570 37
internal_value=-4.36343e-10 0.00810555 0.00143398 0.0037989 0.0199994 0.00858462 0.00453513 0.00760356 0.00223406 0.0226417 0.0248524 -0.000458852 0.0124383 -0.0187264 -0.00985947 0.0289344 0.00909787 0.0267655 0.00464896 0.00817758 0.0345598 0.0140876 -0.0402299 0.0307044 -0.0107339 -0.0223547 0.00234821 -0.0153342 0.0132024 0.0032098
internal_weight=198.396 170.751 109.391 105.612 61.3603 87.1053 73.6265 70.4703 56.9316 58.7815 56.1813 7.80227 6.58597 18.5064 14.7383 48.379 10.6886 7.18679 54.8579 48.518 37.6904 36.9659 2.57886 13.4789 11.5521 6.33993 17.318 6.5871 10.7309 10.5355
internal_count=700061 58104 53851 53288 4253 21614 21013 20744 20083 3347 2098 341 302 31674 23707 1757 313 180 19728 17929 1444 11889 906 601 6040 1799 8268 2999 5269 13447
is_linear=0
shrinkage=0.05


Tree=88
num_leaves=31
num_cat=0
split_feature=10 17 6 18 11 12 3 11 13 36 4 29 32 32 14 2 49 29 57 3 34 11 49 14 16 58 7 49 34 23
split_gain=29.7708 4.59946 3.35088 3.21148 2.56016 2.50557 2.13975 1.59017 2.0399 1.56853 1.55865 1.55818 1.47641 1.41883 1.64669 1.61263 2.34845 2.22777 2.59263 1.54172 1.38033 1.50199 2.12499 2.71178 2.27056 2.12962 1.66897 1.46651 1.32033 1.24151
threshold=-1.0000000180025095e-35 0.7510221302509309 1.0000000180025095e-35 0.28443659842014318 1.60357141494751 0.47213622927665716 1.5000000000000002 1.2649122476577761 373.23710632324224 0.61134067177772533 1.0000000180025095e-35 12.445768833160402 0.19090909510850909 0.19090909510850909 1.1243146657943728 2.5000000000000004 10.582149982452394 12.749648094177248 0.90822079777717601 4.5000000000000009 4.0216782093048105 1.0606617927551272 12.375115871429445 0.35344822704792028 0.68225201964378368 0.13429758697748187 1.0000000180025095e-35 8.3715963363647479 1.258240342140198 2.0627344846725468
decision_type=2 2 2 2 2 2 2 2 2 2 2 2 2 2 2 2 2 2 2 2 2 2 2 2 2 2 2 2 2 2
left_child=-1 6 3 7 10 13 -2 9 -9 -3 20 12 -7 15 -15 17 -17 19 -19 -5 21 22 23 25 -24 -4 -23 -25 -26 -11
right_child=1 2 4 5 -6 11 -8 8 -10 29 -12 -13 -14 14 -16 16 -18 18 -20 -21 -22 26 24 27 28 -27 -28 -29 -30 -31
leaf_value=-0.050060953151587741 -0.032045981137918976 -0.040602231130734641 0.041688662873658577 0.010954033540006703 -0.041762934561294485 0.010206681591720522 -0.00061788079092856127 0.027964399142921162 -0.011318701807045898 0.00075396394560231169 -0.052730802749105014 -0.03312490826777649 -0.052221310187112041 0.035126775507263674 -0.048931341132347199 -0.02716987782351938 0.04074025782636629 -0.043848992909542195 0.028896288276805307 0.056852159973372118 -0.038191299076470897 0.0040517924178612537 -0.020666824187011504 -0.047569092015295994 0.0012058200980481837 -0.026148749047632286 -0.033011639648845348 0.0036705822660140202 0.047114922418455621 0.044040636292060717
leaf_weight=25.64080059291723 8.9064360328407037 0.61930691084126266 4.4940631029312517 6.6486067180867447 3.1316955468946608 8.0024920869880116 13.818825517582125 11.859319617486564 4.5814043850059525 1.8190386315109233 1.1565843763087276 4.5151376471786753 1.0742163851209614 0.90563134713738636 1.6335845891662755 1.4345618865045242 11.308947236469974 3.342603065975708 1.9331845162996613 2.5242235444311518 1.7167403437465498 24.628352071490557 1.8541152741672693 3.0364230486229644 1.8939390613813873 1.5580011776546596 3.4646511878891024 2.5854063256556401 9.0481184507298149 18.534402226738166
leaf_count=641957 10243 30 76 493 22945 2257 5533 4189 1019 45 1738 1609 880 55 166 67 733 229 141 74 2305 1423 65 196 45 60 496 82 139 771
internal_value=6.36579e-11 0.00792201 0.0113245 0.0179293 0.00221968 0.00866229 -0.0129351 0.0286602 0.0170177 0.0377868 0.00470433 -0.00912176 0.00281841 0.0167924 -0.0189514 0.0201301 0.0330955 0.00869486 -0.0171932 0.0235845 0.00592815 0.00736912 0.0164253 0.000998961 0.0304987 0.0242251 -0.000519163 -0.0240046 0.0391686 0.040172
internal_weight=187.671 162.03 139.305 80.7367 58.5681 43.3232 22.7253 37.4135 16.4407 20.9727 55.4364 13.5918 9.07671 29.7313 2.53922 27.1921 12.7435 14.4486 5.27579 9.17283 54.2798 52.5631 24.4701 11.6739 12.7962 6.05206 28.093 5.62183 10.9421 20.3534
internal_count=700061 58104 42328 12758 29570 6704 15776 6054 5208 846 6625 4746 3137 1958 221 1737 800 937 370 567 4887 2582 663 414 249 136 1919 278 184 816
is_linear=0
shrinkage=0.05


Tree=89
num_leaves=31
num_cat=0
split_feature=10 17 6 18 11 12 3 11 13 4 58 34 34 38 3 16 29 32 36 32 12 7 14 54 23 19 17 10 46 4
split_gain=27.6173 4.78452 3.48627 2.72847 2.30963 2.24868 2.22103 1.42739 1.83223 1.42706 1.30169 1.50204 1.28377 1.26991 1.47834 1.36533 1.26488 1.29469 1.26038 1.21446 1.60585 1.82714 1.38751 1.3147 1.16462 1.16365 1.13737 1.15607 1.10887 1.07345
threshold=-1.0000000180025095e-35 0.7510221302509309 1.0000000180025095e-35 0.28443659842014318 1.60357141494751 0.47213622927665716 1.5000000000000002 1.2649122476577761 373.23710632324224 1.0000000180025095e-35 0.038543792441487319 4.3917469978332528 0.20975280553102496 0.36402259767055517 1.0000000180025095e-35 0.81930372118949901 12.445768833160402 0.19090909510850909 0.61134067177772533 0.19090909510850909 0.29099461436271673 1.0000000180025095e-35 1.1243146657943728 5.5819125175476083 2.0627344846725468 0.001965783536434174 0.90777143836021434 7.7500000000000009 27.900000572204593 1.0000000180025095e-35
decision_type=2 2 2 2 2 2 2 2 2 2 2 2 2 2 2 2 2 2 2 2 2 2 2 2 2 2 2 2 2 2
left_child=-1 6 3 7 9 19 12 18 10 13 -9 -12 -2 14 -4 -16 17 -7 -3 20 21 25 -21 -22 -20 -5 -17 -28 -15 -8
right_child=1 2 4 5 -6 16 29 8 -10 -11 11 -13 -14 28 15 26 -18 -19 24 22 23 -23 -24 -25 -26 -27 27 -29 -30 -31
leaf_value=-0.050058029574918186 0.026427444855437611 -0.03597612681067467 -0.049847136987075991 0.00053508781052332202 -0.041285280410952058 0.0099320750194304749 0.0029933519242728033 0.072486827787610536 -0.010343906021357291 -0.052831276965415203 0.026475454584829951 -0.049749906771840005 -0.039101806287106855 -0.057871597254298447 0.026542965367052099 -0.048897479142365204 -0.029918533143890143 -0.050855952997291891 0.0009466526722736188 0.033644770163735752 0.030717830224152753 -0.057614389136745582 -0.045840616384276001 -0.061966401585467956 0.043086561163608879 0.051972702865147748 -0.0048460085415333379 0.015507669994629464 -0.0045392423164656486 -0.051795687311127714
leaf_weight=23.889152970723558 0.82343773222419514 0.57398961872968612 1.0278446089287161 5.1739094110744253 2.9491502742303046 7.8335315596075343 12.558644643938347 1.4123612232597214 4.4199101406200034 1.0756370727422098 9.411025882176542 0.69393861099638421 8.0947690337139857 1.0824603404471407 10.332763428192264 0.93248970505010476 4.308204011787665 0.98620602012306324 1.8064365949830996 0.86374392159632352 17.590058948590016 1.1204309762397313 1.5068758326997338 0.39111486804904316 17.752777929781587 1.3962233566853681 11.781072729787185 17.106902818618437 9.7836235316503899 0.96250801999303881
leaf_count=641957 137 30 168 279 22945 2257 3831 119 1019 1738 2536 1534 10106 265 743 73 1609 880 45 55 1070 93 166 218 771 77 1534 497 1607 1702
internal_value=2.35576e-10 0.00767787 0.0112732 0.0181624 0.00178324 0.00936625 -0.0136822 0.0282021 0.0170228 0.00417422 0.0275251 0.0212408 -0.0330513 0.00535233 0.0093642 0.0108799 -0.00771228 0.00313488 0.0370515 0.0173615 0.0205235 0.00140185 -0.0168798 0.0287018 0.0391946 0.0114661 0.00545265 0.00720705 -0.00985212 -0.000906825
internal_weight=179.641 155.752 133.313 77.2407 56.0719 41.1703 22.4394 36.0704 15.9372 53.1228 11.5173 10.105 8.91821 52.0472 41.1811 40.1532 13.1279 8.81974 20.1332 28.0424 25.6717 7.69056 2.37062 17.9812 19.5592 6.57013 29.8205 28.888 10.8661 13.5212
internal_count=700061 58104 42328 12758 29570 6704 15776 6054 5208 6625 4189 4070 10243 4887 3015 2847 4746 3137 846 1958 1737 449 221 1288 816 356 2104 2031 1872 5533
is_linear=0
shrinkage=0.05


Tree=90
num_leaves=31
num_cat=0
split_feature=10 17 13 10 1 37 6 18 2 7 12 49 49 32 2 4 2 58 54 29 34 29 36 10 4 5 38 38 28 0
split_gain=25.5686 6.26742 4.34778 4.13356 3.15035 2.68536 2.19213 1.94634 1.78139 1.60695 1.56843 1.512 1.48596 1.42278 1.31605 1.22998 1.20709 1.37853 1.19551 1.23016 2.21313 1.76121 1.94768 1.17742 1.16813 1.03905 1.07761 1.62201 1.02144 1.01712
threshold=-1.0000000180025095e-35 0.7510221302509309 194.09574890136722 4.7500000000000009 6.5000000000000009 0.70041364431381237 1.0000000180025095e-35 0.28922431170940405 2.5000000000000004 1.0000000180025095e-35 0.67543861269950878 14.191119194030763 10.642194271087648 0.19090909510850909 4.5000000000000009 1.0000000180025095e-35 5.5000000000000009 0.14020282775163653 6.227933645248414 12.749648094177248 0.86838257312774669 12.804666996002199 0.70519566535949718 4.2500000000000009 1.0000000180025095e-35 1.5000000000000002 0.35091583430767065 0.33484376966953283 0.87500000000000011 16.500000000000004
decision_type=2 2 2 2 2 2 2 2 2 2 2 2 2 2 2 2 2 2 2 2 2 2 2 2 2 2 2 2 2 2
left_child=-1 4 8 10 5 -2 7 16 -3 13 23 14 24 18 29 25 -5 -18 19 -9 -21 -22 -23 -4 -6 26 27 -8 -14 -11
right_child=1 2 3 6 12 -7 15 9 -10 11 -12 -13 28 -15 -16 -17 17 -19 -20 20 21 22 -24 -25 -26 -27 -28 -29 -30 -31
leaf_value=-0.050054724072126591 -0.0064965108599591252 0.073389080145815397 0.0032794654259629633 0.0326087031404306 0.0066857330261828052 -0.089942129773572493 0.0086231700907705971 0.029906285007901032 -0.039399413434319401 0.015895764397650693 -0.039099457917807771 0.018370048769838571 -0.04173528174497293 -0.021166090429217892 -0.073183686695370884 -0.05321166344115949 0.025133926465328638 -0.03330940091917186 -0.060104115313610554 -0.064625698256214226 -0.07587729063260433 -0.050098028995730161 0.030202990652544781 -0.056416553917278657 -0.051426773662773845 -0.025944140919850735 -0.0051512691384134829 0.04409175272392879 -0.00060771046203101677 -0.049443431408056966
leaf_weight=22.258498883544007 1.594116044582736 3.6575485801513414 7.4094123807803935 25.544526130976013 11.153512693318589 2.4396319342058632 30.426334864276214 15.147229309803842 0.38713537463809178 1.4623760030481205 4.8648441358317305 2.4624297887412467 4.2962372317377904 2.3344932788004362 1.2808801601931916 0.88751088616299867 2.821206666652869 1.5707568839902704 0.46081653593137062 0.97320660046534513 0.4981346098247722 0.85068789264551004 6.7216585326332279 0.92963582152674451 0.93743329442827494 2.3910239470169463 11.805157980157672 3.6052830023645575 2.3275992221663273 1.0049093606357926
leaf_count=641957 1171 169 3723 1415 3559 709 2014 963 209 111 27284 153 6831 312 153 1742 281 373 343 30 17 60 488 350 2431 303 1606 184 1075 45
internal_value=6.41218e-11 0.00731806 0.01157 0.00992497 -0.0168864 -0.0569649 0.0130378 0.0192008 0.0625936 0.0108639 -0.0165376 -0.0120673 -0.00824797 0.0161413 -0.0320637 0.0051158 0.0284456 0.00423205 0.0196743 0.021194 0.00660186 0.0151911 0.0211819 -0.00337544 0.00218016 0.00618917 0.00786537 0.0123807 -0.0272832 -0.0107165
internal_weight=174.504 152.246 129.497 125.453 22.7485 4.03375 112.249 63.1333 4.04468 33.1968 13.2039 6.2106 18.7148 26.9862 3.74817 49.1153 29.9365 4.39196 24.6517 24.1909 9.04369 8.07048 7.57235 8.33905 12.0909 48.2278 45.8368 34.0316 6.62384 2.46729
internal_count=700061 58104 42328 41950 15776 1880 10593 4744 378 2675 31357 462 13896 2213 309 5849 2069 654 1901 1558 595 565 548 4073 5990 4107 3804 2198 7906 156
is_linear=0
shrinkage=0.05


Tree=91
num_leaves=31
num_cat=0
split_feature=10 17 6 18 12 12 49 32 34 11 66 3 42 29 14 4 2 43 11 21 54 63 57 14 69 58 11 1 12 58
split_gain=23.7678 3.6312 2.93893 2.17612 2.16715 2.06439 1.66725 1.76818 1.51655 1.40014 1.30993 1.29094 1.46617 1.3016 1.25817 1.23805 1.19084 1.56549 1.73128 1.29558 1.2791 1.82775 1.18659 1.04376 1.32704 1.13034 1.32288 1.04371 1.03975 1.03864
threshold=-1.0000000180025095e-35 0.7510221302509309 1.0000000180025095e-35 0.28443659842014318 0.47213622927665716 1.1143791079521181 10.642194271087648 0.13392857462167743 4.0216782093048105 1.2649122476577761 20.050000190734867 1.5000000000000002 0.0013919287011958661 11.905169486999513 1.5170751214027407 1.0000000180025095e-35 3.5000000000000004 3.1984648704528813 1.2649122476577761 0.48102511465549475 0.19181560724973681 1.4978661537170412 0.85084247589111339 2.7830677032470708 12.238808155059816 0.36525420844554907 0.71714287996292125 13.500000000000002 0.18350168317556384 0.019952533766627315
decision_type=2 2 2 2 2 2 2 2 2 2 2 2 2 2 2 2 2 2 2 2 2 2 2 2 2 2 2 2 2 2
left_child=-1 6 3 16 23 8 7 15 9 10 22 12 -6 -13 -15 -2 19 29 27 20 -3 -22 -4 25 -25 26 -5 -19 -28 -18
right_child=1 2 5 4 11 -7 -8 -9 -10 -11 -12 13 -14 14 -16 -17 17 18 -20 -21 21 -23 -24 24 -26 -27 28 -29 -30 -31
leaf_value=-0.050051861334817198 0.012165233369541111 0.052489652346113892 -0.0088053953560746877 -0.039411980666791635 -0.05455585282430734 -0.050528040468003611 -0.031462259889615755 -0.036167958540957619 -0.040270026403181614 -0.0086240011091041884 -0.030913352160360931 0.015079998227133268 0.037282684694971452 -0.054123943076347852 0.0047957005538445865 -0.051923522338905896 0.061649617599000887 -0.0069245376210854363 0.00023638863155324552 -0.060312803143425658 -0.034337267759537611 0.031921471439760311 0.016666660846035089 -0.017158318655212796 0.029732243010127082 -0.0035317337321395127 -0.031685613017360455 0.048512396727318316 0.034385065586278962 -0.049592505489439956
leaf_weight=20.756953172047986 10.126754475508733 7.1159316438174818 5.4615699893329284 0.68429592504981585 2.357154035417238 1.8443828785314043 7.2444071037433551 2.959176517278137 1.9199522072202615 13.567301309886941 1.8308947421464825 5.8775078371052114 0.53281989875358693 1.7141189692833907 1.9220144703474487 0.81413573122995408 0.24890575978861207 1.0206579171062893 5.3812842310371707 0.35966472714790043 1.1400026670089562 11.961846329725857 28.073278963747725 4.1609205969903078 2.3673465122883499 3.3157661073055342 0.62101069686468591 5.0489718159660697 14.470617727687566 1.3365483108984788
leaf_count=641957 2329 389 304 14 1578 17175 8602 3396 6184 4959 93 1863 158 153 994 1449 13 107 3405 10 155 1376 855 577 297 174 29 224 867 375
internal_value=6.81025e-11 0.00714139 0.010399 0.0169921 0.00879854 0.00143619 -0.0120141 -0.00187811 0.00332088 0.00503122 0.0102698 -0.00835694 -0.0376237 0.00053348 -0.0229798 0.00739625 0.0262606 0.0144369 0.0208841 0.0337513 0.0354247 0.0261562 0.0125182 0.0171042 -0.000154387 0.0230056 0.0285832 0.0391902 0.0316663 -0.0321282
internal_weight=166.236 145.479 124.335 71.6374 38.0236 52.6974 21.1445 13.9001 50.853 48.933 35.3657 12.4036 2.88997 9.51364 3.63613 10.9409 33.6138 13.0364 11.4509 20.5774 20.2178 13.1018 33.5348 25.62 6.52827 19.0917 15.7759 6.06963 15.0916 1.58545
internal_count=700061 58104 42328 12758 6704 29570 15776 7174 12395 6211 1252 4746 1736 3010 1147 3778 6054 4124 3736 1930 1920 1531 1159 1958 874 1084 910 331 896 388
is_linear=0
shrinkage=0.05


Tree=92
num_leaves=31
num_cat=0
split_feature=10 10 3 13 36 4 10 34 32 3 13 12 14 14 37 10 12 17 1 16 12 54 56 2 5 3 10 16 69 10
split_gain=22.0673 3.61437 2.20043 3.18207 2.54345 2.40934 1.88844 1.59059 1.98019 1.47751 2.17769 1.66067 1.3482 1.23721 1.20263 1.49507 1.21597 1.19888 1.52188 1.48385 1.45563 1.16911 1.14781 1.13504 1.07405 1.05961 1.00322 1.2035 1.35166 1.19187
threshold=-1.0000000180025095e-35 5.7500000000000009 1.5000000000000002 342.09231567382818 0.62189999222755443 1.0000000180025095e-35 5.2500000000000009 2.7505006790161137 0.74456521868705761 1.5000000000000002 223.06401062011722 1.1715686321258547 2.2443623542785649 3.9434177875518803 0.95547771453857433 10.750000000000002 0.58578431606292736 0.94955751299858104 10.500000000000002 0.93775120377540599 0.89444443583488475 1.8213682770729067 0.86692708730697643 2.5000000000000004 1.5000000000000002 8.5000000000000018 4.7500000000000009 0.81329199671745311 10.498593807220461 4.2500000000000009
decision_type=2 2 2 2 2 2 2 2 2 2 2 2 2 2 2 2 2 2 2 2 2 2 2 2 2 2 2 2 2 2
left_child=-1 6 3 4 -3 7 9 17 14 -2 23 26 21 -6 15 -9 -16 18 -4 20 -19 -5 -21 -11 -20 -7 29 -28 -29 -12
right_child=1 2 5 12 13 25 -8 8 -10 10 11 -13 -14 -15 16 -17 -18 19 24 22 -22 -23 -24 -25 -26 -27 27 28 -30 -31
leaf_value=-0.050049035984674278 -0.025723540953067437 -0.029280480328183457 -0.026878617174151027 -0.018334441529990843 0.022950732465427084 -0.052995993272869073 -0.05549757976718022 -0.032673137297551315 -0.058244172653649964 0.049158809165300701 -0.0045111870137625907 -0.050708170695910298 -0.053159052445704895 -0.034578934562213372 0.025234026922450321 0.033733944805742454 -0.014156577840969782 0.036982453643433687 0.018494437450192053 -0.02169831681039636 -0.041601120980409634 0.049701329352675669 0.0198236505496053 -0.041909224428641451 -0.045109900880124371 0.040319621615132223 0.034552848438004422 0.021602824039898726 -0.031950435607472544 -0.055709570179168701
leaf_weight=19.359789429992759 6.5474556669784105 3.1980021777139944 2.2268937206172295 6.7639687719163231 15.412238929389787 1.7551720958699655 1.9404956806965845 3.0735964540654104 1.1985510239719595 2.9456550403685955 9.5837717769563842 1.81012487265093 2.7101229597503789 0.99486555463295268 9.0949884283872944 1.1702745341463012 2.4971020456587203 21.506306314957332 21.225092711648362 1.9691839095139574 0.60588923953036911 0.6964393594807915 10.7532882028363 0.38711833090110292 0.68515578472033567 0.36799392974353384 3.5431788315800077 2.4645080519294424 2.2575435358630784 1.2897022270881286
leaf_count=641957 15696 1827 211 786 901 1518 1762 600 554 359 9217 16258 1562 1089 515 186 752 799 1021 72 133 78 356 381 24 21 311 231 190 694
internal_value=5.82943e-10 0.0068878 0.0113044 -0.000261471 0.0115114 0.0157123 -0.00765555 0.0171798 0.00372174 -0.00464419 0.00103979 -0.00493265 -0.0229553 0.0194623 0.00841166 -0.014361 0.0167487 0.0210673 0.0125028 0.0270016 0.0348292 -0.0119832 0.0133969 0.0385808 0.0165055 -0.0368222 -0.000603238 0.0125269 -0.0040002 -0.0105838
internal_weight=160.034 140.675 107.905 29.7756 19.6051 78.1295 32.7696 76.0063 17.0345 30.8291 24.2816 20.9488 10.1705 16.4071 15.836 4.24387 11.5921 58.9718 24.1371 34.8347 22.1122 7.46041 12.7225 3.33277 21.9102 2.12317 19.1387 8.26523 4.72205 10.8735
internal_count=700061 58104 13005 6243 3817 6762 45099 5223 2607 43337 27641 26901 2426 1990 2053 786 1267 2616 1256 1360 932 864 428 740 1045 1539 10643 732 421 9911
is_linear=0
shrinkage=0.05


Tree=93
num_leaves=31
num_cat=0
split_feature=10 10 3 5 4 10 36 12 6 36 49 1 2 54 7 38 2 12 66 57 17 13 6 63 10 10 10 11 54 57
split_gain=20.496 3.37032 2.10323 3.2034 2.22218 1.69297 1.47299 1.45701 1.44532 2.17013 2.35681 1.67425 1.93199 1.37149 1.47674 1.25053 1.22328 1.21798 1.21658 1.69087 1.17556 1.35078 1.13374 1.11913 1.07592 1.20796 1.04868 1.03914 1.17736 1.02291
threshold=-1.0000000180025095e-35 5.7500000000000009 1.5000000000000002 1.0000000180025095e-35 1.0000000180025095e-35 5.2500000000000009 0.91701102256774913 1.0871212482452395 1.0000000180025095e-35 0.77823317050933849 12.491909027099611 12.500000000000002 2.5000000000000004 0.11639168485999109 1.0000000180025095e-35 0.36402259767055517 1.5000000000000002 1.5166666507720949 7.1499998569488534 0.63966700434684765 0.85034516453742992 342.09231567382818 1.0000000180025095e-35 4.0517470836639413 8.7500000000000018 8.2500000000000018 6.2500000000000009 1.2649122476577761 3.4853285551071171 0.99690130352973949
decision_type=2 2 2 2 2 2 2 2 2 2 2 2 2 2 2 2 2 2 2 2 2 2 2 2 2 2 2 2 2 2
left_child=-1 5 3 20 7 13 -5 8 9 10 -4 12 -11 16 17 -10 -2 18 22 -20 26 24 -15 27 25 -22 -3 -13 -29 -8
right_child=1 2 4 6 -6 -7 29 -9 15 11 -12 23 -14 14 -16 -17 -18 -19 19 -21 21 -23 -24 -25 -26 -27 -28 28 -30 -31
leaf_value=-0.050047587325120046 0.041043739678741809 0.041066151564166327 0.020700564580674825 -0.046493531345324052 -0.036958710637961613 -0.055165151533400861 0.0061364969587818724 -0.049299458134529212 0.013879577940509197 0.030010935682046738 -0.025953366913322892 0.037102097682830563 -0.044975021567505144 0.023954625737443124 -0.037044226705705278 -0.012636068314733882 -0.008900422629200825 -0.051227229594472373 -0.056273800762708694 -0.0029095263300836886 0.014919277110689078 -0.0082066496507659618 -0.037842896675615315 0.056613430899485839 0.036404502311596226 -0.067308011927985523 -0.021582065493556971 0.019171857594506594 -0.065018384264468682 -0.064478571790804448
leaf_weight=18.056366498771695 2.7828496541806151 0.79882599727853332 8.4293305884712009 4.3978596644260488 1.9771833548825259 1.775818103402911 3.3893737657936076 0.82544726810738112 24.248043084196983 2.0123126394901223 3.9875802969763745 15.586674286787462 1.4987423201018826 5.8483799707221431 4.1234425755762905 5.4451606413149412 2.1915152333718879 1.2914804008141789 1.7243650734822047 10.666192928363385 3.5194339370202652 4.0225344752705032 0.85006050869912986 4.7948484100488704 7.6492687589652633 0.51156503505899298 4.0780918945831672 6.3358693234185912 0.4443903541759936 0.60427467522822542
leaf_count=641957 230 273 417 1281 1539 1762 498 1131 1014 63 273 771 100 1076 11372 616 1368 13652 3253 10451 492 527 1935 270 376 50 2680 458 110 66
internal_value=-2.76049e-10 0.00665394 0.0109604 -0.000494062 0.0153507 -0.00775265 -0.0265311 0.0167558 0.0175049 0.0233539 0.00571807 0.0304932 -0.00199786 -0.00489644 -0.00975566 0.00901712 0.0190402 -0.00423455 -0.00105522 -0.0103361 0.0101227 0.0167824 0.0161123 0.0346932 0.0253884 0.004484 -0.0113205 0.0299941 0.0136539 -0.00454819
internal_weight=153.867 135.811 104.557 28.9712 75.5856 31.2541 8.39151 73.6084 72.783 43.0897 12.4169 30.6728 3.51105 29.4783 24.5039 29.6932 4.97436 20.3805 19.089 12.3906 20.5797 15.7028 6.69844 27.1618 11.6803 4.031 4.87692 22.3669 6.78026 3.99365
internal_count=700061 58104 13005 6243 6762 45099 1845 5223 4092 2462 690 1772 163 43337 41739 1630 1598 30367 16715 13704 4398 1445 3011 1609 918 542 2953 1339 568 564
is_linear=0
shrinkage=0.05


Tree=94
num_leaves=31
num_cat=0
split_feature=11 10 10 1 10 10 10 10 2 57 28 6 3 13 10 2 14 13 56 29 43 12 38 0 6 23 12 6 13 10
split_gain=19.0542 2.9587 3.12148 2.21742 1.56869 2.67827 1.59732 1.5586 1.55087 1.45682 1.31988 1.26491 1.2301 1.58384 1.23288 1.0641 1.1668 1.60213 1.82069 1.17135 1.12912 1.32393 1.07474 1.03383 1.03175 1.17893 1.06482 1.12283 1.06183 1.02938
threshold=2.3603895902633671 7.7500000000000009 7.2500000000000009 7.5000000000000009 6.7500000000000009 6.2500000000000009 5.7500000000000009 5.2500000000000009 5.5000000000000009 0.52096602320671093 0.032342658378183849 1.0000000180025095e-35 1.5000000000000002 223.06401062011722 4.7500000000000009 1.0000000180025095e-35 2.4188903570175175 323.13616943359381 0.81275406479835521 14.708381175994875 3.8176519870758061 0.18350168317556384 0.34028610587120062 10.500000000000002 1.0000000180025095e-35 3.6602805852890019 0.69397994875907909 2.5000000000000004 359.19441223144537 4.2500000000000009
decision_type=2 2 2 2 2 2 2 2 2 2 2 2 2 2 2 2 2 2 2 2 2 2 2 2 2 2 2 2 2 2
left_child=1 2 4 -3 5 6 7 12 9 10 -5 15 -1 -14 23 -11 20 -18 19 -19 22 -22 -17 -15 25 28 27 -26 -8 -25
right_child=-2 3 -4 8 -6 -7 24 -9 -10 11 -12 -13 13 14 -16 16 17 18 -20 -21 21 -23 -24 29 26 -27 -28 -29 -30 -31
leaf_value=-0.025678146254479891 -0.047966716203098295 -0.038905538619776463 -0.061584152115303416 -0.023750687895304143 0.019246358018160829 -0.057054538304924719 0.022660594999213326 -0.054754999443910317 -0.0058867421379319952 0.048390459735912952 0.021969008333816677 0.010995938699089764 0.036719233660636473 -0.042397962412046908 0.011255076511580295 0.029557250121278762 0.026766437248153453 -0.048746168233058731 0.040848252333001524 0.047084019493143198 -0.023259593585600546 0.039325409442270587 -0.015005263217321969 -0.00027131426024141006 -0.0079140433184397615 0.048391485726731243 -0.054798555522728568 0.050331585111162327 -0.045682316283611156 -0.055538684537254961
leaf_weight=5.3775288629525511 18.146018234565815 1.9927266560634951 2.1282672093389001 3.8967902237386616 8.9374878971684648 2.2367869855004292 2.2616352500754133 1.6208575302562156 8.2414887476020322 4.5477573804964768 2.6535388658121519 24.599982522315258 2.7198306057559902 2.5893573110532797 7.7403968248734136 2.9650698073965094 4.6427550872776902 2.5473415855303765 1.0209466993983367 0.36450609102030274 0.89715257388888758 14.540775297471553 2.4886263333028182 7.6491286619022372 3.0165323126575458 3.4066826167882027 0.80398124593489217 1.1401635563088346 0.7591005606445832 0.94680077406428598
leaf_count=10526 657592 1137 911 1308 1248 1166 268 1546 1822 118 304 1135 478 9143 1123 114 274 238 70 45 34 907 93 6612 269 293 564 120 43 560
internal_value=2.50285e-10 0.00676127 -0.00225141 0.0131365 0.000214611 -0.00380954 -0.000834478 -0.00713203 0.0145492 0.0171338 -0.00522964 0.0196329 -0.00427557 0.0010416 -0.00408567 0.0258793 0.0224051 0.00687573 -0.0166057 -0.0367501 0.0287795 0.0356884 0.00922252 -0.0147017 0.0150054 0.028227 -0.00212546 0.00806248 0.00548626 -0.00635875
internal_weight=146.88 128.734 53.3345 75.3995 51.2063 42.2688 40.032 28.6439 73.4067 65.1652 6.55033 58.6149 27.023 21.6455 18.9257 34.0149 29.4672 8.57555 3.93279 2.91185 20.8916 15.4379 5.4537 11.1853 11.3881 6.42742 4.96068 4.1567 3.02074 8.59593
internal_count=700061 42469 34870 7599 33959 32711 31545 29988 6462 4640 1612 3028 28442 17916 17438 1893 1775 627 353 283 1148 941 207 16315 1557 604 953 389 311 7172
is_linear=0
shrinkage=0.05


Tree=95
num_leaves=31
num_cat=0
split_feature=10 10 10 1 34 2 57 6 18 13 6 28 11 11 7 2 4 27 1 18 3 17 14 34 14 49 6 6 5 14
split_gain=17.7579 3.11979 2.78697 1.93229 1.54814 1.39461 1.33099 1.30627 1.44696 1.6726 1.26916 1.16527 1.01911 0.99773 1.24303 0.934258 0.911093 0.902233 1.08064 0.887953 0.992238 1.79663 1.02345 1.21225 0.905433 0.886528 1.16083 0.954099 0.805882 0.802822
threshold=-1.0000000180025095e-35 7.7500000000000009 7.2500000000000009 7.5000000000000009 6.0844500064849862 5.5000000000000009 0.52096602320671093 1.0000000180025095e-35 0.34465132653713232 367.23738098144537 1.0000000180025095e-35 0.032342658378183849 1.60357141494751 1.431677043437958 1.0000000180025095e-35 1.0000000180025095e-35 1.0000000180025095e-35 26.911176681518558 9.5000000000000018 0.33564202487468725 2.5000000000000004 0.96239346265792858 1.5461449623107912 3.5542378425598149 2.2787655591964726 9.5747241973876971 1.5000000000000002 2.5000000000000004 1.0000000180025095e-35 2.4188903570175175
decision_type=2 2 2 2 2 2 2 2 2 2 2 2 2 2 2 2 2 2 2 2 2 2 2 2 2 2 2 2 2 2
left_child=-1 2 4 -3 7 6 11 8 9 13 15 -5 -9 -2 -15 -8 29 18 -12 20 22 -22 -19 -24 -21 26 -20 -27 -23 -17
right_child=1 3 -4 5 -6 -7 10 12 -10 -11 17 -13 -14 14 -16 16 -18 19 25 24 21 28 23 -25 -26 27 -28 -29 -30 -31
leaf_value=-0.050044327601547783 0.043437801084714948 -0.036867076419383943 -0.061538396445523585 -0.022556227112485047 -0.03329022024304621 -0.0052799960423109442 0.047349109486537311 -0.0042473943839823726 -0.0060507009393120986 -0.017818948853561927 0.065411584593435199 0.021070224651406341 -0.040874239652319538 0.022565823412429339 -0.029955626323603192 0.029446182572264053 -0.029421747987303262 0.010262708692387306 0.0012228673733385323 0.014357678586379095 -0.02720436135520753 -0.00297839927049026 0.051009149264423362 -0.028519861409848343 -0.052244726093113203 -0.02413718115595655 -0.055813024207113808 0.051288159875354761 0.042694695402151303 0.010541596727665005
leaf_weight=15.742560875674597 4.7181709389442466 1.8927739574353371 1.95906819432298 3.7764659608419597 3.4065334140818768 8.0446552375551601 4.3293257317855014 17.385715098302175 10.321293897039821 2.7699944193489037 0.47588510376590676 2.573789546297121 2.1320578259736171 8.1063250094050527 1.3083733291882698 19.355866680693005 0.82341569702839379 3.8265473718056509 1.7780684708341143 1.1638792141457082 2.6153028577446085 1.5360659810176001 5.1917543663585093 0.52787837520372694 0.90869659000054515 0.77655995567693004 1.7903746674819556 0.91129571654892061 2.6015258904662915 7.9114082275555111
leaf_count=641957 362 1192 967 1308 17098 1909 118 4288 3433 1067 14 304 18404 3163 1581 1052 234 130 74 47 106 95 123 122 186 54 89 31 64 489
internal_value=-1.20485e-10 0.00630669 -0.00303377 0.0129912 -0.000748262 0.0143219 0.0168299 0.00162338 0.00870074 0.0177083 0.0192683 -0.00487421 -0.00824839 0.0246715 0.0152668 0.0257285 0.0223963 0.0105792 -0.00673893 0.0159826 0.0199024 0.0052346 0.0302784 0.0436692 -0.0148434 -0.0132712 -0.0273934 0.016586 0.0257387 0.0239611
internal_weight=140.662 124.919 52.1075 72.8115 50.1485 70.9188 62.8741 46.7419 27.2242 16.9029 56.5239 6.35026 19.5178 14.1329 9.4147 32.42 28.0907 24.1038 5.73218 18.3717 16.2991 6.75289 9.54618 5.71963 2.07258 5.2563 3.56844 1.68786 4.13759 27.2673
internal_count=700061 58104 50363 7741 49396 6549 4640 32298 9606 6173 3028 1612 22692 5106 4744 1893 1775 1135 262 873 640 265 375 245 233 248 163 85 159 1541
is_linear=0
shrinkage=0.05


Tree=96
num_leaves=31
num_cat=0
split_feature=10 10 54 29 2 38 69 54 6 65 2 14 46 36 32 57 3 14 2 6 58 18 46 57 6 19 6 34 34 10
split_gain=16.552 2.90154 2.05751 3.56201 4.053 1.86767 1.74451 1.52023 1.49213 1.46529 1.4067 1.38278 1.36858 1.29811 1.2344 1.216 1.20881 1.20818 1.20415 1.12389 1.10867 1.10567 1.0196 1.01914 1.00159 0.973715 0.927608 1.0505 1.27308 1.14773
threshold=-1.0000000180025095e-35 4.7500000000000009 0.1297685578465462 1.0000000180025095e-35 1.0000000180025095e-35 0.47187365591526037 11.821442127227785 0.17599666863679889 1.0000000180025095e-35 10.650000095367433 3.5000000000000004 0.30427655577659612 18.300000190734867 0.92885261774063121 0.32240436971187597 0.86725211143493663 5.5000000000000009 3.9059684276580815 2.5000000000000004 1.5000000000000002 0.11821968108415605 0.081863608211278929 18.300000190734867 0.35922549664974218 1.0000000180025095e-35 0.00026919109222944831 2.5000000000000004 3.6315070390701298 1.191519618034363 9.7500000000000018
decision_type=2 2 2 2 2 2 2 2 2 2 2 2 2 2 2 2 2 2 2 2 2 2 2 2 2 2 2 2 2 2
left_child=-1 9 6 4 24 7 10 -5 13 18 19 22 -13 23 21 -7 26 -15 25 -3 -21 -12 -6 -9 -4 -2 27 28 -10 -30
right_child=1 2 3 5 11 15 -8 8 16 -11 14 12 -14 17 -16 -17 -18 -19 -20 20 -22 -23 -24 -25 -26 -27 -28 -29 29 -31
leaf_value=-0.050041769666580999 -0.0030630216980556887 0.046825380537305228 0.04273070009388269 -0.046996477955101472 -0.044245023425492774 -0.025312049265772303 -0.038597935056004007 -0.038202310199586365 -0.020757890958112091 -0.028903932775997027 0.051208224370899585 -0.01101503122215392 -0.054408666400173868 0.041642089430605614 0.030421275560254681 0.023069418059565791 -0.062532976202124196 -0.055297873741317928 -0.031869052035614062 0.031068446266867646 -0.03853759593318707 -0.030031476507755207 0.03970957679929888 0.017501707191182114 -0.034301654787503376 0.034905175782631845 0.021138958032628816 -0.037025859730003573 0.0024555945188429558 0.032135585288767997
leaf_weight=14.726055920385305 5.0036498250017321 8.8956558386344167 2.7533178541234515 1.0329070470488648 0.56178155030101962 5.4453651937351415 1.0371351658241099 0.85157015409572778 3.8158015377248509 7.7601629582775891 0.51042112810318885 2.6164777660269447 5.946640253206624 8.4819576263696455 3.0273349747540124 1.7054696841350958 0.62701845310584658 0.33407518528770275 2.2573590120138078 1.897124170631286 0.81904953263438063 2.3338038749670886 1.015137428267735 22.955270689866211 0.49834694178389316 2.5487725369021064 8.8886137358246042 1.6044413515845679 10.676862344929075 4.6872120304306
leaf_count=641957 2633 514 205 81 58 2951 101 490 327 30221 34 528 3179 552 280 269 175 270 7622 59 66 281 131 2234 264 707 1071 1791 831 179
internal_value=2.5522e-10 0.006111 0.00931401 0.00600586 -0.0176496 0.010461 0.0244072 0.0131705 0.0141582 -0.0126694 0.0281447 -0.0332262 -0.0411497 0.0215786 0.00819979 -0.0137731 0.0061689 0.0379686 0.000173212 0.0382299 0.0100791 -0.0154523 0.00980053 0.0155092 0.0309248 0.00975039 0.00762063 0.00183939 0.00509056 0.0115103
internal_weight=135.315 120.589 103.019 84.4983 13.3917 71.1066 18.5205 63.9557 62.9228 17.5699 17.4834 10.14 8.56312 32.6229 5.87156 7.15083 30.2999 8.81603 9.80978 11.6118 2.71617 2.84423 1.57692 23.8068 3.25166 7.55242 29.6729 20.7843 19.1799 15.3641
internal_count=700061 58104 16921 15586 4365 11221 1335 8001 7920 41183 1234 3896 3707 3546 595 3220 4374 822 10962 639 125 315 189 2724 469 3340 4199 3128 1337 1010
is_linear=0
shrinkage=0.05


Tree=97
num_leaves=31
num_cat=0
split_feature=10 10 10 1 34 57 2 10 10 2 10 13 37 23 6 69 4 7 27 1 49 38 54 7 13 19 34 5 36 10
split_gain=15.3992 2.77716 2.51076 1.62974 1.39931 1.28148 1.15595 1.11861 2.34531 1.16948 1.00617 1.06763 1.211 1.0148 0.993329 0.979372 0.879353 0.860941 0.819389 0.816156 0.812207 0.808627 0.88601 0.798304 0.787949 0.830462 0.766689 0.755402 1.62224 1.05633
threshold=-1.0000000180025095e-35 7.7500000000000009 7.2500000000000009 7.5000000000000009 6.0844500064849862 0.52096602320671093 5.5000000000000009 6.7500000000000009 6.2500000000000009 3.5000000000000004 5.7500000000000009 223.06401062011722 0.80874210596084606 3.6602805852890019 1.0000000180025095e-35 8.2962846755981463 1.0000000180025095e-35 1.0000000180025095e-35 48.439048767089851 11.500000000000002 17.126021385192875 0.37540295720100408 1.7199587821960451 1.0000000180025095e-35 373.23710632324224 0.016690124757587913 2.4248089790344243 1.0000000180025095e-35 0.88382476568222057 8.2500000000000018
decision_type=2 2 2 2 2 2 2 2 2 2 2 2 2 2 2 2 2 2 2 2 2 2 2 2 2 2 2 2 2 2
left_child=-1 2 4 -3 7 15 14 8 9 10 11 12 -2 26 27 19 21 18 20 -5 -13 -16 -23 -8 25 -9 -12 -7 29 -29
right_child=1 3 -4 5 -6 6 23 24 -10 -11 13 17 -14 -15 16 -17 -18 -19 -20 -21 -22 22 -24 -25 -26 -27 -28 28 -30 -31
leaf_value=-0.050040822220238784 -0.027264028612758243 -0.034982722760168145 -0.061757245703994816 -0.043555733994352079 -0.033104324880415439 0.029948505488620665 0.0036511539178186989 0.029910170596792351 -0.056922740532622765 -0.017836832908064978 0.018359700785979777 0.0011017176460083524 0.047947958337554275 0.037242157192570999 0.016208711984878815 -0.03837374933375045 -0.064544748294222284 -0.030846147981148094 -0.025555757724339812 0.013559724746326269 0.046957116647993152 0.0094993857955545588 -0.042018300474782756 -0.045706222336983814 -0.020801868274828085 -0.039216961864422063 -0.030430487672109336 0.036562267768716475 0.0293592422911369 -0.027936022354117681
leaf_weight=13.742132477375149 0.72733097665787427 1.7588555188627868 1.7631703677363919 0.73950311780390521 3.1593783653972869 20.595044713561951 5.8324826395646587 6.1826684573670709 1.8674098458978949 6.840583488424385 2.2268787599386992 10.147050728040314 2.0259529966274386 4.1820211328431469 18.227614379338782 1.8145852913880842 0.38226757456868554 2.7949602538465106 2.6273920663879826 4.0561345453970716 1.0672282661448651 2.2222724472812838 1.3364996793206954 0.95309784798428143 1.0905004747901328 0.46731219674802549 1.2611994896851682 0.82030321331694578 5.7427116143153398 2.8073277332514408
leaf_count=641957 183 1192 967 310 17098 1330 1028 664 768 20131 150 4872 306 243 583 1091 278 2872 1548 871 205 88 186 221 189 43 124 47 363 153
internal_value=-8.52582e-11 0.00594253 -0.00318759 0.0125139 -0.000974755 0.0137888 0.0161307 0.00135834 -0.00237123 0.000633729 0.00530296 -0.000760976 0.0280793 0.0206325 0.0186574 -0.00708629 0.0106333 -0.00553391 -0.00042277 0.00475233 0.00546563 0.0119524 -0.00984812 -0.00328155 0.0185923 0.0250524 0.000718422 0.0245937 0.0128243 -0.0133513
internal_weight=129.462 115.72 48.431 67.2887 46.6679 65.5298 58.9196 43.5085 35.768 33.9006 27.06 19.3899 2.75328 7.6701 52.134 6.61022 22.1687 16.6366 13.8417 4.79564 11.2143 21.7864 3.55877 6.78558 7.74048 6.64998 3.48808 29.9654 9.37034 3.62763
internal_count=700061 58104 50363 7741 49396 6549 4277 32298 31402 30634 10503 9986 489 517 3028 2272 1135 9497 6625 1181 5077 857 274 1249 896 707 274 1893 563 200
is_linear=0
shrinkage=0.05


Tree=98
num_leaves=31
num_cat=0
split_feature=10 10 10 57 10 65 54 69 2 11 6 32 38 5 19 6 18 7 37 3 16 66 1 34 6 2 58 3 13 16
split_gain=14.3334 2.70246 2.31763 1.3867 1.33904 1.20458 1.20043 1.06672 1.00129 0.90827 1.07075 0.898061 0.841403 0.799636 0.786378 0.785902 0.991502 0.945963 0.766722 0.72613 0.722986 0.769386 0.735254 0.767289 0.718868 1.00392 0.686967 0.667596 0.879253 0.746257
threshold=-1.0000000180025095e-35 7.7500000000000009 7.2500000000000009 0.82054564356803905 4.7500000000000009 10.650000095367433 1.0406137108802798 8.0389957427978533 2.5000000000000004 1.431677043437958 1.0000000180025095e-35 0.39298245310783392 0.37341555953025823 1.5000000000000002 0.00026919109222944831 1.0000000180025095e-35 0.34465132653713232 1.0000000180025095e-35 0.9846005141735078 1.5000000000000002 0.57831296324729931 20.44999980926514 20.500000000000004 4.0216782093048105 2.5000000000000004 3.5000000000000004 0.29638972878456121 4.5000000000000009 461.02537536621099 0.83072644472122203
decision_type=2 2 2 2 2 2 2 2 2 2 2 2 2 2 2 2 2 2 2 2 2 2 2 2 2 2 2 2 2 2
left_child=-1 2 4 6 5 8 7 13 14 10 27 12 -8 -3 -2 16 17 -6 -9 -14 -12 22 23 -22 25 26 -17 28 29 -5
right_child=1 3 -4 9 15 -7 11 18 -10 -11 20 -13 19 -15 -16 24 -18 -19 -20 -21 21 -23 -24 -25 -26 -27 -28 -29 -30 -31
leaf_value=-0.050038764711178733 -0.0033509753216340041 0.026190817836523456 -0.062037592988624796 0.017033902077724049 0.033721277269166842 -0.02805372793494848 0.017625397642170321 -0.027618194523111025 -0.031082924327041635 -0.024839266258965344 -0.046593422348602927 -0.058723562957091857 -0.047711767582592754 -0.048415619624900402 0.032227251369949472 0.0018287291473845493 -0.0023985604984235968 -0.0029466658791211992 0.029718946282051691 -0.0045223780590182769 0.02004455018078441 -0.029712769315300071 -0.0065416749070049129 -0.043905255648972789 0.012353810325823264 -0.044769184469787157 -0.051172899134968856 0.044083477097368796 -0.021574599475119891 0.037284254075181121
leaf_weight=12.836167036685366 4.7374672200003278 6.6049268055958255 1.6294443407796269 13.807319493709665 6.468137635592031 7.1941322277868371 2.085223011404195 2.3102681961372586 2.0914940777568063 1.2811850235775626 0.55900715525058586 1.0266478054600154 1.5977802981532248 0.37980576614791051 2.3106155732957632 6.3391464735557275 6.1243689424518371 2.4158471547423233 0.77986807546039916 2.4895829129927733 15.243950958181816 1.0966618494639977 3.7574297429819117 0.48394235461046342 4.6605557377545201 1.8408627524173651 0.6766145912970386 3.7929213476818395 1.1309466566599429 6.7852139157439515
leaf_count=641957 2633 559 967 946 1241 30221 408 298 7622 297 65 927 1565 37 707 932 1496 437 46 626 548 77 207 357 1431 2324 352 188 45 545
internal_value=3.75185e-10 0.00575021 -0.00346092 0.0123166 -0.00133321 -0.0127492 0.000170431 0.0113124 -0.00070245 0.0166934 0.0178338 -0.0154221 -0.00822003 0.022134 0.00831285 0.0052036 0.0130797 0.0237501 -0.0131478 -0.0214054 0.00951231 0.0110361 0.0133296 0.0180768 -0.00354142 -0.0119059 -0.00328286 0.0247284 0.021349 0.0237064
internal_weight=124.538 111.701 46.4887 65.2127 44.8592 16.3337 17.2741 10.0749 9.13958 47.9386 46.6574 7.19923 6.17259 6.98473 7.04808 28.5255 15.0084 8.88398 3.09014 4.08736 21.141 20.582 19.4853 15.7279 13.5172 8.85662 7.01576 25.5164 21.7235 20.5925
internal_count=700061 58104 50363 7741 49396 41183 4466 940 10962 3275 2978 3526 2599 596 3340 8213 3174 1678 344 2191 1254 1189 1112 905 5039 3608 1284 1724 1536 1491
is_linear=0
shrinkage=0.05


Tree=99
num_leaves=31
num_cat=0
split_feature=10 10 10 57 54 10 12 58 37 29 1 6 29 18 54 34 3 1 23 13 54 34 38 34 2 10 13 38 6 29
split_gain=13.3849 2.53014 2.1889 1.27688 1.2499 1.46545 1.12782 1.39884 0.977847 0.937694 0.885233 0.854362 1.13529 1.25504 1.06198 0.856331 0.834661 0.937876 0.833984 0.818398 0.8123 0.805316 0.779641 0.946059 0.717314 0.674034 0.647406 0.68224 0.983359 0.974449
threshold=-1.0000000180025095e-35 7.7500000000000009 7.2500000000000009 0.52096602320671093 0.11639168485999109 3.7500000000000004 0.58578431606292736 0.19287296384572986 0.97164231538772594 5.9791698455810556 15.500000000000002 1.5000000000000002 9.5684580802917498 0.30259756743907934 0.14420446753501895 1.224465072154999 4.5000000000000009 34.500000000000007 1.7960696816444399 383.01475524902349 1.4869665503501894 5.6104717254638681 0.46723799407482153 3.5149515867233281 1.5000000000000002 11.750000000000002 373.23710632324224 0.34554851055145269 1.0000000180025095e-35 7.990229845046998
decision_type=2 2 2 2 2 2 2 2 2 2 2 2 2 2 2 2 2 2 2 2 2 2 2 2 2 2 2 2 2 2
left_child=-1 2 4 8 9 -6 11 10 18 19 -8 16 14 15 -13 -14 17 22 -3 -2 -10 26 -5 24 -24 -12 27 28 -7 -30
right_child=1 3 -4 6 5 21 7 -9 20 -11 25 12 13 -15 -16 -17 -18 -19 -20 -21 -22 -23 23 -25 -26 -27 -28 -29 29 -31
leaf_value=-0.050037967938124144 0.039630114913336519 0.03402896988308849 -0.062469169860437816 0.02184890847550636 -0.023048934849992785 0.029491847253112293 0.02690700134192725 -0.027885030922570653 0.029307696128158624 -0.016252444939147227 -0.026042065321258374 0.010538257134752012 -0.0080294653151322705 -0.02773395587778223 -0.051263159359494652 0.046441657354917128 0.041709451234445326 -0.048996463960646885 -0.033363338204605589 -0.010109634878440195 -0.041234623689214329 -0.042716504268535398 -0.035105427680502115 -0.055683562494647267 0.022425012048003526 0.0250694388743147 -0.020014553874271909 -0.0048944895824451747 -0.055027894468911091 0.0067822036443973546
leaf_weight=12.027114253839043 3.941089138967981 0.5294545949891466 1.5209689277360201 30.334413167674938 8.6159257331266854 5.1142353823643232 4.0968512267554598 3.2206576687024153 2.0447525154941109 1.469487569596083 1.950807710335994 1.2845517851965262 0.99101924871502012 1.1782425396268079 1.5148798574427926 2.6532325569933164 4.2257789001560004 0.51202934910543163 3.4531473375336645 1.046600053447946 0.50984581708507892 1.0383787558520783 0.69928696029819537 0.67898171872730007 2.4061157358737546 0.963677747751717 2.940332352741847 10.36579632273026 0.69167490938070741 8.1632992160220947
leaf_count=641957 403 34 967 1846 35098 859 394 953 188 956 253 52 20 113 154 108 220 29 2655 547 334 5090 33 161 149 45 1313 3139 617 1374
internal_value=-2.67216e-10 0.00556432 -0.00351137 0.0120083 -0.00144455 -0.00499319 0.0144204 -0.000607737 -0.00891636 0.0188507 0.0119221 0.0177288 0.00242265 0.0171251 -0.0229049 0.0316288 0.0207311 0.0181713 -0.0244041 0.0291929 0.0152289 0.000501219 0.0191793 -0.00221957 0.00947008 -0.00914199 0.00214653 0.00482419 0.0120359 0.00195413
internal_weight=120.183 108.156 44.9078 63.2477 43.3868 36.9296 56.7105 10.232 6.5372 6.45718 7.01134 46.4785 7.62193 4.82249 2.79943 3.64425 38.8566 34.6308 3.9826 4.98769 2.5546 28.3137 34.1188 3.78438 3.1054 2.91449 27.2753 24.335 13.9692 8.85497
internal_count=700061 58104 50363 7741 49396 47490 4530 1645 3211 1906 692 2885 447 241 206 128 2438 2218 2689 950 522 12392 2189 343 182 298 7302 5989 2850 1991
is_linear=0
shrinkage=0.05


Tree=100
num_leaves=31
num_cat=0
split_feature=10 10 10 10 10 10 10 10 10 1 34 10 1 12 5 37 12 6 18 13 11 54 12 0 13 11 7 7 24 34
split_gain=12.5098 2.39471 4.18632 2.1496 3.99101 2.60172 2.09058 1.77774 3.98791 1.89785 1.16942 1.05759 1.50747 1.02985 1.00693 2.55103 0.991538 0.93135 0.918812 1.16861 0.79766 0.787361 0.786302 0.761145 0.710054 0.700486 0.936715 0.694867 0.770985 0.690432
threshold=-1.0000000180025095e-35 9.7500000000000018 9.2500000000000018 8.7500000000000018 8.2500000000000018 7.7500000000000009 7.2500000000000009 10.250000000000002 10.750000000000002 8.5000000000000018 6.0844500064849862 14.250000000000002 18.500000000000004 0.67543861269950878 1.0000000180025095e-35 0.98564770817756664 0.62828946113586437 1.0000000180025095e-35 0.34465132653713232 367.23738098144537 1.60357141494751 0.95803049206733715 0.63818180561065685 20.500000000000004 409.09986877441412 1.431677043437958 1.0000000180025095e-35 1.0000000180025095e-35 0.65686276555061351 3.7504276037216191
decision_type=2 2 2 2 2 2 2 2 2 2 2 2 2 2 2 2 2 2 2 2 2 2 2 2 2 2 2 2 2 2
left_child=-1 2 3 4 5 6 10 16 -9 -10 17 14 -13 -5 22 -16 -3 18 19 25 -19 -14 27 -17 -7 -2 -27 29 -29 -11
right_child=1 7 -4 13 -6 24 -8 8 9 11 -12 12 21 -15 15 23 -18 20 -20 -21 -22 -23 -24 -25 -26 26 -28 28 -30 -31
leaf_value=-0.050037301350614009 0.039888905506633571 0.040545331637956428 -0.062341331193562943 0.028484260031829967 -0.060792161282015783 0.030551698802657096 -0.063104894363599173 -0.060441658251762703 -0.050020816233073168 0.041530179788096339 -0.032408629974776774 -0.032802196488340575 0.0333387801836365 -0.049083736780987645 -0.048951703580840611 0.032627689354496829 -0.017530479237001996 -0.0044718316393582798 -0.0051950360966846135 -0.016969463820512433 -0.040241692822323344 -0.034007500821358061 -0.0421025196952972 -0.020906836643632559 -0.01890974966698563 0.020388620472175597 -0.030036108011480146 -0.038262352321039347 0.023789492084068928 0.00060329683317452202
leaf_weight=11.275430870502985 3.7004096886339557 7.9646580973549117 2.6116207136201401 8.7054995435173588 2.6983324079920967 8.1354120822002152 1.4223747147647134 1.9042762474869075 1.0961667725430313 9.8779743356508352 2.8476582416732859 2.3373912670249402 2.3862801533177849 0.45002911896153897 1.5973792831018716 4.0653000453021377 0.80966470269902391 14.827647252315957 8.8578572821726294 2.3136836367997367 1.7416249084132562 0.53047565079486947 0.37157040872443836 0.79356375936913526 0.79665480585754345 6.6979637425487226 1.0678343318110135 0.65140787571908854 2.1620087933224568 1.1505136451623901
leaf_count=641957 362 553 563 705 712 1085 967 427 712 603 17098 375 102 312 207 190 240 4288 3433 1067 18404 76 224 42 111 3163 1581 66 115 321
internal_value=-1.13662e-10 0.00539519 -0.000285725 0.00223619 -0.0014912 0.00156196 -0.00348747 0.0154727 0.0094925 0.0144212 -0.00147109 0.0171461 -0.00288459 0.0246715 0.0222378 0.00586347 0.0351863 0.000775943 0.00736889 0.0154451 -0.00823166 0.0210904 0.0296756 0.0238843 0.0261402 0.0219858 0.013455 0.0316024 0.00942224 0.0372606
internal_weight=115.849 104.573 66.8746 64.263 55.1075 52.4091 43.4771 37.6986 28.9243 27.02 42.0547 25.9239 5.25415 9.15553 20.6697 6.45624 8.77432 39.207 22.6377 13.7799 16.5693 2.91676 14.2135 4.85886 8.93207 11.4662 7.7658 13.8419 2.81342 11.0285
internal_count=700061 58104 53851 53288 52271 51559 50363 4253 3460 3033 49396 2321 553 1017 1768 439 793 32298 9606 6173 22692 178 1329 232 1196 5106 4744 1105 181 924
is_linear=0
shrinkage=0.05


Tree=101
num_leaves=31
num_cat=0
split_feature=10 10 10 2 34 29 2 17 6 54 58 3 10 10 4 10 10 2 1 46 6 16 14 12 56 13 13 11 38 59
split_gain=11.6084 2.24255 1.89144 1.18662 1.31951 1.9975 2.2638 1.52272 1.35988 1.31095 1.19825 1.14119 1.12479 1.19362 0.979512 0.915332 1.088 0.990011 0.916078 0.873445 0.863355 1.00086 0.89611 1.13011 0.913703 0.828455 0.806757 0.722157 0.929134 0.87285
threshold=-1.0000000180025095e-35 6.7500000000000009 6.2500000000000009 8.5000000000000018 0.13382896780967715 1.0000000180025095e-35 1.0000000180025095e-35 0.81618532538414013 1.0000000180025095e-35 0.31153599917888647 0.15864710509777072 6.5000000000000009 5.7500000000000009 5.2500000000000009 1.0000000180025095e-35 4.7500000000000009 4.2500000000000009 2.5000000000000004 7.5000000000000009 18.300000190734867 1.0000000180025095e-35 0.83072644472122203 2.4188903570175175 0.18350168317556384 0.76209992170333873 277.03619384765631 353.21002197265631 0.92980295419693004 0.34375055134296423 0.0017898540245369079
decision_type=2 2 2 2 2 2 2 2 2 2 2 2 2 2 2 2 2 2 2 2 2 2 2 2 2 2 2 2 2 2
left_child=-1 2 12 4 10 6 8 -7 -6 26 -3 25 13 15 20 16 17 18 -2 -11 21 22 23 -9 -24 -12 -8 28 -25 -29
right_child=1 3 -4 -5 5 7 9 14 -10 19 11 -13 -14 -15 -16 -17 -18 -19 -20 -21 -22 -23 24 27 -26 -27 -28 29 -30 -31
leaf_value=-0.05003533345610104 0.034098792645359255 0.039630338073605623 -0.056555430284459918 -0.049058046042079022 0.045672546543495576 -0.010690181098253594 0.040221702865230954 -0.040713845823255601 -0.057566168868655079 -0.010076467821151647 0.05189375930149176 0.056762702899134626 0.012888233772981973 -0.054478880068127067 -0.041149461313509272 0.0089376414439222493 -0.054041455341222601 -0.028833343834494242 -0.0065935154471468685 -0.054970295489664256 0.0093464099962164721 0.041144513569472095 0.0072895127849880344 0.053761966775489882 -0.062526991951693395 -0.034347092440641318 -0.024524264325119994 0.041561836176086157 -0.014644433345896902 -0.055705242958403338
leaf_weight=10.489340565215626 1.6913531797654302 6.8498514221355418 1.7028914489654869 0.82228459555528743 2.0092059099406456 6.0521816561785036 0.96332759822689673 0.59791141588357533 0.37917079693124822 1.5889963211511711 0.33667746302671764 0.65713616786524642 8.685961298631808 1.313792498246811 0.73086260560000837 7.3890054950891217 1.431614218351229 4.0389017891025683 7.5883827736781768 3.4052630297369433 18.404419668364653 6.1491368176102688 4.5548026548858607 0.71358893124852185 0.52237379935104389 1.6107880302733972 0.96117290682377643 6.7565206812141696 1.6308704344555733 0.23879892476543307
leaf_count=641957 280 399 1289 1998 153 2288 98 28 163 204 13 20 1686 1762 535 2154 2223 29254 9426 1287 1039 468 398 23 36 118 108 596 52 6
internal_value=2.58256e-10 0.00526009 -0.00520294 0.0106303 0.0113841 0.00845056 -0.0126878 0.012695 0.0292827 -0.0271761 0.028654 -0.000212547 -0.00248202 -0.00817447 0.016207 -0.00542666 -0.0126223 -0.00817021 0.00082319 -0.0406867 0.0172665 0.0241538 0.0171955 0.0259264 0.000106325 -0.0194378 0.00788496 0.0301926 0.00617659 0.0382414
internal_weight=110.267 99.7772 33.8419 65.9353 65.1131 55.6586 9.30714 46.3515 2.38838 6.91876 9.45445 2.6046 32.139 23.453 40.2993 22.1393 14.7503 13.3186 9.27974 4.99426 39.5684 21.164 15.0149 9.93769 5.07718 1.94747 1.9245 9.33978 2.34446 6.99532
internal_count=700061 58104 48074 10030 8032 7482 2013 5469 316 1697 550 151 46785 45099 3181 43337 41183 38960 9706 1491 2646 1607 1139 705 434 131 206 677 75 602
is_linear=0
shrinkage=0.05


Tree=102
num_leaves=31
num_cat=0
split_feature=10 10 10 57 34 6 36 2 43 37 10 10 2 44 39 38 38 5 23 57 11 10 12 10 66 10 63 17 57 1
split_gain=10.82 2.15842 2.03836 1.1433 1.05336 0.904306 0.857039 0.846244 1.06225 0.901464 0.84519 1.8125 0.895901 0.785237 0.761616 0.904293 0.95181 0.738221 0.728208 0.717329 0.721654 0.70463 1.07385 0.918743 0.698695 0.649775 0.836266 0.629758 0.563961 0.561181
threshold=-1.0000000180025095e-35 7.7500000000000009 7.2500000000000009 0.52096602320671093 6.0844500064849862 1.0000000180025095e-35 0.8246518373489381 4.5000000000000009 3.2384861707687382 0.97245988249778759 6.7500000000000009 6.2500000000000009 3.5000000000000004 1.0000000180025095e-35 0.027551069855690006 0.34375055134296423 0.32963080704212194 1.0000000180025095e-35 1.9122686982154848 0.870180904865265 1.2649122476577761 9.7500000000000018 0.29099461436271673 9.2500000000000018 20.44999980926514 13.250000000000002 2.9700856208801274 0.88900581002235424 0.69749382138252269 20.500000000000004
decision_type=2 2 2 2 2 2 2 2 2 2 2 2 2 2 2 2 2 2 2 2 2 2 2 2 2 2 2 2 2 2
left_child=-1 2 4 6 10 7 18 9 -9 17 11 12 14 -11 15 16 27 21 -3 -7 24 22 -5 -24 29 -23 -27 -2 -10 -21
right_child=1 3 -4 5 -6 19 -8 8 28 13 -12 -13 -14 -15 -16 -17 -18 -19 -20 20 -22 25 23 -25 -26 26 -28 -29 -30 -31
leaf_value=-0.05003470654319328 -0.033917877296089631 0.032654811730583926 -0.064807326358418169 -0.034261770167044979 -0.032145642641755671 -0.01293950509521506 0.014450131088117102 -0.052103587719255023 -0.042389933881462463 0.0017646359878810882 0.017158678022990415 -0.05657469384239551 -0.017714346016970549 0.040131199090715136 0.029184619529496289 -0.010674769371162018 0.045095806824622935 -0.015611314641631483 -0.034201311643914198 0.019523853447244031 -0.04335538457186211 0.03981208512723336 0.04247963170637032 -0.062874005717511797 -0.028104355207526129 0.05319901303909072 -0.041109820707026436 0.0087521357250980487 0.015174344183437716 -0.0059495287054869388
leaf_weight=9.8036214353765825 0.9639023343762706 0.47096368737038519 1.3189817349635848 1.2571270078988219 2.634457076197406 4.0264174423082322 2.2452714396904412 0.72056246001557056 0.45399939657090715 1.5510950147654536 6.3578158077641538 1.4949397496835661 5.7671947817846378 9.5122259976815204 2.7175523444670935 9.1121929094880425 1.6932733730700409 1.7378813877548953 3.0130149619900521 12.66691047810855 0.59884976314287897 4.2331863824074389 1.4121348761254919 0.24246673646848638 0.99312989880854807 0.38038411279558193 0.61526974590378813 8.4024142426043209 6.7740738643669829 2.6070587677095327
leaf_count=641957 624 54 967 97 17098 752 561 94 146 90 896 768 20131 808 839 4887 380 132 2596 753 211 248 154 14 81 16 43 3773 756 135
internal_value=-1.35028e-10 0.00511094 -0.0036717 0.0115126 -0.00161168 0.0139469 -0.0096392 0.0196775 0.00578756 0.0249496 0.000591606 -0.00290177 -0.000101786 0.0347521 0.00433587 0.000988238 0.0105976 0.0139713 -0.0251637 0.00602237 0.0105492 0.0202867 0.000573789 0.027041 0.0125336 0.031264 -0.00507965 0.0043609 0.0115587 0.0151759
internal_weight=105.778 95.9747 40.4627 55.512 39.1437 49.7828 5.72925 28.8904 7.94864 20.9418 36.5093 30.1515 28.6565 11.0633 22.8893 20.1718 11.0596 9.87845 3.48398 20.8924 16.8659 8.14057 2.91173 1.6546 16.2671 5.22884 0.995654 9.36632 7.22807 15.274
internal_count=700061 58104 50363 7741 49396 4530 3211 2598 996 1602 32298 31402 30634 898 10503 9664 4777 704 2650 1932 1180 572 265 168 969 307 59 4397 902 888
is_linear=0
shrinkage=0.05


Tree=103
num_leaves=31
num_cat=0
split_feature=10 10 10 17 54 4 12 11 3 10 6 10 2 10 10 20 2 54 12 69 1 34 63 12 54 3 37 37 58 54
split_gain=10.1218 2.10121 2.0486 1.0933 1.0194 1.24432 0.971301 0.916184 0.885728 0.980062 0.870576 0.851353 0.816985 0.680398 0.741028 0.675997 0.768654 1.07082 0.65402 0.575133 0.570508 0.609412 0.589886 0.737919 0.673731 0.588148 1.01884 0.973015 0.656909 0.899644
threshold=-1.0000000180025095e-35 7.7500000000000009 7.2500000000000009 0.91336810588836681 0.11639168485999109 1.0000000180025095e-35 0.62828946113586437 1.431677043437958 7.5000000000000009 14.250000000000002 1.0000000180025095e-35 2.7500000000000004 1.5000000000000002 13.750000000000002 13.250000000000002 0.00017581118299858647 3.5000000000000004 2.6023296117782597 1.1483516693115237 7.6558568477630624 13.500000000000002 4.2674212455749521 3.1567740440368657 0.37715516984462744 0.17599666863679889 1.5000000000000002 0.96291288733482372 0.96187275648117077 0.16591940820217135 1.3029109239578249
decision_type=2 2 2 2 2 2 2 2 2 2 2 2 2 2 2 2 2 2 2 2 2 2 2 2 2 2 2 2 2 2
left_child=-1 2 4 6 12 11 8 10 9 13 20 -6 -2 14 15 16 -3 -18 -13 -14 21 22 23 -5 -25 26 -22 -27 29 -28
right_child=1 3 -4 7 5 -7 -8 -9 -10 -11 -12 18 19 -15 -16 -17 17 -19 -20 -21 25 -23 -24 24 -26 27 28 -29 -30 -31
leaf_value=-0.050033422301739711 0.037771571784158776 -0.0058264493812110341 -0.066284061313207951 0.043691439216207113 -0.025469976392457135 -0.03680191881391625 -0.041719247207890539 -0.029941086933615337 0.047001627247766242 -0.039918675991149982 0.0097960068757268134 0.002222732446241701 0.01218273396307519 0.051967433058594387 -0.063831672573901405 0.043033564308236308 0.036397125747934973 -0.031742722198575386 -0.048891084913915542 -0.039792938492607635 0.047165855502321663 -0.058010037575144613 0.050614985604350585 0.044864328861378894 -0.036022225316387622 -0.014090517662158906 0.046214053885202604 0.041021590049199745 -0.033374767906474742 -0.052913520639289648
leaf_weight=9.1980596191730211 2.6955339561845895 9.388471525840492 1.2712657177377185 0.69122231483925523 3.4484380359753599 2.8348838028076377 1.2097648280902138 1.0272293849966434 1.1509073685556348 1.3064597894535825 16.604941102789098 25.43678186944317 2.1771713109775992 0.74035965172788643 0.40532275458645095 1.064882067293637 2.69697821768932 0.73335502938743946 0.64161324561834376 0.70445487892493464 1.3849643500288942 0.32312663810080255 0.81426717492286105 0.32811992743518192 1.1950988642856826 0.8749447023292295 0.85332383363856956 9.4604834389974695 1.1725116732668537 0.31278589598514372
leaf_count=641957 314 1509 967 22 16374 19496 1851 276 54 472 1214 6602 910 87 89 95 257 334 5018 682 74 112 40 24 80 87 71 862 103 28
internal_value=-2.65754e-10 0.00495118 -0.00384975 0.0113726 -0.00175769 -0.00516013 0.00160896 0.0165818 0.00460648 0.00161962 0.0179868 -0.00212219 0.0179852 0.00523042 0.00280883 0.00475434 0.00157441 0.0218298 0.000965166 -0.000523465 0.0257984 0.00726193 0.0142257 0.000845025 -0.0185983 0.0302177 0.0131797 0.0363561 -0.00694741 0.019625
internal_weight=102.148 92.9497 39.2101 53.7395 37.9389 32.3617 18.6965 35.043 17.4867 16.3358 34.0158 29.5268 5.57716 15.0294 14.289 13.8837 12.8188 3.43033 26.0784 2.88163 17.4108 3.35183 3.02871 2.21444 1.52322 14.059 3.72359 10.3354 2.33862 1.16611
internal_count=700061 58104 50363 7741 49396 47490 4748 2993 2897 2843 2717 27994 1906 2371 2284 2195 2100 591 11620 1592 1503 278 166 126 104 1225 276 949 202 99
is_linear=0
shrinkage=0.05


Tree=104
num_leaves=31
num_cat=0
split_feature=10 10 10 57 10 10 2 6 2 36 1 38 3 3 23 14 2 24 6 69 54 37 17 38 12 54 32 43 2 43
split_gain=9.45564 2.06666 2.17081 1.14448 0.953403 0.959243 0.872767 0.891528 0.858442 0.786446 0.769613 0.714029 0.661387 0.64239 0.639733 0.620498 0.770467 0.644568 0.629174 0.708847 1.11453 0.622608 0.666967 0.572291 0.972579 0.639767 1.27292 0.586033 0.947338 0.56829
threshold=-1.0000000180025095e-35 7.7500000000000009 7.2500000000000009 0.52096602320671093 4.7500000000000009 4.2500000000000009 5.5000000000000009 1.0000000180025095e-35 2.5000000000000004 0.8246518373489381 7.5000000000000009 0.37540295720100408 1.0000000180025095e-35 1.5000000000000002 1.9122686982154848 2.9289598464965825 3.5000000000000004 0.7947368621826173 1.0000000180025095e-35 10.39975166320801 1.99603807926178 0.87598276138305675 0.98454600572586071 0.31555351614952093 0.18350168317556384 1.1831567883491518 0.49096386134624487 3.979637980461121 3.5000000000000004 4.8402345180511483
decision_type=2 2 2 2 2 2 2 2 2 2 2 2 2 2 2 2 2 2 2 2 2 2 2 2 2 2 2 2 2 2
left_child=-1 2 4 9 5 8 7 23 10 14 -2 12 -9 -12 -3 16 18 -17 -6 21 -21 -20 -23 -5 -25 27 29 28 -26 -27
right_child=1 3 -4 6 15 -7 -8 11 -10 -11 13 -13 -14 -15 -16 17 -18 -19 19 20 -22 22 -24 24 25 26 -28 -29 -30 -31
leaf_value=-0.05003294932552587 0.032496552675652643 0.03056036862457949 -0.06859132684305036 0.033993938705191518 0.024241970676399702 -0.053776788403536405 -0.005243775729580246 -0.046394614952278604 -0.028508363736913553 0.013427090750718637 -0.037999193389147451 -0.014176038508633873 0.014260157337935536 0.00081278025659648986 -0.034306465978657608 -0.046801912835835395 -0.0088786277113303523 -0.00096709973615932774 -0.043486449115101133 -0.03485152799325409 0.031818742100381173 0.032771092361931473 -0.014180978812825963 -0.029739587831660242 0.032884995368027997 0.027703377152850064 -0.060815305828620082 0.041221080531053021 -0.045606052727249866 -0.00090617654626818549
leaf_weight=8.6193505590435517 1.5422369194911825 0.43817000825947561 1.2599180941386965 7.618545432007525 7.0944201758502512 1.2740034328809322 5.3317578769605225 0.46360993193229916 3.6301326372485514 2.0984358977207194 1.3160072909548715 3.0314951118016316 14.698184894736185 5.6146900897934984 2.867850147464992 1.0968185170511895 5.1892875162092187 2.5511154117425576 0.40220832426803088 2.1334724726366407 0.88767074065617624 3.19173886273893 0.99128206552813924 1.027952379270572 1.1859122886671665 4.4833930929216876 0.57211627798096731 4.7863200227511697 0.56879690079949785 2.8322736897025607
leaf_count=641957 280 54 967 568 681 2223 1373 71 29254 561 3374 443 711 6052 2596 2353 1901 2575 88 175 55 235 150 68 79 392 106 422 27 270
internal_value=8.29147e-11 0.00478213 -0.00405238 0.0112672 -0.00184965 -0.0125085 0.0137932 0.0162528 -0.0081645 -0.0105134 0.000551601 0.00797628 0.0124055 -0.00655687 -0.0257092 0.00420797 0.00768461 -0.0147482 0.0135313 0.00354158 -0.0152625 0.0159313 0.0216445 0.0227782 0.01725 0.0205977 0.0110101 0.0321594 0.00744177 0.0166271
internal_weight=98.7992 90.1798 38.175 52.0048 36.9151 13.3771 46.6004 41.2686 12.1031 5.40446 8.47293 18.1933 15.1618 6.9307 3.30602 23.538 19.8901 3.64793 14.7008 7.60637 3.02114 4.58523 4.18302 23.0753 15.4568 14.4288 7.88778 6.54103 1.75471 7.31567
internal_count=700061 58104 50363 7741 49396 41183 4530 3157 38960 3211 9706 1225 782 9426 2650 8213 3285 4928 1384 703 230 473 385 1932 1364 1296 768 528 106 662
is_linear=0
shrinkage=0.05


Tree=105
num_leaves=31
num_cat=0
split_feature=10 10 10 17 10 10 10 10 13 12 3 10 12 54 7 14 6 24 34 39 10 11 6 7 34 6 11 43 12 56
split_gain=8.85056 2.12836 2.50624 1.06517 0.902797 1.5075 0.939363 1.00368 0.881398 0.847647 0.800358 0.826159 0.795674 0.821675 0.750273 0.664519 0.65813 0.970096 0.905751 0.694079 0.88463 0.65746 0.654818 0.640226 0.654451 0.643815 0.637285 0.731098 0.667491 0.62994
threshold=-1.0000000180025095e-35 7.7500000000000009 7.2500000000000009 0.91336810588836681 6.7500000000000009 6.2500000000000009 5.7500000000000009 5.2500000000000009 262.17933654785162 0.62828946113586437 7.5000000000000009 14.250000000000002 0.44722221791744238 3.1676189899444585 1.0000000180025095e-35 8.10473680496216 1.0000000180025095e-35 0.75595238804817211 3.2022675275802617 0.001204465108457953 4.7500000000000009 1.3416666984558108 1.5000000000000002 1.5000000000000002 5.8204483985900888 1.5000000000000002 1.2649122476577761 3.5408543348312382 0.4629120826721192 0.71370023488998424
decision_type=2 2 2 2 2 2 2 2 2 2 2 2 2 2 2 2 2 2 2 2 2 2 2 2 2 2 2 2 2 2
left_child=-1 2 4 9 5 6 7 14 15 10 11 -3 23 26 16 -5 19 18 22 20 -2 -16 -18 24 25 -10 27 29 -29 -14
right_child=1 3 -4 8 -6 -7 -8 -9 12 -11 -12 -13 13 -15 21 -17 17 -19 -20 -21 -22 -23 -24 -25 -26 -27 -28 28 -30 -31
leaf_value=-0.050032529171686171 -0.013439522796752621 0.0046832464984583868 -0.072192617575804377 0.028612625292829937 0.015782182636321373 -0.056228764753183939 0.0118593373584741 -0.054129139163627708 0.030744475491733449 -0.040834236377527054 0.046368501461281485 -0.038473956654625642 -0.054028215099922339 -0.041321898993010468 0.0058394841913736338 0.10035590349651378 -0.05310337373904233 -0.035125249226522007 -0.051274354420404879 0.025872537150653536 0.026430413063159894 -0.043047678500728694 0.026402341562742043 -0.02989187794631264 -0.05230233112916774 -5.794085513445949e-05 -0.022067957101840334 -0.034622532029815745 0.021004115956645045 0.0032266857479277839
leaf_weight=8.091090926693381 5.0642991526857646 14.136664639336692 1.3183380275933121 0.85095451486085838 5.9525604987379657 1.3984235832317029 7.6939745227946323 1.1440350086989202 12.435859963654364 1.1164503309039435 1.0525921438529611 1.2033019323625911 0.6440161525679281 0.82673121135280858 0.99443979525904014 0.51999685309419874 0.29192245786103388 2.9521888535278435 0.58892403753964107 3.1223947560999932 1.9182513540256421 2.2298412664719649 2.2948808624015555 0.54904807771527053 0.26808977209839291 1.9643797734934185 1.4236557136737253 0.56679722387343545 11.110865522789025 1.891112551824335
leaf_count=641957 6008 2371 967 71 1322 1289 1686 1762 1027 1851 54 472 39 622 488 4 1099 13076 6596 2007 416 11367 2280 25 101 134 292 19 543 116
internal_value=1.22163e-09 0.00462517 -0.00449368 0.0112919 -0.0019899 -0.0055526 -0.00304804 -0.00861554 0.016574 0.00132089 0.00419195 0.0012979 0.0148755 0.00725727 -0.00593945 0.0558246 -0.00156363 -0.0144919 0.00468915 0.0062764 -0.00248643 -0.0279698 0.0174301 0.0231174 0.0251016 0.0265426 0.00982575 0.0130204 0.0183042 -0.0113182
internal_weight=95.6161 87.525 36.9645 50.5605 35.6461 29.6936 28.2952 20.6012 33.0515 17.509 16.3926 15.34 31.6806 16.4632 19.4571 1.37095 16.2329 6.12792 3.17573 10.1049 6.98255 3.22428 2.5868 15.2174 14.6683 14.4002 15.6364 14.2128 11.6777 2.53513
internal_count=700061 58104 50363 7741 49396 48074 46785 45099 2993 4748 2897 2843 2918 1631 43337 75 31482 23051 9975 8431 6424 11855 3379 1287 1262 1161 1009 717 562 155
is_linear=0
shrinkage=0.05


Tree=106
num_leaves=31
num_cat=0
split_feature=10 10 10 17 14 54 4 11 12 57 12 6 14 25 3 10 10 20 54 16 2 18 12 1 7 26 54 32 12 56
split_gain=8.23917 2.23 2.92562 1.07836 1.19841 0.867185 1.04185 0.770306 0.759424 0.739205 0.720472 0.904927 0.816754 0.716847 0.711827 0.696929 0.595877 0.652512 0.610822 0.666699 0.84344 0.66171 0.595406 0.671629 1.04441 0.657845 0.588538 1.11567 0.684394 0.742569
threshold=-1.0000000180025095e-35 7.7500000000000009 7.2500000000000009 0.91336810588836681 8.10473680496216 0.11639168485999109 1.0000000180025095e-35 1.431677043437958 0.62828946113586437 0.43525071442127233 0.41885964572429663 1.5000000000000002 3.2349334955215459 26.110208511352543 7.5000000000000009 14.250000000000002 13.750000000000002 0.00017581118299858647 2.5275484323501591 0.79901155829429638 3.5000000000000004 0.30259756743907934 1.1715686321258547 12.500000000000002 1.0000000180025095e-35 49.292306900024421 0.80169472098350536 0.9961538314819337 0.29099461436271673 0.91701102256774913
decision_type=2 2 2 2 2 2 2 2 2 2 2 2 2 2 2 2 2 2 2 2 2 2 2 2 2 2 2 2 2 2
left_child=-1 2 5 8 7 13 9 10 14 -7 11 26 -12 -2 15 16 17 18 19 20 21 -3 23 -11 -25 -26 -5 28 -28 -30
right_child=1 3 -4 4 -6 6 -8 -9 -10 22 12 -13 -14 -15 -16 -17 -18 -19 -20 -21 -22 -23 -24 24 25 -27 27 -29 29 -31
leaf_value=-0.050030954465393775 0.029679109952825935 0.024838101357206533 -0.07397459823771689 0.043946050157556732 0.074061483186155186 -0.023949034972194985 -0.036006437393791217 -0.029890594817418494 -0.039812175522124467 0.023276697072636337 0.012244765074323549 -0.010681775722175968 -0.038133121834614175 -0.011423632224276229 0.044974383857938061 -0.036452445196890532 0.049998820288183234 0.041754690371902117 -0.024519955301591512 -0.029145965365911304 0.035138078018855989 -0.010576535775816723 -0.045466737793786675 0.0037210069594489584 -0.036168277480147663 0.033013603496836214 0.0042927357202097232 -0.036444709066160229 0.04728458651266762 -0.021629932377163433
leaf_weight=7.5591647228294923 3.4774619555251993 1.8653314132752692 1.4766087742180491 4.6272937178982883 0.88504622224445384 3.489085256136355 2.5365668203278906 0.92479504910670485 1.0611603515526997 3.2146854413775889 16.708787803851923 1.537050254530185 0.84524662468697798 1.5263970289404936 0.98803876042438865 1.1381870870573045 0.67691161553648349 0.9529172597276564 2.2843691822449719 1.3069107350856928 2.2970339244493516 4.5033549712966305 0.67741084207261693 16.288065978578178 2.7830374972822365 0.39202333171078851 2.0327841116959462 0.7555868701520011 3.6178874916986388 0.43823981843888749
leaf_count=641957 700 150 967 425 152 6470 19496 265 1851 565 999 118 508 1206 54 472 87 99 1308 68 234 425 11155 6602 3065 137 117 77 316 16
internal_value=-4.57381e-11 0.00443324 -0.00505931 0.0113177 0.0166801 -0.00209983 -0.00537673 0.0150673 0.00115051 -0.00248247 0.0164277 0.0253453 0.00981901 0.017141 0.00386505 0.00116172 0.00424463 0.00190007 -0.00119842 0.0041437 0.00916424 -0.000203905 0.000724465 0.00210425 -0.00139277 -0.0276264 0.0301724 0.0208606 0.0279717 0.0398388
internal_weight=92.8674 85.3083 35.8613 49.4469 32.3727 34.3847 29.3809 31.4877 17.0742 26.8443 30.5629 13.0088 17.554 5.00386 16.0131 15.025 13.8868 13.2099 12.257 9.97263 8.66572 6.36869 23.3552 22.6778 19.4631 3.17506 11.4718 6.8445 6.08891 4.05613
internal_count=700061 58104 50363 7741 2993 49396 47490 2841 4748 27994 2576 1069 1507 1906 2897 2843 2371 2284 2185 877 809 575 21524 10369 9804 3202 951 526 449 332
is_linear=0
shrinkage=0.05


Tree=107
num_leaves=31
num_cat=0
split_feature=10 4 14 29 69 2 57 10 10 18 16 54 46 10 10 1 5 14 16 58 58 14 43 34 14 69 24 37 17 27
split_gain=7.71247 1.71604 1.45269 1.99083 1.98074 1.55031 1.50244 1.22166 1.62224 1.13188 1.56177 1.05364 0.897704 0.874968 3.07994 0.899455 0.873773 0.868914 0.735212 0.716056 0.685869 0.679243 0.650369 0.616458 0.68469 0.91777 0.670218 0.606326 0.601788 0.542684
threshold=-1.0000000180025095e-35 1.0000000180025095e-35 0.13773538917303088 1.0000000180025095e-35 6.3846223354339608 1.0000000180025095e-35 0.54246145486831676 7.7500000000000009 7.2500000000000009 0.2562315315008164 0.71748292446136486 0.31153599917888647 18.300000190734867 8.2500000000000018 8.7500000000000018 7.5000000000000009 1.0000000180025095e-35 0.30427655577659612 0.93713945150375377 0.18022804707288745 0.13898964971303943 3.9811223745346074 4.2121002674102792 4.6776068210601816 1.8355078697204592 10.39975166320801 0.49242424964904791 0.95285767316818248 0.38569359481334692 46.55333328247071
decision_type=2 2 2 2 2 2 2 2 2 2 2 2 2 2 2 2 2 2 2 2 2 2 2 2 2 2 2 2 2 2
left_child=-1 2 4 5 18 16 19 8 23 10 27 -7 -13 22 -15 -16 -4 -17 -2 28 -20 -19 -9 24 25 -8 -26 -3 -5 -27
right_child=1 9 3 6 -6 11 7 13 -10 -11 -12 12 -14 14 15 17 -18 21 20 -21 -22 -23 -24 -25 26 29 -28 -29 -30 -31
leaf_value=-0.050029961145066394 0.040996793343641327 -0.056441433144974233 0.033577343635162092 -0.061490202524391781 -0.042094095414614972 0.0069075229835638104 0.01065491759871786 0.052937752589105581 -0.071049312141704471 -0.050338732040756951 -0.044407472084602766 -0.011130903228760964 -0.049873810457481904 -0.060070943406376767 -0.055853219225785011 -0.035855202219167825 -0.041965438656759529 0.02155347501267647 0.022726560179286676 -0.028652485656567552 -0.035327830239688364 -0.022997086854928551 0.018490696717477936 -0.040081265429376255 -0.033387938409839217 -0.0070760979924551553 0.018573843862795231 0.044445197065532259 0.020935707305063708 -0.043020747842085844
leaf_weight=7.0906174819124308 6.100976749349682 0.16850143517535743 1.9609283479003345 0.2581583485465434 1.0376215022910162 1.8386869731270943 4.8022173288335726 2.5419829852694447 0.76360012451027515 2.2597022244355571 1.1983576126849014 2.3326033072210066 4.1646221383614375 1.3860182356856992 0.4199918401518542 0.7254773053409761 0.47562776050108357 21.20438421231302 2.6930070669609454 4.0007761102282586 0.62725869051246252 0.89154919236625474 2.9725869135731955 0.78672001829138949 0.66937143315584435 2.7335097109995559 8.5110771014355731 1.2821367195733726 1.5568895272199368 1.7050694402905717
leaf_count=641957 670 565 470 330 305 439 1737 165 259 12522 8827 1155 6736 190 69 36 305 1270 265 5716 62 486 316 7449 510 1148 3993 584 556 969
internal_value=7.97137e-10 0.00432248 0.00614608 0.00342944 0.0234716 -0.0162531 0.00722046 0.0100122 0.000421588 -0.024343 -0.00216749 -0.0265081 -0.0359645 0.0163668 0.0123357 0.0166537 0.018831 0.0179881 0.0306927 -0.0168354 0.011759 0.0197559 0.0343693 0.00326287 0.00511397 -0.00449406 0.0147852 0.0327265 0.00921208 -0.0208841
internal_weight=89.16 82.0694 77.1607 66.7018 10.4589 10.7725 55.9294 50.1136 19.9716 4.9087 2.649 8.33591 6.49723 30.142 24.6274 23.2414 2.43656 22.8214 9.42124 5.81582 3.32027 22.0959 5.51457 19.208 18.4212 9.2408 9.18045 1.45064 1.81505 4.43858
internal_count=700061 58104 35606 34304 1302 9105 25199 18597 16065 22498 9976 8330 7891 2532 2051 1861 775 1792 997 6602 327 1756 481 15806 8357 3854 4503 1149 886 2117
is_linear=0
shrinkage=0.05


Tree=108
num_leaves=31
num_cat=0
split_feature=10 10 4 17 5 57 12 16 10 2 6 12 14 7 6 24 34 58 43 14 14 16 1 39 10 1 18 3 6 57
split_gain=7.1692 1.70023 1.08849 0.951846 1.18797 0.968756 0.902945 0.864638 0.853494 0.75569 0.724907 0.832574 0.775173 0.675055 0.612503 0.799698 0.728424 0.593258 0.882347 0.662977 0.634191 0.602708 0.578932 0.568863 0.761456 0.550853 0.539762 0.538937 0.527257 0.523382
threshold=-1.0000000180025095e-35 5.7500000000000009 1.0000000180025095e-35 0.96069067716598522 1.5000000000000002 0.9383591115474702 0.14642857760190967 0.92776471376419078 5.2500000000000009 5.5000000000000009 1.0000000180025095e-35 0.27429467439651495 4.5608761310577401 1.0000000180025095e-35 1.0000000180025095e-35 0.75595238804817211 3.2022675275802617 0.12199011817574502 4.0342013835906991 0.9015411138534547 1.7039857506752016 0.93292090296745311 17.500000000000004 0.001204465108457953 4.7500000000000009 10.500000000000002 0.14689250290393832 8.5000000000000018 1.5000000000000002 0.88325679302215587
decision_type=2 2 2 2 2 2 2 2 2 2 2 2 2 2 2 2 2 2 2 2 2 2 2 2 2 2 2 2 2 2
left_child=-1 8 3 4 5 10 -4 9 13 -5 11 -3 -13 14 23 16 28 20 -19 -20 -9 -21 -7 24 -2 -12 -15 -8 -16 -27
right_child=1 2 6 7 -6 22 27 17 -10 -11 25 12 -14 26 15 -17 -18 18 19 21 -22 -23 -24 -25 -26 29 -28 -29 -30 -31
leaf_value=-0.050028710405082624 -0.013073838387576767 -0.0042993415966864137 0.044319825684265908 0.027532595442151322 -0.044484736492542268 -0.062804782412360025 -0.05132759907426139 0.024598295683152874 -0.053908753432755835 -0.015174411245783326 -0.04126197421415212 0.02144259946022551 -0.036621519535854144 0.019188315563413775 -0.052700435505249978 -0.034780511318510926 -0.051151271185965241 -0.03342333017658871 -0.039636188079021292 -0.047552352289229514 -0.029761090576085055 0.024281223168641536 0.02470281677816219 0.024718399579413304 0.025879513582889393 -0.0089204093786376133 -0.038569747588380436 0.038789086536138093 0.024023684229127776 0.016287388881924474
leaf_weight=6.6052342406948119 4.6031925167245671 5.1811803874552558 0.36815228531077027 14.040598625597342 1.2263255914540412 0.78782942748330131 1.5700285548997781 4.5742116399992465 1.0039139815815747 1.1183250077242508 0.88766322910771478 13.927236229823844 0.59955279136579598 0.48773054871509147 0.25185484852107709 2.6914815188235366 0.49995555950528103 1.860968775067249 0.60659804489841951 0.323759339091794 0.6078515006793167 2.9773219204805628 0.24866219732211903 2.7680630043644214 1.7245987873042166 5.8034075124809856 2.3703122346981047 0.18551152807958704 2.0190688925332552 3.1915854856276837
leaf_count=641957 6008 772 93 1171 351 52 3506 281 1762 513 1090 1598 952 1495 1099 13076 6596 214 48 37 102 262 41 2007 416 1638 10360 21 2280 263
internal_value=1.44815e-10 0.0042092 0.00828326 0.0095714 0.00377044 0.0057026 -0.0268747 0.0166485 -0.00908041 0.024382 0.0073669 0.0129087 0.0190462 -0.0064964 -0.00213483 -0.0153692 0.00348599 0.00594317 -0.00508707 0.00840762 0.018222 0.017236 -0.041811 0.00581281 -0.00245735 -0.00368453 -0.0287132 -0.0418048 0.0155147 2.37714e-05
internal_weight=85.1122 78.5069 60.0868 57.9631 31.8534 30.6271 2.12369 26.1096 18.4202 15.1589 29.5906 19.708 14.5268 17.4163 14.5582 5.46236 2.77088 10.9507 5.76865 3.90768 5.18206 3.30108 1.03649 9.09585 6.32779 9.88266 2.85804 1.75554 2.27092 8.99499
internal_count=700061 58104 13005 9385 6757 6406 3620 2628 45099 1684 6313 3322 2550 43337 31482 23051 9975 944 561 347 383 299 93 8431 6424 2991 11855 3527 3379 1901
is_linear=0
shrinkage=0.05


Tree=109
num_leaves=31
num_cat=0
split_feature=10 10 10 2 10 10 10 10 10 10 1 10 10 12 10 10 13 16 1 10 38 6 38 38 12 19 10 29 54 3
split_gain=6.68666 1.58574 2.75294 1.35864 1.30785 2.21272 1.53575 1.12973 1.05752 2.82283 1.12241 0.78362 1.3467 0.726956 0.686279 2.42674 0.847607 0.762754 0.762215 1.04621 0.742245 0.675466 0.794691 0.652839 0.634919 0.634296 0.611224 0.580958 0.632908 0.566574
threshold=-1.0000000180025095e-35 9.7500000000000018 9.2500000000000018 5.5000000000000009 8.7500000000000018 8.2500000000000018 7.7500000000000009 7.2500000000000009 10.250000000000002 10.750000000000002 8.5000000000000018 6.7500000000000009 6.2500000000000009 0.54006412625312816 11.250000000000002 11.750000000000002 464.08660888671881 0.7001820206642152 18.500000000000004 13.250000000000002 0.32602418959140783 1.0000000180025095e-35 0.34740030765533453 0.33484376966953283 0.39009661972522741 0.00013115518959239128 4.7500000000000009 11.613819122314455 0.72677716612815868 4.5000000000000009
decision_type=2 2 2 2 2 2 2 2 2 2 2 2 2 2 2 2 2 2 2 2 2 2 2 2 2 2 2 2 2 2
left_child=-1 2 3 4 5 6 7 11 13 -10 -11 12 21 -3 16 -16 17 24 19 -17 27 25 23 -23 -12 26 -2 28 -21 -6
right_child=1 8 -4 -5 29 -7 -8 -9 9 10 14 -13 -14 -15 15 18 -18 -19 -20 20 -22 22 -24 -25 -26 -27 -28 -29 -30 -31
leaf_value=-0.050027184782668523 -0.013387754416442164 0.040358756029966206 -0.060084641359899327 -0.030878921589326147 0.029659006633687975 -0.05906579237540685 0.025548388328094775 -0.06087702871258243 -0.058953304075212321 -0.045342533969259531 0.029911355760891052 0.017905992834382722 -0.057278074624194077 -0.00052441189854871484 -0.059380492253268358 0.023951592079537148 -0.049222030158949277 0.052541867799575065 0.028439429378947775 0.018134407581952203 -0.041375173632952518 -0.0093659358695116924 -0.036893694560824246 0.036736774357343897 -0.045708481735632044 0.021951668982044779 0.011433066042569877 0.049758600857485846 -0.058601112836356044 -0.024416300406361058
leaf_weight=6.1768612021544405 5.185175004303586 5.0107088734857852 1.9165668407126748 3.1080243055341148 5.5181981886116764 1.528311768565344 5.9582595481906528 0.79961991585957903 1.4535739513376054 0.78388202588905898 0.89706655469354035 4.767160755007807 1.1415837755530436 1.3886655202924201 1.1477292073418528 3.3063512529383825 0.2952433138402738 2.930150469779619 6.5788511878022291 0.64910199699807003 1.525156483885439 6.0175482720722453 2.3986945756771547 0.88019829039404829 0.40195618746543005 4.0541442228901579 4.7547470827778398 0.53650493044551684 0.45853414629164035 0.53100612138132408
leaf_count=641957 4786 498 563 23657 660 381 801 537 427 712 127 814 708 295 221 417 27 274 626 28 455 9397 7987 582 69 2028 880 27 50 70
internal_value=-1.74796e-10 0.00407007 -0.00135431 0.00105894 0.00333905 -0.000142316 0.00236215 -0.00224301 0.0136962 0.00826544 0.0132734 -0.000637321 -0.00425547 0.0314871 0.015727 0.0103245 0.0326855 0.0384035 0.0164529 0.00427524 -0.016252 -0.00165657 -0.0121037 -0.00348292 0.00651233 0.00528358 -0.00151475 0.00705305 -0.0136322 0.0249122
internal_weight=82.0996 75.9227 48.5592 46.6427 43.5346 37.4854 35.9571 29.9989 27.3635 20.9641 19.5105 29.1993 24.4321 6.39937 18.7266 14.2022 4.52442 4.22917 13.0545 6.47565 3.1693 23.2905 9.29644 6.89775 1.29902 13.9941 9.93992 1.64414 1.10764 6.0492
internal_count=700061 58104 53851 53288 29631 28901 28520 27719 4253 3460 3033 27182 26368 793 2321 1824 497 470 1603 977 560 25660 17966 9979 196 7694 5666 105 78 730
is_linear=0
shrinkage=0.05


Tree=110
num_leaves=31
num_cat=0
split_feature=10 10 10 2 10 10 14 10 10 1 12 5 37 37 54 6 10 10 57 45 1 56 2 29 54 3 13 10 16 19
split_gain=6.22665 1.45697 2.42873 1.19913 1.1457 1.25511 0.969729 0.865889 2.29699 1.08467 0.652267 0.641899 1.49415 0.604819 0.633505 0.597108 0.583209 0.738188 0.580611 0.790906 0.53586 0.681447 0.516033 0.507593 0.575017 0.484741 0.693302 0.530644 0.475985 0.47421
threshold=-1.0000000180025095e-35 9.7500000000000018 9.2500000000000018 5.5000000000000009 6.7500000000000009 6.2500000000000009 3.785109400749207 10.250000000000002 10.750000000000002 8.5000000000000018 0.62828946113586437 1.0000000180025095e-35 0.98564770817756664 0.95547771453857433 2.9356914758682255 1.0000000180025095e-35 5.7500000000000009 5.2500000000000009 0.86005890369415294 53.899999618530281 16.500000000000004 0.69710868597030651 1.5000000000000002 7.990229845046998 0.17599666863679889 1.5000000000000002 223.06401062011722 2.7500000000000004 0.47442197799682623 0.0064472130034118899
decision_type=2 2 2 2 2 2 2 2 2 2 2 2 2 2 2 2 2 2 2 2 2 2 2 2 2 2 2 2 2 2
left_child=-1 2 3 4 5 16 7 10 -9 -10 -3 18 -13 14 -6 23 17 25 19 -11 -21 28 -8 24 -15 -2 -27 -28 -22 -26
right_child=1 6 -4 -5 13 -7 22 8 9 11 -12 12 -14 15 -16 -17 -18 -19 -20 20 21 -23 -24 -25 29 26 27 -29 -30 -31
leaf_value=-0.050026722072789936 -0.022228769924613971 0.038263075456115542 -0.059280523230496575 -0.029755708518859038 0.0072860781045231528 -0.057331985385215417 0.012168153024057327 -0.058401561797861046 -0.050165016266859375 0.031190620974238876 -0.016102719004400214 -0.044781957005610828 0.016936908063935469 0.032042989653308741 -0.03596083866941157 0.0082480519881178178 0.011332187009556044 -0.053615523240787569 0.033871237123866325 -0.040970984592738881 -0.038606932824552076 -0.059066479687079822 -0.05174138354025503 0.039092264095225926 -0.043575390292648099 0.029724405282871475 -0.026397595250592244 0.0010800946570050545 0.045963720095267085 0.044384303082392294
leaf_weight=5.761536836154959 3.0107745654516203 5.2336977052436913 1.7395809019512842 2.9709657643081462 3.6046343101261327 1.0597164929922644 0.50494403988477532 1.1363402378237903 0.61719542421770057 2.2672873770179667 0.61672674786359483 1.2392504295999049 4.6985932634524943 1.1041300257784294 1.1068080805380303 7.2946894911669915 6.2486407591181878 0.79538250822543055 6.5866344674104766 0.88510092519800343 0.20949689586177533 0.28374191965849593 0.84345404342980146 4.233201680503953 0.64625641299789993 1.7074164683445463 2.2121963288591635 8.5398420698723481 0.80834205745395593 0.20085284361266531
leaf_count=641957 7683 408 563 23657 575 708 414 180 290 210 111 143 235 168 799 894 998 973 518 183 50 17 1365 594 199 612 10988 4406 129 34
internal_value=-2.84896e-11 0.00398076 -0.00131716 0.000936798 0.00312014 -0.00415443 0.0134761 0.0157407 0.0104963 0.0149458 0.0325321 0.0173127 0.00405595 0.0125476 -0.00287345 0.0179378 -0.00165143 -0.00663926 0.0244424 0.0104988 -0.0109557 0.00945522 -0.0278087 0.0293671 0.00826832 -0.00422403 0.00012674 -0.00457335 0.0285569 -0.0227198
internal_weight=78.1674 72.4059 46.4751 44.7355 41.7645 23.574 25.9308 24.5824 18.732 17.5956 5.85042 16.9784 5.93784 18.1906 4.71144 13.4791 22.5143 16.2656 11.0406 4.45397 2.18668 1.30158 1.3484 6.18444 1.95124 15.4702 12.4595 10.752 1.01784 0.847109
internal_count=700061 58104 53851 53288 29631 26368 4253 2474 1955 1775 519 1485 378 3263 1374 1889 25660 24662 1107 589 379 196 1779 995 401 23689 16006 15394 179 233
is_linear=0
shrinkage=0.05


Tree=111
num_leaves=31
num_cat=0
split_feature=11 11 7 17 6 6 34 18 0 34 19 26 54 34 49 14 34 38 32 34 2 49 49 34 2 12 38 24 11 58
split_gain=5.81897 1.42901 1.44582 0.992974 0.894388 0.831828 0.746738 0.726006 0.570407 0.56893 0.51133 0.492593 0.465098 0.452195 1.29698 0.782656 0.693702 0.738698 0.71946 0.663167 0.464152 0.621137 0.534921 0.446929 0.441724 0.608029 0.433026 0.430917 0.431956 0.42671
threshold=3.0263158082962041 1.2649122476577761 1.0000000180025095e-35 0.4534223228693009 1.0000000180025095e-35 1.0000000180025095e-35 4.0216782093048105 0.28443659842014318 10.500000000000002 6.1260240077972421 0.00013115518959239128 43.95000076293946 6.3749544620513925 0.13382896780967715 8.3715963363647479 0.35344822704792028 1.1588239669799807 0.36402259767055517 0.49096386134624487 0.26248389482498174 4.5000000000000009 14.450182914733888 8.6141304969787615 0.16040084511041644 4.5000000000000009 0.47213622927665716 0.34203633666038519 0.63818180561065685 1.1695402264595034 0.15164838731288913
decision_type=2 2 2 2 2 2 2 2 2 2 2 2 2 2 2 2 2 2 2 2 2 2 2 2 2 2 2 2 2 2
left_child=1 3 5 23 7 9 13 -5 -7 10 26 -4 24 29 15 19 18 -18 27 -15 22 -22 -19 -1 -9 -26 -3 -16 -29 -6
right_child=-2 2 11 4 6 8 -8 12 -10 -11 -12 -13 -14 14 16 -17 17 20 -20 -21 21 -23 -24 -25 25 -27 -28 28 -30 -31
leaf_value=0.025056677975616289 -0.05005444532718565 0.01698609804360663 -0.036659868886129994 0.029554675068555376 0.035610642185649181 -0.050672228763288765 -0.049139141631087208 0.01642034368987608 -0.0083628754335995457 -0.03093901049114189 0.025960899186223532 0.013683490120540848 -0.053553961373045106 -0.030274127691265602 0.020551058011388755 -0.041966404264339799 0.022914134819928825 0.055057265798262561 0.053904884380103303 0.046272776284743473 -0.040026053164647871 0.05370276492793119 -0.028914069827067502 -0.033962864616353068 0.022072277095289663 -0.032948671930651117 -0.0042923219802899351 -0.04890653549657091 0.013342362865875588 -0.015024568746707484
leaf_weight=0.3908716792811896 5.388899723365852 3.8813219259666472 4.0719262208191784 8.641312142422068 2.003694975719561 0.90884000311927948 0.64887187012175118 10.143691606546321 6.4517539439424354 0.92382779256141212 3.5392767205913183 0.55173478514312524 0.27544824280585167 0.55297778331442093 0.4160636341966889 2.2781280868148315 7.8616999124023987 0.212254641537584 0.33334514590023889 0.57943485152281937 0.25633518218091911 0.56938362317850988 1.7813671839016931 1.7883936110234797 0.88745715103687084 1.1564207708720458 6.2268309848232661 1.3628214732634658 0.35032541031978337 0.52511161814618379
leaf_count=37 625038 2114 20334 930 107 22466 2043 1007 11140 3582 1901 1444 399 73 41 668 472 5 33 43 87 41 223 2287 124 266 2962 106 33 55
internal_value=2.49209e-10 0.00387717 -0.00524311 0.00950756 0.0112625 0.000113683 0.00360982 0.0184175 -0.013587 0.0070345 0.00960501 -0.0306525 0.0106954 0.00540343 0.00239518 -0.0250792 0.00952432 0.0150398 -0.0143985 0.00889352 -0.00691758 0.0246057 -0.0199739 -0.0233772 0.0121475 -0.00905843 0.00387815 -0.025092 -0.0361771 0.0250961
internal_weight=74.9598 69.5709 26.5555 43.0154 40.8361 21.9319 19.7318 21.1043 7.36059 14.5713 13.6474 4.62366 12.463 19.0829 16.5541 3.41054 13.1436 10.681 2.46256 1.13241 2.81934 0.825719 1.99362 2.17927 12.1876 2.04388 10.1082 2.12921 1.71315 2.52881
internal_count=700061 75023 65943 9080 6756 44165 4030 2726 33606 10559 6977 21778 1796 1987 1825 784 1041 828 213 116 356 128 228 2324 1397 390 5076 180 139 162
is_linear=0
shrinkage=0.05


Tree=112
num_leaves=31
num_cat=0
split_feature=11 10 4 54 29 2 69 54 16 6 58 65 29 2 6 47 38 14 3 58 57 38 37 54 13 6 58 3 10 10
split_gain=5.46028 1.37857 0.853981 0.879918 1.61607 1.21486 0.811137 0.79976 0.847983 0.863275 0.794088 0.727271 0.69117 0.665021 0.654602 0.653978 0.591026 0.588735 0.559429 0.538225 0.591962 0.499023 0.49019 0.488452 0.608205 0.60398 0.480937 0.479657 0.474014 0.603884
threshold=3.0263158082962041 4.7500000000000009 1.0000000180025095e-35 0.1297685578465462 1.0000000180025095e-35 1.0000000180025095e-35 11.821442127227785 0.19181560724973681 0.50774627923965465 1.0000000180025095e-35 0.26372319459915167 11.550000190734865 12.50572443008423 3.5000000000000004 1.5000000000000002 26.649999618530277 0.36402259767055517 0.9580347239971162 1.0000000180025095e-35 0.082908075302839293 0.99796420335769664 0.48596633970737463 0.95285767316818248 0.17599666863679889 387.19544982910162 1.0000000180025095e-35 0.12708763778209689 2.5000000000000004 10.750000000000002 10.250000000000002
decision_type=2 2 2 2 2 2 2 2 2 2 2 2 2 2 2 2 2 2 2 2 2 2 2 2 2 2 2 2 2 2
left_child=1 11 3 6 5 27 13 -6 12 10 -10 23 18 14 -3 22 28 -7 -9 -15 -21 -12 -4 24 -1 -25 -16 -5 29 -11
right_child=-2 2 15 4 7 17 -8 8 9 16 21 -13 -14 19 26 -17 -18 -19 -20 20 -22 -23 -24 25 -26 -27 -28 -29 -30 -31
leaf_value=0.033352409738425341 -0.050051767887279885 0.046131695305890584 -0.051424434310076927 -0.031637012220224157 -0.032345735901981525 -0.0085722756445648033 -0.03593101569599863 -0.050283863383441943 0.032368719863818819 0.0073574938927965421 0.01420767654758681 -0.02860734373795152 -0.04894186873210106 0.030844091811146879 0.025351119074515656 -0.050900224593335333 -0.013346962420489931 -0.043626135779761599 0.00814935284430089 0.0075719489052454474 -0.056303917628434175 -0.028106893743814778 0.023179477269658893 -0.0018628925651107818 -0.047004656674958414 -0.051337389757511079 -0.037986548763959738 0.042055517371484663 0.029121016722027257 -0.057214381965707162
leaf_weight=1.4698818690456699 5.0674741707028934 4.1683812760202237 0.30033804205277126 0.28541513710206234 1.1407811664512326 2.0007018233898179 0.56719183877294277 0.47819152787928887 7.9167615487936045 10.814426947619438 8.0064676962006125 4.3665249072088059 0.93179329093345575 1.3586237647509736 1.0554491941002195 1.1036274220937228 3.5183410602473932 2.9847838679324923 2.8557963077730619 1.2424840470907836 0.51224846785044054 0.76317103175824819 0.82500264956013325 3.2945849070179065 0.28039186181121056 0.7589924272394909 0.41857274851645332 0.97555005217327562 2.540168159147469 0.37462465038243031
leaf_count=488 625038 459 453 154 108 393 74 559 1100 1666 1224 42832 732 167 48 3908 1286 1966 765 214 39 204 451 3883 532 10955 46 135 145 37
internal_value=-9.85611e-10 0.00376822 0.00678712 0.00801868 0.00515633 -0.0184693 0.0220148 0.00890759 0.0101396 0.0127808 0.0208888 -0.0131925 -0.0108717 0.0257685 0.0360044 -0.0235519 0.00493671 -0.0295588 -0.000231682 0.00721792 -0.0110749 0.0105253 0.00326871 -0.00159511 0.0204793 -0.0111265 0.00736535 0.0253755 0.00962221 0.00519554
internal_weight=72.3767 67.3093 57.1389 54.9099 45.587 6.24645 9.32295 39.3405 38.1997 33.934 16.6864 10.1704 4.26578 8.75576 5.6424 2.22897 17.2476 4.98549 3.33399 3.11336 1.75473 8.76964 1.12534 5.80385 1.75027 4.05358 1.47402 1.26097 13.7292 11.1891
internal_count=700061 75023 16333 11521 10474 2648 1047 7826 7718 5662 2528 58690 2056 973 553 4812 3134 2359 1324 420 253 1428 904 15858 1020 14838 94 289 1848 1703
is_linear=0
shrinkage=0.05


Tree=113
num_leaves=31
num_cat=0
split_feature=11 10 10 10 10 10 10 14 10 10 1 10 65 12 13 5 37 12 57 27 17 25 1 56 2 8 54 6 5 2
split_gain=5.11022 1.30538 2.02565 0.957671 1.97799 1.1411 0.827217 0.814511 0.69658 1.88641 0.871474 0.639878 0.655963 0.571167 0.569167 0.514243 1.22861 0.501856 0.518991 0.651748 0.476971 0.480025 0.448815 0.516571 0.443232 0.447731 0.446342 0.536414 0.476078 0.441173
threshold=3.0263158082962041 9.7500000000000018 9.2500000000000018 8.7500000000000018 8.2500000000000018 7.7500000000000009 7.2500000000000009 3.785109400749207 10.250000000000002 10.750000000000002 8.5000000000000018 4.7500000000000009 11.550000190734865 0.67543861269950878 359.19441223144537 1.0000000180025095e-35 0.98564770817756664 0.63818180561065685 0.86005890369415294 42.148611068725593 0.79991695284843456 42.815238952636726 16.500000000000004 0.71040332317352306 2.5000000000000004 1.0000000180025095e-35 0.19181560724973681 1.0000000180025095e-35 1.0000000180025095e-35 1.5000000000000002
decision_type=2 2 2 2 2 2 2 2 2 2 2 2 2 2 2 2 2 2 2 2 2 2 2 2 2 2 2 2 2 2
left_child=1 2 3 4 5 6 11 8 14 -10 -11 12 24 20 -3 17 -17 18 19 -12 21 -5 -21 -24 25 26 28 -28 -1 -9
right_child=-2 7 -4 13 -6 -7 -8 29 9 10 15 -13 -14 -15 -16 16 -18 -19 -20 22 -22 -23 23 -25 -26 -27 27 -29 -30 -31
leaf_value=0.050131713061441222 -0.050049172921707519 0.044047288181084776 -0.058635451560114162 0.024598830153726371 -0.057304477031103307 0.020683472816597319 -0.057873310859047115 0.011436696464072974 -0.057485089300311001 -0.048535541569208057 0.03028396565557237 0.0030870638499112314 -0.027856626100367283 -0.048786530402471877 0.0096247985217401983 -0.04229474684765494 0.016663898579794788 -0.044074842187337378 0.035022854703361327 -0.041647802471022524 0.028740275377896203 -0.062838887062115836 0.028609463571481055 -0.056779747672422325 -0.028632756575101059 -0.057511390610822527 0.0082194757233799483 -0.051287857512605145 -0.030544372992692793 -0.051196940722314448
leaf_weight=0.98734256780631369 4.7522471064680181 3.2815595641823228 1.500415525816378 0.32512923543435945 1.5760504910151656 5.5633499762897136 0.69809080353388608 0.45705809545142873 0.96279972671118486 0.52784116179282037 2.0571616622098614 17.121170465565797 4.2044869847562722 0.28955981439526102 1.8939449404897457 1.116963894899526 4.2294331626853818 0.26631616480335729 5.7290255229636387 0.71621938595853851 4.7350180581834138 0.30348091331870819 0.80637905057028525 0.22697202896233648 1.2007259783548532 0.26371827748513954 2.4660076711262211 0.44741204598115292 0.22443027383857839 0.73048760306710392
leaf_count=227 625038 345 557 134 688 1161 937 414 180 285 208 7741 42832 301 171 142 235 142 465 130 532 39 148 14 7664 593 1810 5339 225 1364
internal_value=5.23874e-10 0.00366433 -0.00158898 0.00052936 -0.00257525 2.4643e-05 -0.00413755 0.013235 0.0154303 0.0104473 0.0146195 -0.00274383 -0.0129369 0.0196149 0.0314506 0.0168201 0.00434632 0.0236237 0.0255144 0.0112045 0.0233076 -0.0176144 -0.0112292 0.00985402 -0.0017143 0.0056501 0.00968793 -0.000919028 0.0351898 -0.0270907
internal_weight=69.6608 64.9086 41.9064 40.406 34.7528 33.1767 27.6134 23.0022 21.8146 16.6391 15.6763 26.9153 9.79412 5.65319 5.1755 15.1485 5.3464 9.80207 9.53576 3.80673 5.36363 0.62861 1.74957 1.03335 5.58964 4.38891 4.12519 2.91342 1.21177 1.18755
internal_count=700061 75023 70780 70223 69217 68529 67368 4243 2465 1949 1769 66431 58690 1006 516 1484 377 1107 965 500 705 173 292 162 15858 8194 7601 7149 452 1778
is_linear=0
shrinkage=0.05


Tree=114
num_leaves=31
num_cat=0
split_feature=10 17 12 6 54 11 7 69 34 11 24 18 32 54 16 12 57 36 36 49 14 29 58 2 56 5 1 6 6 43
split_gain=4.77703 1.25585 1.1201 0.951145 0.764379 0.752547 0.625412 0.609141 0.565245 0.556069 0.525498 0.524877 0.784656 1.65794 0.534085 0.583461 0.520922 0.630198 0.518556 0.614373 0.799601 0.769548 0.643328 0.488368 0.479133 0.444835 0.432425 0.407723 0.544539 0.441195
threshold=-1.0000000180025095e-35 0.83183515071868908 1.1715686321258547 1.0000000180025095e-35 0.95803049206733715 1.431677043437958 1.0000000180025095e-35 6.3846223354339608 4.0216782093048105 1.0606617927551272 0.93499580025672924 0.189234733581543 0.89583334326744091 0.48950026929378515 0.77922073006629955 0.27429467439651495 0.92439910769462597 0.76209992170333873 0.80478277802467357 12.731777191162111 0.40103232860565191 7.7871065139770517 0.13429758697748187 5.5000000000000009 0.94943103194236766 1.5000000000000002 12.500000000000002 3.5000000000000004 2.5000000000000004 3.5114340782165532
decision_type=2 2 2 2 2 2 2 2 2 2 2 2 2 2 2 2 2 2 2 2 2 2 2 2 2 2 2 2 2 2
left_child=-1 4 3 5 7 11 -7 25 9 18 -6 -3 14 -14 15 -13 -17 -18 -5 20 22 -22 -20 -16 -8 -2 -21 28 29 -11
right_child=1 2 -4 8 10 6 24 -9 -10 27 -12 12 13 -15 23 16 17 -19 19 26 21 -23 -24 -25 -26 -27 -28 -29 -30 -31
leaf_value=-0.050023192354643559 0.020352735783993214 0.036983723684171584 -0.04637859072300398 -0.019286326510195184 -0.04521321719726222 0.0071562475369780559 -0.050801830230473001 -0.01544459163580196 -0.041194573183531868 -0.044774812355607721 -0.013485572226641679 -0.014373877720767401 0.040051193881510481 -0.049717396611211662 0.036553550624900365 0.025896471084275022 0.030609824961148304 -0.045676406506760581 0.037248670975855207 0.011578190540212398 -0.048378264613080341 0.0097746818958510447 -0.031369153613015573 -0.01823825267890835 0.029649858722918001 -0.054065169788190294 0.044160157613352985 -0.042719008726069388 0.016189867576045066 -0.0055425609964553689
leaf_weight=4.4544347514350013 3.2427451198868611 3.623596715182436 0.95943900972930762 1.2404948091498287 1.8742505869992241 6.2702015291836792 0.86855521052979134 2.8613550038001279 0.78021965715956199 0.79098657732702715 4.2974971813509342 1.6640879375017883 0.87980763037921805 1.2382632061462571 5.1027709426680303 4.9904315275698536 0.48319830859145418 0.61565939724096097 1.7718368937930775 1.8752967706532215 1.0986235517802927 1.1798543417244216 0.42316464362374961 0.44190163806342742 0.23517504399933387 0.21406564824337682 2.2284910154703539 0.68068772754418283 2.8102826416715638 7.621290246704973
leaf_count=641957 954 415 19619 94 8506 3356 1549 1531 5747 589 7946 195 154 282 638 651 42 74 77 76 152 64 45 97 105 140 102 758 942 3204
internal_value=-4.76919e-10 0.00357296 0.00712365 0.00817307 -0.0106055 0.0146083 0.00104691 0.00161958 0.000618951 0.00212089 -0.0231207 0.0198605 0.0158356 -0.0124292 0.0203375 0.0118638 0.0190341 -0.0121312 0.0109298 0.0152998 0.00248296 -0.0182652 0.0240201 0.0321867 -0.0336598 0.0157444 0.0292713 -0.00514464 -0.00286562 -0.00923148
internal_weight=66.8187 62.3642 49.8743 48.9149 12.4899 26.4136 7.37393 6.31817 22.5012 21.721 6.17175 19.0397 15.4161 2.11807 13.298 7.75338 6.08929 1.09886 9.81776 8.57727 4.47348 2.27848 2.195 5.54467 1.10373 3.45681 4.10379 11.9032 11.2226 8.41228
internal_count=700061 58104 39027 19408 19077 7558 5010 2625 11850 6103 16452 2548 2133 436 1697 962 767 116 610 516 338 216 122 735 1654 1094 178 5493 4735 3793
is_linear=0
shrinkage=0.05


Tree=115
num_leaves=31
num_cat=0
split_feature=11 10 4 10 17 12 7 6 58 11 5 16 2 58 6 24 34 6 3 17 2 10 29 12 14 12 58 11 5 12
split_gain=4.48093 1.21017 0.840495 0.645913 0.619132 0.578683 0.542537 0.53386 0.645037 0.487291 0.479577 0.460728 0.453257 0.501543 0.446935 0.609076 0.53318 0.439279 0.397201 0.392588 0.537053 0.393046 0.509392 0.391297 0.510294 0.58483 0.492888 0.382779 0.387413 0.43053
threshold=3.0263158082962041 5.7500000000000009 1.0000000180025095e-35 5.2500000000000009 0.91875183582305919 0.14642857760190967 1.0000000180025095e-35 1.0000000180025095e-35 0.38463623821735388 1.3416666984558108 1.5000000000000002 0.7001820206642152 5.5000000000000009 0.14020282775163653 1.0000000180025095e-35 0.75595238804817211 3.2022675275802617 1.0000000180025095e-35 8.5000000000000018 0.7510221302509309 1.5000000000000002 3.7500000000000004 13.744857788085939 0.18350168317556384 3.1593675613403325 0.80476191639900219 0.40072467923164373 1.431677043437958 1.5000000000000002 0.67543861269950878
decision_type=2 2 2 2 2 2 2 2 2 2 2 2 2 2 2 2 2 2 2 2 2 2 2 2 2 2 2 2 2 2
left_child=1 3 4 6 10 -4 14 8 11 -8 17 -6 -13 -14 19 16 -16 23 -7 -1 -21 22 -22 -3 25 -25 -26 28 29 -9
right_child=-2 2 5 -5 7 18 9 27 -10 -11 -12 12 13 -15 15 -17 -18 -19 -20 20 21 -23 -24 24 26 -27 -28 -29 -30 -31
leaf_value=-0.013433606933615651 -0.050047422909988565 -0.017744399714123272 0.038635040262725767 -0.053474278309713956 -0.0022902878917368222 -0.051004958394335845 0.0057841436667984206 0.014502066711847847 -0.020520836688011759 -0.044370569797377489 -0.048251565047254426 0.031417393344717957 0.026436928149657996 -0.026329027179525795 0.01500261707614494 -0.034225805112019551 -0.051007315985564045 -0.011485012044993061 0.037021388975708974 0.032136639005286592 -0.041791686876577097 0.0145049360498968 0.026368102462795764 0.018219210598489716 -0.033250677294105233 -0.05994795336133818 0.031934322377141326 -0.038628877578330501 -0.026215228105729543 -0.0077114080403972718
leaf_weight=2.0026435772683033 4.1818500396496381 1.3423787033570942 0.27059611308118192 0.77602886642625968 1.5425700791092829 1.192643428077474 0.70001161344544138 10.844177224068511 0.8994275595368898 1.5714994972535548 0.48253307121444855 9.2050636197318436 1.0729144270344466 0.77609295730962902 1.7796715437723523 2.0959107391744425 0.36940939724614441 4.158382110661706 0.14357985796777928 2.1030211928261195 0.91783263247387481 1.8167840330371519 0.39084574292365915 8.0310756957478553 1.0913205265813974 0.24663679826449048 0.39494526972248412 0.45273451324919811 0.77940854125972769 2.7305071559918579
leaf_count=2319 625038 323 93 1632 287 3386 509 817 85 20482 287 1224 110 251 4543 18522 8663 2377 21 1057 2852 893 858 810 867 234 235 438 99 749
internal_value=-6.03389e-10 0.00347771 0.00747669 -0.0090936 0.00877236 -0.0280434 -0.00658839 0.0131939 0.0203867 -0.0289144 0.000825407 0.0233076 0.0268797 0.00428921 -0.00216932 -0.0150476 0.00365605 0.00237678 -0.0415464 0.00539082 0.0126011 -0.000543784 -0.0214353 0.00756683 0.0110467 0.0158902 -0.0159291 0.00663788 0.00806561 0.0100339
internal_weight=64.3625 60.1806 45.657 14.5237 44.0502 1.60682 13.7476 28.3029 13.4961 2.27151 15.7473 12.5966 11.0541 1.84901 11.4761 4.24499 2.14908 15.2647 1.33622 7.23113 5.22848 3.12546 1.30868 11.1064 9.76398 8.27771 1.48627 14.8068 14.3541 13.5747
internal_count=700061 75023 12693 62330 9193 3500 60698 4060 1957 20991 5133 1872 1585 361 39707 31728 13206 4846 3407 7979 5660 4603 3710 2469 2146 1044 1102 2103 1665 1566
is_linear=0
shrinkage=0.05


Tree=116
num_leaves=31
num_cat=0
split_feature=11 17 12 6 58 54 34 2 69 11 11 7 16 49 58 37 14 29 24 13 56 6 34 57 34 13 3 7 16 45
split_gain=4.1924 1.17828 0.941653 0.812079 0.681617 0.672621 0.551984 0.54447 0.538037 0.499128 0.484075 0.496435 0.462549 0.596186 0.584621 0.60261 0.533385 0.601445 0.453105 0.446098 0.438676 0.421208 0.412745 0.398862 0.39833 0.42216 0.536739 0.374329 0.442597 0.439884
threshold=3.0263158082962041 0.83183515071868908 1.1715686321258547 1.0000000180025095e-35 0.36298473179340368 0.95803049206733715 4.0216782093048105 1.0000000180025095e-35 6.3846223354339608 1.0606617927551272 1.431677043437958 1.0000000180025095e-35 0.68225201964378368 12.731777191162111 0.11956425756216051 0.99388921260833751 0.35344822704792028 9.5684580802917498 0.93499580025672924 271.04370117187506 0.94943103194236766 1.0000000180025095e-35 1.224465072154999 0.55387040972709667 3.8279811143875127 373.23710632324224 7.5000000000000009 1.0000000180025095e-35 0.79596054553985607 58.949998855590827
decision_type=2 2 2 2 2 2 2 2 2 2 2 2 2 2 2 2 2 2 2 2 2 2 2 2 2 2 2 2 2 2
left_child=1 5 3 4 10 8 9 -6 21 12 -3 24 19 14 16 -16 -14 -18 -7 -5 -13 -1 -15 -10 25 -12 -27 28 29 -11
right_child=-2 2 -4 6 7 18 -8 -9 23 27 11 20 13 22 15 -17 17 -19 -20 -21 -22 -23 -24 -25 -26 26 -28 -29 -30 -31
leaf_value=0.023226333951431737 -0.050046386243799756 0.021478908842701396 -0.045740818874642923 0.032344915502156416 0.045363113468741348 -0.044655383480630084 -0.041318329235872781 -0.020570063162785854 -0.029386415999700724 -0.030792297415859638 0.023689611866186063 -0.048251390128246294 0.036239067608599088 -0.0062085814616733657 0.012030541655005632 -0.043031143903632128 -0.043468199218720666 0.056912811432353855 -0.013928663154243574 -0.040031302408380876 0.031104953183149178 -0.024100724659837685 0.036550161153489781 0.010530041205884638 -0.030626278321838236 -0.031086806207170237 0.050678600019322312 -0.029959664474194875 -0.0071024866707939151 0.028664489263131133
leaf_weight=2.6568240138082033 3.9214596217203157 15.902608778593281 0.83352347233193214 0.29385459375044465 0.36763360857628358 1.6926279440913701 0.75318654767710214 2.1114856770329311 1.7707315723027224 0.37594716168848497 3.6545049559153844 0.70251663541974796 1.5297459844441603 0.68448440503561903 0.92030757451721035 1.080093241364011 0.5343476217767601 0.20703979462268762 4.1206490947495951 0.77281923832561006 0.23154811086487825 0.57120610541306849 3.2164454910234781 0.967929810387261 0.5190527171006919 0.84131835051148562 0.26359098868863384 1.3078263595245392 7.7448805021701048 1.8029855583434227
leaf_count=519 625038 2323 21686 20 189 9589 10419 696 1433 547 1766 2555 67 38 70 122 76 5 9519 78 184 773 134 365 1875 335 38 3472 5358 772
internal_value=4.55371e-10 0.00335871 0.00692656 0.00788469 0.0140684 -0.0107709 0.000719069 -0.0107927 0.00102212 0.00226576 0.0168553 0.00501994 0.010874 0.0149158 0.00201024 -0.0176994 0.0193704 -0.0154358 -0.0228752 -0.0200926 -0.0285795 0.0148517 0.0290474 -0.0152787 0.0109656 0.0155016 -0.0115806 -0.00481538 -0.00150169 0.018406
internal_weight=62.3532 58.4317 46.6517 45.8182 24.5943 11.78 21.224 2.47912 5.96669 20.4708 22.1151 6.21253 9.23914 8.17246 4.27153 2.0004 2.27113 0.741387 5.81328 1.06667 0.934065 3.22803 3.90093 2.73866 5.27847 4.75941 1.10491 11.2316 9.92381 2.17893
internal_count=700061 75023 52825 31139 9961 22198 21178 885 3090 10759 9076 6753 610 512 340 192 148 81 19108 98 2739 1292 172 1798 4014 2139 373 10149 6677 1319
is_linear=0
shrinkage=0.05


Tree=117
num_leaves=31
num_cat=0
split_feature=10 17 12 10 10 10 10 54 6 1 7 26 69 7 10 10 10 10 1 10 12 69 12 14 24 16 54 34 23 58
split_gain=3.92871 1.16006 0.892156 0.727259 1.68952 0.653356 1.75452 0.624112 0.570801 0.623614 0.485072 0.628688 0.484236 0.468096 0.555155 1.56856 0.673269 1.19072 0.601345 0.622908 0.530201 0.488677 0.411306 0.408596 0.404673 0.371921 0.366467 0.384895 0.381857 0.41135
threshold=-1.0000000180025095e-35 0.83183515071868908 1.1715686321258547 9.7500000000000018 9.2500000000000018 8.7500000000000018 8.2500000000000018 0.95803049206733715 3.5000000000000004 14.500000000000002 1.0000000180025095e-35 43.95000076293946 6.3846223354339608 1.5000000000000002 10.250000000000002 10.750000000000002 11.250000000000002 11.750000000000002 18.500000000000004 13.250000000000002 0.54006412625312816 13.250112533569338 0.67543861269950878 0.01354412315413356 0.93499580025672924 0.96777066588401806 3.1291171312332158 3.5149515867233281 2.9018810987472539 0.15633269399404529
decision_type=2 2 2 2 2 2 2 2 2 2 2 2 2 2 2 2 2 2 2 2 2 2 2 2 2 2 2 2 2 2
left_child=-1 7 3 4 5 6 8 12 9 -3 -11 -12 -2 14 20 -16 -17 -18 19 -19 -5 -21 26 -20 -9 -22 28 -28 29 -7
right_child=1 2 -4 13 -6 22 -8 24 -10 10 11 -13 -14 -15 15 16 17 18 23 21 25 -23 -24 -25 -26 -27 27 -29 -30 -31
leaf_value=-0.050019916750169681 0.014015328093214617 0.02260200449989274 -0.045339132689688172 0.045287691985531106 -0.057467169456235812 0.030285720732936311 -0.057398135878355877 -0.04398194813004816 -0.038096160438397565 0.0058194856638743566 -0.028643891763605822 0.042378405267215737 -0.014998403265795046 -0.039242437054350966 -0.057118318812456687 0.03986710455329201 -0.057431979911126002 0.021338741806769181 -0.045628937686510163 -0.028536762090648728 0.025219009519135572 0.034317888966128252 -0.047120933699929972 0.032428396527250686 -0.014344649832104256 -0.039742500609725839 -0.057138283582798932 0.030468735349558664 0.041584460933794615 -0.041962530424851235
leaf_weight=3.6857153648546364 3.1177247283758316 4.816720256468801 0.80385588437464051 2.8021187757358361 1.1119448101462683 0.52117336024821215 1.1766436753692904 1.6024365217536312 0.7318017766548327 13.478750367762329 2.1217056579395996 0.36522897936259813 2.6694126094043611 0.37182991805093557 0.76247125523150217 2.5024260100562961 0.60129453194667704 2.1051287795353328 0.17515498711145472 1.7133010583547732 0.62509532906187804 0.37733997923714913 0.19712894289568783 3.913358987848369 4.0953852666379333 0.34026997979526641 0.24983721063472319 0.25166190453091986 2.7163957137672696 0.31675216549774632
leaf_count=641957 1094 1325 19619 338 215 39 256 8506 1595 9667 3614 261 1531 36 142 328 89 215 13 197 100 29 92 365 7946 18 16 79 364 15
internal_value=-5.6347e-11 0.00325525 0.00686444 0.00781074 0.00293168 0.00542428 0.00205346 -0.0109331 0.00530496 0.00683322 0.00207591 -0.0182136 0.000632266 0.0162139 0.0175093 0.0123098 0.0169583 0.0105065 0.0154377 0.00213983 0.0342782 -0.0171921 0.0234087 0.0290844 -0.0226797 0.00232151 0.0268367 -0.0131754 0.0324822 0.00297447
internal_weight=60.3201 56.6343 45.1494 44.3455 28.0557 26.9438 22.6909 11.485 21.5142 20.7824 15.9657 2.48693 5.78714 16.2898 15.918 12.1505 11.388 8.88558 8.28428 4.19577 3.76748 2.09064 4.25295 4.08851 5.69782 0.965365 4.05582 0.501499 3.55432 0.837926
internal_count=700061 58104 39027 19408 17538 17323 16718 19077 16462 14867 13542 3875 2625 1870 1834 1378 1236 908 819 441 456 226 605 378 16452 118 513 95 418 54
is_linear=0
shrinkage=0.05


Tree=118
num_leaves=31
num_cat=0
split_feature=11 10 10 17 14 45 2 6 58 2 10 25 54 13 5 0 13 54 32 16 5 7 18 58 23 2 25 34 14 32
split_gain=3.67675 1.0916 1.12746 0.609676 0.506155 0.486759 0.450386 0.467157 0.466422 0.438738 0.433694 0.577745 0.539477 0.524276 0.406034 0.428043 0.38192 0.378945 0.854593 0.633595 0.486075 0.412016 0.407939 0.386172 0.465378 0.446488 0.384577 0.375757 0.428943 0.845824
threshold=3.0263158082962041 6.7500000000000009 6.2500000000000009 0.81618532538414013 2.8558591604232793 50.049999237060554 5.5000000000000009 1.0000000180025095e-35 0.31519304215908056 3.5000000000000004 4.7500000000000009 22.058523178100589 0.17599666863679889 387.19544982910162 1.0000000180025095e-35 16.500000000000004 179.16896057128909 1.0128937959671023 0.79583334922790538 0.79268625378608715 1.5000000000000002 1.0000000180025095e-35 0.19310176372528079 0.19287296384572986 3.3519939184188847 3.5000000000000004 42.815238952636726 4.0216782093048105 1.736548960208893 0.49096386134624487
decision_type=2 2 2 2 2 2 2 2 2 2 2 2 2 2 2 2 2 2 2 2 2 2 2 2 2 2 2 2 2 2
left_child=1 2 4 5 9 14 7 17 27 10 11 12 13 -1 15 -3 -6 20 19 21 23 -19 -20 -5 25 -25 -23 28 -9 -30
right_child=-2 3 -4 6 16 -7 -8 8 -10 -11 -12 -13 -14 -15 -16 -17 -18 18 22 -21 -22 26 -24 24 -26 -27 -28 -29 29 -31
leaf_value=0.048505806381716039 -0.050045214934059327 -0.011095975775473395 -0.059122797425617102 0.047702667666874865 0.014207633801918758 -0.024995936054930053 -0.0058376826845796407 0.0027063776076111899 -0.029864637250253963 -0.017312557298601771 0.013639204091649891 -0.023743587520782351 -0.010500912173280448 -0.047440247990688057 -0.031175967240835989 0.031574661628043239 -0.026300774976294239 0.015999261089216947 0.020254423603800389 0.036432588067709416 -0.012539260066917092 -0.039249867908792507 -0.053610856155584745 0.019757814914021597 0.034451838965617147 -0.055935032722781025 0.019366453751016827 -0.045936411305875662 0.028730751862187438 -0.056172597256652884
leaf_weight=1.0228976005511241 3.4514804609319532 0.97213336019024144 0.96430730183018809 2.6362349643786791 0.70460626006911198 2.2352580031035814 3.4555785796864589 7.0233762366069588 0.83047764547745906 2.7022450869523729 6.4613426399591845 2.3885815371341721 1.4210041149147512 0.1654015718052334 0.59999975337314015 1.4862574535568454 3.3402136218805509 3.034793860089847 0.26057148461040913 2.901335336802731 0.62369638423115237 0.78655980433177297 0.66129961108526913 0.47996362799312953 1.8681887269667639 0.32793555475655012 0.43434715545663494 0.30417013936050885 4.0783480051031802 0.31607326726771123
leaf_count=244 625038 966 1220 460 372 2575 1726 533 202 10455 914 9743 2670 234 510 402 39308 499 40 473 58 57 170 55 296 20 39 448 251 83
internal_value=-2.50755e-10 0.0031701 -0.00643552 0.00838424 -0.0036449 -0.0072609 0.0111428 0.0133514 0.0063456 0.000810597 0.00508429 -0.00597564 0.0102893 0.0351509 0.00570095 0.0147012 -0.0192442 0.0196262 0.0125787 0.018415 0.0292178 0.00613151 -0.0327325 0.0341203 0.0207402 -0.0109668 -0.0183967 0.00891103 0.0103722 0.022624
internal_weight=57.9387 54.4872 19.1706 35.3166 18.2063 5.29365 30.023 26.5674 12.5524 14.1615 11.4592 4.99788 2.6093 1.1883 3.05839 2.45839 4.04482 14.0149 8.07891 7.15704 5.93602 4.2557 0.921871 5.31232 2.67609 0.807899 1.22091 11.722 11.4178 4.39442
internal_count=700061 75023 65160 9863 63940 4453 5410 3684 1517 24260 13805 12891 3148 478 1878 1368 39680 2167 1278 1068 889 595 210 831 371 75 96 1315 867 334
is_linear=0
shrinkage=0.05


Tree=119
num_leaves=31
num_cat=0
split_feature=10 10 10 4 3 5 2 49 57 13 12 58 63 10 10 1 12 3 37 13 54 57 37 10 10 2 17 13 7 7
split_gain=3.45982 1.02668 0.905658 0.59711 0.560551 0.8193 0.76796 0.639627 0.522589 0.512166 0.483282 0.886697 0.487054 0.473852 0.561719 0.46267 0.448436 0.440492 0.458849 0.475888 0.42075 0.386128 0.544507 0.384394 0.547593 0.462306 0.384845 0.46708 0.361114 0.36067
threshold=-1.0000000180025095e-35 6.7500000000000009 6.2500000000000009 1.0000000180025095e-35 1.5000000000000002 1.0000000180025095e-35 2.5000000000000004 11.739042282104494 0.61335024237632763 273.05984497070318 0.63818180561065685 0.19159109145402911 2.8029010295867924 5.7500000000000009 5.2500000000000009 8.5000000000000018 0.14642857760190967 8.5000000000000018 0.96685960888862621 392.19976806640631 0.80169472098350536 0.34842120110988622 0.93082663416862499 4.7500000000000009 4.2500000000000009 2.5000000000000004 0.6710195541381837 236.02798461914065 1.0000000180025095e-35 1.0000000180025095e-35
decision_type=2 2 2 2 2 2 2 2 2 2 2 2 2 2 2 2 2 2 2 2 2 2 2 2 2 2 2 2 2 2
left_child=-1 2 13 4 5 6 9 20 -9 -3 17 12 15 14 23 -12 -5 18 21 -20 -8 -6 -23 24 25 26 -2 -28 -29 -14
right_child=1 3 -4 16 10 -7 7 8 -10 -11 11 -13 29 -15 -16 -17 -18 -19 19 -21 -22 22 -24 -25 -26 -27 27 28 -30 -31
leaf_value=-0.050018531280814731 -0.022412306243946068 0.017810998803906405 -0.056925451182820455 0.035911772643609646 -0.030591606709736093 -0.024780460672376159 0.018095130610770709 -0.042118655669240515 0.033072091414391401 -0.042003588060561453 0.038251851213765814 -0.040688180318037559 0.03464357807754382 0.0092086344234528442 -0.053280107660566484 -0.039628098215603202 -0.040862793413631165 0.051461821147370336 0.026552898607161337 0.0059288226479108442 -0.038369723540776911 0.02374631956773415 -0.0097983237147099677 0.0059195046659768422 -0.053069010720794833 -0.028704195526305494 0.036458624213198731 0.0039964612383262266 -0.05081876999797779 -0.031029461834361734
leaf_weight=3.2559151527050068 1.4545797944469461 0.53916117418020615 0.8465547952385738 0.23555676912428569 0.73476056747723362 2.5908264671542156 0.61606586389552809 0.24715372788219303 3.5542690021013641 1.0643875714649764 0.26691286894106259 1.0920624360736608 1.6976691276757945 4.9107773044004253 0.68032236107905042 0.66791988974409833 0.98772925331414285 0.87564964568809855 9.1821237074000219 4.0222687627056066 0.71030623335195742 2.6260831948793566 2.2430654733393567 4.0693620008889866 0.76921974332795162 2.0572485999036871 1.0340379497452548 2.2921098308191579 0.3457827140486528 0.23842311684711592
leaf_count=641957 2964 101 1289 90 273 994 159 590 515 416 106 788 189 1686 1762 251 2559 61 1314 333 585 343 311 2154 2223 29254 405 4275 2062 52
internal_value=2.83607e-10 0.00309304 -0.00640922 0.00822318 0.00949593 -0.000887788 0.00830826 0.0177524 0.0281835 -0.0218921 0.0135894 -0.00234099 0.0122458 -0.00398126 -0.0090804 -0.0173919 -0.026079 0.0167967 0.0151828 0.0202705 -0.0121432 0.00319492 0.00829334 -0.00657922 -0.0129745 -0.00868132 -0.000646212 0.0079761 -0.00318888 0.0265562
internal_weight=55.9083 52.6524 18.46 34.1924 32.9691 9.32217 6.73134 5.12779 3.80142 1.60355 23.6469 3.96299 2.87093 17.6134 12.7027 0.934833 1.22329 19.684 18.8083 13.2044 1.32637 5.60391 4.86915 12.0223 7.95298 7.18376 5.12651 3.67193 2.63789 1.93609
internal_count=700061 58104 48074 10030 7381 3360 2366 1849 1105 517 4021 1386 598 46785 45099 357 2649 2635 2574 1647 744 927 654 43337 41183 38960 9706 6742 6337 241
is_linear=0
shrinkage=0.05


Tree=120
num_leaves=31
num_cat=0
split_feature=11 11 7 17 6 6 34 18 13 0 37 5 4 49 16 10 27 0 10 49 10 32 56 10 12 2 1 10 54 10
split_gain=3.24712 0.99829 0.849719 0.724221 0.500661 0.485055 0.467467 0.408102 0.404737 0.382996 0.373472 0.664545 0.37798 0.365441 0.35279 0.343045 0.51019 0.330114 0.329189 0.547691 0.472639 0.467153 0.493944 0.327077 0.31109 0.309825 0.417689 0.464317 0.379185 0.30943
threshold=3.0263158082962041 1.2649122476577761 1.0000000180025095e-35 0.52250254154205333 1.0000000180025095e-35 1.0000000180025095e-35 4.0216782093048105 0.34465132653713232 367.23738098144537 10.500000000000002 0.97245988249778759 1.0000000180025095e-35 1.0000000180025095e-35 8.9657583236694354 0.78906840085983287 4.7500000000000009 20.050000190734867 21.500000000000004 9.7500000000000018 16.394439697265629 9.2500000000000018 0.13392857462167743 0.1139795668423176 13.250000000000002 0.27429467439651495 1.0000000180025095e-35 12.500000000000002 8.2500000000000018 0.90279909968376171 8.7500000000000018
decision_type=2 2 2 2 2 2 2 2 2 2 2 2 2 2 2 2 2 2 2 2 2 2 2 2 2 2 2 2 2 2
left_child=1 3 4 13 7 10 -7 8 15 -6 11 18 25 -1 -4 16 -3 -9 19 20 29 22 -20 -24 -25 -12 27 -27 -29 -5
right_child=-2 2 14 5 9 6 -8 17 -10 -11 12 -13 -14 -15 -16 -17 -18 -19 21 -21 -22 -23 23 24 -26 26 -28 28 -30 -31
leaf_value=-0.0062072201455012008 -0.050043923124952233 0.027692922034755735 -0.044354271757609948 0.0033377720678717578 -0.050623373549744291 0.0054630988977736501 -0.04727876034225565 -0.010102861848648642 -0.01055459226463841 -0.0087407240144110835 0.052805137656577766 -0.024336046174528642 -0.036603333592878193 -0.053142868569038049 -0.011668689978075644 0.032731713418814937 -0.019457589036708529 0.04330935773062522 -0.044651808788377476 -0.055820569372644235 -0.057380058227012989 -0.046159993379528745 0.043378095095048863 -0.041751989636755908 0.028175439656220342 0.036239915076895265 0.028180966104467981 0.016457732317288049 -0.053014814062517991 0.048278727023215888
leaf_weight=1.2763857635353613 3.0576141077941505 1.2571967221427427 1.7503412230557693 0.98626267009558721 0.6146262100463592 13.874391260104399 0.43324541343400902 4.1647923767986015 1.3770778819969818 4.8773269031178756 0.94434147267747715 1.2784184492184065 0.24922033587131398 0.61431860661900817 1.5625128766795624 2.5649829261878381 1.0553062324877371 0.31087557470527816 0.21008079180501305 0.36285370115001558 0.21971455179573229 0.2169457215627516 2.4070972388458363 0.23847757698695193 0.47753170295118252 0.4724514469276071 5.6155332410990013 0.3220357231766684 0.5034916613058158 0.62620367178533343
leaf_count=1238 625038 703 9380 201 22466 1903 1905 4344 1088 11140 81 242 216 1448 12398 1290 3061 73 25 28 54 74 364 55 68 121 827 38 112 80
internal_value=2.31443e-10 0.00300831 -0.00586241 0.00853961 -0.00114996 0.0104662 0.00386604 0.00513419 0.0133828 -0.013428 0.0167073 0.00826771 0.024019 -0.0214573 -0.0289381 0.0201411 0.00617588 -0.0063929 0.0155227 0.000301727 0.0114165 0.0249338 0.0295611 0.0345531 0.00488507 0.0259417 0.0222724 -0.00329045 -0.0259138 0.0207907
internal_weight=53.9217 50.864 19.535 31.329 16.2222 29.4383 14.3076 10.7302 6.25456 5.49195 15.1307 7.02359 8.10707 1.8907 3.31285 4.87749 2.3125 4.47567 5.74517 2.19503 1.83218 3.55013 3.33319 3.12311 0.716009 7.85785 6.91351 1.29798 0.825527 1.61247
internal_count=700061 75023 65943 9080 44165 6394 3808 10559 6142 33606 2586 1191 1395 2686 21778 5054 3764 4417 949 363 335 586 512 487 123 1179 1098 271 150 281
is_linear=0
shrinkage=0.05


Tree=121
num_leaves=31
num_cat=0
split_feature=10 10 10 57 54 10 10 2 29 5 38 54 57 69 0 12 0 7 27 11 58 1 11 6 27 1 34 58 34 56
split_gain=3.04325 0.957304 0.771156 0.534253 0.538132 0.430641 0.500733 0.381503 0.369075 0.355211 0.344384 0.343277 0.427815 0.390964 0.340358 0.320759 0.305686 0.349385 0.366914 0.390101 0.30041 0.346971 0.274708 0.272359 0.306219 0.318621 0.291328 0.543106 0.478039 0.321733
threshold=-1.0000000180025095e-35 6.7500000000000009 6.2500000000000009 0.85703989863395702 0.31153599917888647 5.7500000000000009 5.2500000000000009 5.5000000000000009 14.059401988983156 1.5000000000000002 0.47187365591526037 0.1297685578465462 0.63169986009597789 7.3876998424530038 24.500000000000004 1.1715686321258547 7.5000000000000009 1.0000000180025095e-35 48.079999923706062 1.8208556175231936 0.4428421556949616 12.500000000000002 1.2649122476577761 1.0000000180025095e-35 26.851666450500492 9.5000000000000018 1.662352502346039 0.31327085196971899 0.13382896780967715 0.91321465373039257
decision_type=2 2 2 2 2 2 2 2 2 2 2 2 2 2 2 2 2 2 2 2 2 2 2 2 2 2 2 2 2 2
left_child=-1 2 5 4 8 6 11 23 9 -3 20 13 -13 -2 -12 16 -14 18 19 -18 21 -6 -9 -5 25 -25 28 29 -26 -28
right_child=1 3 -4 7 10 -7 -8 22 -10 -11 14 12 15 -15 -16 -17 17 -19 -20 -21 -22 -23 -24 24 26 -27 27 -29 -30 -31
leaf_value=-0.05001689918632353 0.023271019304856561 0.026294383112777833 -0.056106181184436776 0.020900149973779824 -0.031583494722131254 0.008559389920939426 -0.053115513064110102 0.0056040225202152287 -0.04668267762894545 -0.053337462139948028 -0.035479832898861044 -0.031126872620544217 0.038020277916003847 -0.038099146073143325 0.027583784552890039 -0.047296772052134603 0.014272391101817257 -0.035735053290102847 -0.024932998752767662 -0.020348411177412599 0.051395471825519991 0.0013836180757100167 -0.029260181455125489 0.050961520772640857 0.035622639066568158 -0.014422334763430864 0.033695973367539538 -0.031246841148919957 -0.0076739103560538036 -0.010310144349017719
leaf_weight=2.8737713903996598 1.5214781989164308 2.5271366035603924 0.75200728358605218 9.4614399688889588 0.98442333308781815 4.6508009748417569 0.62063764642020736 1.7607749588795507 0.21181082289194808 0.14825586204119634 1.6221822315187635 2.0360385315821912 0.43352730749779755 0.31288222025420953 0.24645902779298001 0.42668815740852029 3.3400252204929188 0.82541386673324257 1.2409966027229868 1.0757124487419387 0.24870333916078369 4.2174173962644943 0.83196963773980304 0.20676621788879712 0.84192416465884923 1.8847857552525509 3.3721647426766599 0.42564504933807246 2.6259748501397553 0.47368961154012357
leaf_count=641957 935 519 1289 1620 954 1686 1762 537 40 38 2813 11803 350 804 88 17324 2079 3638 2445 3959 40 1586 676 32 67 246 426 78 211 59
internal_value=-5.57931e-10 0.00291392 -0.00659045 0.00801868 -0.00142817 -0.00433155 -0.00939799 0.0124243 0.0168516 0.0218816 -0.00863901 -0.00697818 -0.0108473 0.0128033 -0.0271622 -0.0052238 -0.00262795 -0.00534651 -0.000912304 0.00583846 -0.00228858 -0.00485525 -0.00558333 0.0148444 0.00901629 -0.00795863 0.0136037 0.0223445 0.00283747 0.0282758
internal_weight=52.2015 49.3277 17.2362 32.0915 10.2064 16.4842 11.8334 21.8851 2.8872 2.67539 7.31919 11.2128 9.3784 1.83436 1.86864 7.34236 6.91568 6.48215 5.65673 4.41574 5.45054 5.20184 2.59274 19.2924 9.83095 2.09155 7.7394 4.2715 3.4679 3.84585
internal_count=700061 58104 48074 10030 6078 46785 45099 3952 597 557 5481 43337 41598 1739 2901 29795 12471 12121 8483 6038 2580 2540 1213 2739 1119 278 841 563 278 485
is_linear=0
shrinkage=0.05


Tree=122
num_leaves=31
num_cat=0
split_feature=11 10 10 4 3 49 17 14 57 22 14 32 24 34 10 10 10 2 12 66 3 18 12 58 11 56 3 14 3 63
split_gain=2.86436 0.919743 0.741494 0.528428 0.450151 0.705516 0.552543 0.514982 0.576098 0.456414 0.433641 0.547515 0.522419 0.429282 0.40351 0.466639 0.405172 0.483742 0.44151 0.378717 0.376103 0.534179 0.365373 0.501421 0.348945 0.341745 0.333578 0.332953 0.490736 0.332855
threshold=3.0263158082962041 6.7500000000000009 6.2500000000000009 1.0000000180025095e-35 1.5000000000000002 12.466630458831789 0.77019381523132335 0.23230938613414767 0.99098190665245067 0.00011685227946145461 2.5265837907791142 0.43665158748626715 0.7947368621826173 0.67727920413017284 4.7500000000000009 4.2500000000000009 3.7500000000000004 1.5000000000000002 0.84807693958282482 25.69999980926514 3.5000000000000004 0.45982067286968237 0.54006412625312816 0.19287296384572986 1.1695402264595034 0.91321465373039257 8.5000000000000018 1.736548960208893 5.5000000000000009 2.7403194904327397
decision_type=2 2 2 2 2 2 2 2 2 2 2 2 2 2 2 2 2 2 2 2 2 2 2 2 2 2 2 2 2 2
left_child=1 2 14 4 5 7 -7 8 -3 13 22 12 -12 -8 15 16 17 18 -1 26 25 -22 27 24 29 -14 -5 28 -6 -24
right_child=-2 3 -4 19 10 6 9 -9 -10 -11 11 -13 20 -15 -16 -17 -18 -19 -20 -21 21 -23 23 -25 -26 -27 -28 -29 -30 -31
leaf_value=-0.017303107055615299 -0.050043314852943457 0.039447756307367604 -0.056400066339438108 -0.051286808138705536 0.012068977756243581 -0.044075596149251405 -0.056356151726266603 -0.029536728045549063 -0.053302650849242184 0.05262073618011031 -0.02914912424130843 -0.05508512869906123 0.032449774480581964 0.013552949687088004 0.0027223794675576979 -0.052830987317564727 0.013615658920815355 -0.033225454448322207 0.024415917562839434 0.034397843660314516 -0.041022827993306851 0.063129795259498397 0.0023535440650637842 -0.019155674493257925 -0.01387407745112835 -0.02648091868429614 0.041807160903411453 0.03598980311865712 0.047380753674258536 0.034427222986313809
leaf_weight=1.712144151888251 2.7067207278884089 0.63811492346122234 0.71705138820642922 0.79432270662166959 7.69257642346202 0.4152707221884383 0.23345067698392119 2.5475065812736375 0.22696705960697727 0.72325610769439652 0.88012352346959177 0.42762380538147216 1.927073282549373 3.6988843457659186 8.8268500632244677 0.67478309075281107 1.5021552794392503 2.2408395822381699 1.0072767811728622 0.21092108148843636 0.53792629057215879 0.1596434971634153 1.3264920136666654 1.4675471634518542 0.85187075483918295 0.28201613822056959 0.10949056375375221 2.9499929745488762 1.1281944342390486 2.073089422798148
leaf_count=10207 625038 132 1220 2459 985 871 26 1484 24 89 586 433 513 649 5250 2047 2348 38270 5818 116 178 23 150 260 171 41 14 450 113 96
internal_value=3.74341e-10 0.00282292 -0.00665982 0.00787629 0.00912467 -0.000641411 0.0111873 -0.0182181 0.0151133 0.0161167 0.0129419 -0.0014556 0.00460053 0.00940266 -0.00442565 -0.0132659 -0.00913465 -0.0160243 -0.00185033 -0.0259304 0.0148198 -0.0171868 0.0164112 0.00604335 0.0147417 0.0249266 -0.0400091 0.0214486 0.0165854 0.0219123
internal_weight=50.6902 47.9835 16.6811 31.3024 30.1876 8.48345 5.07086 3.41259 0.865082 4.65559 21.7042 4.21441 3.78678 3.93234 15.964 7.1372 6.46242 4.96026 2.71942 1.11473 2.90666 0.69757 17.4898 5.719 4.25145 2.20909 0.903813 11.7708 8.82077 3.39958
internal_count=700061 75023 65160 9863 7274 3275 1635 1640 156 764 3999 1774 1341 675 63940 58690 56643 54295 16025 2589 755 201 2225 677 417 554 2473 1548 1098 246
is_linear=0
shrinkage=0.05


Tree=123
num_leaves=31
num_cat=0
split_feature=10 10 10 4 57 14 14 37 12 2 18 2 12 39 10 36 29 14 58 13 6 17 3 54 24 34 34 12 37 24
split_gain=2.68906 0.917858 0.813929 0.486372 0.451303 0.491939 0.407525 0.395182 0.39665 0.439863 0.462028 0.362752 0.355489 0.352067 0.407346 0.335046 0.320687 1.49073 0.408346 0.377048 0.363002 0.32357 0.307637 0.306533 0.900209 0.338268 0.302572 0.301966 0.299223 0.280357
threshold=-1.0000000180025095e-35 6.7500000000000009 6.2500000000000009 1.0000000180025095e-35 0.54246145486831676 0.16108147054910663 2.8558591604232793 0.66644588112831127 0.18350168317556384 1.0000000180025095e-35 0.4450449943542481 3.5000000000000004 0.14642857760190967 0.027551069855690006 3.7500000000000004 0.80860316753387462 1.0000000180025095e-35 0.30427655577659612 0.15864710509777072 479.26719665527349 1.0000000180025095e-35 0.80553022027015697 8.5000000000000018 1.8562024235725405 0.99038460850715648 1.5954926609992983 4.0216782093048105 0.84807693958282482 0.9659458100795747 0.99038460850715648
decision_type=2 2 2 2 2 2 2 2 2 2 2 2 2 2 2 2 2 2 2 2 2 2 2 2 2 2 2 2 2 2
left_child=-1 2 6 4 5 -3 11 -6 15 -10 16 13 -5 14 -2 -9 17 18 19 -11 21 -18 -14 24 25 -16 -22 -23 -7 -25
right_child=1 3 -4 12 7 28 -8 8 9 10 -12 -13 22 -15 23 -17 20 -19 -20 -21 26 27 -24 29 -26 -27 -28 -29 -30 -31
leaf_value=-0.050016475838591749 -0.017082672888977388 0.03179089315698367 -0.059083033747866165 0.033809774295848229 0.059085746046503775 -0.031072011848323335 -0.019642480586758326 -0.045041933029572538 0.040735952459799989 0.040085692569653837 -0.034326383561132018 -0.017672998153701283 -0.051183184582236821 0.031760367120052216 0.038847683849910532 0.023356663667667948 -0.020687108428228716 -0.03962579635429269 -0.01889211855387625 -0.0049978134951575923 0.0087794827456530392 0.024724135537982087 0.040697779186264063 -0.030904606385109785 -0.025187480322681255 0.0014632621803036517 -0.045278175137828863 -0.044454495975464012 0.0052084283675743245 0.030185945125492216
leaf_weight=2.5477109698245632 2.3170599174057553 0.59999195010823969 0.71314578105260373 0.20302450335225219 0.42438557072910299 1.651781015845643 3.437564575865836 0.56968045719441107 1.229268463620431 1.8465468331014632 0.57212703658046749 2.3689874191155473 0.7404540655885512 1.0318226932914161 1.2267379542381607 0.26109781354170991 0.43686132298762714 1.6006163814965928 0.54974213332388888 0.61931103630195128 9.1595955919842673 8.4116225100642588 0.10388318731747859 0.21005675361448051 1.9582252166251235 1.1940632263649602 0.26638205555900718 0.16075932184003328 0.8664199291939666 1.7727562352997666
leaf_count=641957 3993 90 1289 90 54 2229 29280 76 135 323 201 11592 2545 505 289 43 91 629 71 54 719 1457 14 99 552 241 577 145 487 234
internal_value=1.75814e-10 0.00274014 -0.00685341 0.00788349 0.00908322 -0.00889528 -0.00445303 0.0112305 0.0104397 0.0115758 0.0100584 -0.000130518 -0.0255946 0.00414907 0.000866403 -0.0235456 0.01116 -0.000625314 0.0200753 0.0287628 0.0141111 0.0212877 -0.0398786 0.00740368 1.83595e-05 0.0204078 0.00725179 0.0234268 -0.0185893 0.0237141
internal_weight=49.0517 46.504 16.2304 30.2736 29.2262 3.11819 15.5173 26.108 25.6836 24.8528 23.6236 12.0797 1.04736 9.71072 8.6789 0.830778 23.0514 4.61622 3.0156 2.46586 18.4352 9.00924 0.844337 6.36184 4.37903 2.4208 9.42598 8.57238 2.5182 1.98281
internal_count=700061 58104 48074 10030 7381 2806 46785 4575 4521 4402 4267 17505 2649 5913 5408 119 4066 1077 448 377 2989 1693 2559 1415 1082 530 1296 1602 2716 333
is_linear=0
shrinkage=0.05


Tree=124
num_leaves=31
num_cat=0
split_feature=11 10 4 17 5 10 16 12 27 54 12 6 7 57 7 18 54 6 54 24 38 17 13 37 34 3 3 34 49 3
split_gain=2.5314 0.859025 0.58671 0.49281 0.604881 0.44418 0.404747 0.35465 0.336685 0.476487 0.332769 0.326565 0.321204 0.309819 0.337005 0.338588 0.393665 0.298943 0.427707 0.339492 0.340021 0.312838 0.316485 0.315662 0.289352 0.2652 0.26195 0.317078 0.430703 0.254216
threshold=3.0263158082962041 5.7500000000000009 1.0000000180025095e-35 0.96069067716598522 1.0000000180025095e-35 5.2500000000000009 0.92776471376419078 0.14642857760190967 39.930000305175788 0.77643641829490673 0.90454545617103588 1.0000000180025095e-35 1.5000000000000002 0.88325679302215587 1.0000000180025095e-35 0.26395371556282049 1.3939152359962466 1.0000000180025095e-35 1.0128937959671023 0.75595238804817211 0.34740030765533453 0.7510221302509309 303.14871215820318 0.12881708890199664 3.7504276037216191 8.5000000000000018 1.5000000000000002 0.48867775499820715 15.185088634490969 1.5000000000000002
decision_type=2 2 2 2 2 2 2 2 2 2 2 2 2 2 2 2 2 2 2 2 2 2 2 2 2 2 2 2 2 2
left_child=1 5 3 4 11 17 10 -4 -6 -10 12 -3 26 -13 15 16 -15 21 19 20 -19 23 -23 -1 -8 -9 27 -5 -29 -11
right_child=-2 2 7 6 8 -7 24 25 9 29 -12 13 -14 14 -16 -17 -18 18 -20 -21 -22 22 -24 -25 -26 -27 -28 28 -30 -31
leaf_value=0.031875630622125006 -0.050041798033243705 0.012784199329322879 0.032419746631789086 0.043930948617556795 -0.038773874951242029 -0.052943765333037768 0.0070446990222770879 -0.050780845290452438 0.0291116990623633 -0.036707484843445909 -0.037789892183907381 -0.013009358044690757 -0.036655554212339306 -0.050348872775762166 -0.033937894050161933 0.042935154214027632 0.033490402628508831 0.025502315769493494 -0.034776507738994704 -0.033039282251393583 -0.036092763613412647 0.016872269131918659 -0.010432416627708675 -0.027015850258227961 -0.049997068150464521 0.034068478700817625 0.029444065309172807 -0.025992833133474676 0.038338567555989314 -0.00366097219121728
leaf_weight=0.26746933793853589 2.3990800812384938 9.1446054638216783 0.19619137400923026 0.43095893750432335 1.0583217979628887 0.56198608054927568 6.1705894099475236 0.8392396360935237 0.73386255180503246 0.96948450742229431 0.22929890375394357 3.0319722357357213 0.21773187697590479 0.26940803395336821 0.30936106350418402 0.87970530588802376 0.29152065340190347 1.0538179280094797 1.9422182281911942 0.59303575506378781 0.28455394860451111 2.7881488139717945 1.7134422278031456 1.5241809466238576 0.2306307137792486 0.10344169779000367 6.4278780625386389 0.83678142794883548 0.37757895784125139 1.455893781733266
leaf_count=211 625038 2610 93 71 621 1632 673 3386 149 533 414 2044 31 28 51 150 46 2603 37317 5316 1734 3608 6107 3802 267 21 934 178 52 341
internal_value=-7.29746e-11 0.00267183 0.00654373 0.00775905 0.00222352 -0.00967209 0.0144901 -0.0287413 -0.0143658 -0.00618925 0.0216279 0.00724747 0.0232712 -0.00334047 0.0134115 0.0235792 -0.0067767 -0.0072802 -0.0182084 -0.00154758 0.0124065 -0.000553647 0.00647928 -0.0182241 0.00498953 -0.0414702 0.0248874 0.00708553 -0.00599038 -0.0168705
internal_weight=47.3324 44.9333 34.2045 33.0656 18.1441 10.7289 14.9214 1.13887 4.21756 3.15924 8.52023 13.9266 8.29093 4.78197 1.75 1.44063 0.560929 10.1669 3.87363 1.93141 1.33837 6.29324 4.50159 1.79165 6.40122 0.942681 8.0732 1.64532 1.21436 2.42538
internal_count=700061 75023 12693 9193 6573 62330 2620 3500 1644 1023 1680 4929 1266 2319 275 224 74 60698 46970 9653 4337 13728 9715 4013 940 3407 1235 301 230 874
is_linear=0
shrinkage=0.05


Tree=125
num_leaves=31
num_cat=0
split_feature=11 4 1 57 6 14 58 66 11 10 3 34 18 16 1 3 49 34 3 6 6 43 23 12 17 49 18 10 16 20
split_gain=2.39603 0.815673 0.571336 0.554021 0.645004 0.581857 0.517431 0.479499 0.356832 0.346325 0.349283 0.340626 0.331044 0.330299 0.3198 0.374182 0.319731 0.310999 0.295168 0.294692 0.342858 0.319 0.311026 0.322409 0.387947 0.317183 0.29208 0.270204 0.263627 0.371149
threshold=1.891812860965729 1.0000000180025095e-35 7.5000000000000009 0.52096602320671093 1.0000000180025095e-35 0.20791525393724444 0.36298473179340368 4.0499999523162851 1.0606617927551272 7.7500000000000009 4.5000000000000009 4.0216782093048105 0.2208625599741936 0.71748292446136486 24.500000000000004 8.5000000000000018 14.171088218688967 4.5945892333984384 1.5000000000000002 3.5000000000000004 2.5000000000000004 3.5408543348312382 3.838709950447083 0.54006412625312816 0.98763778805732738 14.134018898010256 0.26395371556282049 0.75000000000000011 0.78222656250000011 0.00047327412175945943
decision_type=2 2 2 2 2 2 2 2 2 2 2 2 2 2 2 2 2 2 2 2 2 2 2 2 2 2 2 2 2 2
left_child=1 3 -2 5 6 -1 14 -7 11 -8 -11 16 13 -3 17 -16 18 28 -6 20 21 -10 -23 -24 -25 -26 -19 -4 29 -5
right_child=2 12 27 4 8 7 9 -9 19 10 -12 -13 -14 -15 15 -17 -18 26 -20 -21 -22 22 23 24 25 -27 -28 -29 -30 -31
leaf_value=0.026249431014899283 0.030558818571058133 0.027257309172154177 -0.048486878773236555 0.018586569158072792 -0.018750544565638606 0.0008949184534985128 -0.030170680321865397 -0.034279220953120138 -0.044399795149824221 -0.003956163335398187 0.054464842906661426 -0.053475299528888159 -0.050017362142049583 -0.039169647796269962 -0.0033363557255924495 0.050840415614186944 0.026122196543474654 0.028244200495228862 0.0099917506346778526 -0.042754048000836653 0.013576509008968727 0.0099425711283213231 -0.0033717497840317517 -0.047930942728407311 -0.054142466339578456 0.048732631255764172 -0.035657047224727262 -0.023013602498325139 0.030798474029779151 -0.038293635681939386
leaf_weight=0.8762544632127377 0.32094342125790731 0.38039890581083458 2.6701961977853657 6.0298369354181887 1.1665857576122132 1.7298976874651546 0.97965106812080138 2.2025167953308653 0.60582702469798366 1.3098464142030932 0.31795043263264222 0.2158026025174421 0.93676953751378278 0.36834167023414466 2.7378841032877967 0.36069834780573717 2.2064534981072939 0.29585024703237728 3.8121314698764763 0.52523659944024892 2.0605824775228427 1.9569879251052382 2.39095834590097 1.0865283800678183 0.11360336113648362 0.22006843686722277 0.45207290103780906 1.7062322738986848 5.5654273690433911 0.30111256483360183
leaf_count=186 1336 259 652374 961 173 1163 302 4393 614 227 33 568 5448 1544 733 32 149 200 349 1686 1245 1566 395 1189 128 56 668 21013 1018 53
internal_value=-5.8614e-10 0.00385699 -0.0338335 0.00530981 0.00751326 -0.0105957 0.013949 -0.0188059 0.000294924 -0.00668147 0.00745496 0.00841958 -0.0302068 -0.00542132 0.0173659 0.00297023 0.0102786 0.0208937 0.00325701 -0.00641621 -0.00415338 -0.00988511 -0.00626004 -0.0145799 -0.0334492 0.0137073 -0.0103801 -0.0385556 0.0228599 0.0158812
internal_weight=45.9026 41.2053 4.69737 39.5198 34.7111 4.80867 18.3503 3.93241 16.3608 2.60745 1.6278 7.40097 1.68551 0.748741 15.7429 3.09858 7.18517 12.6443 4.97872 8.95979 8.43456 6.37397 5.76815 3.81116 1.4202 0.333672 0.747923 4.37643 11.8964 6.33095
internal_count=700061 25338 674723 18087 12345 5742 4227 5556 8118 562 260 1239 7251 1803 3665 765 671 2900 522 6879 5193 3948 3334 1768 1373 184 868 673387 2032 1014
is_linear=0
shrinkage=0.05


Tree=126
num_leaves=31
num_cat=0
split_feature=11 4 54 57 14 6 58 14 32 17 13 38 65 23 18 2 37 16 12 12 49 57 58 34 10 10 47 11 37 13
split_gain=2.28062 0.681779 0.537361 0.502928 0.565041 0.561002 0.443009 0.429776 0.508508 0.439569 0.400033 0.392583 0.392423 0.369962 0.330223 0.307647 0.306587 0.303357 0.292416 0.38436 0.509995 0.342251 0.369275 0.353208 0.328644 0.513653 0.317066 0.286819 0.277118 0.301931
threshold=1.8208556175231936 1.0000000180025095e-35 0.17599666863679889 0.34842120110988622 0.25655800104141241 1.0000000180025095e-35 0.26372319459915167 2.5975071191787724 0.89583334326744091 0.90777143836021434 223.06401062011722 0.36402259767055517 4.0499999523162851 3.7293962240219121 0.2208625599741936 6.5000000000000009 0.66644588112831127 0.71748292446136486 0.18350168317556384 0.47213622927665716 12.638404846191408 0.69749382138252269 0.36525420844554907 4.3917469978332528 8.7500000000000018 8.2500000000000018 34.750000000000007 1.2649122476577761 0.99712482094764721 346.18592834472662
decision_type=2 2 2 2 2 2 2 2 2 2 2 2 2 2 2 2 2 2 2 2 2 2 2 2 2 2 2 2 2 2
left_child=1 3 10 4 -1 6 7 13 9 -9 -2 15 -6 -5 17 27 -8 -3 -18 21 26 -20 23 24 25 -23 -21 -7 -29 -30
right_child=2 14 -4 5 12 11 16 8 -10 -11 -12 -13 -14 -15 -16 -17 18 -19 19 20 -22 22 -24 -25 -26 -27 -28 28 29 -31
leaf_value=0.027101683178311145 0.054601312911518096 0.028656582695139505 -0.038273068014789177 0.017457231541685804 -0.0049089758493093558 0.010079665698473272 0.038331635924628051 -0.0414325456355987 -0.050633074473542275 0.029525782304644456 -0.018485492970770033 -0.015270778164439953 -0.044855640386722746 0.040284665367434719 -0.049869874439254315 -0.049959945432366121 -0.033427169012885512 -0.037443205863441423 -0.023403115537918625 -0.026834100583795574 -0.03209178481482361 0.024885247308493147 -0.0048808275257620467 -0.048509988781436454 0.041937882051337708 -0.059070519727070718 0.027676913060267053 -0.023466232023127028 0.016889782361221971 -0.023284383144319035
leaf_weight=0.66556944416858899 0.27606536944303783 0.36028017805790458 4.3397430496846354 4.8255889189567842 1.2328796988339266 9.1478666486003117 0.65211742662290717 0.28146346562732538 0.4087320124854158 0.9718346199078951 0.58176408524308698 3.2034312889275318 1.2263337465741981 2.8076350301435014 0.83253466248064001 0.25647271891364276 0.52394035270299166 0.33495391180746026 0.57621780602903516 0.37538852624766172 1.3383286053974641 0.94310414703795753 1.3279928753563579 0.15079718963534094 2.0334163187617378 0.22580242250114679 0.92184748100635261 1.4501518599441294 1.536895536380783 0.67225620274325582
leaf_count=159 282 231 634210 884 826 1183 132 160 324 309 42409 3084 3365 573 4932 720 68 1310 174 123 434 281 225 105 322 7 231 1195 1167 636
internal_value=1.33183e-10 0.00411813 -0.0311253 0.00544314 -0.013768 0.00717657 0.013166 0.0208368 -0.00220389 0.0135901 0.00503519 0.00041497 -0.0248291 0.0258536 -0.0286272 0.00426139 0.00530385 -0.00318936 0.00274493 0.00514608 -0.0104375 0.0129583 0.0174342 0.026272 0.0297935 0.00866717 0.0119028 0.00534721 -0.00648343 0.00466458
internal_weight=44.4814 39.2838 5.19757 37.7561 3.12478 34.6313 18.3642 9.29525 1.66203 1.2533 0.857829 16.2671 2.45921 7.63322 1.52777 13.0636 9.06895 0.695234 8.41684 7.8929 2.63556 5.25733 4.68111 3.35312 3.20232 1.16891 1.29724 12.8072 3.6593 2.20915
internal_count=700061 23160 676901 16687 4350 12337 4352 2250 793 469 42691 7985 4191 1457 6473 4901 2102 1541 1970 1902 788 1114 940 715 610 288 354 4181 2998 1803
is_linear=0
shrinkage=0.05


Tree=127
num_leaves=31
num_cat=0
split_feature=11 4 13 57 6 58 14 11 54 66 49 29 18 3 7 56 0 18 7 1 54 23 27 13 10 3 23 30 5 12
split_gain=2.3108 0.681587 0.508742 0.492389 0.513072 0.44979 0.419652 0.370847 0.36991 0.346138 0.333336 0.306586 0.304054 0.29676 0.281855 0.275487 0.271254 0.270965 0.265535 0.555922 0.371361 0.314431 0.305576 0.286692 0.260668 0.272464 0.259906 0.254969 0.250181 0.239402
threshold=1.891812860965729 1.0000000180025095e-35 223.06401062011722 0.56373006105422985 1.0000000180025095e-35 0.36298473179340368 0.20791525393724444 1.0606617927551272 0.17599666863679889 4.0499999523162851 14.354265689849855 1.0000000180025095e-35 0.2208625599741936 1.5000000000000002 1.0000000180025095e-35 0.63188141584396373 12.500000000000002 0.17344775795936587 1.0000000180025095e-35 21.500000000000004 0.48950026929378515 2.8952289819717412 49.721212387084968 343.13554382324224 7.7500000000000009 3.5000000000000004 4.5809240341186532 1.0000000180025095e-35 1.5000000000000002 0.23303167521953586
decision_type=2 2 2 2 2 2 2 2 2 2 2 2 2 2 2 2 2 2 2 2 2 2 2 2 2 2 2 2 2 2
left_child=1 3 8 6 5 18 11 10 -2 -8 13 -1 15 -6 16 -3 -9 -12 21 20 -20 -5 -21 27 -7 -26 -25 -22 -18 -4
right_child=2 12 29 4 7 24 9 14 -10 -11 17 -13 -14 -15 -16 -17 28 -19 19 22 23 -23 -24 26 25 -27 -28 -29 -30 -31
leaf_value=0.034563470556301233 0.054088460531837114 0.021394724362630346 0.014506300526607355 0.002561564342029434 -0.018958677225959068 -0.027960638797302574 0.00016444224212452133 -0.021344096299723198 -0.023520847491770844 -0.029701426926298059 0.064993890727019318 -0.041575201608818946 -0.049746017750277351 0.0092618439712323693 -0.031058342813062779 -0.042951949610855182 0.0043362195263001299 0.01775522602182017 0.045157688071217665 -0.039631775291455527 0.025159953848715458 0.025201674206118702 0.025272638034223922 -0.028782348605072762 -0.009293675675842732 0.036947651641557902 0.049002430984351635 -0.054213392365389558 -0.046514617608186815 -0.044335011040093464
leaf_weight=0.74546257510431857 0.25062804237725345 0.41083470856730631 0.18169119033909487 1.8744252179110414 1.2315239340225606 0.90214767964039255 1.7208882305819773 1.5626108239738963 0.39632555915020617 2.2238443027644479 0.37041103462979696 0.16072055454333167 0.81572849102956013 3.8247551758998668 1.0065147662266438 0.27949983808490231 5.5570116515785912 1.6822697383722696 0.83991991476796046 0.82006725731162056 1.4014781265354943 8.4338762698980627 0.23283593673886571 0.71132531095827278 0.93824316984955636 0.48231612668587331 0.12648707072912657 0.10904854146792775 0.25288673812156037 3.5579641490944205
leaf_count=147 277 520 630 405 335 284 1226 3287 12442 4605 25 51 5448 592 1813 1283 1478 233 112 217 255 2258 85 103 193 53 27 130 173 661374
internal_value=-6.69815e-10 0.00389679 -0.0343939 0.00523143 0.0074583 0.0134904 -0.00962387 0.000887143 0.00654478 -0.0166725 0.00928684 0.0210595 -0.0290789 0.00238836 -0.00623935 -0.00465769 -0.002851 0.0262796 0.0167522 0.00622148 0.0166243 0.0210849 -0.025279 0.00641892 -0.00694186 0.00640643 -0.0170389 0.0194298 0.00212284 -0.0414762
internal_weight=43.1037 38.7171 4.38661 37.2111 32.3602 16.8722 4.85092 15.488 0.646954 3.94473 7.10896 0.906183 1.50606 5.05628 8.37902 0.690335 7.37251 2.05268 14.5495 4.24116 3.18826 10.3083 1.0529 2.34834 2.32271 1.42056 0.837812 1.51053 5.8099 3.73966
internal_count=700061 25338 674723 18087 12058 4122 6029 7936 12719 5831 1185 198 7251 927 6751 1803 4938 258 3592 929 627 2663 302 515 530 246 130 385 1651 662004
is_linear=0
shrinkage=0.05


Tree=128
num_leaves=31
num_cat=0
split_feature=12 11 7 57 2 1 34 6 26 54 58 32 69 14 34 5 16 17 23 43 13 43 1 17 17 34 10 0 2 6
split_gain=2.0811 0.751294 0.519348 0.419952 0.387279 0.389605 0.349031 0.330603 0.318119 0.336699 0.311072 0.307337 0.300332 0.728104 0.559699 0.299682 0.282485 0.27888 0.268228 0.265244 0.26115 0.23785 0.236851 0.304277 0.34219 0.300484 0.287023 0.235699 0.257291 0.232537
threshold=1.1715686321258547 1.2649122476577761 1.0000000180025095e-35 0.85703989863395702 1.0000000180025095e-35 7.5000000000000009 3.0912672281265263 1.5000000000000002 34.954999923706062 1.0406137108802798 0.31327085196971899 0.19090909510850909 7.1981735229492196 0.35344822704792028 1.0617749691009524 2.5000000000000004 0.48158791661262518 0.92988044023513805 4.1229529380798349 3.3842465877532963 217.09348297119143 3.5694335699081425 16.500000000000004 0.95878130197525036 0.95185196399688732 2.3904224634170537 9.7500000000000018 15.500000000000002 2.5000000000000004 3.5000000000000004
decision_type=2 2 2 2 2 2 2 2 2 2 2 2 2 2 2 2 2 2 2 2 2 2 2 2 2 2 2 2 2 2
left_child=1 3 6 8 5 -2 15 22 9 -1 12 -11 13 27 -14 29 -10 -4 20 -16 -19 -18 23 24 25 -5 -27 -9 -29 -3
right_child=4 2 17 7 -6 -7 -8 10 16 11 -12 -13 14 -15 19 -17 21 18 -20 -21 -22 -23 -24 -25 -26 26 -28 28 -30 -31
leaf_value=0.019823371506957267 0.031514554651864556 0.0056453920369350678 -0.046283773530903127 -0.019529089918958003 -0.048505085419466722 -0.050294618045495301 -0.01745089687569925 0.045372646335567583 -0.039420448878223414 0.0034302346633562492 -0.043176267877323669 -0.044622413682722628 -0.037045241940578122 -0.05043318425664433 -0.041640068917051208 -0.053464606777541682 -0.050829281306583429 0.047966288817169647 0.017094979727697534 0.026345997659017146 -0.038687982421880894 -0.00047728527253244597 0.025202755212685463 0.020839676520948369 -0.046877917374656665 -0.014486341943712676 0.040102907122517004 -0.041670621545878958 0.022417682879169461 -0.05112970228586057
leaf_weight=2.5956770674938934 0.339754732247456 8.7037612693783135 1.0611443922767017 0.72842304590449414 2.4580172816516743 0.25458147251842078 2.7006484552880137 0.40579438702115911 0.73102244028058327 1.3625639038028792 0.3409565166610945 0.44027080770229066 0.45023523819236322 0.69448045060016728 0.15127873334950015 0.22897463782106875 0.25638356560102726 0.09800695780433677 0.49888234227610795 2.7775251044300262 0.77041242783636221 2.7522786486882467 5.669286571552675 2.9662348530721374 0.37978147886269642 0.36044589641869584 0.72536506608594209 0.26054049852245953 0.39257286939391633 0.18416584043440742
leaf_count=475 200 13232 18009 88 548019 65003 29620 33 1017 734 140 982 55 247 21 1383 87 68 4630 393 10525 1125 934 591 67 95 79 26 41 2142
internal_value=-3.81644e-10 0.00313601 -0.00599053 0.0084556 -0.0397474 -0.00352807 -0.00166286 0.0130862 -0.000820773 0.00829441 0.00307084 -0.00830472 0.00614312 -0.0106475 0.0148558 0.00301394 -0.0115418 -0.0270502 -0.0121234 0.0228344 -0.0289085 -0.00476804 0.0181481 0.0103976 -0.00371971 0.00531479 0.0219815 0.0154458 -0.00314847 0.00446896
internal_weight=41.7395 38.6871 14.246 24.4411 3.05235 0.594336 11.8176 16.3029 8.1382 4.39851 5.47338 1.80283 5.13243 1.75339 3.37904 9.1169 3.73968 2.42845 1.3673 2.9288 0.868419 3.00866 10.8295 5.16025 2.19402 1.81423 1.08581 1.05891 0.653113 8.88793
internal_count=700061 86839 79609 7230 613222 65203 46377 2810 4420 2191 956 1716 816 347 469 16757 2229 33232 15223 414 10593 1212 1854 920 329 262 174 100 67 15374
is_linear=0
shrinkage=0.05


Tree=129
num_leaves=31
num_cat=0
split_feature=12 11 7 16 69 6 2 30 54 2 1 67 14 14 16 6 38 13 17 43 63 12 38 16 58 13 56 56 43 12
split_gain=1.96642 0.684866 0.454338 0.394976 0.532971 0.376341 0.42635 0.368805 0.860386 0.353133 0.356468 0.334317 0.325687 0.311724 0.311054 0.282584 0.265219 0.335813 0.26259 0.251224 0.253852 0.343323 0.249177 0.2653 0.378233 0.364634 0.354018 0.442763 0.296857 0.295509
threshold=1.1715686321258547 1.2649122476577761 1.0000000180025095e-35 0.48908095061779028 8.3225159645080584 1.0000000180025095e-35 1.0000000180025095e-35 1.0000000180025095e-35 0.20778109133243564 1.0000000180025095e-35 7.5000000000000009 30.60000038146973 3.785109400749207 4.4788663387298593 0.77922073006629955 1.0000000180025095e-35 0.34375055134296423 367.23738098144537 0.92988044023513805 3.8606742620468144 2.7403194904327397 0.29099461436271673 0.36402259767055517 0.81930372118949901 0.11956425756216051 383.01475524902349 0.68775001168251049 0.94297328591346752 3.4175922870635991 0.70294117927551281
decision_type=2 2 2 2 2 2 2 2 2 2 2 2 2 2 2 2 2 2 2 2 2 2 2 2 2 2 2 2 2 2
left_child=1 3 13 4 -1 6 -5 14 11 10 -2 -9 22 15 19 16 17 -3 -4 -8 -21 -22 23 25 -25 -7 -26 28 -28 -30
right_child=9 2 18 5 -6 12 7 8 -10 -11 -12 -13 -14 -15 -16 -17 -18 -19 -20 20 21 -23 -24 24 26 -27 27 -29 29 -31
leaf_value=0.0070632825036263175 0.029990557097239974 0.028258260339042614 -0.045350148900958974 0.046362600565096279 -0.036900908631796285 0.032672719324816191 -0.012931596457588077 0.031729479200500121 -0.040594265365674294 -0.048332510678625207 -0.050278838384522823 -0.055025145736748819 -0.04853654801226074 -0.034050410818335951 0.032834845127605004 -0.010674745528831442 -0.0018425991645155894 -0.0097448856781627707 -0.011310326425379586 0.045754266208750081 -0.019185682701970148 0.021687792684742691 -0.0094895949455535422 0.022040896294697996 -0.047548388555240927 -0.028729733510157479 -0.047303312394275134 -0.048192379235074578 0.020437494754086738 -0.01554584284915328
leaf_weight=1.9156718852696948 0.32399058220903798 2.1156250228984459 0.99743935904057268 1.1422002693416313 1.076873956111285 1.8612650181171324 0.86714302561312973 1.1195955285747916 0.92337857981408422 2.3275050694400576 0.24134178531642547 0.12327594865928393 0.28584042026375378 0.70049321829474287 2.6977234108326229 3.7808112766048154 4.1653448023906954 0.80153020346103421 1.3115056159105831 0.63352727993947189 0.70924657268233238 1.8639769259971215 2.1710809258875097 1.9911927369566909 0.42858438581060898 0.2778804887238947 0.23492381519099659 0.41326212565218146 2.1953787342781657 0.77093094974770782
leaf_count=1268 200 2173 18009 151 1065 221 167 268 358 548019 65003 10 1319 21910 502 16412 5062 820 15223 137 144 410 539 221 34 63 26 59 173 95
internal_value=-1.32318e-09 0.00305814 -0.00576532 0.0082223 -0.00875732 0.0106758 0.0175974 0.0139214 -0.00403599 -0.0397229 -0.00427665 0.0231246 0.00411242 -0.00172204 0.019666 0.000362579 0.00625457 0.0178164 -0.0260152 0.0109456 0.0174023 0.010422 0.00556723 0.00956672 0.00420327 0.0246964 -0.00458165 0.000513076 0.00680069 0.0110856
internal_weight=40.4685 37.5757 13.8727 23.703 2.99255 20.7104 10.0801 8.93787 2.16625 2.89284 0.565332 1.24287 10.6303 11.5638 6.77162 10.8633 7.0825 2.91716 2.30894 4.07389 3.20675 2.57322 10.3445 8.17342 6.03427 2.13915 4.04308 3.6145 3.20123 2.96631
internal_count=700061 86839 79609 7230 2333 4897 2147 1996 636 613222 65203 278 2750 46377 1360 24467 8055 2993 33232 858 691 554 1431 892 608 284 387 353 294 268
is_linear=0
shrinkage=0.05


Tree=130
num_leaves=31
num_cat=0
split_feature=12 4 17 6 3 43 58 2 1 2 11 36 14 14 32 57 1 3 12 43 13 49 14 1 37 12 23 54 7 58
split_gain=1.84037 0.700518 0.50725 0.471335 0.358927 0.356123 0.336337 0.325259 0.324905 0.286381 0.264966 0.306625 0.26482 0.251503 0.387071 0.385433 0.290423 0.346156 0.267942 0.305685 0.230797 0.225098 0.574489 0.262508 0.221389 0.270054 0.218183 0.274365 0.215932 0.211661
threshold=1.1715686321258547 1.0000000180025095e-35 0.83183515071868908 1.0000000180025095e-35 2.5000000000000004 2.2499048709869389 0.36298473179340368 1.0000000180025095e-35 7.5000000000000009 1.0000000180025095e-35 1.0606617927551272 0.80478277802467357 0.9015411138534547 2.5975071191787724 0.89583334326744091 0.91180461645126354 25.500000000000004 6.5000000000000009 0.45643940567970281 3.5408543348312382 281.18672180175787 11.739042282104494 0.37705436348915106 16.500000000000004 0.9964292347431184 0.47213622927665716 2.2082991600036626 0.20778109133243564 1.0000000180025095e-35 0.11152738332748414
decision_type=2 2 2 2 2 2 2 2 2 2 2 2 2 2 2 2 2 2 2 2 2 2 2 2 2 2 2 2 2 2
left_child=1 2 4 6 12 -3 13 8 -2 -8 11 20 -1 16 15 -15 26 18 19 -18 -5 22 29 -23 25 -24 27 -4 -12 -13
right_child=7 5 3 10 -6 -7 9 -9 -10 -11 28 21 -14 14 -16 -17 17 -19 -20 -21 -22 23 24 -25 -26 -27 -28 -29 -30 -31
leaf_value=0.0010879587071184898 0.028409844357045008 0.026292996518881263 0.023788579274246213 0.029203094666524345 0.0038182851571516817 -0.039918060231621526 0.046798932077380402 -0.04813037188486733 -0.050261709617718392 -0.017062330700407833 -0.0026453806638884873 0.035404828342784543 -0.029297685107188803 -0.0096623203905574113 -0.04588147404448556 0.029985957949329525 -0.037916132747687667 0.049123746768734725 -0.040033579104193015 0.02412352738201964 -0.034758346717883422 0.01392538537126496 -0.054051323496346441 0.049668998926216054 -0.048099489832163903 0.029752654254764057 0.02595620062446068 -0.036592477132280386 -0.029520026427061575 -0.012861012393398744
leaf_weight=1.0492506954840153 0.311333418352436 0.23986994280144358 0.44145079931968378 0.18209187793126869 3.189904039055282 1.3243172931968521 0.20224549178757811 2.1932936635591602 0.2268741209446965 1.3301763257543582 6.6789268821970786 0.9191834095399829 2.2648650626147315 1.2414606125964196 0.35595542923144297 1.2108112167824883 0.28090348985784774 0.30844027417052533 0.47370043146962715 0.67727566131105732 0.62554600161388407 2.4456797291719572 0.14960000718929212 0.65024533091946057 0.56941368530669934 0.26895934148785727 7.8585251964441625 0.32785876330294172 0.84161525349732702 0.30169822555035353
leaf_count=1283 200 864 50 37 4021 36934 178 548019 65003 755 10923 56 14250 1673 1061 1621 71 118 1402 347 117 277 27 60 161 77 1907 52 8476 41
internal_value=4.86865e-11 0.00296958 0.00443897 0.00732888 -0.008154 -0.0297645 0.0135365 -0.0395834 -0.00475309 -0.00863407 0.000631339 0.00836327 -0.0196776 0.016115 0.00284172 0.00991405 0.0197101 0.00107757 -0.00927202 0.00593574 -0.0203375 0.0127329 0.000539218 0.0214327 -0.0278068 -0.000200268 0.0234684 -0.00194418 -0.00565289 0.0234776
internal_weight=39.1415 36.41 34.8458 28.3418 6.50402 1.56419 14.7088 2.7315 0.538208 1.53242 13.633 6.11242 3.31412 13.1764 2.80823 2.45227 10.3682 1.74032 1.43188 0.958179 0.807638 5.30478 2.20885 3.09593 0.987973 0.418559 8.62783 0.76931 7.52054 1.22088
internal_count=700061 86839 49041 29487 19554 37798 9235 613222 65203 933 20252 853 15533 8302 4355 3294 3947 1938 1820 418 154 699 362 337 265 104 2009 102 19399 97
is_linear=0
shrinkage=0.05


Tree=131
num_leaves=31
num_cat=0
split_feature=10 10 17 12 6 65 5 43 34 12 12 2 58 19 5 3 14 17 8 54 6 4 37 49 17 3 26 36 0 16
split_gain=1.76729 0.635948 0.404136 0.450475 0.35715 0.343789 0.313479 0.298012 0.275555 0.420877 0.279228 0.261903 0.347537 0.308487 0.226321 0.223743 0.212453 0.252445 0.204926 0.237513 0.279023 0.268756 0.202092 0.269001 0.378261 0.261382 0.19246 0.205223 0.231714 0.189412
threshold=4.7500000000000009 -1.0000000180025095e-35 0.92768082022666942 0.80476191639900219 1.0000000180025095e-35 11.550000190734865 1.5000000000000002 2.0126758217811589 3.1647884845733647 0.25462962687015539 0.40370370447635656 5.5000000000000009 0.12830800563097003 0.00013115518959239128 1.5000000000000002 5.5000000000000009 0.16108147054910663 0.36424857378005987 1.0000000180025095e-35 0.17599666863679889 1.0000000180025095e-35 1.0000000180025095e-35 0.67571654915809642 7.1311612129211435 0.69622692465782177 3.5000000000000004 35.410575866699226 0.82197585701942455 17.500000000000004 0.79596054553985607
decision_type=2 2 2 2 2 2 2 2 2 2 2 2 2 2 2 2 2 2 2 2 2 2 2 2 2 2 2 2 2 2
left_child=1 -1 3 6 11 18 8 -5 9 -2 26 -4 13 -13 15 29 -11 -18 19 -3 21 -21 -19 25 -25 -24 27 28 -10 -6
right_child=2 5 4 7 14 -7 -8 -9 10 16 -12 12 -14 -15 -16 -17 17 22 -20 20 -22 -23 23 24 -26 -27 -28 -29 -30 -31
leaf_value=-0.050012608886598031 -0.017685416652741332 0.023723539716429074 0.020391881515854086 0.044458160125316872 0.021970313561604785 -0.029031799053803355 -0.046700775433382052 -0.055771133372023197 0.012267605192479356 0.036856719824152943 -0.037918852523622787 0.036699474878733089 -0.03216429753110555 -0.053309906341029237 -0.026225378853395605 -0.041895389292469248 -0.044315992079274232 0.043918824464503098 -0.05654630314156972 0.0070102395070959127 -0.05096807429726774 -0.051157547547529152 -0.044529398272454418 -0.03959587108620382 0.016152937855860319 0.013415961048703531 -0.037229883230704773 0.038430734669167799 -0.041615102253950736 0.0031786520307015144
leaf_weight=1.6456981626382603 1.5403018958879764 0.76732559354773933 7.6104273014352675 0.085334354125451095 1.6092271665335101 2.2745165601429704 0.34615157431028443 0.56647334875728461 0.59689942444259647 0.72438758883254184 0.78033931876494467 0.53773359942977073 0.5903042622456951 0.11566825669751779 0.6118708233192941 0.24685530433663494 0.22045517306969475 0.41271300955349932 0.16986977397968406 1.4820932393829056 0.33045409417449878 0.22930184268162168 0.44717539983503218 0.32735890367530363 4.3142090750284297 0.34458214024107292 0.30153898665923851 0.37200968132674461 0.29970455482930447 8.044030688404332
leaf_count=641957 502 626 1970 86 674 29578 331 3985 590 155 1607 178 610 42 314 188 170 72 494 1837 6951 1697 191 111 757 70 681 178 535 2924
internal_value=4.87484e-11 -0.02289 0.00508682 -0.00225899 0.00951705 -0.0143937 0.000128303 -0.0426492 0.00164585 0.00591145 -0.0134733 0.0169155 -0.00435669 0.0207656 0.00328537 0.00510926 0.0112637 0.00820766 -0.00321752 7.25445e-06 -0.00890531 -0.000783391 0.0101883 0.00762618 0.0122211 -0.0193109 -0.00132431 0.00721015 -0.00574357 0.00631128
internal_weight=37.945 6.89926 31.0458 11.6796 19.3661 5.25356 11.0278 0.651808 10.6817 8.33118 2.35049 8.85413 1.24371 0.653402 10.512 9.90011 6.79088 6.06649 2.97904 2.80917 2.04185 1.7114 5.84604 5.43333 4.64157 0.791758 1.57015 1.26861 0.896604 9.65326
internal_count=700061 683140 16921 10021 6900 41183 5950 4071 5619 2028 3591 2800 830 220 4100 3786 1526 1371 11605 11111 10485 3534 1201 1129 868 261 1984 1303 1125 3598
is_linear=0
shrinkage=0.05


Tree=132
num_leaves=31
num_cat=0
split_feature=11 4 6 10 10 10 10 10 10 10 10 10 10 1 13 3 34 63 16 12 13 14 16 12 18 6 58 6 2 58
split_gain=1.64711 0.508726 0.403451 0.382223 1.23234 0.413093 0.958772 0.383245 1.07061 0.469829 0.458563 0.362574 0.848964 0.453179 0.355302 0.331247 0.31418 0.296205 0.286676 0.266282 0.257309 0.35917 0.35675 0.250111 0.250095 0.239095 0.267094 0.249219 0.29531 0.266355
threshold=1.8208556175231936 1.0000000180025095e-35 1.0000000180025095e-35 9.7500000000000018 9.2500000000000018 10.250000000000002 10.750000000000002 8.7500000000000018 8.2500000000000018 7.7500000000000009 7.2500000000000009 11.250000000000002 11.750000000000002 9.5000000000000018 464.08660888671881 4.5000000000000009 3.7124922275543217 1.7005987167358401 0.7001820206642152 0.54006412625312816 396.24404907226568 0.8744637966156007 0.5955328941345216 0.67543861269950878 0.2208625599741936 1.0000000180025095e-35 0.27688804268836981 2.5000000000000004 3.5000000000000004 0.29638972878456121
decision_type=2 2 2 2 2 2 2 2 2 2 2 2 2 2 2 2 2 2 2 2 2 2 2 2 2 2 2 2 2 2
left_child=1 3 17 4 7 19 -7 8 9 10 25 14 -13 -14 18 16 20 -2 -8 -5 22 -22 -15 -9 -3 26 -1 28 29 -27
right_child=2 24 -4 5 -6 6 11 23 -10 -11 -12 12 13 15 -16 -17 -18 -19 -20 -21 21 -23 -24 -25 -26 27 -28 -29 -30 -31
leaf_value=0.017393357868985073 0.015572611892031846 -0.0038986691310030409 -0.050048353741484732 0.036879166722517356 -0.058406496226402919 -0.05490503970188422 0.0071436683612926613 0.022835708810663297 -0.05497479009119205 0.021117727201158329 -0.053856008205173091 -0.055351051187896863 -0.041609104836513783 -0.022307623724190335 -0.048995522397771774 0.039722106141968562 -0.04622861481445377 -0.026767380710317257 0.04833182552647973 9.4087473041961148e-05 0.013273705575512405 -0.032512610331788816 0.029965769998190808 -0.046170857664474485 -0.049564477117121475 -0.0024058800004877791 -0.0040068104471704226 0.0066474344560134473 -0.045166571318724709 -0.049923459723161749
leaf_weight=3.2168886451306413 0.52859246020171813 0.56309188136252319 1.572421284751657 2.1907625081985311 0.84726102120657643 0.58985471851929006 0.62805021540657291 2.8511067090603315 0.83478543349139123 2.9409362741130289 0.39949470353042293 0.53102216677848435 0.38967618462538656 0.38512124667340719 0.13526153171551403 1.0346147980299063 0.24866950780756258 1.890226986434955 1.2905629616825534 0.63444283382439426 1.2559609321833702 0.64998316364562914 2.1404456232303346 0.13764760895753614 0.64126719070063132 2.5201629642653396 2.6667274653721051 2.1659538273034542 0.65613763721847806 0.33399690181158792
leaf_count=1436 14627 1541 541032 427 349 281 204 599 435 836 579 221 464 127 21 123 409 121242 254 191 141 102 266 176 4932 1668 1112 3884 1718 664
internal_value=-2.03952e-10 0.00368195 -0.0303319 0.00489467 0.000575196 0.0118786 0.00678192 0.00324414 0.000126534 0.00321357 -0.00118925 0.0109694 0.00528707 0.0105619 0.0293273 0.0141193 0.00845949 -0.0175147 0.034849 0.0286185 0.0115283 -0.00234078 0.0219947 0.0196576 -0.0282137 0.000630845 0.00769381 -0.00669014 -0.0149198 -0.00796644
internal_weight=36.8711 32.8799 3.99124 31.6755 19.5711 12.1044 9.27922 18.7238 15.7351 14.9003 11.9594 8.68937 6.63549 6.10447 2.05387 5.7148 4.68018 2.41882 1.91861 2.82521 4.43151 1.90594 2.52557 2.98875 1.20436 11.5599 5.88362 5.67625 3.5103 2.85416
internal_count=700061 23160 676901 16687 13456 3231 2613 13107 12332 11897 11061 2332 1853 1632 479 1168 1045 135869 458 618 636 243 393 775 6473 10482 2548 7934 4050 2332
is_linear=0
shrinkage=0.05


Tree=133
num_leaves=31
num_cat=0
split_feature=12 11 17 7 6 25 38 1 10 0 5 3 4 3 13 58 17 12 23 23 13 6 43 14 23 58 12 24 14 34
split_gain=1.55035 0.588219 0.398793 0.322028 0.317787 0.272859 0.285845 0.265265 0.327091 0.261184 0.257067 0.236237 0.243528 0.213455 0.263788 0.275233 0.210938 0.286767 0.234811 0.205123 0.20152 0.200221 0.270301 0.221342 0.198721 0.273724 0.187163 0.40662 0.274039 0.27061
threshold=1.1715686321258547 1.431677043437958 0.92125323414802562 1.0000000180025095e-35 1.0000000180025095e-35 45.140476226806648 0.34554851055145269 7.5000000000000009 1.2500000000000002 21.500000000000004 1.5000000000000002 9.5000000000000018 1.0000000180025095e-35 4.5000000000000009 464.08660888671881 0.38463623821735388 0.36424857378005987 0.80476191639900219 2.1921499967575078 4.8358519077301034 367.23738098144537 1.0000000180025095e-35 2.6735538244247441 3.1593675613403325 4.6492202281951913 0.18147026002407077 0.67543861269950878 0.70294117927551281 1.2619619369506838 2.5314087867736821
decision_type=2 2 2 2 2 2 2 2 2 2 2 2 2 2 2 2 2 2 2 2 2 2 2 2 2 2 2 2 2 2
left_child=1 2 10 5 13 6 20 8 -2 -8 11 12 16 14 15 -4 -1 21 -19 -5 -3 23 -23 24 25 -18 -6 28 -28 -30
right_child=7 3 4 19 26 -7 9 -9 -10 -11 -12 -13 -14 -15 -16 -17 17 18 -20 -21 -22 22 -24 -25 -26 -27 27 -29 29 -31
leaf_value=-0.024488125453695542 0.033902478896949959 0.017320898242366052 0.020924660839691127 -0.045102581069650025 0.0090615604768364867 -0.029444924946978247 -0.016428636686688019 -0.048295772023709327 -0.047240821054612442 0.050200147323904425 -0.047039794498187806 0.04862210207166856 -0.051148610892850388 0.038171552464390718 -0.027018555546169623 -0.025437011106302778 0.03672948559935079 0.048937800591699894 -0.064694833462095411 0.019567001442104381 -0.017398948401075143 0.047447675904053077 -0.01213927732926447 -0.012425026160415964 0.039611329637763794 0.0025983523823517921 0.036041298239193963 -0.03248821837414903 -0.052422551190698857 0.012577480937414549
leaf_weight=0.813326088505402 0.24583918045309028 2.1469713134681796 4.9546909133582657 0.86537878247470856 7.1230580786400974 1.0036695671720854 2.5280605136710119 1.8262458788400389 0.25099289036829475 0.15616919459282019 0.30396801582202293 0.24026662057713188 0.24146828382764418 1.2266758055898206 0.34785814020142414 0.34223892057161709 0.75029927297873689 0.055199552535213914 0.25772394926298148 0.14286066068911296 0.51894568288351184 0.20726442260502187 2.328061502550554 0.90596518389799019 0.67809230501006812 2.7060298612723273 0.58419833035759461 0.94255628145145909 0.24717551847970753 0.45465826066862292
leaf_count=1058 754 9677 1400 30570 1253 9661 20700 610262 2206 98 323 40 1580 237 42 71 162 22 400 1958 3922 59 1263 577 104 474 116 636 70 366
internal_value=-4.29825e-11 0.00277335 0.00634152 -0.00968791 0.0111036 -0.00552227 -0.00103446 -0.0394832 -0.00709003 -0.0125522 -0.00180128 -0.000303945 -0.00161835 0.0192674 0.0151593 0.0179292 -0.00024395 0.00225565 -0.0446501 -0.0359393 0.0105624 0.00419314 -0.00726801 0.00995813 0.0148629 0.0100075 0.005105 -0.00754102 0.0107432 -0.0103146
internal_weight=35.3959 33.0728 25.7108 7.36206 16.2231 6.35382 5.35015 2.32308 0.496832 2.68423 9.48767 9.1837 8.94343 6.87146 5.64479 5.29693 8.70196 7.88864 0.312924 1.00824 2.66592 7.57571 2.53533 5.04039 4.13442 3.45633 9.35165 2.22859 1.28603 0.701834
internal_count=700061 86839 10253 76586 4191 44058 34397 613222 2960 20798 6062 5739 5699 1750 1513 1471 4119 3061 422 32528 13599 2639 1322 1317 740 636 2441 1188 552 436
is_linear=0
shrinkage=0.05


Tree=134
num_leaves=31
num_cat=0
split_feature=10 10 54 30 57 69 2 33 32 10 10 10 10 10 12 14 34 5 69 11 14 2 3 3 37 14 36 3 16 13
split_gain=1.46314 0.553862 0.368143 0.814381 0.584615 0.522338 0.503478 0.39483 0.336095 0.315118 0.289723 0.708394 0.303516 0.549102 0.312691 0.309905 0.311351 0.34585 0.45447 0.289591 0.285586 0.283475 0.275741 0.270037 0.254814 0.24634 0.224801 0.221254 0.219451 0.309593
threshold=4.7500000000000009 -1.0000000180025095e-35 0.31153599917888647 1.0000000180025095e-35 0.85703989863395702 12.329260826110842 1.0000000180025095e-35 0.45000000298023229 0.1171497590839863 4.2500000000000009 9.7500000000000018 9.2500000000000018 8.7500000000000018 8.2500000000000018 0.54772728681564342 2.1058121919631962 2.251989603042603 1.0000000180025095e-35 10.023555278778078 1.60357141494751 3.785109400749207 1.0000000180025095e-35 1.0000000180025095e-35 3.5000000000000004 0.88777557015419017 4.0224173069000253 0.84515425562858593 1.5000000000000002 0.74445062875747692 295.14303588867193
decision_type=2 2 2 2 2 2 2 2 2 2 2 2 2 2 2 2 2 2 2 2 2 2 2 2 2 2 2 2 2 2
left_child=1 -1 5 4 7 8 -5 22 21 27 11 12 13 15 -14 16 17 18 -6 -19 28 -2 -4 -17 -8 -24 -20 -3 29 -12
right_child=2 9 3 6 10 -7 24 -9 -10 -11 20 -13 14 -15 -16 23 -18 19 26 -21 -22 -23 25 -25 -26 -27 -28 -29 -30 -31
leaf_value=-0.050011520049072306 0.041483719874085528 -0.03092990560583854 -0.039827010698044091 0.018870362175685631 0.026281830282917324 -0.037871791005917414 -0.0066604535301459517 -0.085893725164665771 0.03260992063140105 -0.052542494511707998 0.047736841085539321 -0.056335614378261394 0.043414819893124526 -0.055617626279553717 -0.020239363148740423 0.025644276918391808 -0.038336500828085984 0.02837263750943685 0.01129546260732508 -0.044590804181636454 -0.033683557872516749 0.0032623651596320477 0.0011000881184661587 -0.01354154194869276 -0.046986025711780864 -0.039018683311623094 -0.04239619935452367 -0.0035936223425018783 0.029744549500574792 -0.0089808219387008774
leaf_weight=1.3836621181672537 0.57260563159173061 0.95421918925211802 0.55334407032660138 0.51933082227662852 0.52168208379509629 0.4372382176961479 0.5322852489393316 0.16121163649032144 2.5587225220335483 0.47797026821577748 0.32218566446135699 0.44409732730469009 1.0079356518681377 0.36071988341438999 0.23860219254311221 2.6413984332423515 0.51362693367548207 1.3477346133904573 0.25186820437716029 0.15125466548056454 0.23266049744302097 3.1748523672326314 4.2602353385987257 0.52743730076417694 1.4836944243330377 0.42038747424971479 0.8626839822083241 3.3003631681818106 3.3792993633540505 0.95013447486849145
leaf_count=641957 149 13883 2472 429 159 153 940 72 785 2223 20 117 253 136 99 1739 102 230 106 125 219 948 1497 438 2712 2181 249 25077 415 176
internal_value=8.1509e-10 -0.0221848 0.00477313 0.00160004 0.00512589 0.0149764 -0.0250298 -0.00882296 0.0186406 -0.0140491 0.0105978 0.00521235 0.00845667 0.00450195 0.0312307 0.00768284 -0.00225146 0.00366016 -0.0122347 0.0210103 0.0203768 0.00910253 -0.0064491 0.019122 -0.0363387 -0.00250316 -0.0302629 -0.00972461 0.0230808 0.00538162
internal_weight=34.5434 6.11621 28.4272 21.6838 19.1485 6.74342 2.53531 5.39518 6.30618 4.73255 13.7533 8.86904 8.42494 7.17841 1.24654 6.81769 3.64885 3.13522 1.63623 1.49899 4.88428 3.74746 5.23397 3.16884 2.01598 4.68062 1.11455 4.25458 4.65162 1.27232
internal_count=700061 683140 16921 14886 10805 2035 4081 6222 1882 41183 4583 3753 3636 3284 352 3148 971 869 514 355 830 1097 6150 2177 3652 3678 355 38960 611 196
is_linear=0
shrinkage=0.05


Tree=135
num_leaves=31
num_cat=0
split_feature=11 4 57 14 10 10 10 10 10 10 1 3 66 14 13 34 16 58 10 58 6 20 58 14 43 29 6 2 69 34
split_gain=1.38171 0.471012 0.374866 0.34794 0.345457 0.95042 0.296125 0.861746 0.323796 0.369944 0.29537 0.293122 0.283548 0.272123 0.328815 0.350108 0.268696 0.262504 0.262079 0.281732 0.239172 0.330099 0.230749 0.360596 0.230424 0.235177 0.222294 0.303883 0.253772 0.254636
threshold=1.891812860965729 1.0000000180025095e-35 0.52096602320671093 0.20791525393724444 9.7500000000000018 9.2500000000000018 8.7500000000000018 8.2500000000000018 7.7500000000000009 7.2500000000000009 7.5000000000000009 4.5000000000000009 4.0499999523162851 3.785109400749207 414.22566223144537 1.0617749691009524 0.74445062875747692 0.36298473179340368 10.250000000000002 0.3454053550958634 1.0000000180025095e-35 0.0010191288311034443 0.12584781646728518 0.40103232860565191 4.1026091575622567 14.708381175994875 2.5000000000000004 3.5000000000000004 9.0607371330261248 2.7890609502792363
decision_type=2 2 2 2 2 2 2 2 2 2 2 2 2 2 2 2 2 2 2 2 2 2 2 2 2 2 2 2 2 2
left_child=1 2 3 -1 5 6 7 8 9 17 -2 13 -5 14 16 22 18 20 19 -6 21 -4 -16 -24 25 -8 27 28 29 -22
right_child=10 -3 4 12 11 -7 24 -9 -10 -11 -12 -13 -14 -15 15 -17 -18 -19 -20 -21 26 -23 23 -25 -26 -27 -28 -29 -30 -31
leaf_value=0.022779211121697687 0.027757419386909423 -0.028413027282808895 0.017541341425146448 -0.001046991127671677 0.050208209989928067 -0.057990606226231235 0.015610364581404045 -0.054531617844929076 0.020527597936472946 -0.053561758160301211 -0.036519151098159591 0.035670980918964652 -0.032625448439833879 -0.028780439979859792 0.025086844579120911 -0.038330462856482651 0.027576968593717617 -0.02562156287819424 -0.0026224304367638176 -0.036195717234650794 0.027320685050608084 -0.04345719305721505 -0.050724148424256682 0.039434779749264376 0.033655089404608762 -0.040006508454146217 0.010687333181078168 -0.045588909389867413 -0.017824081051443331 -0.038811407078899358
leaf_weight=0.62851775483701589 0.19091741652074867 1.133361998341633 3.6360093432230571 1.3013170748666598 0.51466029055700202 0.63347924157733437 0.83477359997221012 0.65254729183294635 2.4900222487525534 0.3085102770274667 2.8001456712356276 1.3445944309206641 1.5666795639446034 0.41857234337771831 0.80438812278407545 0.57201614235668774 3.3886896458552656 0.78347350752372413 1.9933290494484479 0.11551877555029932 0.81072538828738139 0.23619993403451633 0.31140843719822442 0.17224530384009995 1.4048446823092033 0.24611226135675679 1.8299481928945835 0.53529589582137749 1.3645481389216767 0.1774100722300318
leaf_count=186 1336 7251 1578 1163 112 187 135 262 622 388 673387 203 4393 469 87 92 545 776 292 19 257 87 37 24 429 40 2693 1671 791 549
internal_value=7.03188e-10 0.0032096 0.00444224 -0.0109134 0.00654125 0.00202414 0.00450729 0.00144591 0.00444686 0.00031126 -0.0324164 0.0140158 -0.0182971 0.0105038 0.0125925 -0.00577915 0.0182764 0.00208436 0.00626319 0.0343694 0.00461131 0.0138205 0.0086768 -0.0186155 0.020302 0.00294668 -0.00294707 -0.0115864 -0.00384998 0.0154473
internal_weight=33.2003 30.2092 29.0758 3.49651 25.5793 15.9439 15.3104 12.8247 12.1721 9.68212 2.99106 9.63542 2.868 8.29083 7.87226 1.86006 6.0122 9.37361 2.62351 0.630179 8.59014 3.87221 1.28804 0.483654 2.48573 1.08089 4.71793 2.88798 2.35268 0.988135
internal_count=700061 25338 18087 5742 12345 10465 10278 9674 9412 8790 674723 1880 5556 1677 1208 240 968 8402 423 131 7626 1665 148 61 604 175 5961 3268 1597 806
is_linear=0
shrinkage=0.05


Tree=136
num_leaves=31
num_cat=0
split_feature=10 10 2 54 30 2 37 14 5 69 10 6 58 6 38 38 6 34 18 16 16 34 18 18 18 36 16 49 23 65
split_gain=1.32248 0.506301 0.355427 0.367503 0.356225 0.504416 0.376525 0.297562 0.292107 0.333906 0.286718 0.222479 0.243831 0.21931 0.343245 0.298902 0.361791 0.317219 0.25057 0.302303 0.291738 0.245506 0.231847 0.207917 0.209979 0.203593 0.298874 0.26158 0.199686 0.199363
threshold=4.7500000000000009 -1.0000000180025095e-35 5.5000000000000009 0.1297685578465462 1.0000000180025095e-35 1.0000000180025095e-35 0.90886101126670849 0.32815524935722357 1.5000000000000002 11.821442127227785 4.2500000000000009 1.5000000000000002 0.10434039309620859 1.0000000180025095e-35 0.35091583430767065 0.33484376966953283 2.5000000000000004 0.903152495622635 0.30590601265430456 0.7001820206642152 0.69557902216911327 3.1647884845733647 0.28762149810791021 0.1223394349217415 0.25186808407306677 0.71486642956733715 0.50774627923965465 11.002311229705812 4.4183890819549569 10.650000095367433
decision_type=2 2 2 2 2 2 2 2 2 2 2 2 2 2 2 2 2 2 2 2 2 2 2 2 2 2 2 2 2 2
left_child=1 -1 3 8 6 -6 25 -8 9 11 29 -2 -13 18 15 16 17 -15 19 20 -9 22 -19 -18 -25 26 27 -5 -16 -3
right_child=2 10 -4 4 5 -7 7 13 -10 -11 -12 12 -14 14 28 -17 23 21 -20 -21 -22 -23 -24 24 -26 -27 -28 -29 -30 -31
leaf_value=-0.050011558254583401 0.038823160717930252 -0.00044437223569853735 -0.013400772237740105 0.0025265598138545036 0.024194385229866611 -0.027073803217678518 -0.031316642422326076 0.014728655316427664 -0.022573008354669494 -0.031330786844067773 -0.05240583658842303 0.026668804393075764 -0.032699499213968246 -0.053356669892953748 -0.0061141057523393105 0.041090929749995481 -0.042938150556874395 0.0031715241227596377 0.0078104000571650352 0.035523021245976158 -0.06223104100786625 -0.030712198327810178 0.055837325764752137 0.037020536011676264 -0.006817274063119984 -0.033747252819851747 0.026080349689362799 -0.042753946710338726 -0.049175322786712335 -0.023004110959607877
leaf_weight=1.2437335953729327 2.1884900756991859 2.3660200638468822 2.4482177999528671 0.78115959453635431 0.64886775282985754 1.8409896374096204 0.43309850784635173 0.67783158079782735 0.34152822358737456 0.23504001454966772 0.43727351523600066 0.55188363421802922 0.25188644714535258 0.28585694335333789 1.5670333488579329 0.72190138812766225 0.10782542265724249 2.3826187184413365 3.4429109553616399 2.5451479895696139 0.15047965005942388 0.49201233048685811 0.22905991979132512 1.4203759404138052 0.33820269071702558 0.71254438655967067 0.62184237470495407 0.53904294548817688 0.32507463987735707 1.6708849391980853
leaf_count=641957 649 10407 6600 409 469 2088 71 210 81 65 2223 70 89 58 865 136 25 362 1190 672 15 402 19 215 77 352 425 1206 101 28553
internal_value=-1.5542e-09 -0.0217921 0.00474128 0.00660493 0.00399928 -0.0137131 0.00648051 0.00952984 0.0213998 0.0260532 -0.0139477 0.0305607 0.00806389 0.0107344 0.00504806 0.0109228 0.00677919 -0.00295512 0.0172997 0.0269843 0.000747355 0.00168697 0.00779063 0.0244575 0.0285898 -0.0108872 -0.00249979 -0.0159616 -0.0135123 -0.0097819
internal_weight=31.9988 5.71791 26.2809 23.8327 20.2639 2.48986 17.774 15.1194 3.56883 3.2273 4.47418 2.99226 0.80377 14.6863 7.86996 5.97785 5.25595 3.38955 6.81637 3.37346 0.828311 3.10369 2.61168 1.8664 1.75858 2.65459 1.94204 1.3202 1.89211 4.03691
internal_count=700061 683140 16921 10321 9367 2557 6810 4418 954 873 41183 808 159 4347 2260 1294 1158 841 2087 897 225 783 381 317 292 2392 2040 1615 966 38960
is_linear=0
shrinkage=0.05


Tree=137
num_leaves=31
num_cat=0
split_feature=12 11 7 57 26 2 12 23 58 5 14 1 6 54 24 16 49 25 18 18 13 10 65 54 43 34 5 13 37 13
split_gain=1.24061 0.556433 0.350261 0.311049 0.243313 0.231811 0.230443 0.251876 0.262999 0.27502 0.229858 0.219512 0.210148 0.207441 0.213952 0.203554 0.188932 0.185674 0.21556 0.172268 0.183796 0.181106 0.22011 0.173385 0.170138 0.176364 0.163319 0.161836 0.159676 0.183073
threshold=1.1715686321258547 1.2649122476577761 1.0000000180025095e-35 0.85703989863395702 34.954999923706062 1.0000000180025095e-35 0.67543861269950878 3.2729026079177861 0.20053732395172122 1.0000000180025095e-35 4.4788663387298593 7.5000000000000009 1.0000000180025095e-35 0.93072339892387401 0.99038460850715648 0.48158791661262518 16.554080963134769 46.625417709350593 0.28762149810791021 0.35004845261573797 367.23738098144537 4.7500000000000009 10.449999809265138 0.14420446753501895 3.5694335699081425 3.0912672281265263 1.0000000180025095e-35 255.1225280761719 0.99712482094764721 346.18592834472662
decision_type=2 2 2 2 2 2 2 2 2 2 2 2 2 2 2 2 2 2 2 2 2 2 2 2 2 2 2 2 2 2
left_child=1 3 10 4 13 11 -5 -8 9 27 12 -2 19 26 -15 -6 -10 -4 -19 20 21 22 -3 -22 -17 -26 -1 -9 -14 -30
right_child=5 2 17 6 15 -7 7 8 16 -11 -12 -13 28 14 -16 24 -18 18 -20 -21 23 -23 -24 -25 25 -27 -28 -29 29 -31
leaf_value=0.026441307375154301 0.025990466399017628 0.025498014997048003 -0.036051914105300863 0.015718677532822262 -0.038965008817614555 -0.047494907806990824 -0.039996576239211386 0.055313854965068812 -0.043773257927490219 0.029950963114611779 -0.033739316336654633 -0.050291817755133209 -0.024378192521537348 -0.034173002959715065 0.007185312045938981 -0.050260591332778173 0.038783193944981843 0.025220403858844422 -0.050427747694757323 -0.0053289790228399168 0.024903268696861595 0.030847941634166084 -0.019344979503142443 -0.025851064900534917 0.0061812764832933744 -0.029085081294692495 -0.0089128065947707263 -0.049289172913913104 0.009566204390163098 -0.026847702707422351
leaf_weight=1.5012188632681316 0.23606714693977338 0.56656809131070385 1.3302583349170625 9.9996295558337902 0.55633981505019425 1.5423736518188738 0.37191378345721604 0.045503820757403224 0.35187728925131967 0.94815029000980644 0.55026846141576946 0.15704938618588216 1.2869906574542238 0.46734149725540397 0.94502719163051552 0.19297084003460474 0.086297954847850633 0.3002937215967324 0.13719229210906647 2.2367103670162614 0.25233003201827653 1.4314028528815468 0.52928915792181819 0.50510278389123542 1.6856810544995826 0.44892131905806554 0.41750940609654197 0.19731635990569885 1.1929956587728012 0.48569333174369522
leaf_count=342 200 856 26342 1986 1017 548019 350 10 230 108 21910 65003 8732 1001 740 87 25 2912 3978 3177 250 754 2041 977 365 760 108 101 4105 3575
internal_value=2.08492e-10 0.00258496 -0.00640443 0.00791725 -0.00116187 -0.038759 0.0126192 -0.00286935 0.00560634 0.0177917 -0.00242299 -0.00448418 -0.000392561 0.00804325 -0.00649982 -0.0117943 -0.0275139 -0.026759 0.00149772 0.00537366 0.0126616 0.0191366 0.00383925 -0.00894284 -0.00529998 -0.00123548 0.0187484 -0.0296869 -0.0111279 -0.000969393
internal_weight=30.9563 29.0208 10.8051 18.2157 6.21501 1.93549 12.0007 2.00106 1.62915 1.19097 9.03735 0.393117 8.48708 3.3311 1.41237 2.88391 0.438175 1.76774 0.437486 5.5214 3.28469 2.52726 1.09586 0.757433 2.32757 2.1346 1.91873 0.24282 2.96568 1.67869
internal_count=700061 86839 79609 7230 4420 613222 2810 824 474 219 46377 65203 24467 2191 1741 2229 255 33232 6890 8055 4878 3651 2897 1227 1212 1125 450 111 16412 7680
is_linear=0
shrinkage=0.05


Tree=138
num_leaves=31
num_cat=0
split_feature=12 11 3 17 23 6 34 38 58 2 36 12 1 2 4 18 14 5 1 23 49 58 25 69 65 38 54 29 12 58
split_gain=1.16624 0.506976 0.307567 0.288644 0.253588 0.224253 0.263735 0.222795 0.230724 0.213756 0.206964 0.20464 0.201527 0.198499 0.247774 0.234702 0.271155 0.214019 0.200235 0.209394 0.260885 0.299955 0.19569 0.194168 0.192593 0.192039 0.203557 0.400066 0.248594 0.232315
threshold=1.1715686321258547 1.2649122476577761 1.5000000000000002 0.36424857378005987 4.2314677238464364 1.0000000180025095e-35 4.0216782093048105 0.36402259767055517 0.2891127765178681 1.0000000180025095e-35 0.12736185640096667 0.86190477013587963 7.5000000000000009 1.0000000180025095e-35 1.0000000180025095e-35 0.31438240408897405 3.2349334955215459 1.0000000180025095e-35 10.500000000000002 3.047401070594788 17.413644790649418 0.36759978532791143 34.930833816528327 11.886326789855959 7.0666666030883798 0.3277765959501267 0.34784220159053808 8.1505932807922381 0.77350428700447094 0.2139076963067055
decision_type=2 2 2 2 2 2 2 2 2 2 2 2 2 2 2 2 2 2 2 2 2 2 2 2 2 2 2 2 2 2
left_child=1 3 23 10 -4 13 7 8 25 12 -1 -6 -2 17 15 -15 18 -5 22 -20 21 -21 -17 -3 -9 26 -7 -28 29 -29
right_child=9 2 4 5 11 6 -8 24 -10 -11 -12 -13 -14 14 -16 16 -18 -19 19 20 -22 -23 -24 -25 -26 -27 27 28 -30 -31
leaf_value=0.014638211588446019 0.024748294233608602 -0.032862718088284601 -0.0077442189237725894 0.043895839291826444 0.01419485060388322 0.02183177581417781 -0.047413109978825668 -0.051540500412857904 -0.038666013524313356 -0.047257051474584644 -0.042948885059763998 -0.051115433932596793 -0.050277037796410642 0.021765846201217097 -0.041589631292588296 0.01851307316935159 -0.029454022741213032 -0.012338739979423773 -0.020328027487778094 0.036215700364103799 -0.039864176424306064 -0.0065069233100441166 -0.05984497939089263 -0.001939438885770012 -0.004246330532693918 0.033584663168201606 -0.035462630641240091 0.024501274598969988 -0.032288560691612025 -0.0066113038839596093
leaf_weight=0.23394356436236918 0.22639193205617303 1.5114882331190505 5.5787840787238547 0.94984286470708112 2.510167168930272 1.6924069425976958 0.25039503700556842 0.24909859278363899 0.24298293638094026 1.4612316517967867 0.46841889313250817 0.1259593936877702 0.14803427251494838 3.8008427337263129 0.21259794840534585 0.13656006413657529 0.5212315853881363 0.20586494377585041 0.37603636141284402 1.5344952032901353 0.16865010502806388 0.56106901002203802 0.19129058686667122 0.76432848174431978 1.5846633831633878 0.81655297858469555 0.62772184786194918 1.713481704083734 0.33222060679145204 0.92328928539791366
leaf_count=133 200 28113 29314 211 4882 206 1675 136 57 548019 1140 6427 65003 925 425 25 486 65 57 344 18 85 27 10873 548 127 205 153 90 92
internal_value=1.1596e-09 0.00250645 -0.00621161 0.00764642 -0.00170548 0.00893738 0.00313392 0.00468074 0.00911492 -0.0386202 -0.0237677 0.0110742 -0.00491395 0.0145896 0.0116183 0.01317 0.00380669 0.0338788 0.00964764 0.014224 0.0199623 0.0247771 -0.0272064 -0.0224772 -0.0106708 0.0110164 0.00753225 0.000803719 0.00847137 0.0136069
internal_weight=30.12 28.2844 10.4907 17.7937 8.21491 17.0913 8.43281 8.18242 6.34866 1.83566 0.702362 2.63613 0.374426 8.65848 7.50277 7.29018 3.48933 1.15571 2.9681 2.64025 2.26421 2.09556 0.327851 2.27582 1.83376 6.10567 5.28912 3.59671 2.96899 2.63677
internal_count=700061 86839 79609 7230 40623 5957 3289 1614 930 613222 1273 11309 65203 2668 2392 1967 1042 276 556 504 447 429 52 38986 684 873 746 540 335 245
is_linear=0
shrinkage=0.05


Tree=139
num_leaves=31
num_cat=0
split_feature=10 10 4 2 54 57 5 69 10 32 54 6 12 27 38 34 12 14 2 16 18 17 58 34 12 49 2 10 28 18
split_gain=1.11169 0.370996 0.321137 0.266225 0.32163 0.304989 0.277463 0.300105 0.252863 0.251249 0.374416 0.244029 0.294307 0.237805 0.232699 0.308679 0.25741 0.28533 0.246952 0.243612 0.243383 0.286012 0.22634 0.226201 0.225001 0.406326 0.222194 0.221501 0.220403 0.216997
threshold=3.7500000000000004 -1.0000000180025095e-35 1.0000000180025095e-35 5.5000000000000009 0.1297685578465462 0.34842120110988622 1.5000000000000002 11.821442127227785 3.2500000000000004 0.79583334922790538 0.95803049206733715 1.0000000180025095e-35 0.18350168317556384 26.553570747375492 0.36402259767055517 1.662352502346039 0.63818180561065685 2.3842076063156132 3.5000000000000004 0.79901155829429638 0.24603675305843356 0.95404347777366649 0.26372319459915167 6.3485715389251718 0.4629120826721192 12.657602310180666 3.5000000000000004 8.2500000000000018 0.30789473652839666 0.19186469167470935
decision_type=2 2 2 2 2 2 2 2 2 2 2 2 2 2 2 2 2 2 2 2 2 2 2 2 2 2 2 2 2 2
left_child=1 -1 3 4 6 28 7 -2 -3 11 13 12 -7 -11 15 19 17 -17 -18 27 -19 -22 -14 24 26 -26 -24 -13 -6 -12
right_child=2 8 -4 -5 5 9 -8 -9 -10 10 29 14 22 -15 -16 16 18 20 -20 -21 21 -23 23 -25 25 -27 -28 -29 -30 -31
leaf_value=-0.050010929024846919 0.030474166609901931 -0.0094477551838006331 -0.025193014133136595 -0.011678241765496001 -0.040283452668984115 -0.023237534843263179 -0.02253922842770598 -0.030274388735702304 -0.052424195068237971 0.031299348820715139 -0.0053636835120388212 0.045147449907214567 0.027676568049719952 -0.035848097167236609 -0.015475051346864827 0.036283787675186495 -0.034982006988111949 0.031368967679057509 0.016109848566016962 -0.017552324136790805 0.018937679466859963 -0.039179609252231844 0.011159243329043915 -0.052156974389975255 0.02230557049793136 -0.030101998000974784 0.041908993624735547 -0.02093022221322673 0.0015714427643141095 -0.04781048741302401
leaf_weight=1.0607082280853846 2.7194537869054436 2.4705997287780623 0.91779982141632999 2.1945904383394881 0.63975418406426132 0.49468896685948482 0.32819955252853095 0.21972849919802673 0.3973088092895799 0.59401430858906756 0.55707560540338341 0.34299614396513822 2.8383871286580415 0.16947593042232256 1.5855417823100308 1.581366751090173 0.4505897279674399 0.54345920237710721 0.49779954489304146 1.7637690488672886 0.40439353441990988 0.44426499545352272 2.1049603283854599 0.14323239010207078 0.73148789298829775 0.74810280349265668 0.81490572801340011 0.20123283177963458 0.61872635410850307 0.65525622639256653
leaf_count=641957 766 33555 6848 5943 1693 116 71 58 2815 141 234 44 874 107 955 179 269 116 390 305 146 99 536 260 123 109 240 31 370 711
internal_value=1.46558e-10 -0.0247459 0.00384178 0.00493448 0.00657726 0.00407624 0.0210638 0.0259327 -0.0154015 0.0057703 -0.011033 0.00788616 0.0140976 0.0163943 0.00162676 0.00597928 0.0145172 0.0217515 -0.00816443 -0.0085289 0.00524374 -0.0114862 0.0165998 0.00967884 0.011692 -0.00419247 0.0197412 0.0207147 -0.0197057 -0.0283059
internal_weight=29.2339 3.92862 25.3053 24.3875 22.1929 18.9255 3.26738 2.93918 2.86791 17.667 1.97582 15.6912 7.87577 0.76349 7.81541 6.22987 3.92187 2.97348 0.948389 2.308 1.39212 0.848659 7.38108 4.54269 4.39946 1.47959 2.91987 0.544229 1.25848 1.21233
internal_count=700061 678327 21734 14886 8943 8048 895 824 36370 5985 1193 4792 2258 248 2534 1579 1199 540 659 380 361 245 2142 1268 1008 232 776 75 2063 945
is_linear=0
shrinkage=0.05


Tree=140
num_leaves=31
num_cat=0
split_feature=10 17 1 6 11 14 3 10 11 3 13 18 66 34 12 34 14 7 12 2 29 58 17 57 12 16 16 10 69 3
split_gain=1.03806 0.426041 0.387221 0.322197 0.244203 0.24001 0.223921 0.22453 0.210508 0.204322 0.188765 0.1908 0.193572 0.241963 0.208319 0.199373 0.188739 0.179007 0.177897 0.205187 0.204168 0.177334 0.216956 0.168641 0.166609 0.159563 0.22776 0.179674 0.156069 0.176006
threshold=1.7500000000000002 0.83183515071868908 7.5000000000000009 1.0000000180025095e-35 1.431677043437958 0.9580347239971162 2.5000000000000004 9.7500000000000018 1.2649122476577761 4.5000000000000009 461.02537536621099 0.28443659842014318 15.650000095367433 0.18453868478536609 0.27429467439651495 6.2566306591033944 3.785109400749207 1.5000000000000002 0.67543861269950878 2.5000000000000004 12.749648094177248 0.36078248918056494 0.7510221302509309 0.83079293370246898 0.78174602985382091 0.7087896764278413 0.81930372118949901 10.250000000000002 14.883414268493654 3.5000000000000004
decision_type=2 2 2 2 2 2 2 2 2 2 2 2 2 2 2 2 2 2 2 2 2 2 2 2 2 2 2 2 2 2
left_child=2 5 -1 4 9 21 -7 -8 16 10 11 28 14 -14 -13 18 17 25 19 20 23 22 -2 -15 -24 27 -27 -5 29 -3
right_child=1 3 -4 8 -6 6 7 -9 -10 -11 -12 12 13 15 -16 -17 -18 -19 -20 -21 -22 -23 24 -25 -26 26 -28 -29 -30 -31
leaf_value=0.028682333589217224 -0.02420565231139446 0.034394104637988157 -0.04477711142596591 0.0048525517990200646 -0.00028603989633446355 -0.031225486989845664 -0.019037842844448621 0.023722344029898632 -0.012540831070668342 0.033385233180184819 -0.02284008478713016 0.042732694512954333 -0.048780183224676379 -0.030210980102480862 -0.036509943496364605 -0.05241103542372258 -0.047177327518991369 -0.054669584127694154 -0.040374590418184919 0.029281948032360818 -0.02390380818876477 0.022600701102254674 0.033561950716062217 0.040085854429249931 -0.053621122305444052 0.027114006391814178 0.0037175552887452321 -0.039650668761747471 -0.013350465572701109 -0.0034136170979100554
leaf_weight=0.20186666496752614 0.7826621701671026 2.0139467023236675 1.6113221314058401 0.55637353925294331 3.2178417298177768 1.7265396593467808 0.87468172022089852 0.47302035722236724 2.8094704673410469 1.3976499442396741 0.36019677072908951 0.10313646334361726 0.15714686047431348 0.11192238044714153 0.42348415027367992 0.10634692533039913 0.17879433658359278 0.1241905350422029 0.12798040976394975 1.8964989573555611 0.44339230332934676 0.7309582466591279 0.35844856162293581 0.35889531626708049 0.064688657404985861 1.3330584088134854 4.734931878964062 0.38287291040887794 0.24431613947035646 0.36336675533993901
leaf_count=860 734 730 663166 176 5007 9330 2504 337 12309 350 62 41 17 35 218 176 1072 50 65 557 122 346 116 113 154 245 895 70 69 135
internal_value=-2.75221e-10 0.00250825 -0.0365987 0.00557528 0.0113683 -0.0106179 -0.0193033 -0.00402975 -0.000908327 0.0159934 0.0123711 0.0143683 0.00710124 0.0117211 -0.0209906 0.0148435 0.00356229 0.0048344 0.0172773 0.0199024 0.000444729 0.00316863 -0.00861113 0.023375 0.0202335 0.005889 0.00885745 -0.0132887 0.0247044 0.0286153
internal_weight=28.27 26.4568 1.81319 21.4458 11.3261 5.011 3.07424 1.3477 10.1197 8.10828 6.71063 6.35043 3.7288 3.20218 0.526621 3.04504 7.31022 7.13143 2.93869 2.81071 0.91421 1.93676 1.2058 0.470818 0.423137 7.00724 6.06799 0.939246 2.62163 2.37731
internal_count=700061 36035 664026 22514 7697 13521 12171 2841 14817 2690 2340 2278 1344 1085 259 1068 2508 1436 892 827 270 1350 1004 148 270 1386 1140 246 934 865
is_linear=0
shrinkage=0.05


Tree=141
num_leaves=31
num_cat=0
split_feature=12 11 7 57 34 26 3 56 12 18 2 12 23 58 5 5 3 36 1 17 54 24 57 37 16 13 23 38 7 14
split_gain=0.989647 0.448585 0.293815 0.269947 0.203038 0.201145 0.187851 0.304075 0.21944 0.197175 0.183692 0.176433 0.219885 0.209321 0.218911 0.175995 0.171401 0.171073 0.168661 0.166968 0.159946 0.183917 0.151421 0.22077 0.143422 0.137998 0.133526 0.174988 0.130873 0.130796
threshold=1.1715686321258547 1.2649122476577761 1.0000000180025095e-35 0.85703989863395702 3.0912672281265263 34.954999923706062 2.5000000000000004 0.87957385182380687 0.53589746356010448 0.370543122291565 1.0000000180025095e-35 0.67543861269950878 3.2729026079177861 0.20053732395172122 1.0000000180025095e-35 1.5000000000000002 1.5000000000000002 0.93120351433753978 7.5000000000000009 0.92988044023513805 0.93072339892387401 0.99038460850715648 0.45815961062908178 0.77899572253227245 0.94345328211784374 255.1225280761719 4.1229529380798349 0.13961051404476169 1.5000000000000002 2.1058121919631962
decision_type=2 2 2 2 2 2 2 2 2 2 2 2 2 2 2 2 2 2 2 2 2 2 2 2 2 2 2 2 2 2
left_child=1 3 4 5 6 20 9 24 -9 15 18 28 -13 14 25 29 -15 22 -2 -4 -1 -22 -7 -24 -8 -14 27 -21 -5 -3
right_child=10 2 19 11 -6 17 7 8 -10 -11 -12 12 13 16 -16 -17 -18 -19 -20 26 21 -23 23 -25 -26 -27 -28 -29 -30 -31
leaf_value=0.017420101475566978 0.023176144759568539 -0.0047459586903801183 -0.044830197503180701 0.015910984724950367 -0.016876196831624276 -0.048686289820659943 0.01890937375633427 0.011098643067313193 -0.04627201021843419 -0.036572952524320586 -0.04690326137120307 -0.039407005558667288 0.054792912019310837 0.020703641851144615 0.028262336655117789 -0.040581102349270128 -0.049372224833924803 0.016620908283471209 -0.050271365712280039 0.031168285261395458 -0.033972020163708976 0.006986391960974764 0.031255502754459395 -0.019097110487572178 -0.040340088184237344 -0.048901227809609225 0.013735830554435866 -0.040260129875207239 -0.023106672285425938 0.023495705531275335
leaf_weight=1.6850446923417224 0.20350856783625282 1.4217411460900535 0.67316211004295456 8.6929318348593334 1.8569946227627374 0.33254864282133034 2.7488866445878886 0.30143475335074743 0.37283606344273323 0.49108354665247933 1.2643351736030135 0.32567564811586081 0.039721817230201628 0.13240143426526163 0.87391284395218349 0.25671483816402574 0.25593925555926944 0.43793113089975566 0.12690367297727434 0.10595702875951218 0.40331814446378167 0.85532494939309345 0.25376828823972619 1.531117309699084 0.10607961009740474 0.166890686290742 0.3244814603720414 0.4494846714819829 0.22036427453531438 0.57609597754780129
leaf_count=450 200 4024 18009 1936 29620 1242 4196 161 1992 2560 548019 350 10 77 108 2329 178 223 65003 709 1001 740 99 665 308 101 4630 9884 50 1187
internal_value=3.16932e-10 0.00235458 -0.00615899 0.00744215 -0.00235306 -0.0015625 0.00194493 0.00957547 -0.0206243 -0.00786335 -0.0382283 0.0120665 -0.00223727 0.00600398 0.0173195 -0.00160986 -0.0254805 -0.0118261 -0.00503334 -0.0260866 0.00734716 -0.00613827 -0.0177096 -0.0119382 0.0167079 -0.0289657 -0.0117474 -0.0266343 0.0149463 0.0033978
internal_weight=27.4866 25.8918 9.68495 16.2069 8.13187 5.49905 6.27487 3.52924 0.674271 2.74564 1.59475 10.7078 1.79454 1.46887 1.08053 2.25455 0.388341 2.55537 0.330412 1.55309 2.94369 1.25864 2.11743 1.78489 2.85497 0.206613 0.879923 0.555442 8.9133 1.99784
internal_count=700061 86839 79609 7230 46377 4420 16757 6657 2153 10100 613222 2810 824 474 219 7540 255 2229 65203 33232 2191 1741 2006 764 4504 111 15223 10593 1986 5211
is_linear=0
shrinkage=0.05


Tree=142
num_leaves=31
num_cat=0
split_feature=10 10 17 6 10 12 43 5 17 69 3 65 17 12 16 2 43 2 8 3 11 34 39 4 37 43 23 37 38 54
split_gain=0.951424 0.38856 0.263314 0.25731 0.239524 0.233724 0.217255 0.193057 0.173556 0.192401 0.187432 0.165993 0.160583 0.193862 0.168011 0.154026 0.180221 0.169007 0.152086 0.163244 0.150428 0.178352 0.155805 0.144254 0.154193 0.140847 0.150038 0.149468 0.163676 0.163484
threshold=4.7500000000000009 -1.0000000180025095e-35 0.92768082022666942 1.0000000180025095e-35 4.2500000000000009 0.80476191639900219 2.0126758217811589 1.5000000000000002 0.36424857378005987 4.5839977264404306 3.5000000000000004 10.650000095367433 0.8924044966697694 0.47213622927665716 0.71748292446136486 1.0000000180025095e-35 2.9174053668975835 4.5000000000000009 1.0000000180025095e-35 3.5000000000000004 1.0606617927551272 4.0216782093048105 0.0064303956460207709 1.0000000180025095e-35 0.67571654915809642 3.5408543348312382 3.8322668075561528 0.98726555705070507 0.27539521455764776 2.5648783445358281
decision_type=2 2 2 2 2 2 2 2 2 2 2 2 2 2 2 2 2 2 2 2 2 2 2 2 2 2 2 2 2 2
left_child=1 -1 5 15 11 7 -7 8 9 10 -2 18 -13 -14 -15 -4 17 -17 19 -3 21 -5 25 24 -10 -22 -27 29 -29 -28
right_child=2 4 3 20 -6 6 -8 -9 23 -11 -12 12 13 14 -16 16 -18 -19 -20 -21 22 -23 -24 -25 -26 26 27 28 -30 -31
leaf_value=-0.050010685129534729 -0.030818613624121 -0.012084424480621386 0.042930436869671663 0.012089314169152508 -0.052129141841791383 0.045219682654605513 -0.052970497158928181 -0.044652780315037666 0.032618697918630472 -0.048415926376686277 0.050176545599717438 -0.047931400462052409 0.027378038918695297 0.019063273633351106 -0.037556284914873568 0.0053116551482776247 0.017145849375690636 -0.047494316912632208 -0.055576686312876537 0.017517301352885539 -0.029170239375774266 -0.052852502111974189 -0.034763816052758148 -0.039744652482627707 0.0021783544543486468 0.016774326473530041 0.035522729526023665 0.00043165495322303573 -0.031924497777869307 -0.023813767575237534
leaf_weight=0.90271229210197645 0.15536261522567141 0.88891019479135092 0.48865529455724566 3.3100122544885839 0.36188672949418066 0.06632596495210652 0.37396143099307722 0.2425485998193152 0.44536989980377928 0.36051511335351449 0.13221121870071784 0.43035275637750536 0.24348060286345685 0.17155828380195715 0.5545150542187649 0.57018323487659461 5.067970611227949 0.20636204779518152 0.11600391417009337 0.97832747599007064 0.39827484830135551 0.10921120847712007 0.37834421198085966 0.19219197030253798 6.3109092231264867 1.1619028897104899 0.37471144610454166 0.92671831402745375 0.67592695299856587 0.16818808468804036
leaf_count=641957 382 7487 92 552 2223 86 3985 331 272 945 31 8199 552 1741 18061 128 2463 117 460 2460 477 347 420 1228 2761 1172 84 575 350 123
internal_value=-5.84176e-11 -0.0205644 0.00432169 0.00854198 -0.0134666 -0.00273121 -0.0381789 -0.000740278 0.000661793 -0.0240844 0.00641867 -0.00933092 -0.0225133 -0.011231 -0.0241781 0.0159636 0.013709 -0.0087212 -2.59293e-05 0.00342521 0.00227771 0.010015 -0.00420007 0.00296989 0.00418496 -0.00107959 0.00230302 -0.0055338 -0.0132148 0.0171405
internal_weight=26.7636 4.64775 22.1159 13.8365 3.74504 8.2794 0.440287 7.83911 7.59656 0.648089 0.287574 3.38315 1.39991 0.969554 0.726073 6.33317 5.84452 0.776545 1.98324 1.86724 7.50329 3.41922 4.08407 6.94847 6.75628 3.70572 3.30745 2.14554 1.60265 0.5429
internal_count=700061 683140 16921 6900 41183 10021 4071 5950 5619 1358 413 38960 28553 20354 19802 2800 2708 245 10407 9947 4100 899 3201 4261 3033 2781 2304 1132 925 207
is_linear=0
shrinkage=0.05


Tree=143
num_leaves=31
num_cat=0
split_feature=10 10 17 6 10 12 43 5 14 12 6 65 58 5 18 3 37 1 17 12 16 56 2 29 54 67 16 14 1 13
split_gain=0.889684 0.370297 0.250047 0.236505 0.222679 0.217834 0.191833 0.17466 0.160507 0.197534 0.174135 0.155983 0.153158 0.15008 0.148912 0.167865 0.148947 0.189359 0.148336 0.169483 0.151443 0.147308 0.146699 0.161565 0.599421 0.240074 0.208829 0.179426 0.168572 0.1481
threshold=4.7500000000000009 -1.0000000180025095e-35 0.92768082022666942 1.0000000180025095e-35 4.2500000000000009 0.80476191639900219 2.0126758217811589 1.5000000000000002 3.1593675613403325 0.18350168317556384 1.0000000180025095e-35 10.650000095367433 0.43145476281642919 1.5000000000000002 0.33385406434535986 2.5000000000000004 0.9132884442806245 20.500000000000004 0.8924044966697694 0.47213622927665716 0.71748292446136486 0.85495558381080639 1.0000000180025095e-35 1.0000000180025095e-35 0.46887058019638067 30.60000038146973 0.7001820206642152 0.40103232860565191 25.500000000000004 479.26719665527349
decision_type=2 2 2 2 2 2 2 2 2 2 2 2 2 2 2 2 2 2 2 2 2 2 2 2 2 2 2 2 2 2
left_child=1 -1 5 22 11 7 -7 8 9 12 -11 -3 -2 -5 16 -16 -12 -18 -13 -20 -21 -10 -4 24 25 29 -25 -28 -29 -24
right_child=2 4 3 13 -6 6 -8 -9 21 10 14 18 -14 -15 15 -17 17 -19 19 20 -22 -23 23 26 -26 -27 27 28 -30 -31
leaf_value=-0.050010300364618204 -0.037548106343222892 -0.00028077084912286009 0.042393494200568392 0.0040664318995924384 -0.05198456726984238 0.043825257520010708 -0.052555663167481372 -0.043892735926808084 -0.022350797423905701 0.012324437699587217 -0.028027306707286655 -0.047673156026100276 0.045586785645054764 -0.02607896855919244 -0.046028165177935176 0.01582946571293958 0.021027614369275235 -0.029997460661351307 0.025522630472099257 0.01779402636710295 -0.036867623041746157 0.045015722829019715 0.039684211335948988 -0.0075677682732691711 -0.05145747066538401 -0.050540819704564623 -0.017307070832451057 0.029769098653181753 -0.0085608319152226716 -0.0033067501878825201
leaf_weight=0.8506049707512976 0.42995661923714568 1.9361987132302161 0.46942448430809047 6.8843347720246975 0.33785812907950319 0.060592235196445077 0.34895061161437546 0.22886478189292336 1.0276772835992245 3.8426508082976056 0.31459386229926156 0.40675393275056826 0.063594431280762365 0.43921982851631458 0.38429063089074578 0.15348004922861946 0.91088793994913408 0.22717457240059957 0.2322531658857514 0.16652717047742271 0.53001016655549549 0.088104772321912495 0.67948452142184101 0.65963563599586894 0.42012092965362047 0.11132731932775641 0.25596067246306153 3.0218014345260262 0.31693144269956963 0.28408172064757764
leaf_count=641957 233 10407 92 3786 2223 86 3985 331 3327 1257 147 8199 23 314 347 53 144 67 552 1741 18061 21 356 269 526 24 77 1211 193 52
internal_value=-4.35418e-11 -0.0203324 0.00419396 0.00834735 -0.0133388 -0.00276654 -0.038296 -0.000869745 0.000453274 0.00353692 0.00610685 -0.00934798 -0.0268361 0.0022585 -0.00589661 -0.028374 0.00242447 0.0108422 -0.0224931 -0.0114658 -0.0237992 -0.0170314 0.0155179 0.0133236 -0.000815721 0.0189775 0.0182922 0.0230376 0.0261306 0.0270095
internal_weight=26.0833 4.46021 21.6231 13.5423 3.6096 8.08082 0.409543 7.67128 7.44241 6.32663 5.83308 3.27174 0.493551 7.32355 1.99043 0.537771 1.45266 1.13806 1.33554 0.928791 0.696537 1.11578 6.21877 5.74934 1.49501 1.07489 4.25433 3.59469 3.33873 0.963566
internal_count=700061 683140 16921 6900 41183 10021 4071 5950 5619 2271 2015 38960 256 4100 758 400 358 211 28553 20354 19802 3348 2800 2708 958 432 1750 1481 1404 408
is_linear=0
shrinkage=0.05


Tree=144
num_leaves=31
num_cat=0
split_feature=10 10 4 6 18 38 10 47 3 3 7 2 37 27 16 36 5 3 14 36 2 49 69 38 69 2 13 2 11 49
split_gain=0.836255 0.296555 0.267364 0.219531 0.263376 0.260787 0.210262 0.191106 0.180748 0.178383 0.168224 0.167342 0.162882 0.154906 0.15321 0.180406 0.214232 0.226032 0.188119 0.161507 0.186334 0.246001 0.159179 0.178578 0.157943 0.175537 0.154571 0.152272 0.157019 0.172749
threshold=3.7500000000000004 -1.0000000180025095e-35 1.0000000180025095e-35 1.0000000180025095e-35 0.28922431170940405 0.36402259767055517 3.2500000000000004 26.649999618530277 2.5000000000000004 1.0000000180025095e-35 1.0000000180025095e-35 6.5000000000000009 0.95285767316818248 18.202500343322757 0.96094170212745678 0.92340287566185009 1.0000000180025095e-35 1.5000000000000002 3.1964690685272221 0.89849412441253673 3.5000000000000004 17.091438293457035 12.153014659881594 0.39856499433517462 4.5839977264404306 2.5000000000000004 342.09231567382818 6.5000000000000009 1.0606617927551272 12.731777191162111
decision_type=2 2 2 2 2 2 2 2 2 2 2 2 2 2 2 2 2 2 2 2 2 2 2 2 2 2 2 2 2 2
left_child=1 -1 3 4 -2 9 8 12 -3 -5 -10 14 -4 -7 15 16 19 -18 -17 20 21 24 23 -19 -6 -26 -25 28 29 -11
right_child=2 6 7 5 11 13 -8 -9 10 27 -12 -13 -14 -15 -16 18 17 22 -20 -21 -22 -23 -24 26 25 -27 -28 -29 -30 -31
leaf_value=-0.050009796573137401 0.018572832668360965 -0.028180312035127386 -0.050466202756022066 -0.047972841167336078 0.029949690703550243 -0.051256295945907263 -0.052070786628960447 -0.050431631534972966 0.0075440536087095639 0.0010925799490079228 -0.05399494561876881 -0.03220111754614443 0.01776530777269323 -0.011302042299104769 -0.044072300128227763 0.037119268958453765 -0.039439362007248707 0.043558231901757866 -0.020004506146997114 -0.032084111466438227 0.027401536409905603 -0.051146929081151371 -0.040249937719692236 0.013243518068396673 -0.0075103386856319983 0.029441835408544444 -0.040954118220808966 -0.049807115611548117 -0.0013889971531322299 0.023875541905946689
leaf_weight=0.80249544742735901 4.5510546773908391 0.79305635285421772 0.1225582067339549 0.16591081996506307 0.6117637470204057 0.28030706367539115 0.33135216829938574 0.38169338724614121 1.2182405439339978 1.5460681912099974 0.1221906965358811 0.31949273716682558 0.3054829250282296 1.8031842995278404 0.15647080604730934 0.76056118294422947 0.53531813709946607 0.26901660092516955 0.17782188754131312 0.22967662170208303 1.2034395925452939 0.18988921698701222 0.19451203095650271 0.37520602557174243 1.4515699903120092 0.41278033485423282 0.20258612898032879 0.12708926866861947 3.9225973471101625 1.8015234093861634
leaf_count=641957 2003 18445 620 324 239 628 2815 5592 11822 347 3288 1456 636 3751 33 300 358 79 248 119 603 65 52 122 531 181 50 1216 1913 268
internal_value=-6.69605e-10 -0.0236101 0.00349098 0.00456362 0.00918576 -0.00101416 -0.015015 -0.0247087 -0.00925985 0.00330071 0.0019343 0.00316031 -0.00177097 -0.0166774 0.00482895 0.00598581 0.00262815 -0.013035 0.0262944 0.00865265 0.0110706 0.00369884 0.000538837 0.00990802 0.00790487 0.000671134 -0.00575932 0.00445071 0.00539918 0.0133533
internal_weight=25.3649 3.26734 22.0976 21.2878 11.6412 9.64668 2.46484 0.809735 2.13349 7.56319 1.34043 7.09011 0.428041 2.08349 6.77061 6.61414 5.67576 1.57664 0.938383 4.09912 3.86944 2.666 1.04132 0.846809 2.47611 1.86435 0.577792 7.39728 7.27019 3.34759
internal_count=700061 678327 21734 14886 6439 8447 36370 6848 33555 4068 15110 4436 1256 4379 2980 2947 2399 661 548 1738 1619 1016 303 251 951 712 172 3744 2528 615
is_linear=0
shrinkage=0.05


Tree=145
num_leaves=31
num_cat=0
split_feature=10 11 17 12 10 12 14 7 43 5 65 14 12 6 5 10 10 43 37 58 8 14 10 17 12 1 3 43 2 34
split_gain=0.798633 0.333605 0.229218 0.218154 0.199886 0.198421 0.190174 0.176743 0.164898 0.151619 0.146894 0.13971 0.165374 0.148903 0.134693 0.154043 0.15772 0.137968 0.135228 0.132585 0.132083 0.133265 0.133932 0.127863 0.148947 0.127467 0.138913 0.127416 0.173404 0.144267
threshold=4.7500000000000009 3.0263158082962041 0.92768082022666942 0.44722221791744238 4.2500000000000009 0.80476191639900219 3.785109400749207 1.5000000000000002 2.0126758217811589 1.5000000000000002 10.650000095367433 3.1593675613403325 0.18350168317556384 1.0000000180025095e-35 1.5000000000000002 9.7500000000000018 9.2500000000000018 2.2499048709869389 0.96979564428329479 0.43145476281642919 1.0000000180025095e-35 1.6077890992164614 3.7500000000000004 0.8924044966697694 0.54006412625312816 25.500000000000004 8.5000000000000018 2.9700856208801274 1.5000000000000002 3.0912672281265263
decision_type=2 2 2 2 2 2 2 2 2 2 2 2 2 2 2 2 2 2 2 2 2 2 2 2 2 2 2 2 2 2
left_child=1 4 5 6 10 9 7 14 -7 11 20 12 19 -14 15 16 17 -4 -19 -2 21 -1 -23 -12 -25 27 -27 28 -5 -29
right_child=2 -3 3 25 -6 8 -8 -9 -10 -11 23 -13 13 -15 -16 -17 -18 18 -20 -21 -22 22 -24 24 -26 26 -28 29 -30 -31
leaf_value=0.016459854504289315 -0.036101446049704659 -0.050027316919600398 -0.037289275165399115 0.027488567597448943 -0.051788943747071742 0.041919905365061974 -0.018981930396652535 -0.029074867280928292 -0.052290248421334985 -0.043177446797511183 -0.047456207396675429 -0.016531575397036848 0.011449938144533553 -0.0058800298763626076 -0.022822425200847631 0.031752714103491668 -0.057604260140510094 -0.0065838460250917628 0.028478043501718259 0.044803167631254193 -0.054965266853560318 -0.021967797325188412 0.026120667073857684 0.011021107845648201 -0.030606103000769432 -0.036165400637028049 0.046288093400669528 0.0097529953472466277 -0.030243477314976175 -0.0094240040613182453
leaf_weight=0.88038426222913091 0.39712307111233691 0.75804674020421448 0.11575958921093787 0.17336146911395456 0.30698531043753607 0.05442122830160645 0.34495769118586839 0.17878302719282135 0.31699227363464466 0.20714334658774181 0.36825258099488045 1.057243181859526 3.6529011148979862 1.8761053336975804 0.16315720312559268 2.340575812883344 0.078073946366202907 0.37036010658266594 1.068086194837633 0.058040454673573549 0.10476822082269155 0.65645274026990563 0.18576460825750019 0.38321351708091278 0.48923310744513326 0.34769085401850919 0.059878924359509256 5.9847867174195528 0.52081391196625759 1.1729268816262957
leaf_count=3511 233 624450 24 42 2047 86 274 32 3985 331 11412 3348 1257 758 42 581 17 121 550 23 905 9526 504 1559 29226 274 19 2021 493 2410
internal_value=-1.04515e-09 -0.0200536 0.00403539 0.00809198 -0.0133214 -0.00284233 0.0167422 0.0195983 -0.0384861 -0.00101595 -0.00947244 0.000224347 0.00318467 0.00556952 0.0217022 0.0235307 0.011741 0.0152245 0.0194506 -0.0257848 -0.000457566 0.00285758 -0.0113611 -0.02275 -0.0123218 0.00321177 -0.0240516 0.00462693 -0.0158256 0.00661048
internal_weight=24.6723 4.1331 20.5392 12.9192 3.37505 7.61997 4.65975 4.3148 0.371414 7.24856 3.06807 7.04141 5.98417 5.52901 4.13601 3.97286 1.63228 1.55421 1.43845 0.455164 1.82737 1.7226 0.842217 1.2407 0.872447 8.25946 0.40757 7.85189 0.694175 7.15771
internal_count=700061 683140 16921 6900 58690 10021 1641 1367 4071 5950 56643 5619 2271 2015 1335 1293 712 695 671 256 14446 13541 10030 42197 30785 5259 293 4966 535 4431
is_linear=0
shrinkage=0.05


Tree=146
num_leaves=31
num_cat=0
split_feature=10 11 10 57 12 3 13 5 34 12 12 56 1 2 17 54 43 6 24 38 34 46 10 13 3 34 16 4 34 36
split_gain=0.759085 0.392892 0.262208 0.243909 0.205629 0.220269 0.213273 0.203961 0.185186 0.210821 0.190097 0.171394 0.162089 0.157233 0.175273 0.155348 0.177835 0.154364 0.213271 0.193014 0.152729 0.149088 0.146341 0.178045 0.174733 0.164587 0.133987 0.132701 0.127034 0.122289
threshold=5.7500000000000009 3.0263158082962041 5.2500000000000009 0.89563673734664928 0.58578431606292736 1.5000000000000002 341.12739562988287 1.5000000000000002 3.126665592193604 0.25462962687015539 0.40370370447635656 0.91321465373039257 10.500000000000002 3.5000000000000004 0.99694654345512401 1.0406137108802798 4.7405652999877939 1.0000000180025095e-35 0.75595238804817211 0.36022506654262548 2.4248089790344243 32.350000381469734 4.7500000000000009 223.06401062011722 2.5000000000000004 6.039741277694703 0.07146834954619409 1.0000000180025095e-35 2.251989603042603 0.99609375000000011
decision_type=2 2 2 2 2 2 2 2 2 2 2 2 2 2 2 2 2 2 2 2 2 2 2 2 2 2 2 2 2 2
left_child=1 2 17 7 5 6 -5 8 9 -2 15 -7 21 -8 20 -10 -17 22 19 28 -15 -11 23 25 -25 -1 -12 -26 -19 -30
right_child=3 -3 -4 4 -6 11 13 -9 10 12 26 -13 -14 14 -16 16 -18 18 -20 -21 -22 -23 -24 24 27 -27 -28 -29 29 -31
leaf_value=0.033614470019946524 -0.017407730475831218 -0.050026775951207997 -0.05232889579244239 0.014515347755846753 -0.0008799359732322515 0.026080468513532323 -0.045894575582662744 -0.041376206149383837 0.036812808896292563 0.016496231313014479 0.047240087390764254 0.0053165908822713388 0.011428725556889223 0.041736304624181743 -0.054444311850688036 0.0070526874345687484 -0.039852189153729907 0.027860468505948078 -0.035354908476531721 -0.042055747951075105 -0.026344858864093431 -0.040126670290297817 0.017830076206973505 -0.036786433129643831 0.0018324917002912238 -0.029071094202276073 -0.040245023101320249 -0.050927478008200383 -0.052302741247401641 0.018126869695942172
leaf_weight=0.41350574158655096 0.92820672200525844 0.71591910598715003 0.35197324944303421 1.14795952751143 2.845703889018651 3.7200423196527481 0.32532608953556508 0.30478430748220819 0.21913380375826796 0.18699922398241131 0.046946273981148923 1.3561596749220823 4.5961197271162888 0.22417536504144664 0.1144738724005947 0.54598182477545265 0.32082206997074536 0.43483449838608279 0.96977064640140664 0.22224104146760837 0.13023379386083889 0.30727273354600015 0.78051881280106261 0.59842608273945685 1.1023738213651588 0.14022107150244167 0.64597102382794347 0.13362741708916193 0.12319700614603857 0.12333674549628704
leaf_count=414 450 624726 1632 350 2264 1225 103 463 81 170 128 228 1842 64 21 1001 660 3098 26914 9565 50 486 698 6100 3610 327 3419 2579 3288 4105
internal_value=3.26001e-10 -0.0152241 -0.0106049 0.00517738 0.0104573 0.0150542 0.000733787 -0.00125068 0.000317733 0.00450682 -0.0138557 0.0205332 0.00850283 -0.0191862 -0.000655154 -0.00079921 -0.0103078 -0.00769228 -0.0190702 -0.00159322 0.0167187 -0.0187044 -0.000965411 -0.00710833 -0.014609 0.0177405 -0.0343178 -0.00387153 0.0116044 -0.017068
internal_weight=24.0763 6.10995 5.39403 17.9663 9.86407 7.01837 1.94217 8.10224 7.79745 6.0186 1.77885 5.0762 5.09039 0.794209 0.468883 1.08594 0.866804 5.04205 1.87338 0.903609 0.354409 0.494272 3.16867 2.38815 1.83443 0.553727 0.692917 1.236 0.681368 0.246534
internal_count=700061 687056 62330 13005 4305 2041 588 8700 8237 2948 5289 1453 2498 238 135 1742 1661 60698 46970 20056 114 656 13728 13030 12289 741 3547 6189 10491 7393
is_linear=0
shrinkage=0.05


Tree=147
num_leaves=31
num_cat=0
split_feature=11 4 57 6 6 14 66 58 11 54 18 34 26 56 10 34 12 7 1 69 23 36 66 3 13 18 49 6 38 38
split_gain=0.713525 0.269238 0.237078 0.27479 0.230066 0.218921 0.203386 0.188111 0.178547 0.16632 0.165855 0.163445 0.162418 0.150634 0.150117 0.145819 0.1721 0.194664 0.239812 0.191248 0.161265 0.176551 0.15735 0.145004 0.158876 0.143552 0.153343 0.140063 0.154828 0.164523
threshold=1.8208556175231936 1.0000000180025095e-35 0.52096602320671093 1.0000000180025095e-35 1.0000000180025095e-35 0.16108147054910663 4.0499999523162851 0.36298473179340368 1.0606617927551272 0.38583038747310644 0.2208625599741936 4.0216782093048105 20.779999732971195 0.63188141584396373 7.7500000000000009 4.5945892333984384 0.14642857760190967 1.0000000180025095e-35 21.500000000000004 9.4993462562561053 4.6492202281951913 0.92017701268196117 20.349999427795414 4.5000000000000009 269.15567016601568 0.38022606074810034 14.171088218688967 3.5000000000000004 0.27378191053867346 0.24122146517038348
decision_type=2 2 2 2 2 2 2 2 2 2 2 2 2 2 2 2 2 2 2 2 2 2 2 2 2 2 2 2 2 2
left_child=1 2 5 7 9 -1 -7 15 11 12 13 25 -2 -3 -9 16 -4 -18 19 -19 21 -21 -20 24 -16 26 -5 28 29 -10
right_child=4 10 3 8 -6 6 -8 14 27 -11 -12 -13 -14 -15 23 -17 17 18 22 20 -22 -23 -24 -25 -26 -27 -28 -29 -30 -31
leaf_value=0.024069647435080999 0.02776883687377963 0.021277426785591625 -0.041092314574359391 0.0040206884245070308 -0.050045912403790541 -0.0004839629649932253 -0.032808980165931055 -0.027616205182346178 -0.0070378972939785693 -0.026401885555980081 -0.049244804149584716 -0.052249498426161813 -0.045823832906920603 -0.043195914747455023 0.040246725649990114 -0.012572814852731658 0.022918627785086836 0.031614460244560619 -0.032854040553141763 -0.022104581742076121 0.04941132062365329 0.03807747047239439 0.046623453737908743 0.05061927554563507 -0.015672713456055733 -0.038169848619925062 0.025691189521152649 -0.042421239099715659 -0.012876073119493679 0.02286250006095562
leaf_weight=0.37153939583342266 0.32476381461982162 0.24108891638574803 0.12784376395120656 2.598902323253923 0.73045784440985251 0.90854973511298442 1.0478189085994882 0.4873651969178352 1.0572265931711937 1.0454619881132705 0.3876410259248253 0.11241024692591839 0.097475668910094626 0.145130625279144 0.16596580422537954 0.46016415057806614 5.0582294925372935 0.84825156722240558 0.49521329188337393 0.61785097296706226 0.13289118068496464 0.15180597479957214 0.071233722563192714 0.15662632717248925 0.54129872897601672 0.15562672607734374 1.1901740745233835 0.26480455723187279 2.6064771748792026 0.81448536816205308
leaf_count=149 4548 450 41 437 541032 1104 4182 266 1193 124192 4932 568 7129 1091 32 895 1935 253 171 98 33 39 10 33 195 98 136 1441 2866 512
internal_value=-1.56919e-10 0.00280945 0.00390532 0.00583556 -0.0271168 -0.011115 -0.017797 0.0118212 -0.000500138 -0.0157052 -0.0261399 0.00720037 0.0107797 -0.00294987 -0.00542821 0.0147481 0.0164237 0.0174206 0.00541928 0.0145684 -0.00145213 -0.0102344 -0.0228593 0.00708917 -0.00255073 0.00889449 0.0108275 -0.00708709 -0.00499771 0.00597342
internal_weight=23.4148 21.2166 20.4428 18.1148 2.19816 2.32791 1.95637 9.31474 8.80011 1.4677 0.773861 4.05711 0.422239 0.38622 1.35126 7.96348 7.50332 7.37548 2.31725 1.7508 0.902548 0.769657 0.566447 0.863891 0.707265 3.9447 3.78908 4.74299 4.47819 1.87171
internal_count=700061 23160 16687 11252 676901 5435 5286 4001 7251 135869 6473 1239 11677 1541 526 3475 2580 2539 604 423 170 137 181 260 227 671 573 6012 4571 1705
is_linear=0
shrinkage=0.05


Tree=148
num_leaves=31
num_cat=0
split_feature=10 11 2 54 29 2 37 14 10 10 69 5 10 6 58 36 36 49 18 39 12 65 17 2 12 49 49 58 2 34
split_gain=0.68399 0.284775 0.206258 0.250746 0.23673 0.33645 0.253834 0.209883 0.192485 0.195413 0.188763 0.189121 0.173577 0.14749 0.174574 0.14649 0.208677 0.230861 0.146335 0.160917 0.156575 0.220886 0.140869 0.191715 0.374881 0.192744 0.163689 0.186767 0.137409 0.168988
threshold=4.7500000000000009 3.0263158082962041 5.5000000000000009 0.1297685578465462 1.0000000180025095e-35 1.0000000180025095e-35 0.90886101126670849 0.32815524935722357 6.7500000000000009 6.2500000000000009 11.821442127227785 1.5000000000000002 4.2500000000000009 1.5000000000000002 0.10434039309620859 0.71486642956733715 0.65640783309936535 11.084769725799562 0.16512070596218112 0.00070326196146197628 0.57518798112869274 13.84999990463257 0.96150505542755138 2.5000000000000004 0.41885964572429663 14.11098098754883 16.329718589782718 0.36759978532791143 3.5000000000000004 3.0912672281265263
decision_type=2 2 2 2 2 2 2 2 2 2 2 2 2 2 2 2 2 2 2 2 2 2 2 2 2 2 2 2 2 2
left_child=1 12 3 10 5 -5 15 -8 9 28 11 13 -1 -2 -15 16 17 -6 19 -4 21 -20 23 26 -25 -26 27 -10 29 -9
right_child=2 -3 18 4 6 -7 7 8 22 -11 -12 -13 -14 14 -16 -17 -18 -19 20 -21 -22 -23 -24 24 25 -27 -28 -29 -30 -31
leaf_value=-0.0096168412002083318 0.036966992483970992 -0.050024005289200341 0.022732173129414952 0.022835389636046085 0.0062810857266268894 -0.02688897357564185 -0.032065110222977457 0.014305368407752067 0.010876056410206184 -0.0526745602952884 -0.02903553952289345 -0.017423492476767406 -0.051616764738227641 0.025830759380978976 -0.033653441231729413 -0.033911397036265202 0.036280210685653402 -0.040279618641129174 -0.037786218796544972 -0.051114260458010791 -0.036413944504918382 0.025999247445530796 0.021060063589160738 0.033829495584844514 -0.019335720584387827 0.017763669174405108 -0.031972818775675642 -0.044140565069466849 -0.020235243936006314 -0.023514109043877893
leaf_weight=2.7666195097666337 1.514577454055946 0.6411339422157053 0.43188264690664269 0.45801207451310588 0.65668805366215 1.3224389257742357 0.31378662208135111 1.6705626808659411 1.1374854005145492 0.17757382510194464 0.18156024812913063 0.24762455111294901 0.27000827756435253 0.39358959891342227 0.17963853820583608 0.52785768216455142 0.2722216753458041 0.44774843057504654 0.23681619993220671 0.088966841764303695 0.73520555041323021 0.3179587680551208 3.4061863169196442 1.4189358979428734 0.77390384657331857 0.63930180790623581 0.4347290392341846 0.17846151524963705 0.5663476285041894 0.35880981449707849
leaf_count=56643 649 624450 564 469 486 2088 71 398 469 274 67 79 2047 70 89 352 207 1347 92 127 5547 270 816 581 288 213 140 72 566 530
internal_value=2.30435e-10 -0.0197444 0.00380406 0.00548664 0.00299938 -0.0140976 0.00534445 0.00824377 0.00941902 -0.00193015 0.0200734 0.0238912 -0.0133514 0.0287913 0.00718957 -0.0115171 -0.0029304 -0.012595 -0.0122503 0.0101184 -0.0212821 -0.00122879 0.0133588 0.00763476 0.0156751 -0.00255281 -0.00537252 0.003415 0.00154128 0.00761857
internal_weight=22.7666 3.67776 19.0889 17.278 14.7611 1.78045 12.9806 11.0761 10.7623 2.77329 2.51699 2.33543 3.03663 2.08781 0.573228 1.90452 1.37666 1.10444 1.81083 0.520849 1.28998 0.554775 7.989 4.58282 2.83214 1.41321 1.75068 1.31595 2.59572 2.02937
internal_count=700061 683140 16921 10321 9367 2557 6810 4418 4347 1768 954 887 58690 808 159 2392 2040 1833 6600 691 5909 362 2579 1763 1082 501 681 541 1494 928
is_linear=0
shrinkage=0.05


Tree=149
num_leaves=31
num_cat=0
split_feature=10 11 10 17 5 6 7 13 12 58 54 11 43 65 54 6 13 38 34 23 38 14 3 22 12 42 54 16 29 34
split_gain=0.650652 0.336724 0.231827 0.216009 0.149337 0.186148 0.140776 0.144582 0.142562 0.190476 0.214269 0.149152 0.141908 0.134165 0.157966 0.163421 0.129355 0.147779 0.15944 0.127542 0.122927 0.147121 0.140886 0.1726 0.151421 0.133614 0.148321 0.128086 0.17436 0.131754
threshold=5.7500000000000009 3.0263158082962041 5.2500000000000009 0.91875183582305919 1.0000000180025095e-35 1.0000000180025095e-35 1.5000000000000002 372.24038696289068 0.67543861269950878 0.12199011817574502 1.272581219673157 1.431677043437958 4.7578821182250985 12.050000190734865 0.40498395264148718 1.0000000180025095e-35 356.21080017089849 0.3772903978824616 0.74050414562225353 2.8375828266143803 0.4045883715152741 2.7830677032470708 1.5000000000000002 8.8323402451351299e-05 0.50999999046325695 0.00082667823880910884 1.0966277122497561 0.93775120377540599 13.915739059448244 0.13382896780967715
decision_type=2 2 2 2 2 2 2 2 2 2 2 2 2 2 2 2 2 2 2 2 2 2 2 2 2 2 2 2 2 2
left_child=1 2 13 4 5 -2 8 -8 11 10 19 20 -11 14 -1 -16 -7 18 -18 -10 22 -22 23 24 -5 27 -27 -24 29 -29
right_child=3 -3 -4 6 -6 16 7 -9 9 12 -12 -13 -14 -15 15 -17 17 -19 -20 -21 21 -23 25 -25 -26 26 -28 28 -30 -31
leaf_value=0.019232196664681723 0.0077832241772534437 -0.05002321493627826 -0.052152112587596978 0.0061570319656601806 -0.018288481615734525 -0.025222388598845603 0.047419119387511588 -0.04561498815607086 -0.023043163421548659 -0.030922430753927161 -0.053504724413393115 -0.010256316024730285 0.00443525207740335 -0.015866208330111882 -0.001823846257199038 -0.05055294372725793 -0.027338852614696568 -0.050285125403913548 0.041560163144718158 0.039411410498608523 0.011617185493433754 -0.027074697335164696 0.029370401785144634 0.04915462484234176 -0.036387656935041847 0.043475826380789784 -0.02777481171964721 0.023176878255427292 0.045387113811346122 -0.010453244888433535
leaf_weight=0.78415529834359921 3.3135061413913887 0.60663828688890387 0.31324063762320964 1.2162404407317753 1.2196900388079681 0.90238851580674839 0.052185298972518335 0.20906096381889938 0.097776500829014235 0.62990194575972658 0.09022315732977404 0.64557684653419745 0.51643893855380441 2.3982117852710489 1.2067387570167936 0.20066799547412362 0.12175097999380569 0.091824629821797288 0.27056862284815963 0.49859374051008842 0.79237886132705149 0.35609112392484121 3.2005786198336068 0.19283471674953023 0.252570409179384 0.10146835425621237 0.26070951927658825 0.48972099063030305 0.30676960302753276 0.71857013051632634
leaf_count=2053 2990 624726 1632 319 1802 2197 43 78 124 1103 303 428 538 43916 3947 10782 29 505 169 217 368 273 996 36 120 29 48 67 54 169
internal_value=6.63427e-11 -0.0148824 -0.0105345 0.00495527 -0.00269911 0.00134644 0.00921883 -0.0270309 0.0101324 -0.00251931 0.0183075 0.0128499 -0.0149934 -0.00769423 0.00124832 -0.00877164 -0.0140361 0.00681394 0.0201783 0.0291718 0.0147409 -0.000379502 0.0173176 0.00468012 -0.00115877 0.0214531 -0.00781311 0.0237008 0.0117238 0.00317706
internal_weight=22.0571 5.50965 4.90301 16.5474 5.91973 4.70004 10.6277 0.261246 10.3664 1.83293 0.686593 8.53351 1.14634 4.58977 2.19156 1.40741 1.38653 0.484144 0.39232 0.59637 7.88793 1.14847 6.73946 1.66165 1.46881 5.07782 0.362178 4.71564 1.51506 1.20829
internal_count=700061 687056 62330 13005 7692 5890 5313 121 5192 2285 644 2907 1641 60698 16782 14729 2900 703 198 341 2479 641 1838 475 439 1363 77 1286 290 236
is_linear=0
shrinkage=0.05


Tree=150
num_leaves=31
num_cat=0
split_feature=12 11 7 16 69 6 2 29 54 67 54 34 4 6 16 37 2 1 36 43 43 3 3 2 46 12 0 27 63 47
split_gain=0.617293 0.341622 0.207171 0.197345 0.257139 0.189136 0.204603 0.173966 0.348883 0.169732 0.160652 0.158846 0.157559 0.15609 0.142532 0.135373 0.13358 0.132021 0.130882 0.130123 0.13098 0.126253 0.123804 0.155475 0.175777 0.147655 0.134612 0.127966 0.14932 0.13977
threshold=1.1715686321258547 1.2649122476577761 1.0000000180025095e-35 0.48908095061779028 8.3225159645080584 1.0000000180025095e-35 1.0000000180025095e-35 1.0000000180025095e-35 0.19181560724973681 30.60000038146973 5.7177672386169442 4.0216782093048105 1.0000000180025095e-35 1.0000000180025095e-35 0.77922073006629955 0.9132884442806245 1.0000000180025095e-35 11.500000000000002 0.8893263339996339 3.8606742620468144 3.3497501611709599 5.5000000000000009 2.5000000000000004 2.5000000000000004 39.800001144409187 0.57518798112869274 7.5000000000000009 46.81428527832032 2.8617925643920903 55.850000381469734
decision_type=2 2 2 2 2 2 2 2 2 2 2 2 2 2 2 2 2 2 2 2 2 2 2 2 2 2 2 2 2 2
left_child=1 3 10 4 17 6 -5 8 9 -8 13 15 14 22 19 -7 -2 -1 -4 20 -9 -17 23 -3 26 -26 -25 28 -24 -29
right_child=16 2 18 5 -6 11 7 12 -10 -11 -12 -13 -14 -15 -16 21 -18 -19 -20 -21 -22 -23 27 24 25 -27 -28 29 -30 -31
leaf_value=-0.016726249757969571 -0.0037521061668986107 -0.027928228829729021 -0.041367836386318642 0.044395155426387695 -0.034540162577727372 -0.030524979119393558 0.02958096321028127 0.030412292850001212 -0.036118164898955051 -0.052801636613407511 -0.046899826360240746 -0.047185836914037313 -0.050901021684657856 -0.012463824163095511 0.031863539808477052 0.0072555680820736495 -0.046738007613719955 0.020185916941168738 -0.0084114635950273877 0.017915064847789833 -0.027695630969630465 -0.041754866886060282 0.0012003676513302707 0.070456303530593664 0.031640205030765124 -0.021842513772702361 -0.03720527876737275 0.070322136912684755 0.029108714630498769 -0.022596387766557761
leaf_weight=0.39157367339269444 0.23157321654199037 0.55081941151199165 0.62776025453392026 0.56726179776648944 0.62642072089488454 0.26508818676040835 0.55090252580885113 0.13452573810263979 0.49229679036702123 0.070526055584196001 0.20108787914440718 0.15334565466789474 0.081448354007534252 2.1086420356378843 1.4055086485427635 5.3688066660782283 0.82315857549408822 0.63517377978092782 0.57923118260986328 1.7216717236913153 0.34745167852111081 0.13470003896190963 0.84555383447844557 0.032369551627304594 0.53868414141033583 0.16970711667518135 0.28172883486032063 0.045154836853971037 1.1064302535067474 0.39020888387065078
leaf_count=584 65203 3251 17278 151 1065 207 264 43 363 9 14965 1342 198 21105 455 1155 548019 684 15954 574 90 46 1557 121 574 1304 613 15 1730 1142
internal_value=-7.0562e-10 0.00192624 -0.00658272 0.0068406 -0.00929407 0.00920242 0.0159964 0.0126432 -0.00467666 0.0202313 -0.00293128 0.00303985 0.0178699 -0.00147451 0.0194219 0.00437499 -0.0373002 0.00610862 -0.0255522 0.0114865 -0.011477 0.00605602 0.00437616 -0.00651323 0.00502312 0.0188275 -0.0261102 0.0115525 0.0170195 -0.0129591
internal_weight=21.4788 20.4241 7.47738 12.9467 1.65317 11.2935 5.37159 4.80433 1.11373 0.621429 6.27039 5.92194 3.69061 6.0693 3.60916 5.76859 1.05473 1.02675 1.20699 2.20365 0.481977 5.50351 3.96066 1.57331 1.02249 0.708391 0.314098 2.38735 1.95198 0.435364
internal_count=700061 86839 79609 7230 2333 4897 2147 1996 636 273 46377 2750 1360 31412 1162 1408 613222 1268 33232 707 133 1201 10307 5863 2612 1878 734 4444 3287 1157
is_linear=0
shrinkage=0.05


Tree=151
num_leaves=31
num_cat=0
split_feature=10 10 17 6 12 10 43 11 34 39 17 69 3 5 3 13 0 2 58 19 10 10 47 12 12 4 37 17 38 12
split_gain=0.599042 0.247496 0.181002 0.180177 0.162821 0.155831 0.122644 0.120855 0.1301 0.122198 0.120737 0.131158 0.138591 0.120966 0.112203 0.129668 0.147601 0.109965 0.190579 0.139749 0.104054 0.14316 0.139812 0.12264 0.183074 0.102208 0.104806 0.100826 0.100584 0.241867
threshold=4.7500000000000009 -1.0000000180025095e-35 0.92768082022666942 1.0000000180025095e-35 0.80476191639900219 4.2500000000000009 2.0126758217811589 1.0606617927551272 4.0216782093048105 0.0064303956460207709 0.36424857378005987 4.5839977264404306 3.5000000000000004 1.5000000000000002 1.5000000000000002 223.06401062011722 10.500000000000002 5.5000000000000009 0.12830800563097003 0.00013115518959239128 11.250000000000002 10.750000000000002 26.649999618530277 0.44722221791744238 0.33809524774551397 1.0000000180025095e-35 0.67571654915809642 0.68803378939628612 0.27539521455764776 0.47213622927665716
decision_type=2 2 2 2 2 2 2 2 2 2 2 2 2 2 2 2 2 2 2 2 2 2 2 2 2 2 2 2 2 2
left_child=1 -1 4 17 10 14 -6 8 20 28 11 12 -2 25 -3 -16 -17 -4 19 -19 21 22 -5 24 -22 26 -12 -28 -9 -30
right_child=2 5 3 7 6 -7 -8 9 -10 -11 13 -13 -14 -15 15 16 -18 18 -20 -21 23 -23 -24 -25 -26 -27 27 -29 29 -31
leaf_value=-0.050007066515939474 -0.031435203694369175 -0.029640548045518095 0.017722619116505158 -0.027852505881298392 0.039657556120935217 -0.051504283423831412 -0.051755328337092947 0.006949888714809351 -0.052425957531259282 -0.035098036225918693 0.030181062529275327 -0.047340965045296592 0.049128452336526372 -0.041423272437544373 0.021481742265526967 -0.039096443422966684 -0.0025382918469091698 0.035103642547010976 -0.031694561204630288 -0.050242851163487173 -0.027881328514088151 0.048976408321666831 0.017501497044976361 -0.022066654849219956 0.038735111084365267 -0.039056605821596702 -0.021533106262292302 0.0036309483831959422 0.012980976493390743 -0.02952125250647384
leaf_weight=0.54971808781630338 0.11972858605850412 0.55381850200630189 4.2438234415607763 0.19437277586780588 0.042758937258785212 0.24414081789343267 0.25859980235613556 1.5900656814165763 0.082468067910511311 0.29996014561969975 0.33908255976146495 0.28064945039763245 0.096333820300060324 0.1639667569514528 0.39439942816786233 0.35272815149639303 1.2708642070210272 0.2977155402418673 0.32376035290985783 0.057175494184946274 0.15913024658948405 0.31102150017886732 1.3509242230365996 0.42713464408507207 0.29309031967568444 0.14649672726393692 0.43549029675412487 4.6313878281012819 0.58040641107714896 0.79078903823250712
leaf_count=641957 402 13883 1970 60 86 2223 3985 1340 347 420 272 999 32 256 670 18441 5966 178 610 42 30 41 272 104 45 1228 738 2023 208 1233
internal_value=-3.76319e-10 -0.0193196 0.00371216 0.00762325 -0.00289299 -0.0133289 -0.038785 0.00186554 0.00944926 -0.00468784 -0.0011521 -0.0247974 0.004485 0.000902494 -0.00970497 -0.00423384 -0.0104806 0.0147341 -0.00395373 0.0213537 0.0113145 0.0180261 0.0117967 -0.00285358 0.0152937 0.00215239 0.00326912 0.00146814 -0.00160744 -0.0115307
internal_weight=20.882 3.36567 17.5163 11.0018 6.51449 2.81595 0.301359 6.07936 2.81814 3.26122 6.21314 0.496712 0.216062 5.71642 2.57181 2.01799 1.62359 4.92247 0.678651 0.354891 2.73567 1.85632 1.5453 0.879355 0.452221 5.55246 5.40596 5.06688 2.96126 1.3712
internal_count=700061 683140 16921 6900 10021 41183 4071 4100 899 3201 5950 1433 434 4517 38960 25077 24407 2800 830 220 552 373 332 179 75 4261 3033 2761 2781 1441
is_linear=0
shrinkage=0.05


Tree=152
num_leaves=31
num_cat=0
split_feature=11 17 6 6 3 58 11 63 16 38 16 23 43 46 3 18 32 54 34 3 4 14 18 16 54 10 26 34 34 14
split_gain=0.572206 0.239147 0.226197 0.184637 0.147897 0.142 0.145503 0.138165 0.154694 0.129321 0.130818 0.139094 0.160402 0.122741 0.13164 0.121526 0.283313 0.410763 0.141091 0.240336 0.130014 0.120083 0.119213 0.159044 0.130708 0.115197 0.113326 0.112656 0.111538 0.123232
threshold=1.8208556175231936 0.83183515071868908 1.0000000180025095e-35 1.0000000180025095e-35 1.0000000180025095e-35 0.30958321690559393 1.0606617927551272 1.7005987167358401 1.0000000180025095e-35 0.37540295720100408 0.79901155829429638 3.78852391242981 3.7256208658218388 27.900000572204593 1.5000000000000002 0.189234733581543 0.9961538314819337 0.48950026929378515 0.37185843288898474 4.5000000000000009 1.0000000180025095e-35 4.4788663387298593 0.28443659842014318 0.71748292446136486 6.227933645248414 2.2500000000000004 19.927970886230472 3.7504276037216191 4.0216782093048105 2.2443623542785649
decision_type=2 2 2 2 2 2 2 2 2 2 2 2 2 2 2 2 2 2 2 2 2 2 2 2 2 2 2 2 2 2
left_child=1 4 15 7 -1 6 28 25 -9 10 26 12 -12 21 -15 27 18 -18 19 -17 22 -6 23 -20 -24 -2 -8 -3 29 -4
right_child=3 2 5 -5 13 -7 9 8 -10 -11 11 -13 -14 14 -16 16 17 -19 20 -21 -22 -23 24 -25 -26 -27 -28 -29 -30 -31
leaf_value=-0.039188783671140787 0.030711611617936247 0.027735277542002081 0.0041712405626726868 -0.050043873410858287 0.0089590386197698126 -0.025058392013187904 -0.040752035549921135 -0.3519379585628617 -0.023337759495311517 -0.033224314550514347 -0.016719032701264572 -0.015183538016403368 0.022911923627013164 -0.042774228419834234 -0.0076083284684879907 -0.034856938797229481 0.033071942349148238 -0.044643604089383254 -0.0041088238434068263 0.040346755198285546 -0.037195798913900895 -0.041860002638045665 0.012709729354827651 0.037301751717588434 -0.052044860932526242 -0.053329727748913203 0.028036482231673487 -0.037460929269482794 -0.051906479748459022 0.026305697239759358
leaf_weight=0.37345297746800499 0.22513614525081482 1.3509733753048747 2.2075218648550399 0.57420230123993476 1.3283998894717117 0.56091510974961512 0.06815978679557666 0.0035944733176654911 1.0004943523978864 0.37823679159542667 0.41736289451472453 1.8094219991606495 0.65759412630553982 0.3492771982656605 1.117842871197382 0.36002496714127108 0.24985598041985202 0.53215842413388259 0.29400573478505965 0.15071055408043321 0.1167994525298538 0.12739140424574191 3.3780822608730436 1.0970160374923805 0.079769664896048087 0.049793572685562282 0.49252521082658518 0.069677262232857973 0.073355938097861784 0.87928415475400346
leaf_count=3899 14095 609 467 541032 783 1103 263 302 120940 1550 816 2286 1315 1535 2593 91 195 598 133 41 548 760 1525 425 294 532 657 89 423 162
internal_value=-9.33321e-10 0.00265072 0.00529462 -0.0264895 -0.00955949 -0.000854306 0.00108978 -0.0159149 -0.0245141 -0.00547177 -0.00242479 -0.00672054 0.00752481 -0.00577383 -0.0159803 0.0113357 0.00833886 -0.0198133 0.0123589 -0.0126654 0.0149327 0.00451204 0.0161884 0.0285492 0.0112159 0.0154906 0.0196742 0.0245377 0.00902822 0.0104763
internal_weight=20.373 18.5198 15.2235 1.85322 3.29636 7.54438 6.98346 1.27902 1.00409 3.8233 3.44506 2.88438 1.07496 2.92291 1.46712 7.67907 6.25842 0.782014 5.47641 0.510736 4.96567 1.45579 4.84887 1.39102 3.45785 0.27493 0.560685 1.42065 3.16016 3.08681
internal_count=700061 23160 13590 676901 9570 9042 7939 135869 121242 6887 5337 4417 2131 5671 4128 4548 3850 793 3057 132 2925 1543 2377 558 1819 14627 920 698 1052 629
is_linear=0
shrinkage=0.05


Tree=153
num_leaves=31
num_cat=0
split_feature=10 10 10 10 10 10 1 10 10 10 10 10 10 13 17 14 10 34 14 6 58 10 14 13 3 14 6 12 2 27
split_gain=0.549659 0.224106 0.174533 0.555501 0.223413 0.488232 0.231658 0.166959 0.521539 0.200948 0.267572 0.146146 0.44452 0.184538 0.189807 0.153436 0.212913 0.162465 0.182925 0.158745 0.184485 0.140954 0.140233 0.13452 0.128857 0.236027 0.128805 0.11721 0.116686 0.116636
threshold=4.7500000000000009 -1.0000000180025095e-35 9.7500000000000018 9.2500000000000018 10.250000000000002 10.750000000000002 8.5000000000000018 8.7500000000000018 8.2500000000000018 7.7500000000000009 7.2500000000000009 11.250000000000002 11.750000000000002 464.08660888671881 0.70470416545867931 0.8744637966156007 14.250000000000002 1.8689626455307009 3.785109400749207 1.5000000000000002 0.070108741521835341 4.2500000000000009 3.785109400749207 359.19441223144537 3.5000000000000004 1.6402013301849367 3.5000000000000004 0.67543861269950878 6.5000000000000009 46.946666717529304
decision_type=2 2 2 2 2 2 2 2 2 2 2 2 2 2 2 2 2 2 2 2 2 2 2 2 2 2 2 2 2 2
left_child=1 -1 3 7 22 -6 -7 8 9 10 -2 13 -13 14 -8 28 17 29 19 20 -19 -3 23 -4 25 -25 -11 -9 -14 -17
right_child=2 21 4 -5 5 6 11 27 -10 26 -12 12 15 -15 -16 16 -18 18 -20 -21 -22 -23 -24 24 -26 -27 -28 -29 -30 -31
leaf_value=-0.050006720684769669 -2.3419764623692755e-05 -0.0098981626811436955 0.040484663432060773 -0.053974882568483179 -0.05313255760279248 -0.041894548907968836 -0.031492114874063816 0.019409775417064182 -0.053018969006370389 0.02027679639843347 -0.052402583845874623 -0.053642850841308001 0.028061973899867223 -0.049314674897796729 0.039419829235690346 0.0092983179641903616 -0.035377168545197277 -0.047229350430604361 -0.046910837867641733 -0.02144041489915232 0.040885185263254888 -0.051403187380482218 -0.048386010061581053 -0.0497473285200856 0.036561118126481766 0.033523343516998455 -0.046898815400812754 -0.044504097470260524 -0.013536191398483145 -0.045079532316505043
leaf_weight=0.49581894563104478 5.2497727971721115 2.432697500283846 0.95734180456207585 0.46581528073004186 0.3412489569989815 0.21642467146806854 0.10494861080607598 1.5614454093132506 0.45529040859611836 1.6066877640914468 0.25569167282030836 0.2864140293051779 1.3470147695898051 0.074259228913035602 0.93579209114648165 0.19569976105628928 0.32351339095339415 0.064312043821246112 0.095069717713670343 0.15146172434128857 0.77817619207411326 0.2233380160897126 0.061118424386826464 0.17800445758666683 0.26456183735660943 0.16304260387619252 0.074675918950703024 0.075185987874291871 0.19269909985121092 0.19877270859608132
leaf_count=641957 8213 38960 345 563 427 712 102 705 712 1120 967 221 350 27 368 70 402 11 369 50 229 2223 274 54 68 52 76 312 85 37
internal_value=6.26402e-10 -0.0191487 0.00361954 -0.000694307 0.00968553 0.0047186 0.00869512 0.0019805 -0.00112333 0.00216429 -0.00245608 0.011001 0.00614147 0.0268356 0.032269 0.0112578 0.00137541 0.00939025 0.0193488 0.0256865 0.0341589 -0.0133882 0.0259124 0.0288178 0.010375 -0.00993855 0.0172933 0.0164736 0.0228559 -0.0181024
internal_weight=19.8263 3.15185 16.6744 9.74457 6.92988 5.30581 4.96456 9.27875 7.64212 7.18683 5.50546 4.74813 3.63313 1.115 1.04074 3.34672 1.80701 1.48349 1.08902 0.99395 0.842488 2.65604 1.62407 1.56295 0.605609 0.341047 1.68136 1.63663 1.53971 0.394472
internal_count=700061 683140 16921 12668 4253 3460 3033 12105 11088 10376 9180 2321 1824 497 470 1603 1168 766 659 290 240 41183 793 519 174 106 1196 1017 435 107
is_linear=0
shrinkage=0.05


Tree=154
num_leaves=31
num_cat=0
split_feature=10 11 10 4 17 5 2 43 6 10 1 10 12 67 16 57 26 58 7 63 14 0 14 13 3 69 58 49 65 54
split_gain=0.512838 0.265783 0.203562 0.179539 0.172957 0.19209 0.150494 0.200677 0.14234 0.139502 0.209048 0.203555 0.132412 0.124219 0.177327 0.117822 0.204772 0.129009 0.137152 0.144718 0.136592 0.127592 0.117386 0.13084 0.15201 0.11623 0.115039 0.151444 0.110865 0.132231
threshold=5.7500000000000009 3.0263158082962041 5.2500000000000009 1.0000000180025095e-35 0.96069067716598522 1.0000000180025095e-35 3.5000000000000004 2.8029010295867924 1.5000000000000002 8.7500000000000018 8.5000000000000018 8.2500000000000018 0.62828946113586437 30.60000038146973 0.81329199671745311 0.56373006105422985 30.230147361755375 0.24804550409317019 1.0000000180025095e-35 3.0201274156570439 2.4188903570175175 17.500000000000004 2.7830677032470708 359.19441223144537 1.5000000000000002 12.201568603515627 0.15633269399404529 13.886727333068849 12.050000190734865 0.36689652502536779
decision_type=2 2 2 2 2 2 2 2 2 2 2 2 2 2 2 2 2 2 2 2 2 2 2 2 2 2 2 2 2 2
left_child=1 2 28 4 5 9 8 -8 -6 11 -11 -2 15 14 -10 16 -12 20 -19 -20 25 -21 23 24 -7 -17 27 -16 29 -1
right_child=3 -3 -4 -5 6 22 7 -9 13 10 12 -13 -14 -15 26 17 -18 18 19 21 -22 -23 -24 -25 -26 -27 -28 -29 -30 -31
leaf_value=0.019316704421621998 -0.0003242414044503093 -0.050020434448372487 -0.051954797469271709 -0.027628863657048888 0.026369229856390248 -0.021578611112592738 -0.043481511960316056 0.0068564170981122085 0.044823046567562287 -0.040757351938140007 0.019579109399067339 -0.052823545155576059 -0.045631614004554982 0.027509705189100571 -0.016207646839789092 0.027526585219581973 -0.038307538031873721 0.034626685553269254 -0.053027347104054795 0.051177035363963508 -0.021506703318241276 -0.0078612442179306664 -0.042995280022695613 -0.028371493634922036 0.01987929676909362 -0.024922897883713335 -0.036438730009874756 0.044662065835490296 -0.015411378900434631 -0.0083007623036312032
leaf_weight=0.66125489042349617 1.8657565738522666 0.46742821383227795 0.27476290013591143 0.416261142013158 2.2124914688013182 0.3709632753114247 0.2154418499586942 2.4444006570471402 0.15586349517445774 0.18827392337415849 0.36242309242504767 0.20491369881773369 0.092919547184948104 0.46044005724901638 0.34254127720191718 0.55423268362301337 0.26410776869059305 1.4116755891849377 0.091489514614749967 0.15860244507985044 0.33308461859434146 0.21635794877238368 0.29127201050926022 0.51412145450788671 0.54732443739499104 0.13049779546190621 0.32510491249118445 0.14562970125916763 2.0994387502904184 1.2578968736553369
leaf_count=1912 2164 624726 1632 3620 714 211 129 1467 45 603 255 281 350 68 89 198 440 531 18 30 118 39 1031 256 186 46 100 16 43916 14870
internal_value=1.06955e-10 -0.0142161 -0.010318 0.00472749 0.00569647 0.000616998 0.0118206 0.00277915 0.0184237 0.00492347 0.0106085 -0.00551958 0.0132835 0.00612682 -0.00403224 0.0148376 -0.00482242 0.019091 0.0268598 0.00335409 0.00475548 0.017111 -0.0140595 -0.00817563 0.00313143 0.0175306 -0.0133953 0.00195082 -0.00747115 0.001215
internal_weight=19.077 4.76078 4.29335 14.3162 13.8999 7.59802 6.30191 2.65984 3.64207 5.87434 3.80366 2.07067 3.61539 1.42958 0.969139 3.52247 0.626531 2.89594 1.87813 0.46645 1.01782 0.37496 1.72368 1.43241 0.918288 0.68473 0.813276 0.488171 4.01859 1.91915
internal_count=700061 687056 62330 13005 9385 6757 2628 1596 1032 5073 2628 2445 2025 318 250 1675 695 980 618 87 362 69 1684 653 397 244 205 105 60698 16782
is_linear=0
shrinkage=0.05


Tree=155
num_leaves=31
num_cat=0
split_feature=10 10 14 29 69 32 37 3 16 34 6 36 1 12 10 0 14 54 45 17 57 13 58 3 16 38 54 13 3 58
split_gain=0.495292 0.205162 0.159892 0.323349 0.281759 0.231053 0.213121 0.179882 0.148979 0.143503 0.140435 0.170477 0.137167 0.135095 0.130666 0.123568 0.151027 0.131584 0.122135 0.111444 0.144534 0.11204 0.105429 0.151476 0.120512 0.103751 0.103129 0.122803 0.115161 0.130053
threshold=4.7500000000000009 -1.0000000180025095e-35 0.16108147054910663 1.0000000180025095e-35 11.412142753601076 0.9961538314819337 0.90322315692901622 3.5000000000000004 0.93713945150375377 4.5132474899292001 1.0000000180025095e-35 0.9260777235031129 21.500000000000004 0.55902779102325451 4.2500000000000009 12.500000000000002 2.2443623542785649 2.7118368148803715 39.95000076293946 0.97592866420745861 0.94956496357917797 325.12301635742193 0.10434039309620859 5.5000000000000009 0.96653643250465404 0.48596633970737463 6.0869562625885019 289.13487243652349 2.5000000000000004 0.1980405077338219
decision_type=2 2 2 2 2 2 2 2 2 2 2 2 2 2 2 2 2 2 2 2 2 2 2 2 2 2 2 2 2 2
left_child=1 -1 4 5 8 7 -5 -4 -2 10 11 19 15 -9 26 16 -12 -18 -11 20 21 25 24 -24 -10 -8 27 -3 -29 -30
right_child=2 14 3 6 -6 -7 9 13 22 18 12 -13 -14 -15 -16 -17 17 -19 -20 -21 -22 -23 23 -25 -26 -27 -28 28 29 -31
leaf_value=-0.050006199036995047 0.033231807574852827 0.005506150843424179 -0.020287254603198301 -0.012487117347009762 -0.048690983474298871 -0.047351616783767342 0.022807754694733406 0.046531220287866271 -0.03215868856588696 0.0052613592847142688 -0.024622827967946292 0.029631494665418895 -0.019033125846496479 -0.012588112981414219 -0.05134123565761517 0.010095322577684177 0.031566846832021295 -0.052200577444380697 -0.046472597864655601 0.031989706121638692 -0.032079829653946561 -0.0039595927530773328 -0.051513891200642092 0.046058816321255039 0.027014625298355549 -0.019821436497095737 -0.049922641682677668 -0.039868233307032375 -0.037071129950387402 0.0072812324874767355
leaf_weight=0.44352215894274971 1.1419850431385037 1.0303849466787594 0.81727325995436106 1.5866399537215912 0.15325533286828363 0.49886703598678384 1.2077456239891815 0.22258165141192876 0.1058761986345188 0.23195667031357281 0.62225396579965764 1.3790806795667405 0.62498126641681029 0.17077128062565805 0.20600546793552243 3.6651209952337922 0.27360346917293032 0.056574013615033891 0.22450339500916172 0.43386678233218834 0.24321311420953851 1.0464859612271196 0.15149134271144504 0.053939315363095375 0.45935225765356336 0.16185994742343712 0.14997198383155375 0.40148170049985032 0.24206502655797379 0.52107483397467647
leaf_count=641957 645 6641 1311 4009 88 2749 563 94 52 443 608 687 319 255 2223 764 198 236 2706 118 83 674 81 12 142 84 10853 10810 7467 3189
internal_value=-1.9143e-10 -0.0186191 0.00358938 0.00160254 0.0165414 -0.0187161 0.00455669 -0.00691619 0.0217683 0.0072154 0.00850276 0.0150115 0.00295033 0.020865 -0.013162 0.00592576 -0.0101194 0.0172138 -0.0201833 0.00849324 0.00465978 0.00835813 0.00478144 -0.0258945 0.0159305 0.0177698 -0.00980796 -0.00706716 -0.0181913 -0.00678717
internal_weight=18.5278 2.99451 15.5333 13.4674 2.0659 1.70949 11.7579 1.21063 1.91264 10.1712 9.71479 4.47225 5.24253 0.393353 2.55098 4.61755 0.952431 0.330177 0.45646 3.09317 2.6593 2.41609 0.770659 0.205431 0.565228 1.36961 2.34498 2.19501 1.16462 0.76314
internal_count=700061 683140 16921 15901 1020 4409 11492 1660 932 7483 4334 2209 2125 349 41183 1806 1042 434 3149 1522 1404 1321 287 93 194 647 38960 28107 21466 10656
is_linear=0
shrinkage=0.05


Tree=156
num_leaves=31
num_cat=0
split_feature=10 4 54 10 10 10 10 1 2 10 10 0 12 26 10 10 14 32 16 14 13 17 6 18 56 14 10 10 10 19
split_gain=0.470849 0.239535 0.175352 0.165307 0.455953 0.193817 0.42912 0.184364 0.160933 0.152703 0.226304 0.1455 0.13324 0.133097 0.124219 0.380895 0.154839 0.160815 0.161363 0.153209 0.144232 0.167552 0.12915 0.122597 0.120397 0.12038 0.120562 0.116716 0.319681 0.159738
threshold=2.7500000000000004 1.0000000180025095e-35 0.31153599917888647 9.7500000000000018 9.2500000000000018 10.250000000000002 10.750000000000002 8.5000000000000018 5.5000000000000009 7.7500000000000009 7.2500000000000009 17.500000000000004 0.54006412625312816 20.64777755737305 11.250000000000002 11.750000000000002 0.8744637966156007 0.74456521868705761 0.5955328941345216 1.0961605310440066 464.08660888671881 0.70470416545867931 1.5000000000000002 0.2208625599741936 0.63188141584396373 3.785109400749207 13.250000000000002 6.7500000000000009 6.2500000000000009 0.013748284429311754
decision_type=2 2 2 2 2 2 2 2 2 2 2 2 2 2 2 2 2 2 2 2 2 2 2 2 2 2 2 2 2 2
left_child=2 3 13 4 8 12 -7 -8 9 10 27 -11 -5 -1 20 -16 -17 18 -18 -20 21 -9 25 24 -3 26 -21 28 -2 -29
right_child=1 23 -4 5 -6 6 7 14 -10 11 -12 -13 -14 -15 15 16 17 -19 19 22 -22 -23 -24 -25 -26 -27 -28 29 -30 -31
leaf_value=0.0214023825732545 0.0005765649676090775 0.018645082159539913 -0.036847459762158238 0.035138151495778494 -0.053680412642219372 -0.052965224469159501 -0.039245201002351959 -0.03039935605849502 -0.024183165611938701 0.017795950764949151 -0.052305202854581047 -0.010221441173711709 -0.00080440942231894724 -0.048650583897466189 -0.053443527287236919 0.024141811164735308 -0.033654524891936363 -0.038321973336374937 -0.053905788032793944 0.049849650268080831 -0.048223646223936628 0.039038745376395491 -0.020769282113604182 -0.049202912916158012 -0.043784722790949387 -0.034948825740566625 0.010661962456967586 0.020647894146603663 -0.052861995816286006 -0.047302074131012846
leaf_weight=0.26473120607417433 4.2520748109575326 0.19808850966345204 1.1157857277802343 1.0647134820810595 0.38503827209112351 0.29651698139826965 0.18755539706840796 0.097033474370959882 0.55988155119951422 2.4730237984400678 0.20930313415857416 0.5702422691614969 0.34024202480728849 0.091149203175965532 0.2438580876239772 1.3298344953222456 0.20146011806386344 0.22393424096389924 0.075256834605170186 0.4600522596306289 0.059998495838954113 0.8298232697130743 0.16374193017759353 0.32296710623318603 0.12657445512374821 0.070648455042714886 0.34230226561885502 1.0390102807554056 0.2995822475510862 0.094344585280964455
leaf_count=23590 5584 637 608619 427 370 292 533 69 6560 1021 363 431 201 39886 158 364 345 177 15 133 21 332 55 6886 1804 88 55 543 458 44
internal_value=-4.29198e-11 0.00241462 -0.0271002 0.003631 -0.000340955 0.0101874 0.00520582 0.00923072 0.00182149 0.00345051 -0.00124559 0.0125461 0.0264338 0.0034602 0.0114494 0.0065465 0.0116486 0.000842171 0.00751933 0.0149788 0.0269058 0.0317692 0.019979 -0.0273915 -0.00569406 0.0276219 0.0331313 0.000634258 -0.00294067 0.0149915
internal_weight=17.9888 16.5171 1.47167 15.8695 9.8825 5.98697 4.58202 4.2855 9.49746 8.93758 5.89432 3.04327 1.40496 0.35588 4.09794 3.11109 2.86723 1.5374 1.31346 1.112 0.986855 0.926857 1.03674 0.64763 0.324663 0.873003 0.802355 5.68501 4.55166 1.13335
internal_count=700061 27966 672095 18639 15374 3265 2637 2345 15004 8444 6992 1452 628 63476 1812 1390 1232 868 691 346 422 401 331 9327 2441 276 188 6629 6042 587
is_linear=0
shrinkage=0.05


Tree=157
num_leaves=31
num_cat=0
split_feature=11 17 6 6 46 3 58 1 16 12 24 38 34 49 58 34 24 1 54 14 49 29 6 4 17 23 3 1 14 0
split_gain=0.44411 0.202336 0.202584 0.154838 0.129758 0.176694 0.121529 0.117378 0.1156 0.112538 0.198614 0.115572 0.182412 0.256067 0.208771 0.133571 0.111846 0.109068 0.124565 0.105992 0.1058 0.109614 0.103312 0.100922 0.0995176 0.124257 0.0946421 0.127055 0.0992289 0.0989278
threshold=1.8208556175231936 0.83183515071868908 1.0000000180025095e-35 1.0000000180025095e-35 27.900000572204593 1.5000000000000002 0.30958321690559393 14.500000000000002 1.0000000180025095e-35 0.67543861269950878 0.68825912475585949 0.36402259767055517 1.5612137913703921 9.5747241973876971 0.12322096154093744 3.1647884845733647 0.5923077166080476 27.500000000000004 0.1297685578465462 4.4788663387298593 16.098082542419437 15.558337688446047 2.5000000000000004 1.0000000180025095e-35 0.96239346265792858 3.2923605442047124 7.5000000000000009 25.500000000000004 8.1582689285278338 15.500000000000002
decision_type=2 2 2 2 2 2 2 2 2 2 2 2 2 2 2 2 2 2 2 2 2 2 2 2 2 2 2 2 2 2
left_child=1 4 26 7 19 -6 9 -2 -9 11 24 12 14 -14 17 -15 -16 18 -4 23 -18 -22 -17 -1 -11 -26 27 28 29 -3
right_child=3 2 6 -5 5 -7 -8 8 -10 10 -12 -13 13 15 16 22 20 -19 -20 -21 21 -23 -24 -25 25 -27 -28 -29 -30 -31
leaf_value=0.0088566813361877616 0.022291890230070669 0.0073629115070125636 0.040735611612695614 -0.050044708780103468 -0.045232178644604652 -0.0079111424427452792 -0.02535360044397756 -0.2340210171894358 -0.020913102789317628 -0.031444172685985372 -0.03380556852720705 -0.014052447557300552 -0.037127159106604253 0.030349185945274165 0.016986509514962087 -0.019234452388929246 -0.034209053280455357 -0.048717634396397591 -0.0068017098570141892 -0.042463930338601491 0.050743368224174745 -0.019882472036144475 0.03830120028641474 -0.050172003631519885 -0.051360515079327679 0.021661998704225097 0.04037596300390623 -0.010245049119839714 -0.052170607108156908 0.020891700069565471
leaf_weight=1.2362399978559389 0.17447658450817038 3.0440039099360945 0.4042542760516884 0.45287894542343998 0.46939691044172149 0.97773803369241818 0.47812127815336669 0.0064072883070851452 0.93224656735096945 0.15084877558136056 0.58379239864549959 0.70378391314627808 0.19085021943300295 1.5048713890456609 0.20149090555287308 0.27252993455213914 0.68387399459993503 0.055412137691405405 0.20907799238659663 0.12684012949839019 0.083150325181463813 0.1619257955864839 0.10931827855836218 0.076915031107574694 0.065194120386166787 0.54749534438052727 0.2706621360746907 0.67870557131396925 0.05836922830928859 2.4299391282901297
leaf_count=780 2848 2302 72 541032 4570 2593 1103 504 132517 943 2873 793 247 334 60 345 227 65 125 1244 16 57 137 383 692 953 119 632 264 1231
internal_value=-1.4502e-09 0.00252113 0.00520136 -0.025396 -0.00944294 -0.0200167 -0.00110438 -0.0153676 -0.0223678 0.000851478 -0.0118511 0.00458784 0.00797178 0.0180648 -0.00368295 0.0236478 -0.016783 0.0184613 0.0245307 0.00118325 -0.0241077 0.00407972 -0.00276273 0.00539921 0.00493508 0.0138919 0.0114335 0.0101722 0.012677 0.0133685
internal_weight=17.3408 15.7748 12.8877 1.56601 2.88713 1.44713 6.40599 1.11313 0.938654 5.92787 1.34733 4.58054 3.87676 2.07757 1.79919 1.88672 1.13044 0.668744 0.613332 1.44 0.92895 0.245076 0.381848 1.31316 0.763538 0.612689 6.48168 6.21102 5.53231 5.47394
internal_count=700061 23160 13590 676901 9570 7163 9042 135869 133021 7939 5461 2478 1685 1063 622 816 360 262 197 2407 300 73 482 1163 2588 1645 4548 4429 3797 3533
is_linear=0
shrinkage=0.05


Tree=158
num_leaves=31
num_cat=0
split_feature=10 11 10 17 5 6 12 54 43 11 5 16 7 36 54 45 3 13 17 58 7 12 3 13 5 13 23 34 12 16
split_gain=0.422578 0.223068 0.183979 0.159435 0.102426 0.1392 0.100624 0.114229 0.113501 0.112028 0.105213 0.149585 0.120893 0.115943 0.0975792 0.108738 0.10271 0.128036 0.116918 0.100811 0.0967294 0.0963827 0.0952747 0.110488 0.0952179 0.0931777 0.0956869 0.0928925 0.0981118 0.0917514
threshold=5.7500000000000009 3.0263158082962041 5.2500000000000009 0.91875183582305919 1.0000000180025095e-35 1.0000000180025095e-35 0.67543861269950878 1.9263557791709902 3.5408543348312382 1.431677043437958 1.0000000180025095e-35 0.8987366557121278 1.0000000180025095e-35 0.92197644710540783 6.0869562625885019 40.049999237060554 4.5000000000000009 291.14698791503912 0.92768082022666942 0.24489308148622516 1.5000000000000002 0.18350168317556384 2.5000000000000004 359.19441223144537 1.0000000180025095e-35 386.14454650878912 4.2844765186309823 3.4753828048706059 0.47213622927665716 1.0000000180025095e-35
decision_type=2 2 2 2 2 2 2 2 2 2 2 2 2 2 2 2 2 2 2 2 2 2 2 2 2 2 2 2 2 2
left_child=1 2 14 4 5 -2 9 8 -8 20 11 13 -12 -10 15 16 17 18 -1 -20 -5 -19 -6 -24 -17 26 -11 28 -26 -16
right_child=3 -3 -4 6 22 -7 7 -9 10 25 12 -13 -14 -15 29 24 -18 21 19 -21 -22 -23 23 -25 27 -27 -28 -29 -30 -31
leaf_value=-0.01061797769953883 0.0072099471714205665 -0.050018973661907974 -0.051848147529081623 0.014363962198106473 -0.032806865229905689 -0.014357412605547366 -0.036430806769304443 -0.041557801750760737 -0.045793151274047074 -0.013298176181969688 0.026360482995434798 -0.051376653197589189 -0.038213694421703165 0.037741847900531034 -0.21832738690115538 -0.028349767437725455 0.018955115208098533 0.048158784069649782 0.042581797699598078 -0.028681575016462388 -0.025359168321201608 -0.041908534449628068 0.017210086248444674 -0.033810549931327573 0.031006012294123215 -0.039515196409673228 0.042782882589165488 -0.04602366070546992 -0.0083032810155383371 -0.037070499088936358
leaf_weight=0.48617065681747262 2.5863651072867682 0.38335738730884283 0.24628155696672127 5.9370909126691185 0.49003319703041714 1.052629383111954 0.16638377136663951 0.17129396782281237 0.058115712801281694 0.23937269390341942 0.6354214508832996 0.15406552215135605 0.081812983798322136 0.14562069198044014 0.0073162178469016173 0.71584801577630386 0.65426676375570636 0.033115330464255521 0.25182423294186407 0.061806870933488689 0.15731469998866021 0.28828402438196221 0.29508343807677306 0.16569683178377659 0.2111110508365428 0.1826569304479051 0.11148501459342697 0.11724311427950385 0.63979866761227955 0.15271440726541607
leaf_count=2505 2990 624726 1632 2479 1451 2900 251 1421 69 245 285 158 51 108 30 15929 2220 48 1055 507 56 6626 211 140 671 117 73 6684 7792 16631
internal_value=6.78712e-10 -0.0136396 -0.010032 0.00458864 -0.0028467 0.000971291 0.00883293 -0.00328243 0.00199889 0.0114153 0.00794667 -0.0141997 0.0189947 0.0139135 -0.00718667 -0.00542095 0.00321222 -0.0059744 0.0047365 0.028538 0.0133386 -0.0326285 -0.0174591 -0.00113696 -0.014523 -0.0105551 0.00452158 -0.0042996 0.00144937 -0.0453571
internal_weight=16.8796 4.24914 3.86578 12.6304 4.58981 3.63899 8.04063 1.41271 1.24142 6.62792 1.07504 0.357802 0.717234 0.203736 3.6195 3.45947 1.77547 1.1212 0.799802 0.313631 6.09441 0.321399 0.950813 0.46078 1.684 0.533515 0.350858 0.968153 0.85091 0.160031
internal_count=700061 687056 62330 13005 7692 5890 5313 2343 922 2970 671 335 336 177 60698 44037 12961 10741 4067 1562 2535 6674 1802 351 31076 435 318 15147 8463 16661
is_linear=0
shrinkage=0.05


Tree=159
num_leaves=31
num_cat=0
split_feature=10 10 14 10 10 10 10 1 14 10 10 14 29 69 5 45 11 10 17 57 5 37 12 58 57 27 1 56 57 38
split_gain=0.405992 0.173258 0.139244 0.152411 0.384145 0.183297 0.345748 0.195791 0.154877 0.136556 0.347573 0.120747 0.182654 0.157588 0.221452 0.154697 0.142594 0.117137 0.113628 0.117686 0.112027 0.248792 0.109518 0.10881 0.103465 0.139548 0.109906 0.14304 0.113396 0.109573
threshold=4.7500000000000009 -1.0000000180025095e-35 3.785109400749207 9.7500000000000018 9.2500000000000018 10.250000000000002 10.750000000000002 8.5000000000000018 3.0865100622177128 8.7500000000000018 8.2500000000000018 2.1058121919631962 12.16481399536133 10.195093154907228 1.0000000180025095e-35 59.850000381469734 1.60357141494751 4.2500000000000009 0.8102746605873109 0.93239358067512523 1.0000000180025095e-35 0.98564770817756664 0.63818180561065685 0.40072467923164373 0.86005890369415294 42.148611068725593 16.500000000000004 0.68775001168251049 0.56373006105422985 0.33484376966953283
decision_type=2 2 2 2 2 2 2 2 2 2 2 2 2 2 2 2 2 2 2 2 2 2 2 2 2 2 2 2 2 2
left_child=1 -1 3 4 8 -5 -7 -8 9 10 11 13 15 -2 -15 -13 -16 -3 -11 -20 22 -22 24 -4 25 29 -27 28 -28 -9
right_child=2 17 23 5 -6 6 7 20 -10 18 -12 12 -14 14 16 -17 -18 -19 19 -21 21 -23 -24 -25 -26 26 27 -29 -30 -31
leaf_value=-0.050005209071009485 0.0078597006564372959 -0.0094993295740353201 -0.024547546404158141 0.027797096064236634 -0.05346978036106536 -0.052741021623248452 -0.047298692711111118 -0.010359172258616278 -0.024259688007117822 -0.019548838981321554 -0.05270295708501474 -0.04101106811547732 0.030381719092326221 -0.031550462923881216 0.015629986195932689 0.011550066880082203 -0.04729953108759305 -0.051258803633261865 0.041568513732934215 0.0076275675979575923 -0.040588743889574994 0.011782235537808914 -0.044818550159974567 0.01686646762654791 0.02922065971900431 -0.041489399011539377 -0.043821580383370203 -0.052925789411998048 0.047522788480929959 0.040700037815462782
leaf_weight=0.36349073089963413 2.1746883715247169 2.100197184294005 0.71561751547134633 1.27226713276967 0.31931433292236011 0.23555953293815424 0.14515957294744231 0.14791837638586125 0.50081461264422511 0.15780669596897201 0.28307451142667606 0.19892359699296924 0.90685303788087879 0.78681892499915285 0.62926625427053295 0.47250024347419561 0.10504575891932433 0.18252281416903571 0.55739586461015711 0.47138430989718927 0.29127561528682111 1.0240811240055334 0.066670208891892346 0.20376410970426484 1.3377034095046836 0.18774878413094598 0.042703709851082294 0.071857328623991634 0.16624282431257598 0.36276483963482065
leaf_count=641957 2232 38960 6940 519 247 180 290 43 775 126 269 352 503 669 226 324 132 2223 285 190 143 235 142 1177 465 130 64 18 80 165
internal_value=-4.38177e-11 -0.0179437 0.00343202 0.00477032 0.000201531 0.0112274 0.00606002 0.00966322 0.00256717 0.00455942 0.00127168 0.00416864 0.0157457 -0.00077528 -0.0131203 -0.00402229 0.00662771 -0.0128384 0.019957 0.0260169 0.0118986 0.000185086 0.0183625 -0.0153689 0.0201805 0.00783113 -0.0118743 0.00792679 0.0288542 0.0259108
internal_weight=16.4814 2.64621 13.8352 12.9158 7.56389 5.35195 4.07969 3.84413 7.24457 6.74376 5.55717 5.2741 1.57828 3.69582 1.52113 0.671424 0.734312 2.28272 1.18659 1.02878 3.69897 1.31536 2.38361 0.919382 2.31694 0.979236 0.468553 0.280804 0.208947 0.510683
internal_count=700061 683140 16921 8804 6330 2474 1955 1775 6083 5308 4707 4438 1179 3259 1027 676 358 41183 601 475 1485 378 1107 8117 965 500 292 162 144 208
is_linear=0
shrinkage=0.05


Tree=160
num_leaves=31
num_cat=0
split_feature=12 17 6 3 11 11 3 59 2 7 14 2 38 13 18 66 34 34 12 12 12 19 14 56 37 37 13 58 54 32
split_gain=0.382992 0.237873 0.167531 0.15168 0.128861 0.123912 0.104298 0.100068 0.0994442 0.098164 0.096935 0.0967403 0.0947432 0.0924939 0.106859 0.10999 0.111298 0.111375 0.103324 0.0999291 0.100943 0.0984258 0.0921671 0.0886191 0.0872827 0.0959533 0.110884 0.123527 0.0869451 0.134684
threshold=1.1715686321258547 0.83183515071868908 1.0000000180025095e-35 2.5000000000000004 1.2649122476577761 1.431677043437958 4.5000000000000009 0.0028365652542561297 1.0000000180025095e-35 1.0000000180025095e-35 3.785109400749207 1.5000000000000002 0.39070108532905584 461.02537536621099 0.28443659842014318 15.650000095367433 0.18453868478536609 6.2566306591033944 0.27429467439651495 0.67543861269950878 0.29099461436271673 0.0010909688426181676 0.9015411138534547 0.94943103194236766 0.99712482094764721 0.99772533774375927 346.18592834472662 0.24019707739353183 0.90279909968376171 0.9961538314819337
decision_type=2 2 2 2 2 2 2 2 2 2 2 2 2 2 2 2 2 2 2 2 2 2 2 2 2 2 2 2 2 2
left_child=1 3 5 22 10 6 13 -5 -2 11 -4 -7 -13 14 28 18 -17 19 -16 20 21 -18 -1 -11 -6 -26 27 -27 -3 -30
right_child=8 2 4 7 24 9 -8 -9 -10 23 -12 12 -14 -15 15 16 17 -19 -20 -21 -22 -23 -24 -25 25 26 -28 -29 29 -31
leaf_value=-0.0034463609955263323 -0.002678629945863716 0.038438673157925672 0.0043960959254817824 -0.0032611050201050637 -0.027512017487217735 0.024397641379632462 0.031582936858717027 0.046561503406421623 -0.046234627808193783 -0.045977523824943523 -0.046027128418303004 0.0055630967240491817 -0.025584081604413052 -0.021701061939359605 0.040946466671325413 -0.046429522561913801 -0.013307282623021964 -0.051879320203236268 -0.036004035779333081 -0.041251716639895797 0.02597211884486085 0.049813707036595489 -0.030392881049567388 0.024151102720843018 0.037687940701974947 0.012195759331528815 -0.037630459029254437 -0.048409904388171547 0.025527323855320711 -0.018577740017124863
leaf_weight=0.45566028684697135 0.17268539206478362 0.58922690906615549 4.1032586783943543 1.3234535211976619 0.65210577672674686 0.42840280802005848 0.76688874496130655 0.10908850302874373 0.5434688119601665 0.19255648520715896 0.097581290291372969 0.86020654645723194 0.34090253335926768 0.20033341599082621 0.053148253695099235 0.08165040990570549 0.35553372392450899 0.063158897818652693 0.24340991672761447 0.073498861754842326 1.1725354223854081 0.07474252976498974 1.0452796107808615 0.058805492389643277 0.12155966549671504 0.49610203713661649 0.25188987334192348 0.1012333196152948 0.64051377185933234 0.23719077180294335
leaf_count=2409 65203 421 1182 5822 14286 1771 311 159 548019 6072 838 3840 1634 56 41 16 145 161 197 48 644 38 26543 479 733 8384 8503 1636 293 177
internal_value=5.64772e-10 0.00168465 0.00474572 -0.0111049 -0.001398 0.0103078 0.0147687 0.000532901 -0.035732 -0.000487699 0.00322482 0.00399859 -0.00327719 0.0113618 0.0132096 0.0060246 0.0106229 0.013301 -0.0222132 0.0157568 0.018371 -0.00234265 -0.0222124 -0.0295711 -0.0133641 -0.00386054 -0.00980786 0.00192462 0.023582 0.0136084
internal_weight=15.9061 15.1899 12.2564 2.93348 5.82373 6.43271 4.55183 1.43254 0.716154 1.88087 4.20084 1.62951 1.20111 3.78494 3.58461 2.11768 1.82112 1.73947 0.296558 1.67631 1.60281 0.430276 1.50094 0.251362 1.62289 0.970785 0.849225 0.597335 1.46693 0.877705
internal_count=700061 86839 51906 34933 35562 16344 2548 5981 613222 13796 2020 7245 5474 2237 2181 1290 1052 1036 238 875 827 183 28952 6551 33542 19256 18523 10020 891 470
is_linear=0
shrinkage=0.05


Tree=161
num_leaves=31
num_cat=0
split_feature=10 6 2 54 57 29 10 34 0 14 38 57 1 3 10 10 28 63 14 69 69 5 13 37 49 5 2 3 54 38
split_gain=0.378299 0.158477 0.13476 0.161516 0.143725 0.123954 0.156095 0.12658 0.123215 0.113701 0.111262 0.148269 0.110539 0.157425 0.11046 0.135121 0.109765 0.1097 0.111979 0.124798 0.107879 0.122966 0.102551 0.100803 0.124125 0.150584 0.123478 0.112928 0.107801 0.119949
threshold=4.7500000000000009 1.0000000180025095e-35 5.5000000000000009 0.1297685578465462 0.34842120110988622 6.8825681209564218 10.750000000000002 0.40038354694843298 13.500000000000002 0.059288023039698608 0.47187365591526037 0.86725211143493663 14.500000000000002 2.5000000000000004 7.7500000000000009 7.2500000000000009 0.30789473652839666 2.6735538244247441 1.8661861419677737 9.3408069610595721 11.821442127227785 1.5000000000000002 223.06401062011722 0.97999688982963573 9.5747241973876971 1.0000000180025095e-35 2.5000000000000004 2.5000000000000004 2.7489032745361333 0.26887771487236029
decision_type=2 2 2 2 2 2 2 2 2 2 2 2 2 2 2 2 2 2 2 2 2 2 2 2 2 2 2 2 2 2
left_child=1 12 3 20 16 6 8 -7 -6 -3 14 -12 22 -14 15 17 -5 -9 19 -19 21 -2 -1 24 -16 26 27 -26 -25 -30
right_child=2 9 -4 4 5 7 -8 10 -10 -11 11 -13 13 -15 23 -17 -18 18 -20 -21 -22 -23 -24 28 25 -27 -28 -29 29 -31
leaf_value=0.024314061149356813 0.02782989785330028 0.018053384650622992 -0.012579798602002047 -0.040155755931227034 -0.001354893537391077 -0.029182220151073614 0.009746148324147089 0.025389420898560951 -0.038096723277736243 -0.042706097150751084 -0.036847620587226522 0.019655088351643084 -0.039229640196357295 -0.0031433783145516899 0.050704716079503512 -0.05247913136104132 0.00013745414927950688 0.017537069429112113 0.0094431066330873878 -0.023934260332527914 -0.027531349631539997 -0.017673693815523226 -0.050819705115188352 0.026850196114500943 -0.034147915126582766 -0.02282434462181069 0.019924389413064427 0.015975151896428116 0.028604995175533755 -0.02447603141199866
leaf_weight=0.33740581221246468 1.3822311859817649 0.086304668445102428 1.1943751181370075 0.33114293433044295 0.41048392657795119 0.23637753134062212 0.68266347547088913 0.48596072081751707 0.51379478734844497 0.71396734217260871 0.30129278939034509 0.18889839427501443 0.4719356666378598 0.84043789852581585 0.14773370022385313 0.11057725194670087 0.34523128665111358 0.2420920675958772 1.1748682131348998 0.72367111511852045 0.11363254423804381 0.16633523095902081 0.052479857591986701 1.8753568304418879 0.24606096703848823 0.43329770961929615 1.0619835822465118 0.20683384762298829 0.19159979173082309 0.23942136613283083
leaf_count=956 808 9023 6600 2315 894 84 305 388 657 537990 491 156 63281 70204 53 174 446 89 1171 311 67 79 1686 578 141 201 499 146 60 208
internal_value=5.23625e-10 -0.0178026 0.00342549 0.00504394 0.00267776 0.00426766 -0.00838656 0.00685277 -0.0217792 -0.0361535 0.00796919 -0.0150739 -0.00917545 -0.0161202 0.00955132 0.00166403 -0.0195895 0.00394341 -0.000925214 -0.0135385 0.0194917 0.0229422 0.0142008 0.0144553 0.00651849 0.00316777 0.0106022 -0.0112571 0.0216679 -0.000880174
internal_weight=15.5084 2.50253 13.0059 11.8115 10.1493 9.47297 1.60694 7.86603 0.924279 0.800272 7.62965 0.490191 1.70226 1.31237 7.13946 2.73717 0.676374 2.62659 2.14063 0.965763 1.6622 1.54857 0.389886 4.40229 2.09591 1.94818 1.51488 0.452895 2.30638 0.431021
internal_count=700061 683140 16921 10321 9367 6606 1856 4750 1551 547013 4666 647 136127 133485 4019 2133 2761 1959 1571 400 954 887 2642 1886 1040 987 786 287 846 268
is_linear=0
shrinkage=0.05


Tree=162
num_leaves=31
num_cat=0
split_feature=11 4 57 6 1 14 11 66 30 18 58 23 11 36 13 34 56 7 16 33 2 37 17 37 13 58 7 11 12 37
split_gain=0.356669 0.186594 0.155099 0.1752 0.140295 0.132118 0.113809 0.111553 0.104503 0.102721 0.102077 0.0987701 0.133693 0.112843 0.102505 0.0953677 0.0919118 0.0891626 0.0890521 0.0856748 0.10312 0.0855369 0.0834961 0.0826769 0.0928961 0.115268 0.0802307 0.0762392 0.0752582 0.0743403
threshold=1.891812860965729 1.0000000180025095e-35 0.56373006105422985 1.0000000180025095e-35 14.500000000000002 0.20791525393724444 1.2649122476577761 4.0499999523162851 1.0000000180025095e-35 0.2208625599741936 0.36298473179340368 4.2502312660217294 1.2649122476577761 0.74222776293754589 300.09996032714849 4.0216782093048105 0.63188141584396373 1.0000000180025095e-35 1.0000000180025095e-35 0.45000000298023229 1.0000000180025095e-35 0.99712482094764721 0.94955751299858104 0.99772533774375927 346.18592834472662 0.24019707739353183 1.0000000180025095e-35 1.3416666984558108 0.21240601688623431 0.12881708890199664
decision_type=2 2 2 2 2 2 2 2 2 2 2 2 2 2 2 2 2 2 2 2 2 2 2 2 2 2 2 2 2 2
left_child=1 2 5 10 19 8 15 -7 -1 16 11 12 13 -4 -14 -5 22 27 -6 20 -2 -8 -3 -23 25 -25 -16 -12 -20 -21
right_child=4 9 3 6 18 7 21 -9 -10 -11 17 -13 14 -15 26 -17 -18 -19 28 29 -22 23 -24 24 -26 -27 -28 -29 -30 -31
leaf_value=-0.042676205045274376 0.037359254843522476 -0.030551590530912762 -0.0059574924438891771 0.0045819110333941296 -0.18513246543050046 -0.0019074385752184276 -0.025949799204991093 -0.029780854511785027 0.031321736865260533 -0.049117032551427867 0.01347782953717272 0.025138919765821152 0.016842469283054141 0.022266651350998763 -0.0028511954588561067 -0.04603496753457062 -0.04321911115710491 -0.042357050395879434 0.020978422112180664 0.20985454591333599 -0.047123878105369429 0.038396403165451426 0.043086030782202939 0.013480252462021789 -0.035658233022463674 -0.048085108158090605 -0.035338800436276276 -0.021752803472948289 -0.037690792479824153 0.042131329287116021
leaf_weight=0.057986762880314013 0.069943342626810789 0.05925453073891862 0.43514460740095717 4.0318581040482115 0.0098387849840411157 0.6641727595936755 0.66962704146762575 0.78110601542269009 0.26928047970068292 0.26289187913166057 0.48177204908699867 1.4316678542026009 0.45909477056977699 1.9023338230889519 0.67651899816524974 0.095255915097975818 0.099795264244479043 0.13312270345679167 0.05844822109642811 0.0081956453623828196 0.074690987978990542 0.10975140754004542 0.10987917887342746 0.44912377286777794 0.21716548606981689 0.091520883208374926 0.26427813928080468 0.225405442379639 0.84345930804051217 0.034074189873968486
leaf_count=51 824 326 214 1205 1090 1226 2605 4605 147 5448 208 872 551 952 688 952 1283 133 458 78 14310 130 194 1660 1052 332 315 189 657178 785
internal_value=-1.41745e-09 0.00215604 0.00330493 0.00539746 -0.0274311 -0.010476 -0.000911735 -0.0169717 0.0182104 -0.0268918 0.0113444 0.0139718 0.00969408 0.0170124 -0.00252582 0.00341365 -0.0051654 -0.00481809 -0.0355208 0.0120318 -0.0062689 -0.0125247 0.0172877 -0.00216258 -0.00803661 0.0030584 -0.0119772 0.00224843 -0.0338887 0.074651
internal_weight=15.0767 13.978 13.4462 11.6736 1.09865 1.77255 5.6643 1.44528 0.327267 0.531821 6.00934 5.16904 3.73737 2.33748 1.39989 4.12711 0.268929 0.8403 0.911746 0.186904 0.144634 1.53719 0.169134 0.867562 0.75781 0.540645 0.940797 0.707177 0.901908 0.0422698
internal_count=700061 25338 18087 12058 674723 6029 7936 5831 198 7251 4122 3592 2720 1166 1554 2157 1803 530 658726 15997 15134 5779 520 3174 3044 1992 1003 397 657636 863
is_linear=0
shrinkage=0.05


Tree=163
num_leaves=31
num_cat=0
split_feature=10 17 6 1 3 33 11 11 11 3 59 69 58 57 66 3 13 34 14 3 34 13 16 34 58 12 12 45 69 34
split_gain=0.343811 0.186517 0.144495 0.118059 0.110431 0.112232 0.109857 0.107399 0.101539 0.0925583 0.0867721 0.0885234 0.0914475 0.085903 0.0828954 0.084171 0.0797399 0.0890673 0.0949797 0.0827042 0.0782419 0.0779237 0.0860983 0.0968102 0.0777047 0.0772864 0.0751832 0.0852129 0.0916192 0.0933367
threshold=0.75000000000000011 0.83183515071868908 1.0000000180025095e-35 6.5000000000000009 2.5000000000000004 0.45000000298023229 1.2649122476577761 1.431677043437958 2.7735042572021489 4.5000000000000009 0.0028365652542561297 8.2504882812500018 0.46015766263008123 0.85084247589111339 20.050000190734867 5.5000000000000009 249.13955688476565 3.9071062803268437 1.8355078697204592 8.5000000000000018 4.0216782093048105 461.02537536621099 0.83072644472122203 5.9082908630371103 0.36759978532791143 0.73030304908752453 0.64852941036224376 28.899999618530277 9.0810818672180194 2.7890609502792363
decision_type=2 2 2 2 2 2 2 2 2 2 2 2 2 2 2 2 2 2 2 2 2 2 2 2 2 2 2 2 2 2
left_child=3 4 7 -1 5 -2 13 9 -7 21 11 -6 -13 -4 15 20 -9 18 19 -18 -15 22 23 24 -3 -20 27 -8 29 -29
right_child=1 2 6 -5 10 8 26 16 -10 -11 -12 12 -14 14 -16 -17 17 -19 25 -21 -22 -23 -24 -25 -26 -27 -28 28 -30 -31
leaf_value=0.036512125602994855 -0.024584731720605695 0.01243043846375202 -0.015757912043793006 -0.048778243739125572 0.0047616372751889601 0.0088740881339562823 -0.049080788795542257 0.02786895386072237 0.14917438832587301 0.030134202731027921 0.044877335005098606 -0.034507522721282144 0.027994677126549128 0.0097905380564477108 -0.026597535670846439 -0.049528876539643725 -0.017785745082205189 -0.043863842984384151 0.018403222310857503 0.039799262474672296 -0.043987699149983905 -0.020756613723478857 0.025276594241412993 -0.047050886391522738 -0.016631020934579258 -0.05080104536614645 -0.031126328146846932 0.030526058507894929 -0.012817226731220478 -0.044668656636225566
leaf_weight=0.044611282146260645 1.2616293041794322 2.0557276022743745 0.5443597602339455 0.44822101182455221 0.9253556136487544 0.10375845478827361 0.10421610162654793 0.21249733176497887 0.014726419294287751 0.72886951850932735 0.098627767645154907 0.32890060404171173 0.071189138406552388 3.118191142947667 0.18871995357005733 0.063463102749153566 0.70887256834087764 0.13332474275838802 0.57449522647226559 0.068365108266135621 0.069133742022490341 0.18807593065866957 0.92558760394467743 0.079165343237605046 0.2589911432755797 0.043390994815615258 0.42107143211538378 0.28559024989954196 0.62129183781991593 0.048239048809001872
leaf_count=398 11550 1135 608 653502 2140 420 360 475 143 350 69 1693 133 988 171 78 1785 3043 474 46 680 62 755 273 115 856 16029 295 970 465
internal_value=-1.31994e-09 0.00142039 0.00425272 -0.0410577 -0.0101361 -0.0202152 -0.00162409 0.00962507 0.0263119 0.0139215 -0.000368148 -0.00373491 -0.0233863 0.00269763 0.00561853 0.00748879 -0.000829864 -0.00481981 -0.00108857 -0.0127206 0.00862408 0.0105525 0.0123264 0.00731928 0.00917879 0.0135434 -0.0132541 -0.00615014 -0.00146585 0.0196603
internal_weight=14.7387 14.2458 11.4416 0.492832 2.80419 1.38011 5.46428 5.97736 0.118485 4.23642 1.42407 1.32545 0.40009 3.98387 3.43951 3.25079 1.74095 1.52845 1.39512 0.777238 3.18732 3.50755 3.31947 2.39388 2.31472 0.617886 1.48041 1.05934 0.955121 0.333829
internal_count=700061 46161 30013 653900 16148 12113 20644 9369 563 2690 4035 3966 1826 2525 1917 1746 6679 6204 3161 1831 1668 2340 2278 1523 1250 1330 18119 2090 1730 760
is_linear=0
shrinkage=0.05


Tree=164
num_leaves=31
num_cat=0
split_feature=10 10 10 57 54 26 1 6 38 12 24 14 12 56 0 10 1 38 7 10 10 13 18 58 11 3 54 10 63 23
split_gain=0.335679 0.18541 0.219052 0.122664 0.115957 0.115979 0.109001 0.104518 0.103361 0.11121 0.116898 0.114104 0.090499 0.128424 0.0960716 0.0943353 0.124137 0.17386 0.0934275 0.0902042 0.152759 0.0962608 0.0911384 0.150496 0.0885824 0.0868212 0.0840628 0.0827939 0.0982489 0.081797
threshold=0.75000000000000011 6.7500000000000009 6.2500000000000009 0.82054564356803905 1.0406137108802798 33.074998855590827 6.5000000000000009 1.0000000180025095e-35 0.34740030765533453 0.64852941036224376 0.67817083001136791 1.5170751214027407 0.50999999046325695 0.61569231748580944 17.500000000000004 9.7500000000000018 17.500000000000004 0.24273606389760974 1.5000000000000002 5.7500000000000009 5.2500000000000009 303.14871215820318 0.36497782170772558 0.34974445402622228 1.7549999952316286 2.5000000000000004 0.34784220159053808 12.250000000000002 2.5249279737472539 3.6602805852890019
decision_type=2 2 2 2 2 2 2 2 2 2 2 2 2 2 2 2 2 2 2 2 2 2 2 2 2 2 2 2 2 2
left_child=6 2 7 4 5 -3 -1 19 9 -9 11 -11 14 26 -5 -16 17 -17 -18 20 21 22 23 -2 -24 -23 -14 28 -6 -21
right_child=1 3 -4 12 27 -7 -8 8 -10 10 -12 -13 13 -15 15 16 18 -19 -20 29 -22 25 24 -25 -26 -27 -28 -29 -30 -31
leaf_value=0.035169265841250096 0.014999975296147605 0.016066563823779464 -0.052230844448122649 0.021392991536674275 -0.038363606897478114 -0.014041522622889139 -0.04893250268484986 0.0048812150824150864 -0.035903113609657311 0.02529246616020437 -0.048293951417951266 -0.041097352801973387 0.022376809333583152 0.0064498061945795146 -0.015627667946771402 0.029374057473567111 0.020975066299617654 -0.034573294045130695 -0.052306227061102953 -0.00018591594288971394 -0.052047147685613283 -0.042610572414544051 0.0088529902925829958 0.1190387307983321 -0.040023675982495663 -0.0034425202509844586 -0.035034725581768809 -0.045595174775430576 0.00022940740101365549 0.033744366541789146
leaf_weight=0.04230895510784316 0.68854046298594862 0.90102962426088617 0.24991566207135107 2.0050374637128527 0.2229834320521602 0.49588722428992327 0.43093946246351633 0.79261822727794118 0.40326527455823313 0.16061359283238374 0.26397292947186468 0.10840060881352365 0.078857382926799224 2.1360245222188503 0.40150911512691356 0.16674570176701298 1.3391565205005234 0.29316520596489681 0.044953946970053837 0.34489489882543001 0.14955616857056231 0.19032822665039439 0.24535293857331908 0.03660776140498001 0.14899541309377717 0.55128380012450684 0.33302292422409607 0.19940522181680365 0.633220212838145 0.36624328174896448
leaf_count=398 2253 612 1289 1036 1186 512 653502 1377 10627 1215 7480 3308 57 1624 389 28 630 112 9 341 634 2724 334 24 1411 2785 472 966 2397 329
internal_value=-3.5012e-11 0.00140478 -0.00668139 0.00551351 -0.0040724 0.00537859 -0.0414137 -0.00412368 -0.0137376 -0.00699456 -0.0246553 -0.00145964 0.00897159 0.00152053 0.013438 0.00633489 0.0111169 -0.0113885 0.018595 0.001983 -0.0034303 0.000476487 0.00973169 0.0202522 -0.00961393 -0.0134947 -0.0240429 -0.0165792 -0.00982148 0.0172885
internal_weight=14.4248 13.9516 4.70059 9.251 2.45253 1.39692 0.473248 4.45067 1.72887 1.32561 0.532987 0.269014 6.79847 2.5479 4.25057 2.24553 1.84402 0.459911 1.38411 2.7218 2.01066 1.86111 1.1195 0.725148 0.394348 0.741612 0.41188 1.05561 0.856204 0.711138
internal_count=700061 46161 36131 10030 5673 1124 653900 34842 24007 13380 12003 4523 4357 2153 2204 1168 779 140 639 10835 10165 9531 4022 2277 1745 5509 529 4549 3583 670
is_linear=0
shrinkage=0.05


Tree=165
num_leaves=31
num_cat=0
split_feature=10 10 10 2 3 17 4 1 12 6 1 14 12 39 11 38 12 24 14 14 3 3 14 32 14 58 24 3 56 25
split_gain=0.332153 0.170629 0.203087 0.119162 0.124293 0.146568 0.120145 0.100192 0.097936 0.0971516 0.104531 0.121365 0.101414 0.100167 0.0945404 0.0932723 0.0998808 0.109801 0.101849 0.0927553 0.105582 0.0851981 0.082012 0.187132 0.141819 0.16085 0.128001 0.122296 0.126578 0.122607
threshold=0.75000000000000011 6.7500000000000009 6.2500000000000009 5.5000000000000009 8.5000000000000018 0.36424857378005987 1.0000000180025095e-35 6.5000000000000009 0.14642857760190967 1.0000000180025095e-35 14.500000000000002 2.5975071191787724 1.1483516693115237 0.046509874984622009 2.7735042572021489 0.34740030765533453 0.64852941036224376 0.67817083001136791 1.5170751214027407 2.4550744295120244 1.5000000000000002 4.5000000000000009 2.5265837907791142 0.43665158748626715 1.736548960208893 0.12199011817574502 0.39444445073604589 1.0000000180025095e-35 0.92885261774063121 43.095237731933601
decision_type=2 2 2 2 2 2 2 2 2 2 2 2 2 2 2 2 2 2 2 2 2 2 2 2 2 2 2 2 2 2
left_child=7 2 9 4 5 -3 22 -1 -8 10 12 13 14 19 21 16 -11 18 -18 20 -12 -2 24 -24 25 -7 -26 -27 29 -29
right_child=1 3 -4 -5 -6 6 8 -9 -10 15 11 -13 -14 -15 -16 -17 17 -19 -20 -21 -22 -23 23 -25 26 27 -28 28 -30 -31
leaf_value=0.033743390999611336 0.012254480320877951 -0.037457065859981389 -0.052088218281667625 -0.011029677173667188 0.042486972916728802 0.02192753403830823 0.033443837396394636 -0.049324806305679307 -0.050567349344788182 0.0042882343312350447 -0.038251686082259713 -0.024682967108940818 -0.019447738045514966 0.04521076435359684 0.12781195736963932 -0.035029215845202209 0.023999193962646815 -0.04803403175271527 -0.040025278290474559 0.042489451239002378 0.0017188204990294257 0.060188218592513179 0.0043735174910837765 -0.050083067822889654 -0.040628735341267277 -0.041329693367776421 0.027438578973285194 0.013801655601119449 -0.03033666841427303 -0.01029712936916778
leaf_weight=0.039782493723331203 0.34100390549349491 0.18691253415907549 0.23161896433010998 0.98596915631032089 0.24453326872702508 1.1895734383606393 0.045031863632132629 0.41462899377091222 0.15105763075020917 0.77423381277418435 0.19444646246307273 0.51115132467845992 0.12999966639196181 0.1312557680563059 0.023618453880771995 0.38664813804031739 0.15597448718885421 0.24807251880862147 0.10322497538014819 0.11542287734661005 1.0990316624370065 0.12731110195522888 1.6558395356783888 0.17436959450352407 0.072459636598978139 0.16800467873446256 1.4754841119930118 1.6696859303755793 0.26279644228350196 0.77174397573344311
leaf_count=398 421 1021 1289 3603 92 541 39 653502 1220 1377 908 5511 1903 185 2 10627 1215 7480 3308 114 1748 43 1380 445 34 100 624 647 46 238
internal_value=1.16214e-09 0.00140235 -0.00647012 0.00537884 0.0073842 0.00628695 0.0073577 -0.0420524 -0.0312742 -0.00403634 0.00187219 -0.00357195 0.0198285 0.00343443 0.0302077 -0.0135048 -0.00701064 -0.0242558 -0.00149825 -0.000457528 -0.00428988 0.0252852 0.00837589 -0.000814727 0.0113744 0.00646662 0.0242523 6.32721e-05 0.00263488 0.00618395
internal_weight=14.0809 13.6265 4.57301 9.05346 8.06749 7.82296 7.63605 0.454411 0.196089 4.3414 2.67324 2.05131 0.621933 1.54016 0.491933 1.66815 1.28151 0.507272 0.259199 1.4089 1.29348 0.468315 7.43996 1.83021 5.60975 4.0618 1.54794 2.87223 2.70423 2.44143
internal_count=700061 46161 36131 10030 6427 6335 5314 653900 1259 34842 10835 8466 2369 2955 466 24007 13380 12003 4523 2770 2656 464 4055 1825 2230 1572 658 1031 931 885
is_linear=0
shrinkage=0.05


Tree=166
num_leaves=31
num_cat=0
split_feature=10 1 4 6 37 57 0 33 36 43 11 14 39 12 12 54 57 34 13 2 3 24 16 11 7 34 1 16 27 38
split_gain=0.406083 0.296238 0.18509 0.135649 0.151627 0.13824 0.186325 0.130282 0.11184 0.102333 0.100598 0.0964912 0.11664 0.0919518 0.104284 0.101168 0.126577 0.0915101 0.0905464 0.0881746 0.0863439 0.0855119 0.0835544 0.0860203 0.0793548 0.0784629 0.0743645 0.0730042 0.0994766 0.0831252
threshold=1.7500000000000002 14.500000000000002 1.0000000180025095e-35 1.0000000180025095e-35 0.92041847109794628 0.89563673734664928 7.5000000000000009 0.93750000000000011 0.19795770198106769 2.2499048709869389 1.0606617927551272 2.8558591604232793 0.047043552622199065 0.27429467439651495 0.40370370447635656 1.1258466243743899 0.77556419372558605 4.0216782093048105 343.18879699707037 2.5000000000000004 5.5000000000000009 0.74166667461395275 0.7001820206642152 1.431677043437958 1.0000000180025095e-35 3.126665592193604 7.5000000000000009 0.79596054553985607 42.818571090698249 0.27539521455764776
decision_type=2 2 2 2 2 2 2 2 2 2 2 2 2 2 2 2 2 2 2 2 2 2 2 2 2 2 2 2 2 2
left_child=1 7 3 5 18 11 -7 -1 -3 -4 17 12 13 -2 15 -15 -17 26 -5 21 -11 -16 -8 -24 27 -18 -6 28 -12 -29
right_child=2 8 9 4 10 6 22 -9 -10 20 24 -13 -14 14 19 16 25 -19 -20 -21 -22 -23 23 -25 -26 -27 -28 29 -30 -31
leaf_value=-0.00037056550022629062 -0.014770744296048769 -0.094834015480764866 0.027762884752687914 -0.049939226637542224 -0.03198112214438515 0.075497321257131628 -0.0057586694776297579 0.10739070084671226 -0.041424974535225007 -0.050322770394387456 -0.041507700181365396 -0.013288608005603338 0.042011382198882806 0.038224427768220555 0.030215817629606165 -0.029858987752111918 0.039017806977312719 -0.051286202997919951 -0.0061298691389116058 -0.012312009188845216 -0.0047533813600578153 -0.0065525538877205152 0.022703292220857048 0.0028542961619296421 -0.030316079278203619 -0.052721382307633624 0.011242114987073282 0.0024615683811594884 0.023237498012645671 -0.018587840361461702
leaf_weight=0.13747262787401271 0.5750194246942314 0.12527952866419989 0.074879191847178173 0.25451141848442738 0.10434022535466292 0.12454684949925754 0.49254256709028288 0.035237081743468401 0.45045002893082731 0.31294250626587417 0.069351799273122405 0.8587126987505459 0.20621205661244335 0.43758256664068573 0.33785226701638726 0.1659772850216541 0.19357605323966709 0.064224183139799496 0.21980576526510376 0.74992663600476028 0.1556536982083303 0.29726641366232798 1.8072686265032305 0.78202946876974966 0.31322346489416508 0.026497897692024708 2.150043304049575 0.94560042464600413 0.41038151089921726 0.93060709021281074
leaf_count=11996 398 23399 446 2745 146 244 378 403 628228 11643 954 3532 176 265 116 63 158 648 1028 1034 617 86 1047 1241 2192 3 527 2618 1220 2510
internal_value=5.07728e-10 -0.0358178 0.00205255 0.00329282 -0.00262273 0.00787273 0.0155407 0.0216154 -0.0530469 -0.026513 -5.37545e-05 0.00148431 0.00572714 0.00303926 0.00767602 0.0217649 0.00310838 0.00756501 -0.0296373 -0.000702125 -0.035186 0.0130064 0.0131177 0.0167084 -0.00667191 0.027972 0.0092416 -0.0035284 0.0138777 -0.00797903
internal_weight=13.809 0.748439 13.0606 12.5171 5.46209 7.05501 3.20639 0.17271 0.57573 0.543475 4.98777 3.84862 2.98991 2.7837 2.20868 0.823634 0.386051 2.31861 0.474317 1.38505 0.468596 0.635119 3.08184 2.5893 2.66916 0.220074 2.25438 2.35594 0.479733 1.87621
internal_count=700061 664026 36035 23329 14588 8741 2910 12399 651627 12706 10815 5831 2299 2123 1725 489 224 1321 3773 1236 12260 202 2666 2288 9494 161 673 7302 2174 5128
is_linear=0
shrinkage=0.05


Tree=167
num_leaves=31
num_cat=0
split_feature=10 4 11 11 34 29 57 7 2 27 37 6 14 54 58 6 1 12 58 57 56 10 36 28 14 16 16 23 43 3
split_gain=0.400954 0.149035 0.185274 0.16115 0.119955 0.169843 0.134322 0.114602 0.114311 0.109902 0.117485 0.108525 0.0991056 0.115845 0.0968156 0.096181 0.0957469 0.0909253 0.0893648 0.0955806 0.0859925 0.0851305 0.0835814 0.081768 0.079138 0.0766016 0.0756876 0.0743538 0.0813849 0.106878
threshold=0.75000000000000011 1.0000000180025095e-35 2.7735042572021489 1.2649122476577761 0.13382896780967715 1.0000000180025095e-35 0.54246145486831676 1.0000000180025095e-35 1.0000000180025095e-35 26.471666336059574 0.95285767316818248 1.0000000180025095e-35 0.32815524935722357 0.40498395264148718 0.17771774530410769 3.5000000000000004 6.5000000000000009 0.87867647409439098 0.15864710509777072 0.59439277648925792 0.61569231748580944 6.7500000000000009 0.8893263339996339 0.28174604475498205 0.93100416660308849 1.0000000180025095e-35 0.71748292446136486 4.6883068084716806 4.7317931652069101 1.0000000180025095e-35
decision_type=2 2 2 2 2 2 2 2 2 2 2 2 2 2 2 2 2 2 2 2 2 2 2 2 2 2 2 2 2 2
left_child=16 2 3 4 18 8 14 -5 11 10 -3 -6 -8 -14 -7 20 -1 -4 23 -20 27 -22 -9 -2 -10 -18 -12 28 29 -15
right_child=1 9 17 7 5 6 12 22 24 -11 26 -13 13 15 -16 -17 25 -19 19 -21 21 -23 -24 -25 -26 -27 -28 -29 -30 -31
leaf_value=0.03179233275329691 0.042513388270311314 -0.050042592765513087 0.10529476766835302 -0.0018503790847584991 0.039367986311091417 0.012284542556129541 -0.02161259042083034 -0.040415782066831364 -0.0061828673240915261 -0.050306761798865424 0.030707756709691187 -0.038511748260402212 0.034007714056715772 -0.052534962503225396 -0.028448392147499335 -0.035679966325631911 -0.10222060031306764 -0.05017082703709104 0.042995825155508302 -0.024413099028269113 -0.017773164790872615 0.017505003639082445 -0.0061558490148100739 0.0043295107335130116 -0.038850509016175816 -0.04360752015765057 -0.029301669397381838 0.0378218126295835 -0.017213041809509871 0.011210724664247319
leaf_weight=0.036288728725225261 0.51633385732202253 0.10556155333169615 0.06248590484028671 3.6253644494294495 0.15418006922629945 0.22390485400325122 0.23824000945046453 0.36668534156296839 0.33227947477092812 0.22666308627689657 0.17628739138213234 0.063014616542204749 0.50957936907298051 0.070824920896938925 0.41862087367532297 0.11791881754527356 0.066203130868606852 0.011071322746494694 0.077052040112903342 0.16561759787919073 0.18252705799341162 2.7093963729145472 0.34600779000246362 0.19246736626610073 0.41937842572944106 0.35279424944462967 0.074855910944968684 0.12701022109288818 0.55949757709339565 0.91849368292668032
leaf_count=398 269 1716 2 12880 114 266 66 2199 272 13042 659 200 203 91 1592 272 1128 4286 28 81 161 1058 2871 31 1339 652374 1656 73 291 443
internal_value=-2.15742e-09 0.00161632 0.00277752 0.0023057 0.00651517 0.00426459 0.0073647 -0.00545363 -0.0151773 -0.023082 -0.00578233 0.0167728 0.00992116 0.0113672 -0.0142539 0.008905 -0.0461207 0.0818952 0.0231789 -0.00300954 0.010056 0.0152784 -0.0237828 0.032145 -0.0244094 -0.0528686 0.0128213 0.00104384 -0.00197213 0.0066472
internal_weight=13.4466 12.9913 12.408 12.3344 7.99634 7.04487 6.07601 4.33806 0.968853 0.583368 0.356705 0.217195 5.43349 5.19525 0.642526 4.68567 0.455286 0.0735572 0.951471 0.24267 4.56775 2.89192 0.712693 0.708801 0.751658 0.418997 0.251143 1.67583 1.54882 0.989319
internal_count=700061 46161 29088 24800 6850 6441 4516 17950 1925 17073 4031 314 2658 2592 1858 2389 653900 4288 409 109 2117 1219 5070 300 1611 653502 2315 898 825 534
is_linear=0
shrinkage=0.05


Tree=168
num_leaves=31
num_cat=0
split_feature=10 11 17 12 6 54 58 11 24 1 11 10 3 7 0 3 18 13 34 14 3 29 36 54 6 13 5 49 13 12
split_gain=0.388306 0.14225 0.169043 0.12649 0.126206 0.103842 0.0949827 0.0944634 0.0908001 0.0846145 0.0832595 0.0798478 0.0778963 0.0775975 0.0749646 0.0732787 0.0712015 0.0670178 0.0753151 0.0772014 0.0672366 0.0670079 0.0775866 0.0993769 0.0741251 0.066558 0.065774 0.0650575 0.0649876 0.0683518
threshold=0.75000000000000011 2.7735042572021489 0.83183515071868908 0.84807693958282482 1.0000000180025095e-35 0.95803049206733715 0.30958321690559393 1.431677043437958 0.99038460850715648 6.5000000000000009 1.5080645084381106 3.7500000000000004 4.5000000000000009 1.5000000000000002 17.500000000000004 2.5000000000000004 0.4450449943542481 249.13955688476565 3.9071062803268437 1.8355078697204592 8.5000000000000018 7.990229845046998 0.57203909754753124 0.19181560724973681 1.5000000000000002 461.02537536621099 1.5000000000000002 10.582149982452394 386.14454650878912 0.73030304908752453
decision_type=2 2 2 2 2 2 2 2 2 2 2 2 2 2 2 2 2 2 2 2 2 2 2 2 2 2 2 2 2 2
left_child=9 2 5 -3 7 21 10 12 -7 -1 13 -10 16 -6 -11 -13 25 -9 19 20 -19 24 -23 -24 26 -4 -2 -17 29 -21
right_child=1 3 4 -5 6 8 -8 17 11 14 -12 15 -14 -15 -16 27 -18 18 -20 28 -22 22 23 -25 -26 -27 -28 -29 -30 -31
leaf_value=0.029883440502010163 0.019534446713854271 0.09501171692384254 0.013784439291874676 -0.050136049263080441 0.0027249453091177079 -0.043898245818940453 -0.0267015339711663 0.026867662589876315 -0.04733663965482407 -0.057084521100502897 -0.026335695156922929 -0.019665512875778373 0.029491552561788828 -0.052502779691168656 0.039042744047906482 0.0274459200451533 -0.024106079569053165 -0.017198991696325223 -0.043391606621212331 0.022094806597165256 0.038095638522835096 -0.037158020726883803 -0.040686936597066729 0.017673978320495547 -0.039865534976474826 -0.018788310484305092 -0.051479220734067348 -0.023904599744743092 -0.052003182859209719 -0.05075453729892121
leaf_weight=0.034076938253993272 0.57485721669956935 0.070882009848901695 2.8294092841013039 0.019042167811113675 4.1454874726960451 0.32329445568411486 0.35612650674418223 0.18841205811466455 0.14004980745501783 0.39086587961944685 0.27881425127240245 0.41595986558044729 0.6384180893205097 0.064593417492460392 0.021391644908592244 0.21493517397649953 0.14323880791988575 0.63593533862595542 0.1165049311397296 0.47964396892334094 0.060179415736456576 0.21277113500433131 0.1021627809822796 0.25503035665225582 0.067094323899581809 0.16603398032827943 0.034567718913109502 0.086504966082927126 0.036316459926339917 0.034515762331047029
leaf_count=398 484 3 2174 8130 4046 5763 1613 357 1896 652768 11436 2540 350 151 734 288 106 1498 2459 428 37 410 152 412 272 60 63 366 115 552
internal_value=2.55392e-09 0.00161211 0.00116492 0.0642755 0.00399361 -0.0106914 -0.00184664 0.00930385 -0.0213174 -0.0458375 0.000125226 -0.0128035 0.0135706 0.00187761 -0.0520966 -0.00606194 0.0103322 -0.00108332 -0.00494681 -0.0013538 -0.0124187 -0.000625918 -0.013256 0.000981851 0.0100149 0.011979 0.0155064 0.0127097 0.0126386 0.0172044
internal_weight=13.1371 12.6908 12.6009 0.0899242 10.1736 2.42723 4.84502 5.32861 1.18074 0.446334 4.4889 0.85745 3.7771 4.21008 0.412258 0.7174 3.13868 1.55151 1.3631 1.24659 0.696115 1.24648 0.569964 0.357193 0.676519 2.99544 0.609425 0.30144 0.550476 0.51416
internal_count=700061 46161 38028 8133 25382 12646 17246 8136 10853 653900 15633 5090 2690 4197 653502 3194 2340 5446 5089 2630 1535 1793 974 564 819 2234 547 654 1095 980
is_linear=0
shrinkage=0.05


Tree=169
num_leaves=31
num_cat=0
split_feature=10 11 16 69 7 6 2 37 17 2 29 14 16 67 10 57 57 18 1 17 14 14 56 57 12 1 34 19 2 3
split_gain=0.29039 0.14762 0.113293 0.142268 0.111223 0.102686 0.113149 0.0940849 0.102317 0.130426 0.0927781 0.161846 0.100923 0.0985684 0.0889821 0.0879262 0.0867838 0.0917478 0.081277 0.0801031 0.0801016 0.0758787 0.0767904 0.0757897 0.0876561 0.0759086 0.0737294 0.0735858 0.0859488 0.0722247
threshold=0.75000000000000011 1.2649122476577761 0.48908095061779028 8.3225159645080584 1.0000000180025095e-35 1.0000000180025095e-35 1.0000000180025095e-35 0.12881708890199664 0.7510221302509309 1.5000000000000002 5.0222330093383798 0.9580347239971162 0.79596054553985607 30.60000038146973 13.250000000000002 0.92512762546539318 0.85084247589111339 0.22929595410823825 11.500000000000002 0.92988044023513805 4.4376320838928232 4.2338671684265146 0.4401834905147553 0.51018068194389354 0.29099461436271673 20.500000000000004 2.2848331928253178 0.0071119370404630908 1.5000000000000002 5.5000000000000009
decision_type=2 2 2 2 2 2 2 2 2 2 2 2 2 2 2 2 2 2 2 2 2 2 2 2 2 2 2 2 2 2
left_child=-1 2 3 18 7 6 -4 26 -9 -10 11 13 15 -8 -14 21 17 -7 -2 -6 -11 22 -12 -24 25 -25 -3 -13 -29 -18
right_child=1 4 5 -5 19 16 10 8 9 20 12 27 14 -15 -16 -17 29 -19 -20 -21 -22 -23 23 24 -26 -27 -28 28 -30 -31
leaf_value=-0.042196075396112087 -0.017599155536709411 0.064749087726072532 0.042522839088546309 -0.034750256039347435 -0.043668113812834253 0.016228613488377491 0.022437423598299894 -0.024947708706219204 0.019096326983726489 -0.003876077298348839 0.039533914845621014 -0.04700660621412224 0.039363269929369893 -0.051206822583541138 -0.010837890131671454 -0.021824974068730647 0.006663713982231422 -0.026833278138899266 0.018441643060440768 -0.0095629662307930904 -0.049574587298220243 -0.050502322902716501 -0.052814556302590993 -0.02978745354778994 0.02428118791896447 0.027009438098239857 -0.047982189270857352 0.045297335380750835 -0.048902427486594797 -0.049379633443095948
leaf_weight=0.39514954705926264 0.26052851696553314 0.083424921398759344 0.32031773205221759 0.37077513244238425 0.29988309916009992 0.1706588511335102 0.44077951363897261 0.49456709472556193 0.67131968604067571 2.4847533524056047 0.27562852871638222 0.21990808384214233 0.60790438543421021 0.05065783545433078 0.10326492385547681 0.19946199641708506 2.9369638175235342 0.44947708001871067 0.39149593818626727 0.40425426398129893 0.099739959380701904 0.043775592143333486 0.046611120436722331 0.17625865268746566 0.54170393309556175 0.08829778589461057 0.017556485095026275 0.05650224202327081 0.042375158384686529 0.058635784580758243
leaf_count=653900 1108 89 154 1408 4486 204 350 6612 1715 11268 157 393 356 15 35 103 1769 1432 691 4645 8032 280 38 39 266 57 312 10 46 91
internal_value=-6.24524e-10 0.00134385 0.00549796 -0.0100213 -0.0058163 0.00782227 0.0143259 -0.00247573 -0.00375808 -0.000539319 0.011204 -0.00315228 0.0167884 0.0148461 0.0320738 0.00886372 0.00204226 -0.0149828 0.00404087 -0.0240879 -0.00563966 0.0140854 0.0165908 0.00917611 0.0127599 -0.010831 0.0451498 -0.0308985 0.00492684 0.00556672
internal_weight=12.8026 12.4075 7.85198 1.0228 4.5555 6.82918 3.21345 3.85136 3.75038 3.25581 2.89313 0.810223 2.08291 0.491437 0.711169 1.37174 3.61574 0.620136 0.652024 0.704137 2.58449 1.17228 1.1285 0.852871 0.80626 0.264556 0.100981 0.318785 0.0988774 2.9956
internal_count=700061 46161 9002 3207 37159 5795 2299 28028 27627 21015 2145 814 1331 365 391 940 3496 1636 1799 9131 19300 837 557 400 362 96 401 449 56 1860
is_linear=0
shrinkage=0.05


Tree=170
num_leaves=31
num_cat=0
split_feature=10 65 14 2 34 29 29 2 54 17 6 5 16 14 46 6 1 18 58 13 63 63 13 13 6 17 12 11 13 34
split_gain=0.267927 0.109299 0.110166 0.102709 0.111748 0.172679 0.144152 0.135977 0.109859 0.109114 0.108389 0.0872092 0.0831549 0.082022 0.0812888 0.0782346 0.0763595 0.0727105 0.0809504 0.090185 0.0815473 0.0754836 0.0716431 0.071576 0.0714299 0.0765491 0.0765717 0.128885 0.127283 0.078327
threshold=4.7500000000000009 11.550000190734865 2.4899461269378667 8.5000000000000018 0.13382896780967715 10.101456642150881 1.0000000180025095e-35 1.0000000180025095e-35 0.17599666863679889 0.92768082022666942 1.0000000180025095e-35 1.0000000180025095e-35 0.7001820206642152 4.2739980220794687 35.049999237060554 1.0000000180025095e-35 6.5000000000000009 0.32138723134994512 0.24964267760515216 383.19085693359381 3.5694335699081425 2.9174053668975835 336.16227722167974 367.10334777832037 2.5000000000000004 0.99615040421485912 0.47213622927665716 1.1695402264595034 383.19085693359381 1.224465072154999
decision_type=2 2 2 2 2 2 2 2 2 2 2 2 2 2 2 2 2 2 2 2 2 2 2 2 2 2 2 2 2 2
left_child=1 2 11 4 5 -2 7 15 22 17 12 23 -11 -14 -10 -6 -4 18 20 21 -8 -20 -9 -1 25 26 28 29 -12 -28
right_child=3 -3 16 -5 6 -7 9 8 14 10 24 -13 13 -15 -16 -17 -18 -19 19 -21 -22 -23 -24 -25 -26 -27 27 -29 -30 -31
leaf_value=0.027392774399038779 0.024386385311607743 -0.030606882766798956 0.02026104056625435 -0.049143199822381092 0.034068160999241863 -0.044855664077413003 0.0065217672983332309 0.043115692864871401 -0.017466796645257573 -0.0043044663130463092 0.019194018142399828 -0.019308528477401637 0.024710904269213227 -0.021939757228346728 -0.050234555683128783 -0.0350742534614948 -0.03677740895310877 -0.010003586823233886 -0.02417508201970385 -0.0383129175780599 -0.027556923537482743 0.038599533321016351 -0.022838206759458579 -0.026463762809783076 0.013294354364758518 -0.046580872860537831 -0.027932213775943515 -0.029168440596482409 -0.0398460350678062 0.015232350372502521
leaf_weight=0.37558306753319703 1.0404199355317558 0.84393900863040694 0.070806723220183443 0.09308218271081159 0.18905282037536497 0.09857154230635945 0.58528150370044352 0.093017487358110884 0.4669198347736625 0.36371405431594928 0.6717079769730393 0.23001695939974098 1.623997406233286 0.10002590557817814 0.31828694934665336 0.052210503825051546 0.34252353182440842 1.7345121163968018 0.055267864495817776 0.054307195906687866 0.25075067266555706 0.35862147446870196 0.073877492760516361 0.073817302738520052 1.0175255082676953 0.096003054454072756 0.13486315337013344 0.46770473298484205 0.10564683216671256 0.47620180000921408
leaf_count=15745 635 496749 597 3614 238 77 864 99 876 249 217 47748 1013 321 1940 272 108735 3668 50 46 296 327 96 13566 593 137 40 928 60 265
internal_value=-4.65855e-10 -0.0170907 -0.00665206 0.00314586 0.00361258 0.018394 0.00180022 -0.014423 -0.0229191 0.00419151 0.00869091 0.00573063 0.0174209 0.0220043 -0.0307493 0.0191054 -0.0270063 -0.00329687 0.00562248 0.0222681 -0.00369944 0.0302171 0.0139206 0.0185464 0.00255351 -0.00304504 -0.000793268 -0.00941403 0.0111701 0.00570585
internal_weight=12.4583 1.93669 1.09275 10.5216 10.4285 1.13899 9.2895 1.19337 0.952102 8.09613 5.05739 0.679417 2.08774 1.72402 0.785207 0.241263 0.41333 3.03874 1.30423 0.468197 0.836032 0.413889 0.166895 0.4494 2.96965 1.95213 1.85612 1.07877 0.777355 0.611065
internal_count=700061 683140 186391 16921 13307 712 12595 3521 3011 9074 3823 77059 1583 1334 2816 510 109332 5251 1583 423 1160 377 195 29311 2240 1647 1510 1233 277 305
is_linear=0
shrinkage=0.05


Tree=171
num_leaves=31
num_cat=0
split_feature=10 10 10 17 5 6 2 43 3 54 45 6 23 67 43 5 2 69 38 54 43 39 14 13 3 12 34 56 38 10
split_gain=0.25088 0.12541 0.132797 0.108294 0.128602 0.0929629 0.0916143 0.119955 0.0978961 0.0825417 0.0862407 0.0759873 0.0849632 0.081609 0.0808356 0.0753801 0.0751795 0.0744425 0.0825646 0.106507 0.104497 0.0991228 0.0735353 0.0845802 0.0796236 0.0729452 0.0724338 0.0982064 0.0883503 0.0754938
threshold=5.7500000000000009 -1.0000000180025095e-35 5.2500000000000009 0.96069067716598522 1.0000000180025095e-35 1.0000000180025095e-35 3.5000000000000004 2.8029010295867924 1.5000000000000002 6.0869562625885019 40.049999237060554 1.5000000000000002 4.6585807800292978 30.60000038146973 3.3842465877532963 1.5000000000000002 7.5000000000000009 15.545432567596437 0.28845193982124334 1.8906534314155581 4.0689902305603036 0.0047062193043529996 2.7830677032470708 359.19441223144537 1.5000000000000002 0.63818180561065685 0.77171680331230175 0.60078126192092907 0.18526057898998263 8.7500000000000018
decision_type=2 2 2 2 2 2 2 2 2 2 2 2 2 2 2 2 2 2 2 2 2 2 2 2 2 2 2 2 2 2
left_child=1 -1 9 4 5 16 8 -8 -5 10 15 -10 13 14 -13 -3 -2 18 21 20 -20 -9 23 24 -6 -26 -7 28 -28 -29
right_child=3 2 -4 6 22 26 7 17 11 -11 -12 12 -14 -15 -16 -17 -18 -19 19 -21 -22 -23 -24 -25 25 -27 27 29 -30 -31
leaf_value=-0.050003581306174397 0.01044373472494859 0.0083183704542951469 -0.051609485617438479 -0.011016328993784821 -0.020712923146513174 -0.03207511424041274 -0.04291890213396185 0.020252213689641977 0.027692880315423624 -0.045489169558873818 -0.014527950845706654 -0.037532430462330173 -0.034866110580661767 0.039458071355870081 0.013174386538577457 -0.034084008333082637 -0.047695413243727759 -0.046505009014029292 -0.035729473892664586 -0.035673736812078638 0.026946984829600118 -0.04033282124168544 -0.04329565670079992 -0.028921682727946919 0.02903428138383864 -0.024228986878743006 0.044889496808131271 -0.012123484574256145 -0.025063689310828918 0.024884871415028136
leaf_weight=0.20945740012977365 2.4772442417311424 1.1240417805042935 0.17800844006523675 0.28534515689186468 0.23723967679184788 0.23916251588875059 0.14036868186892082 0.94127452339317563 1.2937417125132245 0.13169723573165271 1.1781502956679162 0.099079985355473243 0.10063112489626036 0.22031279095699574 0.38020621368313812 0.11559187017189021 0.056880211433765981 0.066619390065667861 0.092059105513342732 0.21439569888269272 0.23954564411839385 0.072728742897467669 0.19742597784077986 0.35991772880190709 0.27555502195997406 0.083838395541221189 0.050147549016045678 0.21269963760390098 0.45175053096852835 0.39133005936558618
leaf_count=641957 2788 8435 1762 205 273 219 201 863 783 12087 21599 30 31 55 218 1216 941 89 94 621 215 132 1403 386 140 80 40 475 2474 249
internal_value=-1.55315e-09 -0.0127197 -0.00985649 0.00406962 -0.000859519 0.0034996 0.0100531 0.00142867 0.016458 -0.00694123 -0.00484152 0.0202019 0.00809114 0.0142702 0.00269207 0.00436448 0.00913876 0.00525562 0.00746604 -0.00820968 0.00954694 0.0159068 -0.0155132 -0.00977902 0.00176875 0.0166092 -0.00712448 -0.00172877 -0.0180743 0.011853
internal_weight=12.1164 2.93695 2.72749 9.1795 5.03319 3.87921 4.14631 1.76699 2.37932 2.54948 2.41778 2.09397 0.80023 0.699599 0.479286 1.23963 2.53412 1.62662 1.56 0.546 0.331605 1.014 1.15398 0.956551 0.596633 0.359393 1.34509 1.10593 0.501898 0.60403
internal_count=700061 687056 45099 13005 9468 7186 3537 2215 1322 43337 31250 1117 334 303 248 9651 3729 2014 1925 930 309 995 2282 879 493 220 3457 3238 2514 724
is_linear=0
shrinkage=0.05


Tree=172
num_leaves=31
num_cat=0
split_feature=10 6 14 12 5 18 56 54 17 6 18 12 1 3 4 1 54 34 58 13 6 38 34 16 69 23 29 43 36 12
split_gain=0.240182 0.106057 0.0948596 0.0972285 0.108922 0.105433 0.114423 0.104052 0.103839 0.102089 0.111191 0.100468 0.0892278 0.108228 0.0826692 0.0808575 0.0867673 0.0785602 0.0756118 0.0712776 0.0673634 0.10132 0.208472 0.0873959 0.0708928 0.0791306 0.0716681 0.0697866 0.0841769 0.0794093
threshold=4.7500000000000009 1.0000000180025095e-35 3.785109400749207 0.63818180561065685 1.5000000000000002 0.19310176372528079 0.81853973865509044 1.272581219673157 0.92988044023513805 3.5000000000000004 0.14355637878179553 0.18350168317556384 14.500000000000002 2.5000000000000004 1.0000000180025095e-35 14.500000000000002 1.2131631374359133 0.067820053547620787 0.40072467923164373 223.06401062011722 1.0000000180025095e-35 0.35091583430767065 1.662352502346039 0.61750274896621715 11.433653354644777 4.6197175979614267 14.585350036621096 3.9607677459716801 0.92340287566185009 0.55902779102325451
decision_type=2 2 2 2 2 2 2 2 2 2 2 2 2 2 2 2 2 2 2 2 2 2 2 2 2 2 2 2 2 2
left_child=1 12 3 4 9 7 8 15 -7 10 -2 -12 19 -14 20 -5 -17 -3 -4 -1 27 22 24 -24 25 -22 -26 29 -29 -13
right_child=2 17 18 5 -6 6 -8 -9 -10 -11 11 14 13 -15 -16 16 -18 -19 -20 -21 21 -23 23 -25 26 -27 -28 28 -30 -31
leaf_value=0.024101180671010206 0.029294403744768657 0.018148556914203688 -0.024001972913110004 0.032052695090552294 -0.018221115201662488 -0.032105452044451969 -0.046497530770911899 -0.025763317998127935 0.0046954869175352678 -0.037473482666480394 -0.021753024358533435 0.0083875771906309991 -0.037894223691553652 -0.0035684234013926871 -0.033630161816709428 -0.020189830604823433 0.050338117175122613 -0.042122974826127653 0.016225160993044985 -0.050571396972546589 0.018411673153101327 -0.010908479030102222 -0.040573131122329936 0.028305830598512657 -0.049843823197085385 -0.033454597220652957 -0.004515686345936405 0.013312362403627685 0.035223412319079522 -0.034827705435264047
leaf_weight=0.26316181127479721 0.62795174007726196 0.060969079996553543 0.52459960063750433 0.38146271011949329 0.40522557333780884 0.28442527791326744 0.23676952770893323 0.17765306064645614 0.58785490972741794 0.118979798837202 0.28551317934044096 0.83672566153063632 0.36185732829351691 0.62844425914691249 0.11360644381090157 0.19552836174504762 0.056126689722574952 0.47746168164888592 0.1502748988204976 0.036374515693412546 0.28116313575083074 0.8360026890734672 0.048372833947950999 0.96029781041170281 0.16821210439229617 0.099584934301674366 0.18107225365838531 1.6985460243364516 0.59080034784415136 0.12177115697704721
leaf_count=956 390 8991 6940 265 250 1707 457 372 721 185 304 437 63281 70204 650 496 15 538022 1177 1686 105 462 20 248 51 16 39 1076 499 39
internal_value=-3.90405e-10 -0.0166592 0.00305536 0.00436972 0.00697922 -0.0056531 -0.0156716 0.00805111 -0.00730423 0.00844463 0.00924224 0.00721838 -0.00887852 -0.0161111 0.00861183 0.0175394 -0.00445996 -0.0352981 -0.0150446 0.0150332 0.00943603 0.00339572 0.0102735 0.0250026 -0.0100775 0.00484601 -0.0263453 0.0142244 0.0189668 0.00289734
internal_weight=11.7968 1.82827 9.96852 9.29365 7.37383 1.91982 1.10905 0.810771 0.87228 6.9686 6.84962 6.22167 1.28984 0.990302 5.93616 0.633118 0.251655 0.538431 0.674874 0.299536 5.82255 2.57471 1.7387 1.00867 0.730032 0.380748 0.349284 3.24784 2.28935 0.958497
internal_count=700061 683140 16921 8804 4771 4033 2885 1148 2428 4521 4336 3946 136127 133485 3642 776 511 547013 8117 2642 2992 941 479 268 211 121 90 2051 1575 476
is_linear=0
shrinkage=0.05


Tree=173
num_leaves=31
num_cat=0
split_feature=12 4 11 7 34 29 16 69 6 54 2 3 0 11 47 18 37 18 14 37 36 49 14 14 38 16 2 49 49 14
split_gain=0.231335 0.148951 0.120009 0.0962519 0.0955839 0.122603 0.105642 0.115771 0.0875554 0.0872773 0.085867 0.0927306 0.0853947 0.0781705 0.0770612 0.0736253 0.0894964 0.0804326 0.0751098 0.0721683 0.0697481 0.0693242 0.0678013 0.0710847 0.0653667 0.0841266 0.0630302 0.0845501 0.0747792 0.0625731
threshold=1.1715686321258547 1.0000000180025095e-35 1.2649122476577761 1.0000000180025095e-35 0.13382896780967715 1.0000000180025095e-35 0.48908095061779028 8.3225159645080584 1.0000000180025095e-35 5.7177672386169442 1.0000000180025095e-35 2.5000000000000004 7.5000000000000009 0.71714287996292125 26.649999618530277 0.28443659842014318 0.9659458100795747 0.26395371556282049 4.2739980220794687 0.95285767316818248 0.8893263339996339 5.0222330093383798 0.25655800104141241 3.785109400749207 0.36402259767055517 0.82236963510513317 4.5000000000000009 14.450182914733888 12.731777191162111 0.93100416660308849
decision_type=2 2 2 2 2 2 2 2 2 2 2 2 2 2 2 2 2 2 2 2 2 2 2 2 2 2 2 2 2 2
left_child=1 2 4 9 21 10 7 13 15 12 11 -6 -4 -7 19 16 17 -8 -17 -3 -5 -1 -10 24 25 -24 28 -28 -26 -12
right_child=-2 14 3 20 5 6 8 -9 22 -11 29 -13 -14 -15 -16 18 -18 -19 -20 -21 -22 -23 23 -25 26 -27 27 -29 -30 -31
leaf_value=0.026601024239798959 -0.03597793221679714 -0.049844955294278959 0.052042505382312559 -0.038966842247337374 -0.046215004280046518 -0.041516940638875621 -0.031377386780564946 -0.03329862206968192 -0.043370233900148297 -0.045827633434894988 -0.0052233438591246639 0.038990119023883246 -0.00088803423351606662 0.020183749821817712 -0.050269575881713303 0.01345418760943743 0.038926161175129953 0.049494753354676804 -0.03759249139573051 0.011233457273249465 -0.0051739875386657913 -0.038752740135526036 0.027898003304931324 -0.044821833472624556 0.0067563613210416158 0.0043349391842132266 -0.039541094151598712 0.04287037066514765 -0.037399257720679084 -0.037353850753862348
leaf_weight=0.73666511367762488 0.43004014544489422 0.069991727572263351 0.07819438525199407 0.31793060672635731 0.042736717021938264 0.06306612339244555 0.095834132317577647 0.31784728187516009 0.074375099369717979 0.10532889258639677 0.27682795581517894 0.12630949271098757 2.9884993908140181 0.27593946863777319 0.19931002867354231 1.2373487572905331 0.58569202195531034 0.045267467896337621 0.076517483991238922 0.15650262920556668 0.29379833131239574 0.042942721657709626 0.52589448237267866 0.069394272156465209 0.1631257210654552 1.3542872328448536 0.043954669550942072 0.1066093370920953 0.23261454528011427 0.33477296641326859
leaf_count=351 613222 3595 2463 10174 163 114 57 774 20 7578 210 136 13715 291 30143 606 253 33 238 4060 9499 35 161 703 61 306 43 30 109 918
internal_value=3.28749e-09 0.00140176 0.00256525 -0.00457754 0.00652344 0.00439955 0.00713994 -0.0116201 0.00981243 -0.00107548 -0.0140925 0.0174493 0.000461586 0.0087054 -0.0275946 0.0175449 0.0303143 -0.00543242 0.0104813 -0.00764111 -0.022737 0.0230012 0.00367318 0.00507503 0.00650202 0.0109256 -0.00872244 0.0188117 -0.0191981 -0.0228107
internal_weight=11.4676 11.0376 10.6118 3.78375 6.82802 6.04842 5.26777 0.656853 4.61092 3.17202 0.780647 0.169046 3.06669 0.339006 0.425804 2.04066 0.726794 0.141102 1.31387 0.226494 0.611729 0.779608 2.57026 2.49588 2.42649 1.88018 0.546304 0.150564 0.39574 0.611601
internal_count=700061 86839 49041 43429 5612 5226 3799 1179 2620 23756 1427 299 16178 405 37798 1187 343 90 844 7655 19673 386 1433 1413 710 467 243 73 170 1128
is_linear=0
shrinkage=0.05


Tree=174
num_leaves=31
num_cat=0
split_feature=12 4 17 6 46 14 3 58 58 47 2 10 63 1 37 34 57 54 37 12 12 24 6 43 12 3 49 63 23 38
split_gain=0.215407 0.140388 0.112573 0.105854 0.0855843 0.106267 0.0966098 0.0817297 0.0736864 0.071856 0.0683156 0.0706283 0.0790726 0.0682819 0.066084 0.0645848 0.0640687 0.0633391 0.0627274 0.0621104 0.0598569 0.134249 0.078959 0.0756248 0.0895226 0.0715262 0.0780815 0.0754592 0.0687186 0.0665651
threshold=1.1715686321258547 1.0000000180025095e-35 0.83183515071868908 1.0000000180025095e-35 24.300000190734867 4.4788663387298593 1.5000000000000002 0.08101049438118936 0.30958321690559393 26.649999618530277 5.5000000000000009 12.750000000000002 4.0689902305603036 20.500000000000004 0.95285767316818248 4.14306664466858 0.54246145486831676 1.3330531716346743 0.99800366163253795 0.54006412625312816 0.67543861269950878 0.71008405089378368 2.5000000000000004 2.6735538244247441 0.40370370447635656 1.5000000000000002 11.486478328704836 3.5972183942794804 4.5101089477539071 0.3527748584747315
decision_type=2 2 2 2 2 2 2 2 2 2 2 2 2 2 2 2 2 2 2 2 2 2 2 2 2 2 2 2 2 2
left_child=1 2 4 7 5 -1 -6 17 13 14 -9 12 -12 15 -3 20 18 -4 -8 -18 22 -22 23 -5 -25 -26 -27 -28 -29 -24
right_child=-2 9 3 8 6 -7 16 10 -10 -11 11 -13 -14 -15 -16 -17 19 -19 -20 -21 21 -23 29 24 25 26 27 28 -30 -31
leaf_value=0.0075310056905286867 -0.03538026240101895 -0.049762233251248886 0.041826756396935005 -0.051825664920505804 -0.042380705217106983 -0.046022442044797551 -0.02920854563130473 0.010466250779728578 -0.024738939760088625 -0.050255439750136556 -0.038815027678628738 0.021514380287289157 0.028462247357155281 -0.012284001931470018 0.010054483693580394 -0.045069564601301321 0.031243530507330509 -0.0094165184315028946 0.019621543407634778 -0.025459192438389094 0.011432057933924435 -0.030604316734075855 0.03186834802452497 0.026380526041075325 -0.025921681048086412 0.032907116584570031 -0.018858439463835808 0.031290980658401489 -0.012901100652692546 -0.018768747611904633
leaf_weight=0.88370486917732949 0.41424749412493866 0.066200339386331075 0.31985563894470814 0.058387007597049734 0.30342634013410441 0.10347944151341881 0.33747878769777806 3.5315664202697907 0.29710567253822473 0.18690758731125434 0.21915624575684667 0.1134368712801006 0.054544560822417765 0.76051144363322842 0.15262857104087302 0.064406707502397409 0.15369032672240501 0.074313340730797428 0.081689008973665267 0.070423815865206851 0.44814438330761763 0.32964042302369867 0.51260068653436963 0.40414094434254355 0.22990990403943079 0.19986330807296326 0.35441591916969628 0.21867230041061703 0.14717347565783712 0.074308965673822058
leaf_count=2148 613222 3595 432 27 10046 2401 3624 7508 2472 30143 825 50 201 13644 4060 1982 244 219 462 629 619 859 126 116 83 80 111 45 35 53
internal_value=1.39648e-09 0.00136314 0.00249458 0.00499529 -0.00838315 0.00191738 -0.0191241 0.0104634 -0.000757773 -0.0274878 0.00828046 -0.0116588 -0.0254077 0.00111614 -0.00804133 0.00446659 -0.00815429 0.0321658 -0.0196924 0.0134257 0.00553821 -0.00638378 0.0097541 0.0040388 0.00613751 -0.000976219 0.00525686 -0.00241573 0.0135133 0.0254572
internal_weight=11.166 10.7518 10.346 8.41215 1.93389 0.987184 0.946708 4.31287 4.09928 0.405736 3.9187 0.387138 0.273701 3.80218 0.218829 3.04166 0.643282 0.394169 0.419168 0.224114 2.97726 0.777785 2.19947 1.61256 1.55418 1.15003 0.920125 0.720262 0.365846 0.58691
internal_count=700061 86839 49041 29487 19554 4549 15005 9235 20252 37798 8584 1076 1026 17780 7655 4136 4959 651 4086 873 2154 1478 676 497 470 354 271 191 80 179
is_linear=0
shrinkage=0.05


Tree=175
num_leaves=31
num_cat=0
split_feature=10 6 2 54 29 2 37 14 10 10 36 54 43 10 5 69 10 13 34 36 36 36 49 6 58 57 36 34 11 39
split_gain=0.209276 0.0948297 0.0876495 0.100801 0.0863881 0.113791 0.100477 0.0806958 0.0782905 0.12178 0.0745792 0.0931142 0.115003 0.0879844 0.0739562 0.0832988 0.0710686 0.0697856 0.0693236 0.0672216 0.0655854 0.0891191 0.103828 0.063299 0.0704409 0.0601365 0.075669 0.0681278 0.0595973 0.0691326
threshold=4.7500000000000009 1.0000000180025095e-35 5.5000000000000009 0.1297685578465462 1.0000000180025095e-35 1.0000000180025095e-35 0.90886101126670849 0.32815524935722357 7.7500000000000009 7.2500000000000009 0.70042735338211071 2.3816143274307255 4.79990577697754 8.2500000000000018 1.5000000000000002 11.821442127227785 4.2500000000000009 301.17921447753912 0.067820053547620787 0.47637648880481726 0.71486642956733715 0.65640783309936535 11.084769725799562 1.5000000000000002 0.10434039309620859 0.89021003246307384 0.95952773094177257 2.827168464660645 1.7549999952316286 0.00092263726401142787
decision_type=2 2 2 2 2 2 2 2 2 2 2 2 2 2 2 2 2 2 2 2 2 2 2 2 2 2 2 2 2 2
left_child=1 16 3 14 5 -5 20 -8 9 -9 13 -12 25 -10 15 23 28 -14 -3 -7 21 22 -6 -2 -25 27 -27 -13 29 -1
right_child=2 18 -4 4 6 19 7 8 10 -11 11 12 17 -15 -16 -17 -18 -19 -20 -21 -22 -23 -24 24 -26 26 -28 -29 -30 -31
leaf_value=-0.0040074171528692798 0.035005229056481763 0.017031557714943524 -0.012303226601121355 0.020308972417191894 0.0058673040980632332 0.02227791794003325 -0.028528725189223444 0.0028941659620281336 0.049133389020533651 -0.052265541439785672 0.019929173236607114 0.04507297843111191 0.037238723883440815 -0.02668059314416471 -0.018796557512752572 -0.02573459755243437 -0.051348666811306211 -0.03545742552734208 -0.041788673805057651 -0.029734141016105914 -0.032340472334301082 0.034266182114342451 -0.038986585666927656 0.023547849960154965 -0.0329131098530741 0.031895997394613539 -0.018992353852128073 -0.041105649718152219 -0.01306571732207871 0.043335170789085713
leaf_weight=0.22660454165510147 0.67642359762309723 0.056719610703264145 0.85480166521667378 0.1930875224774552 0.33025951412692212 0.070213798280313711 0.1566944084681835 1.8487266314032593 0.046563183987246126 0.10578838165232429 2.2668821158358132 0.031150352113399893 0.038192002929747559 0.21484028117719589 0.11975706710131806 0.081472725109563271 0.090052578300749642 0.24344389448037873 0.42868538218421748 0.53899216485583068 0.25829721281741769 0.13123380588194777 0.21173622539531323 0.17613831337945385 0.080483858568015876 0.36358406575629942 0.091417541158762106 0.086937647210874047 0.74610164765080533 0.11688711686055342
leaf_count=561 649 8991 6600 469 486 232 71 2138 39 190 1001 20 38 194 81 65 756 259 538022 1856 352 207 1347 70 89 217 79 172 134651 159
internal_value=-2.05674e-09 -0.0163138 0.00294706 0.00450595 0.00233131 -0.0131384 0.00426279 0.00683725 0.00787549 -9.13604e-05 0.0124783 0.0146266 0.000563199 -0.013176 0.0183636 0.0227501 -0.00865956 -0.0255993 -0.0349155 -0.0237395 -0.0109215 -0.00270377 -0.0116553 0.0269837 0.00584012 0.0134203 0.0216717 -0.0183726 -0.00513139 0.0121028
internal_weight=10.8822 1.66505 9.21712 8.36232 7.22804 0.802293 6.42575 5.49422 5.33753 1.95452 3.38301 3.12161 0.854726 0.261403 1.13428 1.01452 1.17965 0.281636 0.485405 0.609206 0.931527 0.67323 0.541996 0.933046 0.256622 0.57309 0.455002 0.118088 1.08959 0.343492
internal_count=700061 683140 16921 10321 9367 2557 6810 4418 4347 2328 2019 1786 785 233 954 873 136127 297 547013 2088 2392 2040 1833 808 159 488 296 192 135371 720
is_linear=0
shrinkage=0.05


Tree=176
num_leaves=31
num_cat=0
split_feature=10 11 10 17 5 16 12 6 38 56 2 10 10 11 58 2 58 17 3 57 54 29 65 14 57 12 5 56 14 13
split_gain=0.202346 0.105492 0.118162 0.0943846 0.110682 0.0845392 0.0845029 0.0709556 0.0655063 0.0834068 0.0607353 0.0634577 0.110272 0.0994182 0.100254 0.0990357 0.0982561 0.0933307 0.0786122 0.0587187 0.0633065 0.0712165 0.0565807 0.0805135 0.0645711 0.0587132 0.0574378 0.0636631 0.0564823 0.0672442
threshold=5.7500000000000009 3.0263158082962041 5.2500000000000009 0.96069067716598522 1.0000000180025095e-35 0.92776471376419078 0.90454545617103588 1.0000000180025095e-35 0.29007549583911901 0.90041321516036998 7.5000000000000009 9.7500000000000018 9.2500000000000018 0.92980295419693004 0.4428421556949616 2.5000000000000004 0.16710083931684497 0.94159805774688732 4.5000000000000009 0.88325679302215587 2.4896215200424199 12.644129276275637 12.050000190734865 2.5975071191787724 0.66639894247055065 0.54006412625312816 1.0000000180025095e-35 0.55600360035896312 2.7830677032470708 341.12739562988287
decision_type=2 2 2 2 2 2 2 2 2 2 2 2 2 2 2 2 2 2 2 2 2 2 2 2 2 2 2 2 2 2
left_child=1 2 22 4 7 6 -5 10 -7 -10 11 12 15 14 17 16 -2 -13 -17 -9 21 -21 23 26 -24 -26 -1 -28 29 -6
right_child=3 -3 -4 5 28 8 -8 19 9 -11 -12 13 -14 -15 -16 18 -18 -19 -20 20 -22 -23 24 -25 25 -27 27 -29 -30 -31
leaf_value=0.020965084667161807 0.033137278241534285 -0.050010210636135768 -0.05150173201292485 0.018466317675403524 0.0071515156775492847 0.006124411548440894 -0.042090089573177503 -0.01516850966886376 0.015983823065006019 -0.039666098802094762 -0.04726812027449552 -0.019034094657662919 -0.052317069504449865 0.032990515919015966 0.047122143848896667 0.02717755856088655 -0.021749202823819452 0.037559726289715781 -0.037447257748980327 0.020826116205921012 0.037466619326551619 -0.028650175223423807 -0.045670043071472884 -0.017756224753607729 0.0032482786270233116 -0.021015923219900978 -0.046040538427458255 0.0093944203399328168 -0.042111547082461342 -0.021766646464141514
leaf_weight=0.48981377358258893 0.10306981532124948 0.17253093728533997 0.15660969566541982 1.9610367880618333 0.33353488259427322 1.2839152519946777 0.059352721791999019 0.74467838585679558 0.10409061992790203 0.19065496522063086 0.047883956796901717 0.35256551517106494 0.088538405939544762 0.55783551489388827 0.1043372645831937 0.47893434674548985 0.39034905955273302 0.091822478681706343 0.052185201154685501 0.14110076084325129 0.12839959256049838 0.15010634649142673 0.14353596085196541 0.35758165500374872 0.46307459771958648 0.54008656859410409 0.077993706279375852 0.15416506594182611 0.16707070525543521 0.50600212548017254
leaf_count=3319 124 624726 1632 1545 372 960 628 3096 167 237 941 424 127 649 60 809 498 27 70 84 213 64 9922 10403 2422 31572 1003 2057 1403 507
internal_value=1.00098e-09 -0.0122558 -0.0095222 0.00389655 -0.000982563 0.00991357 0.0166874 0.00329368 0.00124438 -0.0200131 0.00844545 0.00964735 0.00121795 0.0181264 0.00301546 0.00584434 -0.010284 -0.00734029 0.0208278 -0.00673972 0.0082189 -0.00467706 -0.00656907 0.00164615 -0.0143033 -0.0098152 0.0112558 -0.00922895 -0.0155615 -0.0102779
internal_weight=10.5929 2.55539 2.38286 8.03746 4.43841 3.59905 2.02039 3.43181 1.57866 0.294746 2.26752 2.21964 1.11308 1.10656 0.548725 1.02454 0.493419 0.444388 0.53112 1.16429 0.419607 0.291207 2.22625 1.07955 1.1467 1.00316 0.721973 0.232159 1.00661 0.839537
internal_count=700061 687056 62330 13005 9468 3537 2173 7186 1364 404 3729 2788 1628 1160 511 1501 622 451 879 3457 361 148 60698 16782 43916 33994 6379 3060 2282 879
is_linear=0
shrinkage=0.05


Tree=177
num_leaves=31
num_cat=0
split_feature=10 6 18 6 6 10 37 11 69 54 3 23 14 58 34 39 12 12 8 46 10 32 63 57 26 1 23 43 57 23
split_gain=0.191895 0.0858917 0.0789895 0.0974927 0.0724939 0.0648206 0.0631575 0.0605121 0.0731678 0.153424 0.0707552 0.0728507 0.0673123 0.0656088 0.0603319 0.0591938 0.0621861 0.108919 0.0724704 0.0655682 0.0578603 0.0574814 0.0686626 0.0716922 0.101899 0.0722857 0.0573388 0.0614841 0.0646714 0.0613842
threshold=4.7500000000000009 1.0000000180025095e-35 0.30590601265430456 1.0000000180025095e-35 1.5000000000000002 4.2500000000000009 0.94238856434822094 1.0606617927551272 8.5561237335205096 0.38583038747310644 3.5000000000000004 3.712116122245789 0.37705436348915106 0.12199011817574502 0.067820053547620787 0.02686727233231068 0.27429467439651495 0.44722221791744238 1.0000000180025095e-35 20.050000190734867 7.7500000000000009 1.0000000180025095e-35 3.65057384967804 0.85703989863395702 31.341208457946781 24.500000000000004 3.9631605148315434 3.7954261302948002 0.83079293370246898 4.3364274501800546
decision_type=2 2 2 2 2 2 2 2 2 2 2 2 2 2 2 2 2 2 2 2 2 2 2 2 2 2 2 2 2 2
left_child=1 5 3 6 15 -1 -2 8 9 13 -11 -12 -10 -5 -3 16 19 20 -19 -4 -18 22 23 24 -22 -25 27 -9 -29 -28
right_child=2 14 4 7 -6 -7 -8 26 12 10 11 -13 -14 -15 -16 -17 17 18 -20 -21 21 -23 -24 25 -26 -27 29 28 -30 -31
leaf_value=-0.0052613863784578647 -0.0084428505696147443 0.015407514193822561 0.0080856196404457924 0.029142896985964173 -0.023845142898870214 -0.051273983192203956 0.017794751940459874 -0.015372542640637392 -0.051738437331319956 -0.045655033755091848 -0.05108822161451701 0.038556696513287456 0.021391724202638455 -0.019400695238067298 -0.041187438559048786 0.021925842268834369 -0.0097118414642818132 -0.016164991022955762 0.021020135342841202 -0.02846706451230659 0.041988572690918012 -0.026222041867018098 0.040476363647732425 0.042567925842888779 -0.02633174985013878 -0.039737759039009946 -0.029789300499687588 -0.026360928489906545 0.022617522910976549 -0.0033685463123058648
leaf_weight=1.0356190488680228 0.25995148317887418 0.053404315749838616 0.17673164049702572 0.29206290832036097 0.37541351296256387 0.082650675386167438 1.9489464863825992 0.25413271924313441 0.032783999788989604 0.21492688297337992 0.035786416814872268 0.061801853771157766 0.78266777370322416 0.091383069896835423 0.39829523426686952 0.26715822723417293 0.23863340208795258 0.86829873818589198 0.1543135704134535 0.40118742500057181 0.076012927981651046 0.067476604436741638 0.3052621255154051 0.19320553747934355 0.1935348483705468 0.030950186610880337 0.36615431408257137 0.080189764702973676 0.4224799891947022 0.55015236769876008
leaf_count=135371 637 8991 192 98 2573 756 2286 725 19 380 108 34 404 63 538022 464 506 3646 141 994 68 127 279 165 262 30 614 376 987 743
internal_value=2.3103e-09 -0.0160949 0.00289061 0.00663544 -0.00314175 -0.00866215 0.014707 0.00103671 0.0082884 -0.00361977 -0.0296238 0.00568317 0.0184516 0.017574 -0.0344962 -0.000527232 -0.0027443 0.0012063 -0.0105537 -0.017289 0.0120888 0.018093 0.0218356 0.0103099 -0.0070653 0.0312036 -0.00551416 0.00467085 0.0148041 -0.0139262
internal_weight=10.3116 1.56997 8.7416 5.39342 3.34818 1.11827 2.2089 3.18452 1.51141 0.695961 0.312515 0.0975883 0.815452 0.383446 0.4517 2.97277 2.70561 2.12769 1.02261 0.577919 1.10508 0.866442 0.798966 0.493704 0.269548 0.224156 1.67311 0.756802 0.50267 0.916307
internal_count=700061 683140 16921 7474 9447 136127 2923 4551 1106 683 522 142 423 161 547013 6874 6410 5224 3787 1186 1437 931 804 525 330 195 3445 2088 1363 1357
is_linear=0
shrinkage=0.05


Tree=178
num_leaves=31
num_cat=0
split_feature=4 11 7 3 16 69 34 6 6 2 57 58 34 27 17 29 54 14 29 37 18 10 12 10 43 11 3 54 17 1
split_gain=0.182583 0.133158 0.0980023 0.0912635 0.0851575 0.107437 0.0843009 0.0822122 0.0759236 0.0838632 0.0662155 0.0661599 0.0660532 0.0654472 0.0643375 0.0675154 0.138693 0.0715562 0.0562847 0.0550902 0.0533373 0.0534741 0.052684 0.0523108 0.0521517 0.0609909 0.0510578 0.0507437 0.0545166 0.050708
threshold=1.0000000180025095e-35 1.2649122476577761 1.0000000180025095e-35 4.5000000000000009 0.48908095061779028 8.3225159645080584 6.0844500064849862 1.0000000180025095e-35 1.0000000180025095e-35 1.0000000180025095e-35 0.96042445302009594 0.36759978532791143 4.0216782093048105 18.202500343322757 0.68803378939628612 5.0222330093383798 0.95803049206733715 0.32815524935722357 14.620291709899904 0.9877227544784547 0.32309950888156896 11.250000000000002 0.14642857760190967 7.2500000000000009 3.2769666910171513 1.0606617927551272 3.5000000000000004 0.84929582476615917 0.43090891838073736 14.500000000000002
decision_type=2 2 2 2 2 2 2 2 2 2 2 2 2 2 2 2 2 2 2 2 2 2 2 2 2 2 2 2 2 2
left_child=1 4 6 22 5 27 7 29 9 -6 -4 14 20 19 -11 16 24 -17 -13 -5 -10 -22 -2 -18 25 -16 -12 28 -1 -3
right_child=3 2 10 13 8 -7 -8 -9 12 11 26 18 -14 -15 15 17 23 -19 -20 -21 21 -23 -24 -25 -26 -27 -28 -29 -30 -31
leaf_value=-0.013040968426287739 0.020620415306943318 0.035396471648074863 -0.035628155620514322 -0.035788732903443379 0.04495757335390279 -0.033261385883426919 -0.035583269223441016 -0.011922238914033576 0.0068255310082894101 -0.030718930628112852 0.01613236570042214 -0.022758130920438192 -0.045846375179631076 -0.050239919400842305 0.027860406060821737 -0.031100767596415696 0.021645019317116931 0.025143892372132368 0.039478586817282502 0.035601552388770823 -0.0027290565622600429 -0.046512129748254444 -0.050219948419428742 -0.047509938398321405 0.035699013693890773 -0.040873065409062076 -0.046359549409961558 -0.0115271716720867 0.035089100832005032 0.0037663905213131503
leaf_weight=0.086574217814320842 0.028679049490361042 0.13750764296204288 0.41553757339320752 0.036709383390284733 0.21173387427268187 0.2918455790741401 0.17954261523592885 0.96552510018389437 2.3500678434928668 0.073640069333102409 0.13391428236995395 0.21002041436186392 0.068061727936425842 0.049379134595238683 0.068171980354236328 0.059095701759360852 0.033783967333675946 1.3121945334935672 0.043925468585371163 0.10241377369787552 0.28598697783214522 0.09222822112584339 0.30931594027631204 0.14348499092341171 0.20912374880504103 0.06129397955010063 0.043239099160515604 0.25189509538711263 0.18362404714250147 1.613863562323482
leaf_count=98 127 707 126916 7831 119 1058 50460 76882 1005 136 21053 139 1275 70722 26 21 48 894 40 9998 262 81 297573 168 277 16 16081 1142 102 14804
internal_value=-2.73346e-09 0.0015842 -0.00619158 -0.0286629 0.00607846 -0.0089646 -0.00240095 -0.00020814 0.00842282 0.0148945 -0.0247161 0.0120203 0.00280719 -0.000787771 0.0151304 0.0169195 0.00150008 0.02272 -0.0119929 0.0167643 0.00402094 -0.0134056 -0.0442091 -0.0343304 0.0202591 -0.00468056 0.000879515 0.00461709 0.0196677 0.0062498
internal_weight=10.0524 9.52588 3.48913 0.526497 6.03675 0.813939 2.89644 2.7169 5.22281 2.42647 0.592691 2.21473 2.79634 0.188502 1.96079 1.88715 0.515859 1.37129 0.253946 0.139123 2.72828 0.378215 0.337995 0.177269 0.33859 0.129466 0.177153 0.522093 0.270198 1.75137
internal_count=700061 313810 306903 386251 6907 2400 142853 92393 4507 1884 164050 1765 2623 88551 1586 1450 535 915 179 17829 1348 343 297700 216 319 42 37134 1342 200 15511
is_linear=0
shrinkage=0.05


Tree=179
num_leaves=31
num_cat=0
split_feature=10 10 10 14 4 47 2 17 5 6 2 6 43 49 34 12 3 1 10 69 54 45 58 38 39 54 36 34 56 38
split_gain=0.178959 0.0943894 0.107327 0.0855971 0.0713559 0.0666613 0.0635897 0.0656288 0.0828215 0.0698257 0.06342 0.0802915 0.0734702 0.0656163 0.0994415 0.0581984 0.0588752 0.0701278 0.068311 0.0567901 0.0564115 0.0560345 0.055172 0.0537025 0.0817916 0.0745506 0.0834623 0.0519885 0.0662617 0.0681551
threshold=5.7500000000000009 5.2500000000000009 -1.0000000180025095e-35 4.4376320838928232 1.0000000180025095e-35 40.049999237060554 8.5000000000000018 0.96069067716598522 1.0000000180025095e-35 1.0000000180025095e-35 3.5000000000000004 1.5000000000000002 2.6735538244247441 8.6141304969787615 0.13382896780967715 0.27429467439651495 2.5000000000000004 18.500000000000004 6.7500000000000009 15.545432567596437 0.60620301961898815 54.95000076293946 0.26206676661968237 0.28845193982124334 0.0047062193043529996 1.8906534314155581 0.92340287566185009 0.77171680331230175 0.60078126192092907 0.18526057898998263
decision_type=2 2 2 2 2 2 2 2 2 2 2 2 2 2 2 2 2 2 2 2 2 2 2 2 2 2 2 2 2 2
left_child=1 2 -1 4 6 22 7 8 9 15 11 -9 -12 14 -13 21 -17 -18 -19 23 -15 -2 -5 24 -14 26 -25 -11 29 -29
right_child=3 -3 -4 5 -6 -7 -8 10 -10 27 12 13 19 20 -16 16 17 18 -20 -21 -22 -23 -24 25 -26 -27 -28 28 -30 -31
leaf_value=-0.050002915837124844 0.01733590162839756 -0.051396318097573418 -0.0064776349166847718 -0.041551357815766146 -0.026710636421783646 -0.050115639968993902 -0.048312120281125782 0.025905514918804252 -0.012037704849891849 -0.029080126598289346 -0.040719732603531192 0.014911531639743731 0.020749281131766106 -0.021148112866021869 -0.048662968056358086 0.026889735638417452 -0.0079785131492978046 -0.030793592155210305 0.039008752503816468 -0.045066873476522176 0.022990308501812034 -0.016440413286108894 0.019288205984834876 -0.031888567395712643 -0.040035848410250652 -0.032666112972393392 0.02938366586370722 0.04600618152158651 0.013074010357837257 -0.021947747931730339
leaf_weight=0.15209804494924517 0.20596769985991148 0.14293822507717235 2.0585337854894936 0.057056359781775146 0.17440960903582059 0.12629559596061224 0.054135226290792704 1.1055156655743306 0.85891358225720171 0.18039794537730791 0.089274204522041489 0.12462163158488682 0.72762334987193333 0.088075169695002842 0.12145686910162112 0.70888103381560064 0.3695421240593646 0.042564796223814483 0.1985338527094882 0.051769107455129304 0.40645967368243419 0.30407116968396508 0.10742064864449219 0.080241276676588313 0.059897647129901088 0.16153476638407227 0.18082128339096926 0.041251567963058733 0.47070426557525025 0.34967167010237432
leaf_count=641957 161 1762 43337 788 1923 3910 908 631 696 106 57 34 377 31 79 561 217 32 242 30 107 292 720 58 56 137 149 11 197 495
internal_value=-1.93019e-09 -0.0120185 -0.0094723 0.00379829 0.00487882 -0.0227951 0.00566793 0.00608974 0.0015844 0.00565888 0.0113464 0.0173708 0.00311511 0.0046311 -0.0164669 0.011543 0.0170873 0.00570784 0.0266855 0.00621627 0.0151294 -0.00280061 -0.00181677 0.00841018 0.0161261 -0.00596857 0.0105508 -0.00467232 0.000437908 -0.014777
internal_weight=9.80068 2.35357 2.21063 7.44711 7.15634 0.290773 6.98193 6.92779 3.7305 2.87159 3.19729 1.84613 1.35116 0.740613 0.246079 1.82956 1.31952 0.610641 0.241099 1.26189 0.494535 0.510039 0.164477 1.21012 0.787521 0.422597 0.261063 1.04203 0.861628 0.390923
internal_count=700061 687056 685294 13005 7587 5418 5664 4756 3010 2314 1746 882 864 251 113 1505 1052 491 274 807 138 453 1508 777 433 344 207 809 703 506
is_linear=0
shrinkage=0.05


Tree=180
num_leaves=31
num_cat=0
split_feature=10 34 32 57 37 12 65 12 18 3 5 17 56 2 54 6 29 19 14 58 34 25 69 56 34 36 19 56 29 1
split_gain=0.171314 0.0789304 0.107329 0.0770922 0.0990606 0.0793222 0.0769102 0.0697316 0.0984973 0.0849852 0.0758791 0.0759954 0.0748973 0.0744881 0.0709742 0.068258 0.0667376 0.0640863 0.0617018 0.0600315 0.114031 0.122854 0.10178 0.0810999 0.0665446 0.065609 0.0655995 0.0591576 0.0581957 0.0550574
threshold=4.7500000000000009 3.0912672281265263 0.72380954027175914 0.91180461645126354 0.99761518836021434 0.40370370447635656 11.550000190734865 0.63818180561065685 0.19310176372528079 8.5000000000000018 1.5000000000000002 0.36424857378005987 0.81853973865509044 4.5000000000000009 1.272581219673157 3.5000000000000004 15.508738040924074 0.00038585151196457451 2.4899461269378667 0.10274282097816469 1.8350180983543398 38.01811599731446 11.936798095703127 0.9260777235031129 0.20975280553102496 0.57203909754753124 0.0017481854301877322 0.2008064538240433 8.1505932807922381 22.500000000000004
decision_type=2 2 2 2 2 2 2 2 2 2 2 2 2 2 2 2 2 2 2 2 2 2 2 2 2 2 2 2 2 2
left_child=6 7 3 5 29 16 18 9 14 10 11 -2 13 17 -9 19 -3 27 -1 24 22 26 23 -21 -13 -23 -22 -10 -26 -5
right_child=1 2 -4 4 -6 -7 -8 8 12 -11 -12 15 -14 -15 -16 -17 -18 -19 -20 20 21 25 -24 -25 28 -27 -28 -29 -30 -31
leaf_value=0.0047494466663638261 -0.028704270666907318 0.0075817535336217537 -0.049869223905330912 0.031934662285213432 -0.016036644730876667 -0.030245589958861358 -0.028845572693882972 0.019074788218314341 -0.047903130599568716 0.046872134132587444 -0.017677103619443479 0.044190967948010335 -0.046204024592947875 -0.03140794254377266 -0.022145552657128045 -0.034925791967386155 -0.049418888774327631 -0.043632825109204181 -0.023529126758605072 0.011234199560106316 -0.026374479639667388 -0.026302835252780238 -0.016803139121355542 -0.031021493222091485 -0.0072170730583527134 0.024939156793801515 0.024959560640547541 0.021256073521178635 0.035430098500423737 -0.034050529095884519
leaf_weight=0.52156905164275902 0.13362666391012012 0.41802446813181127 0.13457006218764345 0.34679879557127791 0.22284344630274155 0.37130141537976424 0.63459091361762421 0.48465054314484113 0.034662428130516787 0.13670740159136574 0.29515069092299473 0.25969585913213666 0.16739331442415661 0.2214846197976108 0.13310917664872335 0.084656990927214681 0.058542818115590478 0.057250368434310417 0.30610518771652007 1.2671968591445484 0.21988846991653321 0.065206933999604533 0.62780224671581653 0.12472718578464981 0.19407782203609258 1.4867134589228923 0.086801375339490505 0.28644702693247837 0.13608101097145209 0.034783474613192311
leaf_count=77059 299 1591 2303 683 791 4194 496749 742 57 62 213 327 373 1461 255 121 158 77 109332 977 193 52 358 64 205 953 42 217 68 85
internal_value=-5.25531e-10 0.0028467 -0.00715124 -0.00319298 0.010451 -0.0129194 -0.0157498 0.00528628 -0.00466679 0.00797953 0.00691223 0.00846084 -0.0166315 -0.00837896 0.010193 0.00955165 0.00057964 0.00510177 -0.00570904 0.0103943 0.00813416 0.0170715 -9.02744e-05 0.00744776 0.0252552 0.0227861 -0.0118456 0.0137906 0.0103607 0.0259197
internal_weight=9.55246 8.09019 1.58686 1.45229 0.604426 0.847869 1.46227 6.50333 1.385 5.11833 4.98163 4.68647 0.767238 0.599844 0.61776 4.55285 0.476567 0.37836 0.827674 4.46819 3.87834 1.85861 2.01973 1.39192 0.589855 1.55192 0.30669 0.321109 0.330159 0.381582
internal_count=700061 16921 9805 7502 1559 5943 683140 7116 3182 3934 3872 3659 2185 1812 997 3360 1749 351 186391 3239 2639 1240 1399 1041 600 1005 235 274 273 768
is_linear=0
shrinkage=0.05


Tree=181
num_leaves=31
num_cat=0
split_feature=12 17 10 10 10 10 10 10 10 10 16 13 3 12 0 58 12 69 54 6 59 10 54 37 0 65 10 10 19 7
split_gain=0.162501 0.12145 0.08881 0.219841 0.0806016 0.188912 0.0801305 0.20868 0.103309 0.110925 0.0798577 0.0762612 0.0699002 0.0684278 0.0663494 0.0647883 0.0637927 0.0628475 0.0577842 0.0566052 0.0564041 0.0552684 0.0543797 0.0750103 0.0540702 0.0756652 0.0535352 0.0888424 0.0687682 0.0554518
threshold=1.1715686321258547 0.83183515071868908 9.7500000000000018 9.2500000000000018 10.250000000000002 10.750000000000002 8.7500000000000018 8.2500000000000018 7.7500000000000009 7.2500000000000009 0.57831296324729931 409.09986877441412 2.5000000000000004 0.41885964572429663 7.5000000000000009 0.15864710509777072 0.62828946113586437 11.579948425292971 0.1297685578465462 1.5000000000000002 0.0028365652542561297 14.250000000000002 3.1291171312332158 0.9992562234401704 14.500000000000002 10.750000000000002 6.7500000000000009 6.2500000000000009 0.013748284429311754 1.0000000180025095e-35
decision_type=2 2 2 2 2 2 2 2 2 2 2 2 2 2 2 2 2 2 2 2 2 2 2 2 2 2 2 2 2 2
left_child=1 12 3 6 16 -6 7 8 9 14 -7 -10 -1 19 -3 21 -4 -18 -16 -12 -14 -15 23 -8 -25 -26 27 29 -28 -20
right_child=-2 2 4 -5 5 10 22 -9 11 -11 13 -13 20 15 18 -17 17 -19 26 -21 -22 -23 -24 24 25 -27 28 -29 -30 -31
leaf_value=-0.020708918541876491 -0.034282811459283344 0.039123965119537307 0.033408276506741934 -0.052300806656034274 -0.051929380061330167 -0.034255172099203098 0.038782656419740186 -0.051877003004437067 0.023653389237642274 -0.051521474833251014 0.025087923943898211 -0.03520563775039616 -0.0040758882663720743 0.022297704968875735 0.019342907674664657 -0.016664106998414054 -0.038587461533221769 0.049771770244405732 -0.0021673323923345283 -0.015312441875292938 0.045774540128026044 -0.02329690970320665 -0.01701867794260593 -0.037962637442405106 -0.044538388880291629 0.037165460293500978 0.016290427379253031 -0.051410419643887921 -0.051521539968116536 -0.029516566752808518
leaf_weight=0.86645401031563329 0.33324584844039407 0.10315024344922363 0.54663819615241527 0.19305258269239534 0.12946655858282685 0.094371221046912868 0.3436187343165783 0.18842830319535853 0.67367016310458883 0.10955110027111015 0.92697787204721727 0.059927818403394895 0.76220123895235159 0.35002246332000186 0.289462397868124 0.29803716942720371 0.064865853134008944 0.029176308592383293 1.5674136997486614 0.095647347377095571 0.061307197935255076 0.082043451734989503 0.093000272747332247 0.062640889691692792 0.037518545159855421 0.11579057871563236 0.44144207438437977 0.11150462420277651 0.040845827811438085 0.21019244680714222
leaf_count=28952 613222 4704 380 215 146 83 337 256 566 399 585 58 5822 159 2798 307 73 15 22863 84 159 38 150 37 21 60 499 472 38 16563
internal_value=-2.94633e-09 0.00127671 0.0040874 -6.58228e-05 0.0114524 0.00645683 0.00220121 -0.000581406 0.00209814 -0.00217725 0.0105492 0.0188452 -0.0107953 0.0129616 -0.000221502 0.00126943 0.0268642 -0.0111743 -0.00174676 0.0213092 -0.000364706 0.0136399 0.0183859 0.0242702 0.00117796 0.0171705 -0.00432105 -0.00811692 0.0105473 -0.00540123
internal_weight=9.28167 8.94842 7.25846 4.64121 2.61725 1.97657 4.44816 3.79559 3.60716 2.87356 1.8471 0.733598 1.68996 1.75273 2.76401 0.730103 0.64068 0.0940422 2.66086 1.02263 0.823508 0.432066 0.652569 0.559569 0.21595 0.153309 2.3714 1.88911 0.482288 1.77761
internal_count=700061 86839 51906 50036 1870 1402 49821 49216 48960 48336 1256 624 34933 1173 47937 504 468 88 43233 669 5981 197 605 455 118 81 40435 39898 537 39426
is_linear=0
shrinkage=0.05


Tree=182
num_leaves=31
num_cat=0
split_feature=10 2 54 11 57 1 6 29 14 10 14 38 6 38 34 54 23 28 56 12 12 32 5 3 37 17 10 3 34 54
split_gain=0.15707 0.0729971 0.0738446 0.0722309 0.0702232 0.0674768 0.0802174 0.0747212 0.0773517 0.0671333 0.0664652 0.0646355 0.0732083 0.0877222 0.0789976 0.0680177 0.0651394 0.0623023 0.0620042 0.0729552 0.0603044 0.0590504 0.0774294 0.0593954 0.057981 0.0641531 0.0527055 0.0516794 0.05429 0.0488782
threshold=4.7500000000000009 5.5000000000000009 0.1297685578465462 3.0263158082962041 0.34842120110988622 25.500000000000004 1.0000000180025095e-35 7.1651062965393075 0.35344822704792028 4.2500000000000009 8.1582689285278338 0.35091583430767065 2.5000000000000004 0.33484376966953283 1.224465072154999 0.55805063247680675 4.4183890819549569 0.30789473652839666 0.74901574850082409 0.58578431606292736 0.78174602985382091 0.65476191043853771 1.5000000000000002 5.5000000000000009 0.68352049589157116 0.70470416545867931 7.7500000000000009 2.5000000000000004 2.6415604352951054 1.9263557791709902
decision_type=2 2 2 2 2 2 2 2 2 2 2 2 2 2 2 2 2 2 2 2 2 2 2 2 2 2 2 2 2 2
left_child=3 2 21 9 17 6 10 8 -8 -1 18 12 13 14 -9 -16 29 -4 24 -20 -14 22 23 -2 -6 -26 -17 -28 -29 -13
right_child=1 -3 4 -5 5 -7 7 11 -10 -11 -12 16 20 -15 15 26 -18 -19 19 -21 -22 -23 -24 -25 25 -27 27 28 -30 -31
leaf_value=-0.008280275466298526 0.0033398889291471261 -0.012378545261487732 -0.038544971568285423 -0.050009754984768999 0.04235690894862449 -0.018527424914415554 0.013611627195157261 -0.030923172310190341 -0.038930232335610701 -0.050916690546364655 -0.051282497412759455 0.0076476794017824555 0.029117722004457169 0.033549912147666762 0.0419777134948872 -0.01765188202314141 -0.046152669849858698 0.0011463656810005872 0.031999606692294215 -0.016536772174416334 -0.021638430255386212 0.0329363141357326 -0.046811798876843475 0.043134742377514322 -0.042049865879780393 0.0074862083176726983 0.023908379176404274 0.013075944242375796 -0.045194874632756447 -0.026361518262663648
leaf_weight=1.1565115604703811 0.36019548884439689 0.71457191362264616 0.19069289578516357 0.13626491224531934 0.11400966680245339 0.31830584948585983 0.10035152723739349 0.22982346806072962 0.23197338527593558 0.10033407865779276 0.041482851248303976 0.30997288661325217 0.45966066050782206 0.17165194227856506 0.095148514687025454 0.33340559583544049 0.11346012427007679 0.20531620194863365 0.5821386938885097 0.089297674680139494 0.067058484998696599 0.37304846528360258 0.059304580466459811 0.12676312485291419 0.068016918117777325 1.6734232508144371 0.24091973268437528 0.090712034476382541 0.071461749165678157 0.16027483145389354
leaf_count=56643 374 6600 2315 624450 98 678 65 122 894 2047 235 189 216 101 35 463 198 446 424 196 116 451 46 83 100 1625 101 38 60 652
internal_value=-1.10039e-09 0.00283169 0.00441195 -0.0154327 0.00237696 0.00382525 0.00518197 -0.00087644 -0.0230643 -0.0116839 0.011494 0.00226988 0.0070521 0.000387114 -0.00497569 0.00219483 -0.0121482 -0.0179665 0.0125245 0.0255445 0.0226558 0.0176019 0.00712981 0.0136991 0.00781298 0.00555144 -0.00294474 0.0092198 -0.012601 -0.0039437
internal_weight=8.98555 7.59244 6.87787 1.39311 5.95856 5.56255 5.24424 2.67587 0.332325 1.25685 2.56837 2.34355 1.75984 1.23312 1.06147 0.831648 0.583708 0.396009 2.52689 0.671436 0.526719 0.919312 0.546263 0.486959 1.85545 1.74144 0.736499 0.403094 0.162174 0.470248
internal_count=700061 16921 10321 683140 9367 6606 5928 3250 959 58690 2678 2291 1252 920 819 697 1039 2761 2443 620 332 954 503 457 1823 1725 662 199 98 841
is_linear=0
shrinkage=0.05


Tree=183
num_leaves=31
num_cat=0
split_feature=4 11 7 3 16 69 14 6 6 2 14 58 17 27 17 29 54 14 12 5 29 37 13 34 37 2 37 10 3 37
split_gain=0.15301 0.108703 0.0846564 0.0781835 0.0760112 0.0899037 0.0723205 0.0727791 0.0663567 0.0662497 0.0584902 0.0570713 0.055828 0.0549832 0.0518056 0.0538575 0.113277 0.0579799 0.0472146 0.0465348 0.0464076 0.0450611 0.0499019 0.0768788 0.0446862 0.0576325 0.0715385 0.0444774 0.0441758 0.0437504
threshold=1.0000000180025095e-35 1.2649122476577761 1.0000000180025095e-35 4.5000000000000009 0.48908095061779028 8.3225159645080584 6.0565872192382821 1.0000000180025095e-35 1.0000000180025095e-35 1.0000000180025095e-35 3.785109400749207 0.36759978532791143 0.92988044023513805 18.202500343322757 0.68803378939628612 5.0222330093383798 0.95803049206733715 0.32815524935722357 0.14642857760190967 1.0000000180025095e-35 15.558337688446047 0.99712482094764721 346.18592834472662 3.0912672281265263 0.99388921260833751 4.5000000000000009 0.97646713256835949 7.2500000000000009 5.5000000000000009 0.9132884442806245
decision_type=2 2 2 2 2 2 2 2 2 2 2 2 2 2 2 2 2 2 2 2 2 2 2 2 2 2 2 2 2 2
left_child=1 4 6 18 5 -1 7 -3 9 -6 28 14 -4 19 -11 16 -16 -17 -2 -5 -13 -9 23 -23 25 -19 -27 -18 29 -10
right_child=3 2 12 13 8 -7 -8 21 10 11 -12 20 -14 -15 15 17 27 24 -20 -21 -22 22 -24 -25 -26 26 -28 -29 -30 -31
leaf_value=0.0040101006216460211 0.020307280795951704 0.0058736978840837738 -0.043563270894125761 0.030949312372166693 0.044090865218296499 -0.032944402157886639 -0.041685803612438788 -0.025171387662766571 -0.027583267135074592 -0.028583370342313674 -0.046107048389030326 -0.020223936569218021 -0.010115346284802949 -0.050214871911050875 0.020332938341815102 -0.029692204358752625 0.021794248238279468 0.026567585557478721 -0.050207487300058945 -0.050744316134389206 0.050930613269604824 0.020038124509983588 -0.027990378793625471 -0.037557133466828735 0.040022500366128706 0.019193578001395394 -0.039376033892758483 -0.046869503752003168 -0.041014509819564816 0.0064325968403599072
leaf_weight=0.46071038727523816 0.026084166235940842 1.5966643455576344 0.21951784048299222 0.099257967692864768 0.17728209695422981 0.25605358751720697 0.11107325677018698 0.37548951432857669 0.098771931364127652 0.064837875351500318 0.059900353638358328 0.19399058111970635 0.28898781259626499 0.041367219445205883 0.28678457812088698 0.05100485108232522 0.029355590778237683 0.58714349490560358 0.26399335055143403 0.021145346536701748 0.025984677807542766 0.27498218113110634 0.13411310549408523 0.073406121964580962 0.33905216747677969 0.13488964720744434 0.084981629394178526 0.11996243938162365 0.053439866216223098 2.1998282619935559
leaf_count=1342 127 16182 76277 8624 119 1058 46295 38112 178 136 1261 157 87773 70722 319 21 48 455 297573 9205 22 13056 16028 13180 217 146 76 168 80 1104
internal_value=4.38233e-10 0.00154287 -0.005917 -0.0283348 0.00593289 -0.00919136 -0.0022232 -0.000437512 0.00833805 0.0148472 0.00268353 0.0121441 -0.0245545 -0.000483957 0.0152485 0.0169886 0.00194536 0.022469 -0.0438667 0.0166022 -0.0118188 -0.0121823 -0.00207393 0.00790269 0.0247904 0.0183909 -0.00344394 -0.0333704 0.0039261 0.00497092
internal_weight=8.75006 8.29821 3.07423 0.451848 5.22397 0.716764 2.56573 2.45466 4.50721 2.09527 2.41194 1.91799 0.508506 0.161771 1.69801 1.63317 0.436103 1.19707 0.290078 0.120403 0.219975 0.857991 0.482501 0.348388 1.14607 0.807015 0.219871 0.149318 2.35204 2.2986
internal_count=700061 313810 306903 386251 6907 2400 142853 96558 4507 1884 2623 1765 164050 88551 1586 1450 535 915 297700 17829 179 80376 42264 26236 894 677 222 216 1362 1282
is_linear=0
shrinkage=0.05


Tree=184
num_leaves=31
num_cat=0
split_feature=11 7 58 17 14 2 6 25 6 38 5 16 38 54 25 1 1 11 14 0 58 16 4 37 17 23 66 58 24 34
split_gain=0.14552 0.0911048 0.0790596 0.0765892 0.0609407 0.0581913 0.0560687 0.0544927 0.0536419 0.057722 0.0561224 0.045204 0.0701572 0.0464826 0.0822163 0.0527773 0.0631761 0.0558813 0.0492346 0.0497822 0.0449348 0.0501103 0.0440452 0.0456582 0.0653815 0.0437516 0.0427369 0.0417079 0.0460199 0.052852
threshold=1.431677043437958 1.0000000180025095e-35 0.10434039309620859 0.91875183582305919 6.0565872192382821 5.5000000000000009 1.0000000180025095e-35 45.140476226806648 1.0000000180025095e-35 0.43899773061275488 1.0000000180025095e-35 0.94265103340148937 0.26711125671863561 0.29335607588291174 36.503526687622077 17.500000000000004 21.500000000000004 1.0606617927551272 0.9852384924888612 17.500000000000004 0.12453023716807367 0.87425634264945995 1.0000000180025095e-35 0.12881708890199664 0.77660453319549572 4.5631620883941659 37.500000000000007 0.26372319459915167 0.42481203377246862 1.6280510425567629
decision_type=2 2 2 2 2 2 2 2 2 2 2 2 2 2 2 2 2 2 2 2 2 2 2 2 2 2 2 2 2 2
left_child=3 2 -2 8 5 7 27 22 10 -10 -1 13 -13 20 25 17 -17 18 -16 -20 -8 -22 23 -4 -25 -15 -3 28 29 -5
right_child=1 26 4 6 -6 -7 11 -9 9 -11 -12 12 -14 14 15 16 -18 -19 19 -21 21 -23 -24 24 -26 -27 -28 -29 -30 -31
leaf_value=0.0064544678825684768 0.019630103543147467 -0.04284654656686529 0.048769581849715367 0.01594369205661823 -0.049204337910524504 -0.043484282619234788 0.042621016848327933 -0.028008807160690437 -0.0080090012137467928 -0.044212811280530784 -0.016149981966499746 -0.00083632172056588019 -0.044187368690340463 -0.038485154232284546 -0.050824742331968098 0.03354457946421905 -0.020040917968539285 -0.015396848690461443 0.021566228622885042 -0.023514794560946049 0.022003135672268158 -0.045970847118222656 -0.032874498474843146 -0.026484596109323286 0.0060495071318954121 0.02426456334532039 0.028459248262967307 0.0039599134443935374 0.025160574388575531 -0.040698157493841224
leaf_weight=1.2894704155514989 0.2370161557071947 0.27088032877439694 0.049366952286202581 0.13161289318361447 0.099634392591888665 0.11146714235965927 0.16507703172357002 0.2302611848087085 0.60921314923615444 0.13438167220894126 0.34888781387647672 0.56268338687224062 0.11188597764240882 0.15520978181615586 0.030108428595440051 0.30485921276567751 0.067113531035943197 0.31492974495454007 0.42253703722966662 0.071618504191292232 0.10288487386969791 0.036815109242752442 0.10025463706637894 0.19365859288980658 0.76224363147432561 0.033834059372395586 0.022780434967685892 0.5789043206114427 0.91890429750563385 0.059940011337459964
leaf_count=2348 43806 326158 1594 109 99652 49700 112 35860 1794 2864 761 525 289 807 21 230 86 650 277 29 90 39 71848 15229 29335 35 14052 628 1034 99
internal_value=-1.36956e-09 -0.0115088 -0.00726059 0.0037065 -0.0113808 -0.00877691 0.00787492 -0.00588068 -0.00341412 -0.0145517 0.00164086 0.00292949 -0.00802665 0.00726424 0.00341257 0.00819922 0.0238764 0.00125032 0.0112504 0.0150326 0.0249596 0.00408997 -0.00127178 0.00187993 -0.000541657 -0.0272545 -0.0373151 0.0148408 0.0205133 -0.00178046
internal_weight=8.52843 2.07756 1.7839 6.45087 1.54689 1.44725 4.06892 1.33578 2.38195 0.743595 1.63836 2.37956 0.674569 1.70499 1.40021 1.21117 0.371973 0.839194 0.524264 0.494156 0.304777 0.1397 1.10552 1.00527 0.955902 0.189044 0.293661 1.68936 1.11046 0.191553
internal_count=700061 687234 347024 12827 303218 203566 5060 153866 7767 4658 3109 3190 814 2376 2135 1293 316 977 327 306 241 129 118006 46158 44564 842 340210 1870 1242 208
is_linear=0
shrinkage=0.05


Tree=185
num_leaves=31
num_cat=0
split_feature=4 10 10 57 3 37 10 10 43 12 1 7 27 54 12 58 1 3 1 0 2 3 56 14 18 63 27 5 1 12
split_gain=0.143442 0.0998968 0.127129 0.0748731 0.0695621 0.0660825 0.0643727 0.0930394 0.0505471 0.0503508 0.0582252 0.0634407 0.0564684 0.058375 0.0493717 0.0965936 0.081872 0.0617619 0.0537501 0.0553416 0.0653421 0.0937873 0.0835843 0.0687088 0.0652979 0.106519 0.0491319 0.0485625 0.0490525 0.055477
threshold=1.0000000180025095e-35 6.7500000000000009 6.2500000000000009 0.54246145486831676 4.5000000000000009 0.9659458100795747 5.7500000000000009 5.2500000000000009 1.7005987167358401 1.5166666507720949 13.500000000000002 1.0000000180025095e-35 48.30333328247071 3.0925927162170415 0.58578431606292736 0.19287296384572986 15.500000000000002 4.5000000000000009 8.5000000000000018 17.500000000000004 2.5000000000000004 1.5000000000000002 0.99151992797851574 3.621424794197083 0.30259756743907934 4.0342013835906991 18.202500343322757 1.5000000000000002 14.500000000000002 0.40370370447635656
decision_type=2 2 2 2 2 2 2 2 2 2 2 2 2 2 2 2 2 2 2 2 2 2 2 2 2 2 2 2 2 2
left_child=1 2 6 5 -2 8 7 9 -3 10 -1 12 13 -12 17 16 -16 18 -5 -20 21 -21 23 27 25 -23 -6 28 -22 -30
right_child=4 3 -4 14 26 -7 -8 -9 -10 -11 11 -13 -14 -15 15 -17 -18 -19 19 20 22 24 -24 -25 -26 -27 -28 -29 29 -31
leaf_value=0.019312567629800329 -0.043919585198407142 0.027375215893403932 -0.05137457447931415 -0.036212972590316188 0.015495807210717303 0.011478137829831314 0.0084162414525122218 -0.051335832477122811 -0.031394999484221989 -0.040449867674054403 0.0070812521965113659 -0.037330758626970051 -0.026138953279044693 -0.027635775828833711 0.022067169779353336 -0.023732699325084386 -0.013122909953053844 0.032390823693714509 0.015141960610694595 -0.046945897488773917 -0.021381358377839471 0.035875677167514115 -0.042528314665750425 -0.050804297221490047 -0.021913114357422828 -0.038141575333911854 -0.050213080664092906 -0.038852322384211893 0.034718082868959381 0.0036489581063506599
leaf_weight=0.23453237186498399 0.26664587533469358 0.04135989866216494 0.14804407980074596 0.066130269464743985 0.11124066905189806 0.19631458437889293 0.76471620504416105 0.12060655815608123 0.31701567330753644 0.098820294182585422 0.79020540009240448 0.15911631739371257 0.22509423742182111 0.1429932890559702 0.4334820064583409 0.34305303935457587 0.2671484270843969 0.2921260069318804 1.8158057252280815 0.13787200833614555 0.062017252930672839 0.18887398937755506 0.06802589118888136 0.037608522479999351 0.19005544210932612 0.065451300386939693 0.038223259040634838 0.035325238294717565 0.46379094522797004 0.20816887175624288
leaf_count=1495 297700 23 851 56 17829 535 1153 1116 2248 239264 10191 30228 8826 13305 404 993 284 243 1333 122 28 152 21 99 175 38 70722 17 499 111
internal_value=-8.77986e-10 0.00150453 -0.00633677 0.00552912 -0.0286139 -0.0118393 -0.00370768 -0.00894169 -0.0246124 -0.00584433 -0.00364081 -0.0077271 -0.0036604 0.00176159 0.00758991 -0.00199449 0.00864929 0.0103446 0.00841591 0.00931763 0.00205991 -0.0109191 0.0106972 0.0151843 0.000258472 0.0168271 -0.0013083 0.0184103 0.0211662 0.0250931
internal_weight=8.32986 7.91375 2.68413 5.22963 0.41611 0.55469 2.53608 1.77137 0.358376 1.65076 1.55194 1.31741 1.15829 0.933199 4.67493 1.04368 0.70063 3.63125 3.33913 3.273 1.45719 0.582253 0.874937 0.806911 0.444381 0.254325 0.149464 0.769302 0.733977 0.67196
internal_count=700061 313810 306429 7381 386251 2806 305578 304425 2271 303309 64045 62550 32322 23496 4575 1681 688 2894 2651 2595 1262 487 775 754 365 190 88551 655 638 610
is_linear=0
shrinkage=0.05


Tree=186
num_leaves=31
num_cat=0
split_feature=10 14 6 6 58 16 2 14 43 37 7 11 43 10 24 12 14 12 12 49 7 69 34 69 11 39 63 2 13 13
split_gain=0.137589 0.0678287 0.0625329 0.0611138 0.0766042 0.0942392 0.0621424 0.0644321 0.0611212 0.0580759 0.0568466 0.055546 0.0533429 0.0521232 0.0497529 0.0537429 0.0497039 0.0493789 0.118193 0.0755115 0.0670025 0.0589239 0.0603656 0.0556634 0.0471498 0.0505293 0.0473358 0.0492946 0.0470207 0.0440095
threshold=4.7500000000000009 4.0224173069000253 1.0000000180025095e-35 1.0000000180025095e-35 0.26206676661968237 0.31944835186004644 3.5000000000000004 2.5975071191787724 3.5972183942794804 0.92041847109794628 1.5000000000000002 1.0606617927551272 2.7403194904327397 4.2500000000000009 0.58114033937454235 0.58578431606292736 0.059288023039698608 0.44722221791744238 0.29099461436271673 12.466630458831789 1.0000000180025095e-35 10.000228404998781 0.80333170294761669 11.54796361923218 1.7549999952316286 0.00092263726401142787 2.1383330821990971 1.5000000000000002 343.18879699707037 277.03619384765631
decision_type=2 2 2 2 2 2 2 2 2 2 2 2 2 2 2 2 2 2 2 2 2 2 2 2 2 2 2 2 2 2
left_child=2 3 13 4 5 -2 7 -7 -9 28 12 -11 -8 24 15 -14 -4 18 20 -19 23 22 -20 29 25 -1 27 -26 -5 -6
right_child=1 -3 16 9 17 6 10 8 -10 11 -12 -13 14 -15 -16 -17 -18 19 21 -21 -22 -23 -24 -25 26 -27 -28 -29 -30 -31
leaf_value=-0.0029431071735930127 -0.036061111847913607 -0.017404946505697221 0.016618167658268544 -0.049198407901310262 0.046356859250110405 0.03325684626569101 -0.04551488204540368 0.036894838156409378 -0.026965412892153352 0.0081083467372818126 -0.04684006672643945 -0.0059668716291208998 0.01650310173331904 -0.051120005551928888 0.024618635856047223 -0.032229177186992967 -0.04040051745550876 0.0070730015112096638 0.044631811903049642 -0.028684539072920786 -0.048551216754398038 0.036587235362572502 -0.0081328045170041812 -0.025622251739286273 0.029318802112986892 0.043822035532912085 -0.022433275272847969 -0.025408020056305283 -0.0028054374577894791 -0.0010123197918173799
leaf_weight=0.17139882508626136 0.083097305520688614 0.39221676176073739 0.043698728617784177 0.10920697192007756 0.070726364657275331 0.75957933103174446 0.039043280951631232 0.061656171303866358 0.095512509034882953 1.3438727721434918 0.044734594010250817 1.4651348037569309 0.13398655422361117 0.065859009567802218 0.43349969149910628 0.097923189431202928 0.3048736378653531 0.29723639204396679 0.072831373544886446 0.29336757571628969 0.096497266205858523 0.32176978791073907 0.21195756649115083 0.14989778193391601 0.10943815730760115 0.087121525172420888 0.39825162590986651 0.065939291242002096 0.10925954793619397 0.15986910899904672
leaf_count=561 215 7784 9023 696 34 924 55 38 142 880 72 2554 145 756 719 273 537990 429 58 419 80 340 221 152 7167 159 110836 16648 499 192
internal_value=-2.13595e-10 0.00278319 -0.0152778 0.00401068 0.00858749 0.0159053 0.0184974 0.0272272 -0.00191348 -0.00116434 0.00781508 0.000766931 0.0112858 -0.00830081 0.0146186 -0.00407396 -0.0332524 0.000942404 0.00728208 -0.0106887 -0.0113398 0.0219261 0.00536112 -0.00190254 -0.00491196 0.0128168 -0.0129019 0.00874234 -0.0259963 0.0135164
internal_weight=8.08946 6.84288 1.24658 6.45066 3.42319 1.74903 1.66594 0.916748 0.157169 3.02747 0.749187 2.80901 0.704453 0.898008 0.665409 0.23191 0.348572 1.67415 1.08355 0.590604 0.476991 0.606559 0.284789 0.380493 0.832149 0.25852 0.573629 0.175377 0.218467 0.230595
internal_count=700061 16921 683140 9137 4508 2583 2368 1104 180 4629 1264 3434 1192 136127 1137 418 547013 1925 1077 848 458 619 279 378 135371 720 134651 23815 1195 226
is_linear=0
shrinkage=0.05


Tree=187
num_leaves=31
num_cat=0
split_feature=4 34 32 57 37 69 10 10 2 3 57 12 6 43 27 57 29 10 10 65 10 14 43 10 12 6 27 58 1 24
split_gain=0.134068 0.0946103 0.0831586 0.0705568 0.0917149 0.0624763 0.0623759 0.0960748 0.0642017 0.0592538 0.055211 0.0529552 0.0573299 0.0585346 0.050474 0.0563773 0.0915425 0.0498296 0.0609541 0.0486321 0.0475514 0.0493078 0.045301 0.085842 0.0435114 0.0432744 0.0428588 0.0419145 0.0416057 0.0408911
threshold=1.0000000180025095e-35 3.0912672281265263 0.9961538314819337 0.91180461645126354 0.98726555705070507 7.1981735229492196 7.7500000000000009 7.2500000000000009 3.5000000000000004 4.5000000000000009 0.54246145486831676 0.14642857760190967 1.0000000180025095e-35 2.1383330821990971 48.30333328247071 0.96218267083168041 11.254041671752931 6.7500000000000009 6.2500000000000009 5.0499999523162851 5.7500000000000009 4.1480512619018564 4.5163240432739267 2.7500000000000004 0.14642857760190967 1.0000000180025095e-35 18.202500343322757 0.3454053550958634 7.5000000000000009 0.34464475512504583
decision_type=2 2 2 2 2 2 2 2 2 2 2 2 2 2 2 2 2 2 2 2 2 2 2 2 2 2 2 2 2 2
left_child=1 6 3 5 -5 25 7 8 14 24 19 -12 13 -13 17 16 -16 18 22 -8 27 -22 29 -24 -2 -3 -11 -6 -14 -1
right_child=9 2 -4 4 20 -7 10 -9 -10 26 11 12 28 -15 15 -17 -18 -19 -20 -21 21 -23 23 -25 -26 -27 -28 -29 -30 -31
leaf_value=0.021384488131456422 0.020241407258597618 0.0069701543061169687 -0.046772029360960511 0.036343450840294958 -0.049883341525928299 -0.02508950937667629 0.013202437329669718 -0.05140349941445313 -0.015059665871203604 0.013691741294837989 -0.038898572520923713 -0.028496110588824793 -0.042557818459383744 0.020620743016256927 0.018666749667328602 0.039813362973431236 -0.037536054083179241 0.029953714362409359 -0.051641117927225672 -0.024337683975673319 0.013521604613361266 -0.050784383912533627 -0.049987453244232455 0.027097574308222384 -0.050185360956324379 -0.045938611523914742 -0.050197938292144417 0.042836740134417753 0.0063295151048274731 -0.0075326397121932374
leaf_weight=0.15943474914918621 0.02430887750720867 0.3482546334221166 0.13522664405022133 0.19173840079095911 0.083298940148047451 0.54403538232684634 0.14106102093192552 0.093751971947218737 0.52850105745035447 0.1035388865936262 0.052610367580200879 0.063288626390104574 0.044819815236706861 1.4595903910421979 0.10845190769812718 0.04677117797407021 0.21826030252903522 0.23891323882605764 0.045822278067447431 0.22212023559128014 0.21886192422525141 0.034509642938001406 0.039811950639250471 0.38903657043252338 0.22424648984686135 0.043471176985823146 0.035164234306769071 0.014277901702169582 1.5019401469533873 0.52421529744624051
leaf_count=3924 127 5584 38390 5669 49545 79088 166 215 53810 17829 24 26 42 1432 2606 1298 10683 183 60 531 175 398 18725 429 297573 16861 70722 2351 684 20911
internal_value=-3.01689e-09 0.00148282 -0.00924126 -0.0058085 0.00853464 -0.0141267 0.00442667 -0.00178929 0.000233759 -0.0286873 0.00869433 0.0108406 0.0116931 0.0185795 0.00479834 -0.0115295 -0.0188796 0.0091628 0.00487451 -0.00975695 -0.00665852 0.00476302 0.00720231 0.0199414 -0.0432976 0.00109868 -0.00250567 -0.0363161 0.00491293 -0.000788846
internal_weight=7.87933 7.49208 1.61367 1.47845 0.542687 0.935761 5.8784 2.39297 2.29922 0.387258 3.48543 3.12225 3.06964 1.52288 1.77072 0.373483 0.326712 1.39723 1.15832 0.363181 0.350948 0.253372 1.1125 0.428849 0.248555 0.391726 0.138703 0.0975768 1.54676 0.68365
internal_count=700061 313810 198061 159671 58138 101533 115749 112844 112629 386251 2905 2208 2184 1458 58819 14587 13289 44232 44049 697 52469 573 43989 19154 297700 22445 88551 51896 726 24835
is_linear=0
shrinkage=0.05


Tree=188
num_leaves=31
num_cat=0
split_feature=10 2 54 10 49 18 8 34 3 6 18 12 10 6 16 54 6 12 36 17 58 19 63 11 32 5 69 17 16 38
split_gain=0.1278 0.0601033 0.063668 0.0567606 0.0555233 0.0667613 0.059597 0.0586821 0.0572728 0.0678949 0.0583232 0.0563875 0.0546897 0.0546612 0.0908693 0.0614228 0.0607403 0.0574631 0.0545889 0.0541537 0.0525041 0.0510659 0.0509542 0.0501123 0.0493695 0.0618822 0.0495093 0.0467115 0.0499183 0.0546981
threshold=4.7500000000000009 5.5000000000000009 0.1297685578465462 -1.0000000180025095e-35 7.7203116416931161 0.30590601265430456 1.0000000180025095e-35 0.4297166913747788 3.5000000000000004 1.0000000180025095e-35 0.19310176372528079 0.40370370447635656 4.2500000000000009 1.0000000180025095e-35 0.7001820206642152 0.90279909968376171 2.5000000000000004 0.78174602985382091 0.46190130710601812 0.68803378939628612 0.26859675347805029 0.0026469095610082154 3.3497501611709599 0.71714287996292125 0.65476191043853771 1.5000000000000002 11.821442127227785 0.96069067716598522 0.81329199671745311 0.27539521455764776
decision_type=2 2 2 2 2 2 2 2 2 2 2 2 2 2 2 2 2 2 2 2 2 2 2 2 2 2 2 2 2 2
left_child=3 2 24 -1 8 7 19 -6 9 10 -4 -10 -5 14 15 -9 20 -18 -12 -7 27 23 -13 -21 25 26 -2 -15 -29 -30
right_child=1 -3 4 12 5 6 -8 13 11 -11 18 22 -14 16 -16 -17 17 -19 -20 21 -22 -23 -24 -25 -26 -27 -28 28 29 -31
leaf_value=-0.0500022816887227 0.019555790605639955 -0.01208196345756303 0.026982707395503614 -0.0084378517424984582 -0.033516593896638656 -0.030683611485105611 0.031901828870610563 0.029006673650276867 0.036447428508791561 -0.043679842098569982 0.011668428029287022 -0.025207878250093369 -0.050810860978470512 -0.016180672482217995 0.032584518208194142 -0.022926326154636849 0.027982383330783889 -0.024326628045716558 -0.033040151141993983 -0.042239938906339286 0.042550812574277355 0.021664591326182536 0.022759586959184522 -0.0030798403452273089 0.032840673820136106 -0.045991410413195516 -0.035187683034422691 0.037241156332492635 0.01203506131034239 -0.020087954907974919
leaf_weight=0.10665611933428421 0.37146210881000019 0.61926524380250292 0.096568134257807858 0.9780831473179501 0.075483910367666218 0.1884396660344495 0.11398501167538189 0.090164081985449562 0.11213312556974131 0.18227097020528316 0.10411824048507867 0.1433958895629992 0.082578769017461751 0.41398503531429376 0.57606215207965761 0.15449111074146771 0.40207206274656915 0.060387347972522321 0.19832808041400085 0.088302338643920453 0.067152422310677085 0.19410719092161333 0.090182407863778735 1.0918365613554906 0.31581753842652915 0.04887421193359387 0.046467685152336458 0.10291893788898676 0.33488444968772058 0.21930006168063443
leaf_count=641957 404 6600 185 38960 61 1652 115 88 109 1335 199 458 2223 501 626 238 258 140 619 109 50 289 92 1667 451 46 53 86 297 193
internal_value=1.93608e-09 0.00273464 0.00429424 -0.0152331 0.00225677 0.00471534 -0.00300178 0.0098974 -0.00881235 -0.0183968 -0.00684743 0.00730312 -0.0117368 0.0112508 0.0217421 -0.00378718 0.00587158 0.0211519 -0.0176491 -0.00554771 -0.000336731 -0.00210102 -0.00668809 -0.00600994 0.017573 0.00724362 0.0134691 -0.00302559 0.00526232 -0.000676552
internal_weight=7.66977 6.50246 5.88319 1.16732 5.10057 4.17357 1.67667 2.4969 0.926997 0.581285 0.399014 0.345711 1.06066 2.42142 0.820717 0.244655 1.6007 0.462459 0.302446 1.56269 1.13824 1.37425 0.233578 1.18014 0.782622 0.466804 0.41793 1.07109 0.657103 0.554185
internal_count=700061 16921 10321 683140 9367 6370 3832 2538 2997 2338 1003 659 41183 2477 952 326 1525 398 818 3717 1127 2065 550 1776 954 503 457 1077 576 490
is_linear=0
shrinkage=0.05


Tree=189
num_leaves=31
num_cat=0
split_feature=10 10 10 14 4 49 6 58 16 14 2 7 24 57 32 12 12 69 49 14 13 43 3 39 12 2 63 14 1 45
split_gain=0.122979 0.0745407 0.073026 0.0663609 0.0532468 0.0503241 0.049951 0.0591952 0.0837493 0.0543085 0.0644069 0.0568 0.0544104 0.0526614 0.0495315 0.0482648 0.0869821 0.0694667 0.0656802 0.0613987 0.0465173 0.0460161 0.0408434 0.0402047 0.0396973 0.0373183 0.0367236 0.0813665 0.0363155 0.036165
threshold=5.7500000000000009 5.2500000000000009 -1.0000000180025095e-35 4.4376320838928232 1.0000000180025095e-35 10.242405891418459 1.0000000180025095e-35 0.26206676661968237 0.31944835186004644 2.5975071191787724 3.5000000000000004 1.5000000000000002 0.58114033937454235 0.88325679302215587 0.74456521868705761 0.27429467439651495 0.44722221791744238 9.8464636802673358 12.710114479064943 0.82002636790275585 269.15567016601568 2.7403194904327397 5.5000000000000009 0.037473442032933242 0.58578431606292736 4.5000000000000009 2.2499048709869389 1.3474433422088625 23.500000000000004 40.049999237060554
decision_type=2 2 2 2 2 2 2 2 2 2 2 2 2 2 2 2 2 2 2 2 2 2 2 2 2 2 2 2 2 2
left_child=1 2 -1 4 6 -5 7 8 -2 10 26 12 24 -8 -11 20 17 19 -18 -17 -9 -14 28 -23 25 -12 27 -10 -15 -4
right_child=3 -3 29 5 -6 -7 13 15 9 14 11 -13 21 22 -16 16 18 -19 -20 -21 -22 23 -24 -25 -26 -27 -28 -29 -30 -31
leaf_value=-0.05000218766893564 -0.036125931495564208 -0.051194893753397287 0.0010986096097936745 -0.0016577343383904369 -0.026681068009387646 -0.049598782068262695 -0.011479703142182348 0.027160839839159363 0.038075448651159596 0.0098536107087791244 -0.020805461487431953 -0.046413135359410392 -0.045189485028390264 0.0077180949150663846 -0.051018356368048495 0.045154306609491129 0.0093556524334890527 0.03599109059086486 -0.028698344881951044 -0.011111150912194659 -0.020978820791877413 0.038977756098892619 -0.048916562768963466 -0.04163177704345021 -0.031211013766955384 0.03561143692492471 0.045151073913684753 -0.031913549746918533 -0.021302743521358559 -0.013981352710197813
leaf_weight=0.10100824409517795 0.069371504420831953 0.11030951101955366 0.82589478956187923 0.12166957532603451 0.1318014120014136 0.099509005811838414 0.68335833053449091 0.060271953290793934 0.15265583752591261 0.13218998487809575 0.047503008616558873 0.038679554987538722 0.019328461606164637 1.6695360173800891 0.044725292181087895 0.063134104027539939 0.24547185269909733 0.3333192149474371 0.21073285761358562 0.20897566449741589 0.29976419732015813 0.27632253967821185 0.034712631823268114 0.016385595962219668 0.079739656045099139 0.076542751819488331 0.37602021861601997 0.057044159023689645 0.11523895601197853 0.76664328754945144
leaf_count=641957 138 1762 13443 2021 1923 3397 1294 33 225 171 51 29 16 1057 102 56 264 339 251 180 292 346 55 19 82 57 432 42 133 29894
internal_value=-6.90338e-10 -0.0113697 -0.00877567 0.00362099 0.00471198 -0.0232266 0.00549105 0.0100689 0.0174197 0.0202399 0.0242391 0.0120258 0.0164079 0.000354779 -0.0055352 0.00289979 0.00826481 0.0206884 -0.00822248 0.00194339 -0.01292 0.0295312 0.00479954 0.0344653 -0.00368662 0.0140067 0.0358015 0.0190365 0.00584428 -0.00616084
internal_weight=7.46786 1.80386 1.69355 5.664 5.44283 0.221179 5.31102 2.80818 1.38651 1.31714 1.14022 0.554502 0.515822 2.50285 0.176915 1.42167 1.06163 0.605429 0.456205 0.27211 0.360036 0.312037 1.81949 0.292708 0.203785 0.124046 0.58572 0.2097 1.78477 1.59254
internal_count=700061 687056 685294 13005 7587 5418 5664 3125 1710 1572 1299 600 571 2539 273 1415 1090 575 515 236 325 381 1245 365 190 108 699 267 1190 43337
is_linear=0
shrinkage=0.05


Tree=190
num_leaves=31
num_cat=0
split_feature=10 10 11 17 2 14 2 19 10 23 10 1 10 10 7 10 10 10 10 1 38 10 0 59 12 13 34 36 58 13
split_gain=0.119418 0.0985173 0.0762428 0.0629591 0.046954 0.0438291 0.0530874 0.0456812 0.0440844 0.0519024 0.0499393 0.0404455 0.0464025 0.208258 0.0582066 0.0612233 0.160647 0.0829135 0.127325 0.0608741 0.0687307 0.0520978 0.0512637 0.0498391 0.0474024 0.0432132 0.057853 0.0426932 0.0465103 0.0416817
threshold=6.7500000000000009 6.2500000000000009 3.0263158082962041 0.72020307183265697 8.5000000000000018 2.8558591604232793 3.5000000000000004 0.028618093580007557 3.7500000000000004 3.9219434261322026 3.2500000000000004 7.5000000000000009 9.7500000000000018 9.2500000000000018 1.5000000000000002 10.250000000000002 10.750000000000002 11.250000000000002 11.750000000000002 18.500000000000004 0.34203633666038519 13.250000000000002 17.500000000000004 0.014221850782632829 0.91287881135940563 322.14677429199224 2.7160999774932866 0.99609375000000011 0.13548169285058978 359.19441223144537
decision_type=2 2 2 2 2 2 2 2 2 2 2 2 2 2 2 2 2 2 2 2 2 2 2 2 2 2 2 2 2 2
left_child=1 2 5 -2 11 6 7 8 9 10 -1 -5 13 22 15 29 -17 -18 -19 20 -20 -22 23 24 25 -13 27 -27 -29 -14
right_child=3 -3 -4 4 -6 -7 -8 -9 -10 -11 -12 12 14 -15 -16 16 17 18 19 -21 21 -23 -24 -25 -26 26 -28 28 -30 -31
leaf_value=0.0041474486966863516 -0.013381656506213964 -0.051219290995307913 -0.050006946581096529 -0.027784246695495347 -0.047706072089612736 -0.017472577098519022 -0.018059830107983173 0.03944198142416238 0.0068785406638837603 -0.048518799594708555 -0.051378856991054149 0.022152432141011022 0.040395370646649179 -0.052314053956988738 -0.040924387487358438 -0.051580823277230015 0.034840259769735468 -0.051848514998380002 0.016068911487631184 0.024108212570581627 0.0045353100113830784 -0.041169779877680335 -0.01255131626960615 -0.069650484686046801 -0.038634162513571685 0.022622289144210918 -0.022869401472269225 0.021778983334998697 -0.021951559282082631 0.010733514767204345
leaf_weight=0.28173665074701992 0.43467619061968221 0.12910609417413921 0.096313234914364609 0.081479994246727361 0.039442927310466724 0.51724108385135181 0.36492246695370978 0.082296338007436076 0.97627063854287854 0.080974108552886226 0.047290431842519354 0.70595941299945131 0.31618193337074352 0.16062416563548954 0.049160940139927223 0.10140441819004298 0.34786843631427178 0.085151012832710538 0.30733979607043671 0.5128959430483917 0.11984438723255408 0.1299619606532687 0.2812642769938839 0.019077482291095182 0.045431060906450216 0.36775922469547595 0.14973597985599074 0.10273047610201047 0.14897445100625362 0.1893744098943273
leaf_count=7337 3809 1289 624802 241 939 39680 10455 472 1480 4279 237 960 348 229 35 151 342 98 176 404 136 155 550 27 384 267 445 99 92 143
internal_value=2.06297e-09 -0.00865081 -0.00640489 0.00474536 0.00659425 -0.00461845 -0.000992204 0.00324891 0.0011003 -0.0126585 -0.00383324 0.00710151 0.00778798 0.00226285 0.0128586 0.0141117 0.00933083 0.0134402 0.00699597 0.0116786 0.000236279 -0.0192428 0.00707707 0.0106628 0.0116704 0.0132196 0.00502123 0.0117629 -0.00410344 0.0292844
internal_weight=7.27249 2.57615 2.44704 4.69634 4.26166 2.35073 1.83349 1.46857 1.38627 0.410001 0.329027 4.22222 4.14074 1.98156 2.15918 2.11002 1.60447 1.50306 1.15519 1.07004 0.557146 0.249806 1.82093 1.53967 1.52059 1.47516 0.7692 0.619464 0.251705 0.505556
internal_count=700061 690031 688742 10030 6221 63940 24260 13805 13333 11853 7574 5282 5041 3053 1988 1953 1462 1311 969 871 467 291 2824 2274 2247 1863 903 458 191 491
is_linear=0
shrinkage=0.05


Tree=191
num_leaves=31
num_cat=0
split_feature=10 2 17 63 12 3 42 13 14 24 37 14 49 18 56 1 32 38 36 13 16 43 2 34 17 67 14 12 13 54
split_gain=0.111968 0.0645105 0.0782324 0.0592691 0.0591734 0.0661131 0.089239 0.0666819 0.0649978 0.0813367 0.06785 0.0702112 0.0581841 0.0579687 0.0646275 0.0636153 0.0576258 0.0604741 0.0548692 0.0538564 0.0506798 0.0495263 0.0488258 0.0487614 0.0486904 0.0472649 0.0452087 0.0418815 0.0406038 0.0411798
threshold=3.7500000000000004 1.5000000000000002 0.6710195541381837 1.2424533367156985 0.63818180561065685 1.5000000000000002 0.00073851595516316604 339.06616210937506 2.5975071191787724 0.95720070600509655 0.97720754146575939 2.1058121919631962 14.153732299804689 0.19310176372528079 0.81853973865509044 11.500000000000002 0.49096386134624487 0.26377080380916601 0.62189999222755443 334.13610839843756 0.92776471376419078 3.6242519617080693 3.5000000000000004 2.6028815507888798 0.92988044023513805 46.500000000000007 2.03740406036377 0.53589746356010448 289.13487243652349 0.70224699378013622
decision_type=2 2 2 2 2 2 2 2 2 2 2 2 2 2 2 2 2 2 2 2 2 2 2 2 2 2 2 2 2 2
left_child=1 2 3 -1 5 6 7 18 10 -10 12 26 -7 15 24 -6 17 -11 -2 -14 -19 -17 -9 -23 25 -15 -12 -20 -4 -30
right_child=4 -3 28 -5 13 8 -8 22 9 16 11 -13 19 14 -16 21 -18 20 27 -21 -22 23 -24 -25 -26 -27 -28 -29 29 -31
leaf_value=0.021287068555172071 -0.027581735314990731 -0.032123641496282003 0.028328787334967961 -0.047602925943309206 0.034956808015778371 0.008973274258927395 0.036162856422058819 -0.042075947382099466 -0.033693829022380037 0.037822702918266365 0.015053177011059455 0.040384971134120332 -0.035429881447923556 -0.023776631361120324 -0.044299588022683682 -0.052466264149816082 -0.044176952093405497 0.006048835120595542 0.0096558771675838238 0.012695955654050808 -0.050083513307792607 0.0096353615196163381 -0.0095004184475908429 -0.048766293605993299 0.0020001113278348254 -0.24869738990854567 -0.040304739969025748 -0.041831384377525815 0.015739431146037968 -0.050102398748091428
leaf_weight=0.041443158482417475 0.14378397425216982 0.3893710000035786 0.16369208482857639 0.12658853987314472 0.13948693644027366 0.71681817885736698 0.12440802514743143 0.19775820964984625 0.17967222364780067 0.14062807148447831 1.3923321140960778 0.29480037181269825 0.16787023895034281 0.24870031014981098 0.15551405603557078 0.047239038871982331 0.054862865645979753 0.3581196322805198 0.63222879958559197 0.088928128660541006 0.045297593082182175 0.28510508094110776 0.27496678713626244 0.040863621764304803 0.41551519333405551 0.0023578594684181544 0.037884508682395679 0.042128797480718738 0.055364785864884303 0.041584435892414784
leaf_count=4937 1355 494871 16313 79289 374 712 315 1045 907 100 1439 225 154 6005 1487 355 244 741 1028 124 74 891 600 659 2514 29 37 320 15051 67866
internal_value=-8.08127e-11 -0.0173911 -0.00400924 -0.030612 0.00228458 0.00483038 -0.00428016 -0.00817788 0.00853849 -0.00418845 0.0122103 0.0181665 0.00165734 -0.00704676 -0.0152755 0.00614768 0.00466316 0.00958832 0.000460319 -0.0187641 -0.00025397 -0.00461977 -0.023128 0.0023141 -0.00850405 -0.025889 0.0135868 0.00643934 0.0131412 -0.0125021
internal_weight=7.04531 0.818044 0.428673 0.168032 6.22727 4.89249 1.41527 1.29087 3.47721 0.77858 2.69863 1.72502 0.973617 1.33478 0.822087 0.512695 0.598908 0.544045 0.818142 0.256798 0.403417 0.373208 0.472725 0.325969 0.666573 0.251058 1.43022 0.674358 0.260641 0.0969492
internal_count=700061 678327 183456 84226 21734 9420 4663 4348 4757 2066 2691 1701 990 12314 10035 2279 1159 915 2703 278 815 1905 1645 1550 8548 6034 1476 1348 99230 82917
is_linear=0
shrinkage=0.05


Tree=192
num_leaves=31
num_cat=0
split_feature=11 7 57 58 6 14 6 43 58 2 14 42 46 57 14 33 57 54 58 58 10 2 56 14 32 23 17 12 2 23
split_gain=0.107574 0.0700168 0.0577398 0.0562198 0.0555939 0.0478826 0.0448737 0.0458651 0.0442216 0.0432466 0.0414675 0.0392655 0.0383746 0.0471338 0.0460162 0.0373798 0.0490093 0.037493 0.0371375 0.0551116 0.041129 0.0356992 0.034395 0.0338345 0.0478051 0.0422491 0.0415513 0.0336467 0.0351093 0.0329296
threshold=1.431677043437958 1.0000000180025095e-35 0.82054564356803905 0.10434039309620859 1.0000000180025095e-35 6.0565872192382821 1.0000000180025095e-35 4.7916412353515634 0.30958321690559393 5.5000000000000009 0.16108147054910663 0.00073851595516316604 22.800000190734867 0.43525071442127233 4.0224173069000253 0.055727554485201843 0.90146741271018993 5.6724421977996835 0.26372319459915167 0.27352304756641393 7.7500000000000009 6.5000000000000009 0.039139093831181533 2.5265837907791142 0.36755952239036566 2.8654419183731084 0.95079463720321666 0.55902779102325451 4.5000000000000009 4.614506959915162
decision_type=2 2 2 2 2 2 2 2 2 2 2 2 2 2 2 2 2 2 2 2 2 2 2 2 2 2 2 2 2 2
left_child=2 3 10 -2 18 6 9 -8 21 15 -1 -10 14 -14 -12 16 22 -18 23 -20 -21 -6 -5 25 26 -4 -25 -22 -29 -9
right_child=1 -3 4 5 8 -7 7 29 11 -11 12 -13 13 -15 -16 -17 17 -19 19 20 27 -23 -24 24 -26 -27 -28 28 -30 -31
leaf_value=0.017645237714511011 0.018489976999029385 -0.03700795113687104 0.006357290881627408 0.032185377343334688 0.004224269928076352 -0.048810477605081948 -0.046452067232277273 0.010467026650351006 -0.033906105739825797 -0.040918251097364092 0.010129691322037589 0.048168325283736393 -0.035734686664549556 -0.007780939903685391 -0.036728347087373443 0.035761599509504458 0.0079495811820586657 0.13583233162112096 -0.024244175692070657 -0.013104095467048701 0.023290448994822854 -0.049692294515707697 -0.020495839523917401 -0.017297663101478164 -0.050868899222017497 0.033427883292755138 0.034517172710623857 0.035060262075198648 -0.036903888601998856 -0.042215698010746289
leaf_weight=0.1768929653900394 0.18751596902193024 0.22549005091907015 0.20257272252132474 0.034099745900541656 1.9106173915337534 0.077994401645937628 0.13709498744385129 0.096541362473742787 0.13275042348147525 0.06875189377034141 0.37994166683247221 0.016369472323550127 0.19994383071903288 0.61348292427613726 0.060775028816955512 0.068371043724361646 0.36745717517219417 0.00582228889391767 0.12926261075439527 0.13448052481697914 0.43759931155722143 0.031202508210235069 0.33898273610276591 0.064812897679104253 0.034970661019542604 0.49961059614884107 0.096002639423602432 0.025510790767839353 0.050496379397515057 0.042816060683344648
leaf_count=216 43806 340210 195 1865 2447 99652 102167 39964 459 11420 665 27 3791 1838 786 1266 8462 292 113 180 490 372 16090 109 170 734 115 23 97 22040
internal_value=-1.41143e-10 -0.0111188 0.00353192 -0.00702342 0.00678047 -0.0108881 -0.00833816 -0.0259189 0.00134288 -0.00283693 -0.00501773 -0.0248965 -0.00821427 -0.0146521 0.00366795 0.000376591 -0.00286488 0.00994425 0.013567 0.00556593 0.0115116 0.0033579 -0.0156808 0.0204934 0.00211307 0.0256183 0.0136344 0.0179569 -0.0127501 -0.00571917
internal_weight=6.84823 1.65094 5.1973 1.42545 3.76626 1.23793 1.15994 0.276452 2.09094 0.883485 1.43104 0.14912 1.25414 0.813427 0.440717 0.814733 0.746362 0.373279 1.67532 0.77735 0.648087 1.94182 0.373082 0.89797 0.195786 0.702183 0.160816 0.513606 0.0760072 0.139357
internal_count=700061 687234 12827 347024 5531 303218 203566 164171 3305 39395 7296 486 7080 5629 1451 27975 26709 8754 2226 903 790 2819 17955 1323 394 929 224 610 120 62004
is_linear=0
shrinkage=0.05


Tree=193
num_leaves=31
num_cat=0
split_feature=4 10 10 57 3 12 69 1 1 12 5 2 54 43 12 32 2 34 49 38 20 58 56 5 3 23 6 57 34 29
split_gain=0.107953 0.0838398 0.0816512 0.0569981 0.0496996 0.046954 0.0463215 0.0402814 0.0395823 0.0382695 0.0354965 0.0354818 0.0350441 0.0688308 0.0560638 0.0475646 0.0424818 0.0484297 0.0521094 0.0469883 0.040021 0.035606 0.0503274 0.0487867 0.0480132 0.0400358 0.0519757 0.0441309 0.0396434 0.0414696
threshold=1.0000000180025095e-35 7.7500000000000009 7.2500000000000009 0.54246145486831676 4.5000000000000009 1.1715686321258547 8.2962846755981463 7.5000000000000009 11.500000000000002 0.14642857760190967 1.0000000180025095e-35 5.5000000000000009 2.3816143274307255 4.7578821182250985 0.18350168317556384 0.49096386134624487 1.0000000180025095e-35 1.9707128405570986 8.1288790702819842 0.37918850779533392 0.00014403796376427638 0.11152738332748414 0.94466316699981701 1.5000000000000002 1.0000000180025095e-35 3.0961521863937382 1.0000000180025095e-35 0.96122997999191295 1.1588239669799807 12.763248920440676
decision_type=2 2 2 2 2 2 2 2 2 2 2 2 2 2 2 2 2 2 2 2 2 2 2 2 2 2 2 2 2 2
left_child=1 2 5 6 9 -1 8 -5 -3 -2 -6 12 14 15 -9 -14 -16 21 -19 -20 -15 23 24 -18 -23 27 -27 -26 -28 -30
right_child=4 3 -4 7 10 -7 -8 11 -10 -11 -12 -13 13 20 16 -17 17 18 19 -21 -22 22 -24 -25 25 26 28 -29 29 -31
leaf_value=-0.0021455633113565036 0.020038927081442229 -0.038933682836344845 -0.051104251347747445 -0.030211265159296737 0.013685564344978585 -0.034431903359961998 -0.037917973469979743 -0.0252445401595866 0.0090963632268623931 -0.05017309414235574 -0.050438344551979833 -0.004999356477821809 0.016834733189643927 -0.028616991036749057 0.047792560439085148 -0.0494462867192784 0.029939439444135924 -0.029430128341778845 0.038309902923807135 0.0078471408727721677 0.042153290923902548 -0.048102373084723871 -0.036173230321838813 -0.019281563034019733 -0.03046338186410873 0.029953537494968142 -0.015484467964553439 0.021041945989216507 0.00017211642035937734 0.048969240301211747
leaf_weight=2.4906952305168688 0.021672015863866356 0.05342552531043443 0.093726978706818787 0.065865428900487522 0.088017052961021747 0.11794187627796748 0.11784901045314156 0.086039185968730947 0.21764409931124362 0.18573611922131317 0.028592555717717072 0.38280255349662784 0.41695313048289495 0.19981230647928427 0.099679281757346749 0.028946480435514843 0.31274533679243155 0.04036337008983526 0.42534971935663179 0.1802237188069995 0.022195915722107884 0.037737512581770716 0.072741089250484947 0.060001757934514899 0.11293779608399745 0.31448610059385373 0.16915299735546796 0.065831004014398786 0.12010512796950934 0.0682979192933999
leaf_count=43736 127 596 648 159 44886 263623 1065 64 597 297573 43665 912 402 292 76 124 289 21 278 207 19 30 32 29 60 374 61 29 50 37
internal_value=2.64155e-10 0.00143127 -0.00525272 0.00635136 -0.0281536 -0.0036053 -0.0117476 0.00849593 -0.000369952 -0.0428367 -0.00203755 0.00928857 0.0112188 0.00120616 0.0143067 0.012532 0.015943 0.0143396 0.0255775 0.0292439 -0.0215415 0.00889825 0.00381165 0.0220162 0.00708501 0.00953284 0.0151269 -0.0114967 0.00208618 0.0178615
internal_weight=6.69757 6.37355 2.70236 3.67119 0.324018 2.60864 0.388919 3.28227 0.27107 0.207408 0.11661 3.2164 2.8336 0.667908 2.16569 0.4459 2.07965 1.97997 0.645937 0.605573 0.222008 1.33404 0.96129 0.372747 0.888548 0.850811 0.672042 0.178769 0.357556 0.188403
internal_count=700061 313810 308007 5803 386251 307359 2258 3545 1193 297700 88551 3386 2474 837 1637 526 1573 1497 506 485 311 991 673 318 641 611 522 89 148 87
is_linear=0
shrinkage=0.05


Tree=194
num_leaves=31
num_cat=0
split_feature=10 10 10 14 47 17 11 58 5 10 10 67 3 13 12 58 54 43 7 58 16 2 0 54 10 23 16 4 37 10
split_gain=0.102938 0.0667342 0.060013 0.0578889 0.0445523 0.0433425 0.0387832 0.0396795 0.0374962 0.0565839 0.0529354 0.0388495 0.0385457 0.0407483 0.0371975 0.0401372 0.064032 0.047308 0.0381234 0.0461212 0.0377205 0.0394677 0.0509245 0.0365255 0.0370571 0.0355469 0.0349634 0.034159 0.0318195 0.0316344
threshold=5.7500000000000009 5.2500000000000009 -1.0000000180025095e-35 4.4376320838928232 40.049999237060554 0.91875183582305919 0.71714287996292125 0.39803346991539007 1.0000000180025095e-35 8.7500000000000018 8.2500000000000018 46.500000000000007 2.5000000000000004 359.19441223144537 0.67543861269950878 0.12199011817574502 1.272581219673157 4.7578821182250985 1.5000000000000002 0.40627820789814001 0.94345328211784374 2.5000000000000004 23.500000000000004 0.48950026929378515 8.2500000000000018 2.8375828266143803 0.7001820206642152 1.0000000180025095e-35 0.95952430367469799 4.7500000000000009
decision_type=2 2 2 2 2 2 2 2 2 2 2 2 2 2 2 2 2 2 2 2 2 2 2 2 2 2 2 2 2 2
left_child=1 2 -1 5 -5 6 7 -2 9 10 11 -8 -10 -14 18 16 25 -17 19 20 26 22 -22 -19 -25 -16 28 -28 -7 -4
right_child=3 -3 29 4 -6 14 8 -9 12 -11 -12 -13 13 -15 15 17 -18 23 -20 -21 21 -23 -24 24 -26 -27 27 -29 -30 -31
leaf_value=-0.050001932269273179 -0.038488157931913278 -0.051089876931403523 -0.011467269795267592 -0.0016271749680455987 -0.049965803581661333 0.039549522715526364 0.0006466209234107271 0.014787244022149024 -0.030866302027165018 0.013650006185307576 -0.051451482628558025 -0.09794476839073242 0.021524419157621349 -0.028685483053239598 -0.024456780422219788 -0.029821213101611524 -0.051674072719426124 -0.050978636672113435 -0.025367399041292971 -0.030151890985778963 0.026159532068503563 -0.010445326507966155 -0.033401674110017925 0.026412899505625906 -0.043308827551266187 0.036459186914099773 0.020423162603831393 -0.03597313435974183 -0.0092042546905387688 0.0042200511278979022
leaf_weight=0.082041319451491623 0.12810011192122361 0.097616363557286756 0.92516561733567682 0.10637647949588735 0.086369624221932284 0.040169682291549935 0.37490268307649788 0.04806410686617113 0.16761959938213067 0.72923043531730158 0.062906390364791065 0.010265483308756984 0.10829445279364336 0.064460769668968965 0.028711647647284511 0.19713233819913611 0.031002826983433707 0.02398222397471983 0.070450331361769147 0.063338310777453333 0.21418331562333026 0.30321433749112714 0.043110586512455029 0.12305485637387159 0.022550379675607246 0.14436144290105091 1.5118537619204202 0.027335485571228335 0.20056924638265627 0.49241360820877222
leaf_count=641957 525 1762 41183 1508 3910 57 1102 123 558 1131 147 13 73 81 131 608 177 50 55 45 125 232 29 165 51 227 1474 175 233 2154
internal_value=8.09291e-10 -0.0110319 -0.00842436 0.00357298 -0.0232877 0.0046655 -0.00174583 -0.0239527 0.000831817 0.0050576 -0.00892632 -0.00198103 -0.0137845 0.00278942 0.00823191 -0.00327374 0.0144998 -0.0131646 0.0108862 0.0119488 0.0130881 0.0017766 0.0161798 0.00619753 0.0156149 0.0263536 0.0166502 0.0194216 -0.0010692 -0.00601809
internal_weight=6.52885 1.59724 1.49962 4.93161 0.192746 4.73886 1.69384 0.176164 1.51768 1.1773 0.448075 0.385168 0.340375 0.172755 3.04502 0.570796 0.204076 0.36672 2.47423 2.40377 2.34044 0.560508 0.257294 0.169587 0.145605 0.173073 1.77993 1.53919 0.240739 1.41758
internal_count=700061 687056 685294 13005 5418 7587 3753 648 3105 2393 1262 1115 712 154 3834 1409 535 874 2425 2370 2325 386 154 266 216 358 1939 1649 290 43337
is_linear=0
shrinkage=0.05


Tree=195
num_leaves=31
num_cat=0
split_feature=10 10 11 57 6 57 69 14 14 54 26 10 10 10 10 13 5 13 14 34 43 38 59 10 10 12 59 7 10 14
split_gain=0.0993789 0.0859245 0.0621429 0.0532488 0.0423483 0.0426331 0.0448573 0.051299 0.0442488 0.0417263 0.0470345 0.0414138 0.0649211 0.0421356 0.0438239 0.0398438 0.038404 0.038018 0.0389144 0.0383855 0.0385364 0.037161 0.0363208 0.0350114 0.133073 0.0492533 0.0479524 0.0442311 0.0405115 0.0403677
threshold=6.7500000000000009 6.2500000000000009 3.0263158082962041 0.82054564356803905 1.0000000180025095e-35 0.66639894247055065 9.2568526268005389 2.2443623542785649 2.5975071191787724 1.0406137108802798 34.142856597900398 5.7500000000000009 5.2500000000000009 4.7500000000000009 4.2500000000000009 364.15367126464849 1.0000000180025095e-35 359.19441223144537 4.0224173069000253 2.0052658319473271 3.9219243526458745 0.39856499433517462 0.00092118218890391301 9.7500000000000018 9.2500000000000018 0.41885964572429663 0.014221850782632829 1.5000000000000002 13.250000000000002 3.2349334955215459
decision_type=2 2 2 2 2 2 2 2 2 2 2 2 2 2 2 2 2 2 2 2 2 2 2 2 2 2 2 2 2 2
left_child=1 2 4 9 11 -6 7 15 -8 10 16 12 13 14 22 -7 -2 18 -13 20 -19 -11 -1 24 26 27 -5 -25 29 -27
right_child=3 -3 -4 23 5 6 8 -9 -10 21 -12 17 -14 -15 -16 -17 -18 19 -20 -21 -22 -23 -24 25 -26 28 -28 -29 -30 -31
leaf_value=-0.0067504584281728704 0.02251850653849214 -0.051086368643880969 -0.050006213187105776 0.0078215794857252711 -0.046638265091697217 0.019625112918710864 -0.031944209482313989 -0.045387677300592066 0.0038674463713743823 -0.0012490632996470718 -0.014812806794354615 0.034061345750577475 -0.051250888245826048 0.018743597302121912 -0.050928985108044778 -0.050247973972860863 -0.014378953557274123 -0.036861734253814026 -0.050130065425686689 -0.047776208759791439 0.050203281459435402 -0.029275272055306736 0.033741517509879644 0.024092738204261749 -0.051711504814352729 0.012512972677670958 -0.074014414616395241 -0.041319463062488002 -0.019226081345462789 -0.050133360937959594
leaf_weight=0.59157398575927478 0.30594729357357742 0.11200179632559715 0.077940698110503415 1.3152563468639225 0.087324570749435781 0.23395135512784337 0.27173782722104922 0.043164878529143635 0.12636983620567571 0.22522355052199305 0.21969984818050214 0.20290573578395765 0.067706642375902959 0.21694483031849643 0.051359792314282338 0.022351622996727272 0.091646591593008253 0.020399881535354325 0.0147208526632987 0.038819715984978131 0.033712941762537696 0.24908326260531677 0.061100586410693936 0.77478253730536983 0.10516856641889649 0.5963955389194382 0.018147318413497149 0.026735224095318699 0.14878474725485802 0.026873446750421692
leaf_count=12062 462 1289 624802 2482 12234 4365 6727 10453 12617 1061 496 305 556 698 671 2627 166 16 210 65 37 3488 297 813 204 430 31 11 142 244
internal_value=-5.53455e-10 -0.00838431 -0.00617223 0.00464616 -0.00453297 -0.0137028 -0.00957986 0.00503909 -0.0205766 -0.00481493 0.003754 0.00100672 -0.00399639 -0.000522427 -0.00645916 0.0135316 0.0140135 0.0169345 0.0283664 -0.00983653 0.0173808 -0.0159671 -0.00295977 0.00807485 0.002437 0.013229 0.00670781 0.0219109 0.00421587 0.00981185
internal_weight=6.37783 2.27409 2.16209 4.10374 2.08415 0.7849 0.697576 0.299468 0.398108 1.0916 0.617294 1.29924 0.988686 0.920979 0.704034 0.256303 0.397594 0.310559 0.217627 0.0929325 0.0541128 0.474307 0.652675 3.01214 1.43857 1.57357 1.3334 0.801518 0.772054 0.623269
internal_count=700061 690031 688742 10030 63940 49023 36789 17445 19344 5673 1124 14917 14284 13728 13030 6992 628 633 515 118 53 4549 12359 4357 2717 1640 2513 824 816 674
is_linear=0
shrinkage=0.05


Tree=196
num_leaves=31
num_cat=0
split_feature=14 10 10 10 10 1 10 10 10 10 43 63 54 5 37 12 43 13 3 14 6 11 57 13 27 11 3 12 57 56
split_gain=0.0942979 0.0829487 0.124419 0.0587642 0.123396 0.065806 0.050993 0.13213 0.0772588 0.0714161 0.0452979 0.0446685 0.0435497 0.0430479 0.0970776 0.041646 0.0448845 0.0400335 0.0414485 0.0613085 0.039375 0.0481535 0.041639 0.0512676 0.0420915 0.0677762 0.0375201 0.0368125 0.0389918 0.0465454
threshold=3.785109400749207 9.7500000000000018 9.2500000000000018 10.250000000000002 10.750000000000002 8.5000000000000018 8.7500000000000018 8.2500000000000018 7.7500000000000009 7.2500000000000009 4.5053346157073983 4.2696731090545663 3.1291171312332158 1.0000000180025095e-35 0.98564770817756664 0.67543861269950878 4.1026091575622567 359.19441223144537 3.5000000000000004 1.6402013301849367 1.0000000180025095e-35 1.60357141494751 0.93174198269844066 359.06912231445318 47.830207824707038 1.1695402264595034 4.5000000000000009 0.63818180561065685 0.86005890369415294 0.66536459326744091
decision_type=2 2 2 2 2 2 2 2 2 2 2 2 2 2 2 2 2 2 2 2 2 2 2 2 2 2 2 2 2 2
left_child=1 2 6 17 -5 -6 7 8 9 20 11 -2 15 27 -15 16 -8 -3 19 -19 22 -22 24 -24 -1 -26 -18 28 29 -7
right_child=10 3 -4 4 5 13 12 -9 -10 -11 -12 -13 -14 14 -16 -17 26 18 -20 -21 21 -23 23 -25 25 -27 -28 -29 -30 -31
leaf_value=0.0015229657777010861 -0.013453297542618415 0.036991411402986674 -0.051823650247298993 -0.051373833734572619 -0.046048061471698501 0.014875208172623873 0.0027232239720566607 -0.051285558156739401 0.016753441613184188 -0.051081385516314054 -0.039758820643177401 0.066869405065300244 -0.041054025141054544 -0.039872520200694164 0.011311875101014576 -0.04505572607083571 0.043351366539097241 -0.047355361250453372 0.034579562406887643 0.026147942239776567 -0.0071099356282093521 -0.045371167393422077 0.02515444031775271 -0.015827441772175276 -0.31548592735400127 -0.023325495232532828 -0.017048857686641907 -0.042786813232835452 0.028513320319754509 -0.033474724146881331
leaf_weight=0.71866642010888349 0.35742268486866458 0.29006130313948864 0.12393538017220951 0.090547630441958904 0.052718620158005325 0.30005036684854836 0.17162822790521648 0.13659107707214069 0.5074801996913062 0.080310716790395698 0.18556773208874977 0.018189550267124321 0.032901086067134599 0.12048723506845604 0.40076866182903359 0.02428568938760467 0.21436848046556634 0.058749503110789192 0.08324863331789345 0.054860435620515346 0.91303616424632728 0.090373344170927461 0.32385034011450442 0.099839648614862941 0.0020108599564991605 0.15473281185247881 0.029215637837978647 0.024509955508237091 0.49198605303124054 0.059676637954567013
leaf_count=31796 168057 345 247 180 290 447 145 311 734 409 189110 2363 42 143 235 119 318 54 68 52 3078 271455 10448 6829 5 12088 33 142 465 53
internal_value=4.68465e-11 0.00194131 -0.00259045 0.0100391 0.00525398 0.00878972 -0.000846739 -0.00323121 -0.000960233 -0.0047328 -0.0195484 -0.00956356 0.0144317 0.0108584 -0.000519293 0.0185854 0.0223078 0.0251805 0.00777759 -0.0118618 -0.00311617 -0.010556 0.00263025 0.0154973 -0.0035973 -0.0270736 0.0361069 0.0176269 0.0193655 0.00685423
internal_weight=6.21207 5.65089 3.62323 2.02767 1.54075 1.4502 3.49929 3.02689 2.8903 2.38282 0.56118 0.375612 0.472399 1.39748 0.521256 0.439498 0.415212 0.48692 0.196859 0.11361 2.30251 1.00341 1.2991 0.42369 0.87541 0.156744 0.243584 0.876223 0.851713 0.359727
internal_count=700061 340531 338057 2474 1955 1775 337810 337153 336842 336108 359530 170420 657 1485 378 615 496 519 174 106 335699 274533 61166 17277 43889 12093 351 1107 965 500
is_linear=0
shrinkage=0.05


Tree=197
num_leaves=31
num_cat=0
split_feature=4 11 7 16 69 6 34 6 3 2 34 18 57 30 54 12 13 13 45 12 57 18 56 66 36 58 49 58 34 17
split_gain=0.0920988 0.0684007 0.0547663 0.0503017 0.0709599 0.0503853 0.0467751 0.0508632 0.0467542 0.0443625 0.0427348 0.0426847 0.0379392 0.0343692 0.0748303 0.032914 0.0325393 0.0322452 0.0312768 0.0318129 0.0310492 0.040603 0.0343286 0.0332912 0.0330978 0.0445417 0.0438281 0.0420215 0.0544088 0.0398659
threshold=1.0000000180025095e-35 1.2649122476577761 1.0000000180025095e-35 0.48908095061779028 8.3225159645080584 1.0000000180025095e-35 6.0844500064849862 1.0000000180025095e-35 4.5000000000000009 1.0000000180025095e-35 4.0216782093048105 0.47912268340587622 0.96042445302009594 1.0000000180025095e-35 0.20778109133243564 0.14642857760190967 194.09574890136722 223.06401062011722 28.899999618530277 0.75499999523162853 0.85084247589111339 0.22929595410823825 0.58847248554229747 20.050000190734867 0.96984851360321056 0.11956425756216051 8.6141304969787615 0.095166984945535674 0.13382896780967715 0.98733356595039379
decision_type=2 2 2 2 2 2 2 2 2 2 2 2 2 2 2 2 2 2 2 2 2 2 2 2 2 2 2 2 2 2
left_child=1 3 6 4 -1 9 7 16 15 -5 20 13 -4 -11 -15 -2 -3 -10 -9 -20 21 22 -7 24 -22 27 -27 28 -26 -30
right_child=8 2 12 5 -6 10 -8 18 17 11 -12 -13 -14 14 -16 -17 -18 -19 19 -21 23 -23 -24 -25 25 26 -28 -29 29 -31
leaf_value=0.0047364326956815337 0.018652801676707631 0.04703676290805045 -0.034429787590398421 0.043863412881942655 -0.034752013346318104 0.036890895152179325 -0.03383145568738416 -0.041089055079326788 0.051884731182411173 0.018072422878531693 -0.046601873794110529 -0.042709842856656563 0.0019770217579953855 0.021244642147196461 -0.032336981670848579 -0.050165151841057243 0.0044798195020422007 -0.015432508491048448 -0.0017184489774026376 -0.034855703209706157 0.016613105498632864 -0.023390021435945471 -0.039686632744552378 -0.027432595968333008 0.029800269066772175 -0.050993050741101567 -0.0033741492049476386 0.041541121958914601 0.033149021474034285 -0.044843309440248579
leaf_weight=0.32427943831737716 0.019440814153091263 0.046943224227212865 0.24653450038277452 0.12148202116657136 0.17524766576269357 0.061130244828220159 0.10948267344589924 0.079461308964286381 0.022552802631178231 0.9824277359668725 0.043757606505090751 0.034381943108939939 0.10082384009822037 0.14875188981181964 0.11595456628423761 0.16348242994786966 1.04045246402597 0.084217484776261342 0.42448298014953889 0.087329393867369265 0.62951786762243933 0.20439117654123073 0.019241634145799935 0.068233793964850409 0.084735134239053878 0.056598755311881632 0.33038408690185861 0.10145980796022513 0.021576504910626682 0.068092091702197877
leaf_count=1342 127 289 126916 119 1058 61 50460 14756 410 1191 1275 47 37134 269 258 297573 15222 88141 3153 58973 387 365 24 76 36 76 165 62 19 77
internal_value=4.09656e-11 0.00139127 -0.00569514 0.00560469 -0.00911719 0.00798299 -0.00216605 -0.000100838 -0.0275051 0.0149862 0.00216608 0.0122487 -0.0238624 0.0137639 -0.00222677 -0.0428513 0.00631702 -0.00121327 -0.0119037 -0.00737258 0.00346304 -0.0115507 0.0185577 0.0066053 0.00840242 0.000604576 -0.0103387 0.0159559 0.00107162 -0.0260764
internal_weight=6.01685 5.72715 2.13551 3.59164 0.499527 3.09212 1.78815 1.67867 0.289694 1.403 1.68912 1.28152 0.347358 1.24713 0.264706 0.182923 1.0874 0.10677 0.591274 0.511812 1.64536 0.284763 0.0803719 1.3606 1.29236 0.662846 0.386983 0.275864 0.174404 0.0896686
internal_count=700061 313810 306903 6907 2400 4507 142853 92393 386251 1884 2623 1765 164050 1718 527 297700 15511 88551 76882 62126 1348 450 85 898 822 435 241 194 132 96
is_linear=0
shrinkage=0.05


Tree=198
num_leaves=31
num_cat=0
split_feature=11 57 6 31 58 3 34 14 67 34 11 7 12 11 7 34 18 49 58 34 12 67 12 2 16 13 54 34 69 38
split_gain=0.0905563 0.0572938 0.0587912 0.0549543 0.0497419 0.0449123 0.0403199 0.0397201 0.0616935 0.0366067 0.0391735 0.0346717 0.0356962 0.0323116 0.0393852 0.0321804 0.0321088 0.0343317 0.0320707 0.0309781 0.0358566 0.0533649 0.0400532 0.0380985 0.042934 0.0366343 0.0302284 0.0343188 0.039364 0.0303598
threshold=1.8208556175231936 0.52096602320671093 1.0000000180025095e-35 1.0000000180025095e-35 0.36298473179340368 4.5000000000000009 5.8204483985900888 2.1772043704986577 10.449999809265138 4.0216782093048105 1.0606617927551272 1.0000000180025095e-35 0.77350428700447094 1.3416666984558108 1.0000000180025095e-35 5.6934854984283456 0.38022606074810034 14.171088218688967 0.11691227927803995 4.5945892333984384 0.58578431606292736 21.050000190734867 0.18350168317556384 3.5000000000000004 0.98633345961570751 261.07380676269537 2.7489032745361333 1.662352502346039 11.24968194961548 0.27378191053867346
decision_type=2 2 2 2 2 2 2 2 2 2 2 2 2 2 2 2 2 2 2 2 2 2 2 2 2 2 2 2 2 2
left_child=1 3 4 5 6 -1 15 8 -2 10 16 12 26 14 -6 19 17 -4 -14 20 22 23 -3 -22 -25 -23 27 28 -12 -29
right_child=7 2 9 -5 13 -7 -8 -9 -10 -11 11 -13 18 -15 -16 -17 -18 -19 -20 -21 21 25 -24 24 -26 -27 -28 29 -30 -31
leaf_value=-0.011760508654263707 0.01107106042453037 -0.013075675401583567 0.0015380555463614905 -0.03224473542295412 0.010705469782863193 0.024265688825115761 -0.023482009736878032 -0.035428942439564057 -0.040624442490538808 -0.038371652281149582 0.0065530607748126987 -0.03084253415828624 0.013393086673651002 -0.031984606686491307 -0.040177247043194933 0.089150656291669739 -0.038468792596944079 0.021488846107460817 -0.038529771244498939 -0.030768191145034842 0.024747014678928519 -0.17970007107364783 0.019514203035650192 -0.01959090396639334 0.036781950661002726 -0.033064668636985463 -0.024321314867113062 0.033462285912061095 -0.025803149889234846 0.0041452096821259976
leaf_weight=0.30562288097462365 0.16592095919444777 0.10090504168584935 0.65462551047829787 0.22191312352315662 0.2078584077495832 0.1206666551751745 0.076670163441359462 0.23475326249236828 0.088494539951844697 0.067106594816256027 0.21772826469459217 0.13531257547987352 0.039466926891252641 0.10138846903079468 0.046546959012331968 0.013945548998524404 0.038456710199078259 0.32155194430799838 0.1206586247066177 0.03974639304517058 0.17369103391251872 0.0046716507026758327 1.4355696464714922 0.15520551076228628 0.04317003347176751 0.048270440427456762 0.11291599121810236 0.12915513397114609 0.1654122418138968 0.27921639566352852
leaf_count=3405 66060 107 571 4173 287 430 918 462755 148086 4812 421 1098 529 349 75 33 129 160 1308 310 233 7 2172 449 47 157 255 146 228 351
internal_value=2.05671e-09 0.0018736 0.00378431 -0.0120668 0.00916672 -0.00156284 0.0121063 -0.0205965 -0.00691043 -0.00198978 -0.000887288 -0.00700257 -0.00397234 -0.00811643 0.00139578 0.0134604 0.0063444 0.00810983 -0.0257321 0.0129329 0.0138184 0.000964814 0.0173739 0.00764808 -0.00732317 -0.0460039 -0.000119854 0.00333269 -0.007416 0.0134173
internal_weight=5.86662 5.37745 4.72925 0.648203 2.44764 0.42629 2.09185 0.489169 0.254415 2.28161 2.2145 1.19987 1.06455 0.355794 0.254405 2.01518 1.01463 0.976177 0.160126 2.00123 1.96148 0.425009 1.53647 0.372067 0.198376 0.0529421 0.904428 0.791512 0.383141 0.408372
internal_count=700061 23160 15152 8008 5144 3835 4433 676901 214146 10008 5196 4336 3238 711 362 3515 860 731 1837 3482 3172 893 2279 729 496 164 1401 1146 649 497
is_linear=0
shrinkage=0.05


Tree=199
num_leaves=31
num_cat=0
split_feature=4 10 10 57 3 69 12 1 12 2 3 13 2 10 49 37 1 2 38 1 1 10 10 10 10 19 1 67 14 19
split_gain=0.0841774 0.0640539 0.0687825 0.0445694 0.0427521 0.0386086 0.0374607 0.0321134 0.031418 0.0311001 0.0320311 0.0650783 0.0602974 0.042618 0.0403979 0.0334162 0.0308097 0.0306781 0.0457028 0.0306234 0.0476065 0.0841878 0.0308815 0.0301073 0.0875354 0.0684661 0.0324718 0.0523148 0.0373968 0.0373697
threshold=1.0000000180025095e-35 7.7500000000000009 7.2500000000000009 0.54246145486831676 4.5000000000000009 8.2962846755981463 1.1715686321258547 7.5000000000000009 0.14642857760190967 5.5000000000000009 1.5000000000000002 342.09231567382818 3.5000000000000004 11.750000000000002 13.560694694519045 0.89405176043510448 11.500000000000002 1.0000000180025095e-35 0.47187365591526037 20.500000000000004 18.500000000000004 13.250000000000002 15.750000000000002 6.7500000000000009 6.2500000000000009 0.013748284429311754 13.500000000000002 46.500000000000007 4.4788663387298593 0.028618093580007557
decision_type=2 2 2 2 2 2 2 2 2 2 2 2 2 2 2 2 2 2 2 2 2 2 2 2 2 2 2 2 2 2
left_child=1 2 6 5 8 16 23 -5 -2 10 11 15 -13 14 -14 -9 -3 -12 19 20 21 -19 -21 24 26 -25 27 -1 29 -28
right_child=4 3 -4 7 -6 -7 -8 9 -10 -11 17 12 13 -15 -16 -17 -18 18 -20 22 -22 -23 -24 25 -26 -27 28 -29 -30 -31
leaf_value=0.010895976747201551 0.018204005636715117 -0.037426286331255269 -0.050979476311588681 -0.029390360065522054 -0.0015262024416885195 -0.037416542121279345 -0.033280759038123789 -0.026236301782317492 -0.050157159205982141 -0.0055812523241272893 0.038799785903530407 -0.05030408108654949 -0.044961754871701835 0.035812561205713599 0.030671502689199603 0.017518154613019015 0.0084361291498729271 0.019724321298009346 -0.018759051934642293 -0.0013451872298663224 0.040089484081815605 -0.027875532713023312 0.050492077243032396 0.016596685410476385 -0.051020517569125637 -0.061624266223998449 -0.0052365246179471407 0.17123033189136785 -0.040446426387805073 0.030688732239964479
leaf_weight=0.25922808510398709 0.018915417854940358 0.045163662797590987 0.078263570160839069 0.05589258085534643 0.10156762409790432 0.098715564302905623 0.099630002469487056 0.048944736855767057 0.15081305604125825 0.32651103000549486 0.12086744446597197 0.095435501413646762 0.056322045671436172 0.054421604242023136 0.025716541429375184 0.4023689403587305 0.19356865001164891 0.77589267811813989 0.10783082795200183 0.35531044013917057 0.21865901248261821 0.10552570648673054 0.031258904851938496 0.36361643011458955 0.096457500812212049 0.030306622839660236 1.2636323049260223 0.0051894302887376389 0.070873101791265269 0.076785491460941713
leaf_count=1113 127 596 648 159 88551 1065 263623 62 297573 912 116 96 44 50 44 385 597 605 179 573 244 56 20 639 540 45 20877 7 19707 808
internal_value=-6.2698e-10 0.00135015 -0.00489497 0.00604436 -0.0271844 -0.0111156 -0.0033031 0.00812658 -0.0425386 0.00889608 0.0108669 0.0017114 -0.0198166 0.00150523 -0.0212531 0.012773 -0.000240177 0.0145134 0.0126724 0.0149522 0.0192062 0.0140255 0.0028465 -0.00192427 -0.00470347 0.0105787 -0.00203736 0.0140427 -0.0050501 -0.00317856
internal_weight=5.73368 5.46239 2.34398 3.11841 0.271296 0.337448 2.26572 2.78096 0.169728 2.72507 2.39855 0.683209 0.231896 0.13646 0.0820386 0.451314 0.238732 1.71535 1.59448 1.48665 1.10008 0.881418 0.386569 2.16609 1.77217 0.393923 1.67571 0.264418 1.41129 1.34042
internal_count=700061 313810 308007 5803 386251 2258 307359 3545 297700 3386 2474 681 234 138 88 447 1193 1793 1677 1498 905 661 593 43736 43052 684 42512 1120 41392 21685
is_linear=0
shrinkage=0.05


Tree=200
num_leaves=31
num_cat=0
split_feature=10 10 10 17 12 54 23 3 22 57 14 12 67 7 13 59 1 54 69 34 3 17 29 13 49 10 6 13 2 17
split_gain=0.0814941 0.0573699 0.0477418 0.0461661 0.0318586 0.0345527 0.0357027 0.0320374 0.0478282 0.0355614 0.0329399 0.031674 0.0911206 0.048023 0.0368832 0.0306615 0.0389803 0.0355287 0.0375462 0.0303204 0.0302562 0.0387088 0.0318498 0.0297882 0.0321882 0.0310609 0.0299525 0.0436024 0.029199 0.029045
threshold=5.7500000000000009 5.2500000000000009 -1.0000000180025095e-35 0.91875183582305919 0.67543861269950878 1.9263557791709902 3.0203865766525273 1.5000000000000002 0.00011685227946145461 0.99155861139297496 0.27958881855010992 0.63818180561065685 46.500000000000007 1.5000000000000002 272.09190368652349 0.0012622746871784332 12.500000000000002 0.72677716612815868 9.5976963043212908 4.5132474899292001 6.5000000000000009 0.31886607408523565 5.0222330093383798 309.13261413574224 17.069822311401371 2.7500000000000004 1.0000000180025095e-35 299.16319274902349 6.5000000000000009 0.79991695284843456
decision_type=2 2 2 2 2 2 2 2 2 2 2 2 2 2 2 2 2 2 2 2 2 2 2 2 2 2 2 2 2 2
left_child=1 2 -1 11 7 6 -6 8 9 10 -5 20 13 14 -13 17 -17 18 -4 28 21 -2 -22 25 -25 -19 29 -28 -9 -27
right_child=3 -3 15 4 5 -7 -8 19 -10 -11 -12 12 -14 -15 -16 16 -18 23 -20 -21 22 -23 -24 24 -26 26 27 -29 -30 -31
leaf_value=-0.050001598382663305 -0.037292405523109681 -0.050990248933132379 0.01101343296458222 0.040776465234746949 -0.034148444788049535 -0.039313088643891575 0.0069657037186862131 0.016078346426073621 0.04520006925448395 -0.037561978360157067 -0.0044011776862607366 0.0067642310887373923 -0.32808220113153952 0.036589867751198504 -0.05104440024340632 0.15512509756480838 0.015740303243708724 -0.027812371350348298 -0.026467430592619436 -0.019728469632134163 0.046099005614076427 -0.00080795312829775613 -0.01504185095383876 -0.035003352740969225 0.0097226489839596433 -0.021861601966707455 -0.044314369074949664 0.022230446421773437 -0.025461307007643076 0.021154670517338853
leaf_weight=0.06421772025319672 0.077386665755325157 0.082409175921660416 0.34602210108464659 0.045077033281132439 0.061932661043097137 0.06118173887270606 0.35820022733017076 1.5230495914953932 0.052123665927368279 0.072305765101532415 0.38453985958140358 0.040017138484303771 0.0024323672059978199 0.030592134776146196 0.088864521404160679 0.0054601128015508973 0.061663325614398801 0.12454718762707162 0.082807052931550107 0.065774060645018895 0.064828086800616691 1.200388812594569 0.031723372639532954 0.23049238323781929 0.048731893911480917 0.050351239555285199 0.068512827786767927 0.038420490795567197 0.043512641244035311 0.17785028439565953
leaf_count=641957 945 1762 4122 88 344 1421 578 1767 61 95 575 449 25 119 2854 186 639 10159 2279 346 55 3207 38 20409 1229 703 2107 577 38 927
internal_value=2.06991e-09 -0.0105356 -0.0079693 0.00346219 0.00743835 -0.00420729 0.000904982 0.010002 -0.000386792 -0.0051209 0.000339032 -0.00344249 -0.0243598 -0.0197273 -0.0330951 -0.00578345 0.0270785 -0.00767241 0.00377587 0.0135282 -0.000978268 -0.00301758 0.0260103 -0.0143165 -0.0271975 -0.00649219 0.00143109 -0.0204052 0.0149245 0.0116634
internal_weight=5.58542 1.38149 1.29908 4.20393 2.6677 0.481315 0.420133 2.18638 0.554046 0.501923 0.429617 1.53623 0.161906 0.159474 0.128882 1.23486 0.0671234 1.16774 0.428829 1.63234 1.37433 1.27778 0.0965515 0.738906 0.279224 0.459682 0.335135 0.106933 1.56656 0.228202
internal_count=700061 687056 685294 13005 5313 2343 922 2970 819 758 663 7692 3447 3422 3303 43337 825 42512 6401 2151 4245 4152 93 36111 21638 14473 4314 2684 1805 1630
is_linear=0
shrinkage=0.05


Tree=201
num_leaves=31
num_cat=0
split_feature=11 57 6 31 58 2 67 3 11 14 34 34 37 13 34 56 12 67 34 23 7 1 34 29 3 23 36 11 7 37
split_gain=0.0771139 0.0483238 0.0556104 0.0483743 0.0463429 0.0380236 0.0409604 0.0375592 0.0351721 0.0369747 0.0340741 0.0405613 0.033332 0.0321907 0.0444882 0.0287672 0.0283478 0.0699564 0.0427038 0.0346797 0.032181 0.0602758 0.0513556 0.0313526 0.0277566 0.0276592 0.0266542 0.0266071 0.0319197 0.0253713
threshold=1.8208556175231936 0.52096602320671093 1.0000000180025095e-35 1.0000000180025095e-35 0.36298473179340368 1.0000000180025095e-35 10.050000190734865 4.5000000000000009 1.2649122476577761 3.785109400749207 5.8204483985900888 5.6934854984283456 0.99712482094764721 346.18592834472662 3.0912672281265263 0.85495558381080639 0.58578431606292736 46.500000000000007 4.5132474899292001 4.5893690586090097 1.0000000180025095e-35 19.500000000000004 2.4248089790344243 13.693294525146486 5.5000000000000009 2.9907536506652836 0.88583961129188549 1.3416666984558108 1.0000000180025095e-35 0.9877227544784547
decision_type=2 2 2 2 2 2 2 2 2 2 2 2 2 2 2 2 2 2 2 2 2 2 2 2 2 2 2 2 2 2
left_child=1 3 4 7 10 6 -2 -1 9 24 11 16 -10 14 -14 -12 18 23 19 20 29 22 -22 25 -4 -18 -17 28 -6 -3
right_child=5 2 8 -5 27 -7 -8 -9 12 -11 15 -13 13 -15 -16 26 17 -19 -20 -21 21 -23 -24 -25 -26 -27 -28 -29 -30 -31
leaf_value=-0.010990479836329958 0.024534800735034817 0.012349576098839838 0.0039394835977777801 -0.031311491180643983 0.0091372688133018916 -0.027896036941557196 -0.047197915507954248 0.022970326063342539 -0.026580146448654026 -0.04682796589968112 -0.04733311744798202 0.099881510243367472 0.019047220457715629 -0.026532304434420468 -0.036958193690795581 0.051712918663836621 -0.017444867705027522 -0.14939636320012656 -0.043531170611246783 0.038548970958922638 0.032570874139630224 -0.023635036880295866 -0.019921072738394056 -0.031374110246220659 -0.040842036606024923 0.016921769274728823 -0.050670335008302904 -0.030952528169847476 -0.039056457562892721 0.029332104609460813
leaf_weight=0.28847971442565723 0.078823031262785948 0.53998221732433671 1.4761768537065059 0.20379272556364703 0.19341532402196993 0.34394860928904986 0.026622142276582772 0.11342474815746151 0.24928607061055652 0.038344307890292639 0.043670016160419212 0.013391742719008337 0.1813665051613107 0.095548331382125262 0.044076138748290195 0.018892479093665315 0.075113832353181809 0.0076062511449634931 0.029758418772601547 0.16507941954523619 0.16453683636677852 0.14316353866713882 0.065003817428163302 0.054902229326543761 0.035433222924922236 0.26545400992328716 0.0095806006724679094 0.093522111786789708 0.041778494631330432 0.37104997146565921
leaf_count=3405 23366 852 1514 4173 287 593830 59705 430 3271 1334 818 33 904 1475 1413 4 275 9 149 285 132 212 51 151 97 624 96 349 75 742
internal_value=2.31166e-10 0.00177573 0.00359219 -0.0114681 0.00898409 -0.0198432 0.00642417 -0.00140612 -0.00224645 0.00165981 0.0118879 0.0131719 -0.0128633 -0.00221054 0.00809764 -0.0218386 0.0125548 0.000800706 0.0157591 0.0169769 0.0142029 0.00182581 0.0177056 0.00368951 0.00288977 0.00934205 0.0172631 -0.00839381 0.000576409 0.0192663
internal_weight=5.47122 5.02183 4.41613 0.605697 2.2959 0.449394 0.105445 0.401904 2.12023 1.54995 1.96719 1.89504 0.570277 0.320991 0.225443 0.0721431 1.88165 0.403076 1.47857 1.44882 1.28374 0.372704 0.229541 0.39547 1.51161 0.340568 0.0284731 0.328716 0.235194 0.911032
internal_count=700061 23160 15152 8008 5144 676901 83071 3835 10008 2945 4433 3515 7063 3792 2317 918 3482 1059 2423 2274 1989 395 183 1050 1611 899 100 711 362 1594
is_linear=0
shrinkage=0.05


Tree=202
num_leaves=31
num_cat=0
split_feature=4 10 10 18 56 57 58 12 1 34 0 59 0 67 10 10 2 19 14 19 12 13 2 56 24 14 54 43 69 3
split_gain=0.0745397 0.0587 0.0625494 0.0390963 0.0462442 0.0359756 0.0349616 0.0324589 0.0289523 0.0284375 0.0283187 0.0638518 0.0311738 0.0621615 0.0363217 0.0750228 0.0363643 0.0357572 0.0326574 0.0330512 0.0308049 0.028817 0.0282291 0.0275416 0.0266291 0.0547047 0.0480209 0.0421513 0.0410557 0.0272692
threshold=1.0000000180025095e-35 7.7500000000000009 7.2500000000000009 0.2562315315008164 0.63188141584396373 0.52096602320671093 0.056913612410426147 1.1715686321258547 7.5000000000000009 0.16040084511041644 7.5000000000000009 0.014221850782632829 8.5000000000000018 46.500000000000007 6.7500000000000009 6.2500000000000009 3.5000000000000004 0.016690124757587913 2.9289598464965825 0.02730230521410704 0.41885964572429663 373.23710632324224 5.5000000000000009 0.91321465373039257 0.34464475512504583 1.6402013301849367 1.8213682770729067 4.8081026077270517 10.528823852539064 1.5000000000000002
decision_type=2 2 2 2 2 2 2 2 2 2 2 2 2 2 2 2 2 2 2 2 2 2 2 2 2 2 2 2 2 2
left_child=1 2 7 4 -2 6 -3 10 -7 -8 11 20 13 -12 15 16 18 21 19 24 -1 -16 -10 -20 25 29 28 -28 -26 -14
right_child=3 5 -4 -5 -6 8 9 -9 22 -11 12 -13 14 -15 17 -17 -18 -19 23 -21 -22 -23 -24 -25 26 -27 27 -29 -30 -31
leaf_value=-0.059027527563220654 0.013697709190623486 0.027298242164361108 -0.050932993152639189 -0.048915150045371343 -0.045585450675946125 -0.028669022583704764 0.021462194136516871 -0.032351807573678219 0.010513616202132583 -0.025272440998895942 -0.022730514723882982 0.17998456878981411 -0.047815267346137669 -0.20027351542549499 0.022088764312867146 -0.050932166797039297 -0.019826881611473092 -0.045831046547696853 -0.023196447736980853 0.042340715556223915 0.025159112704926469 -0.021428450465522678 -0.0056104244941063974 0.038457346619018264 -6.685633743646901e-05 -0.048704725031986959 0.00043907831855811161 0.043823246869353669 -0.03037482659460904 0.043487115543046712
leaf_weight=0.012574287870198125 0.085699740618235959 0.051047568776166563 0.071401182935262208 0.11033164441148369 0.053387978314701073 0.053261356788031455 0.038451014966653929 0.092240862390741696 2.2585501252330489 0.21210657538540012 0.059139566128374566 0.0061589011621148151 0.0088533689501889556 0.0053784522294004758 0.29066727807733261 0.086050216727251327 0.25731416488810022 0.024799911454053358 0.18446611561568471 0.055465089761526754 0.079986424096577941 0.04377100306582804 0.3085317182747821 0.020086186879066714 0.35186047079702987 0.022474104089449831 0.14141079968210901 0.09268154175988419 0.16373327597529663 0.1072076318594033
leaf_count=157 35815 166 648 206735 143701 170 55 263623 2499 1985 5331 92 158 30 544 519 7077 41 12417 333 7836 83 928 1131 3506 254 1194 569 2108 356
internal_value=6.22513e-10 0.00130532 -0.00490842 -0.0266888 -0.00905777 0.00593641 -0.0104166 -0.00334825 0.00781866 -0.0181005 -0.00201995 0.0240952 -0.00336595 -0.0375311 -0.00217499 -0.00561242 -0.00283787 0.0120976 0.000969281 0.00489513 0.0137224 0.0163933 0.0085757 -0.0171423 0.00255683 0.0226963 -0.00116475 0.0176157 -0.00969153 0.0365224
internal_weight=5.34909 5.09967 2.17772 0.249419 0.139088 2.92195 0.301605 2.10632 2.62034 0.250558 2.01408 0.0987196 1.91536 0.064518 1.85084 1.4916 1.40555 0.359238 1.14824 0.943686 0.0925607 0.334438 2.56708 0.204552 0.888221 0.138535 0.749686 0.234092 0.515594 0.116061
internal_count=700061 313810 308007 386251 179516 5803 2206 307359 3597 2040 43736 8085 35651 5361 30290 29622 29103 668 22026 8478 7993 627 3427 13548 8145 768 7377 1763 5614 514
is_linear=0
shrinkage=0.05


Tree=203
num_leaves=31
num_cat=0
split_feature=11 17 57 37 10 10 14 7 12 6 4 10 38 13 6 38 5 3 1 18 14 26 16 0 1 5 2 38 67 13
split_gain=0.0697186 0.0493196 0.0794215 0.0471555 0.0406267 0.077959 0.055125 0.0361266 0.0361213 0.0339413 0.0338882 0.0337409 0.0362666 0.0360912 0.0328709 0.0361339 0.0314258 0.0446977 0.0319833 0.0309381 0.0306231 0.0328561 0.0313578 0.0296395 0.0384569 0.0352963 0.0294381 0.0319864 0.030359 0.0290512
threshold=1.8208556175231936 0.91074064373970043 0.90822079777717601 0.9132884442806245 9.7500000000000018 9.2500000000000018 3.785109400749207 1.5000000000000002 0.44722221791744238 1.0000000180025095e-35 1.0000000180025095e-35 11.250000000000002 0.12108601629734041 331.22477722167974 1.0000000180025095e-35 0.43899773061275488 1.0000000180025095e-35 1.5000000000000002 23.500000000000004 0.4450449943542481 0.9015411138534547 31.989999771118168 0.64865118265151989 17.500000000000004 13.500000000000002 1.5000000000000002 1.0000000180025095e-35 0.38686403632164007 10.050000190734865 386.14454650878912
decision_type=2 2 2 2 2 2 2 2 2 2 2 2 2 2 2 2 2 2 2 2 2 2 2 2 2 2 2 2 2 2
left_child=1 2 10 -3 5 29 7 8 19 26 14 12 -10 -13 16 -16 20 -18 -19 23 21 -1 -23 -6 -25 -26 28 -28 -2 -5
right_child=9 3 -4 4 6 -7 -8 -9 11 -11 -12 13 -14 -15 15 -17 17 18 -20 -21 -22 22 -24 24 25 -27 27 -29 -30 -31
leaf_value=0.033323102215605534 0.026779270472348477 0.091462693117964483 -0.16228907492083722 0.0042590955543582529 0.047195628595650164 -0.051484659391919624 -0.044515379717523895 -0.040751971391356431 -0.050149861119507526 -0.050037673944051689 -0.042021868931724077 -0.051380593863830315 0.022995119613462428 0.0013151101220915411 -0.007750670638528941 -0.04389520899011512 -0.043875237759994475 0.0094136120131123463 -0.046771053867451465 -0.036246852344849666 0.00023923622628298577 -0.028420317099500311 0.04889878844938568 -0.029030917060866475 0.029734272559790938 -0.028474656046557224 -0.0069673817223353668 -0.042845429248409277 -0.045696507881216035 -0.01839424276057091
leaf_weight=0.16808979516902078 0.070559060262571471 0.015810078117255322 0.0080241516169506921 1.7942467340295825 0.13731313016887703 0.06932664547107581 0.041047212458694804 0.028829625546847981 0.018098845546319353 0.074822662924246719 0.058306588956058447 0.038569092901525437 0.26613988269587097 0.20626022969000246 0.36765012061566005 0.085163766675402153 0.083274147977100199 0.15494558673305292 0.03027949238560268 0.019946112710726993 0.60412929398275139 0.049621328864077441 0.017823484282189384 0.036006357739097439 0.33176271780327937 0.028261449135698058 0.15391846158085498 0.10416315040896851 0.018169957953927729 0.15364668472810272
leaf_count=249 5976 7 4 8323 148 192 333 29 16 541032 3735 18 227 202 2220 2951 529 301 59 14 1901 90 28 18 497 15 48394 66807 14692 1054
internal_value=-1.80888e-09 0.00170804 -0.00537353 0.00532591 0.00489624 0.000617878 0.0123864 0.0144883 0.0159597 -0.0194958 -0.00459595 0.00661884 0.0183376 -0.00698629 -0.003198 -0.0145486 0.00144006 -0.0134499 0.000228878 0.0248916 0.00620141 0.0214939 -0.00798738 0.0271781 0.0202376 0.0251649 -0.0129065 -0.021448 0.0119377 0.00247224
internal_weight=5.23421 4.81257 1.62731 3.18526 3.16945 2.01722 1.15223 1.11119 1.08236 0.421633 1.61928 0.529068 0.284239 0.244829 1.56098 0.452814 1.10816 0.268499 0.185225 0.55329 0.839664 0.235535 0.0674448 0.533344 0.396031 0.360024 0.346811 0.258082 0.088729 1.94789
internal_count=700061 23160 12067 11093 11086 9569 1517 1184 1155 676901 12063 463 243 220 8328 5171 3157 889 360 692 2268 367 118 678 530 512 135869 115201 20668 9377
is_linear=0
shrinkage=0.05


Tree=204
num_leaves=31
num_cat=0
split_feature=10 10 11 57 37 12 54 67 37 57 3 18 29 25 3 57 11 3 17 2 42 11 6 3 13 18 16 23 34 58
split_gain=0.0678727 0.0550424 0.0453688 0.0360359 0.0779072 0.0462964 0.0421081 0.0555832 0.039637 0.0355041 0.0330931 0.0282178 0.039719 0.0339921 0.0309312 0.0285052 0.0267521 0.0290158 0.0328652 0.0277751 0.0250138 0.0242099 0.0289704 0.0278291 0.0343052 0.0316153 0.026027 0.0256779 0.0247676 0.024099
threshold=7.7500000000000009 7.2500000000000009 3.0263158082962041 0.91085982322692882 0.9132884442806245 0.57518798112869274 0.62964260578155529 46.500000000000007 0.99309694766998302 0.82054564356803905 9.5000000000000018 0.31607438623905187 5.0222330093383798 37.115594863891609 2.5000000000000004 0.015288702677935364 0.92980295419693004 4.5000000000000009 0.93491134047508251 1.5000000000000002 0.024008698761463169 1.431677043437958 1.0000000180025095e-35 4.5000000000000009 461.02537536621099 0.4450449943542481 0.68225201964378368 4.6492202281951913 4.0216782093048105 0.059876622632145889
decision_type=2 2 2 2 2 2 2 2 2 2 2 2 2 2 2 2 2 2 2 2 2 2 2 2 2 2 2 2 2 2
left_child=1 2 3 6 -5 -6 16 -8 -7 10 11 12 29 14 -13 -16 -1 18 20 -19 -18 22 23 24 25 27 -24 -11 -28 -2
right_child=9 -3 -4 4 5 8 7 -9 -10 21 -12 13 -14 -15 15 -17 17 19 -20 -21 -22 -23 26 -25 -26 -27 28 -29 -30 -31
leaf_value=0.041673202162571837 0.024158187971862269 -0.0508691859120627 -0.050005434149438172 0.11252414324559522 0.011386336418727942 0.0086244580529277245 -0.015088799962182924 -0.10575062888843356 -0.021799168082835062 0.013868726255375635 0.04891172912436538 -0.018641042572830026 0.018326711763919947 -0.027004445004857536 -0.024100660918181461 0.038063651376316558 -0.027385832464957502 0.029289390989009786 0.021476241211286884 -0.034253655406107489 0.046732681128796569 -0.025109058128383349 -0.024807857159577854 0.036862710406669524 -0.02604197376221299 -0.033909046600988077 0.0069039263520599753 0.045935054916250447 -0.044273115601728211 -0.033422494546870844
leaf_weight=0.040214175299282617 0.023690014866515785 0.067872315366753866 0.054931615093493646 0.015964460273767855 0.51938193810604483 0.17094946232548242 0.710914493591424 0.017317583836367501 0.28644671517166892 0.7266702288760889 0.028259942177982111 0.09656873851599812 0.20134530670464557 0.2394683117724451 0.025094743232525474 0.069548982118405434 0.16483091778188458 0.10086685762894271 0.056685914281596639 0.020731946803236756 0.012227681360512221 0.052560385200042137 0.075626360306017437 0.13030503122362802 0.055236238985628461 0.032206184841555796 0.95458721301963578 0.068299016344070651 0.024241821723204993 0.07800336878347025
leaf_count=64 136 967 624922 15 2380 5011 30156 197 24851 1277 32 988 573 2100 67 198 2203 314 800 374 66 297 127 188 45 45 744 169 383 372
internal_value=6.49541e-11 -0.00652986 -0.00514397 -0.00397965 0.00296179 0.0011711 -0.0101116 -0.0172448 -0.0104285 0.00507426 -0.00418237 -0.00622735 0.00546213 -0.0144524 0.00126742 0.0215808 0.00302064 -0.00135366 -0.0116589 0.0184556 -0.0222672 0.00840174 0.00925379 0.0152937 0.0121086 0.0146562 0.00345298 0.0166237 0.00563647 -0.0200088
internal_weight=5.12105 2.23934 2.17146 2.11653 0.992743 0.976778 1.12379 0.728232 0.457396 2.88171 0.761979 0.733719 0.303039 0.430681 0.191212 0.0946437 0.395557 0.355343 0.233745 0.121599 0.177059 2.11973 2.06717 1.01272 0.882412 0.827175 1.05446 0.794969 0.978829 0.101693
internal_count=700061 692320 691353 66431 32257 32242 34174 30353 29862 7741 4466 4434 1081 3353 1253 265 3821 3757 3069 688 2269 3275 2978 1724 1536 1491 1254 1446 1127 508
is_linear=0
shrinkage=0.05


Tree=205
num_leaves=31
num_cat=0
split_feature=4 17 57 37 10 10 14 36 27 37 54 29 2 10 10 34 54 13 49 6 38 29 37 14 13 54 1 32 0 0
split_gain=0.0664284 0.0548879 0.090382 0.0693303 0.0425155 0.0674131 0.047285 0.0366633 0.0351698 0.0391292 0.0340032 0.0343115 0.0326075 0.0330987 0.0469909 0.042603 0.0510314 0.0491413 0.037701 0.0322248 0.0324927 0.0304412 0.0297866 0.0372763 0.0291723 0.043518 0.0608201 0.0602452 0.0377467 0.0349949
threshold=1.0000000180025095e-35 0.91074064373970043 0.90822079777717601 0.9132884442806245 9.7500000000000018 9.2500000000000018 3.785109400749207 0.6801639497280122 26.471666336059574 0.95285767316818248 2.7882041931152348 10.006034851074221 5.5000000000000009 7.7500000000000009 7.2500000000000009 1.3605121970176699 2.5648783445358281 325.01564025878912 12.758982181549074 1.0000000180025095e-35 0.43899773061275488 15.508738040924074 0.99281018972396862 0.23230938613414767 345.18220520019537 1.0966277122497561 16.500000000000004 0.9961538314819337 21.500000000000004 17.500000000000004
decision_type=2 2 2 2 2 2 2 2 2 2 2 2 2 2 2 2 2 2 2 2 2 2 2 2 2 2 2 2 2 2
left_child=1 2 10 -3 5 12 7 -6 9 -2 19 -12 13 14 -5 18 -17 21 22 -1 -21 -18 -15 -24 -9 -26 -27 28 29 -28
right_child=8 3 -4 4 6 -7 -8 24 -10 -11 11 -13 -14 15 -16 16 17 -19 -20 20 -22 -23 23 -25 25 26 27 -29 -30 -31
leaf_value=0.0035621429966249604 -0.049590260296480712 0.093312365192438504 -0.12370926933943401 0.00084506080087903108 -0.035194338781459944 -0.051444990648839034 -0.043507291804325228 0.028786181587809559 -0.05011460018698425 0.0084183731515502704 -0.0063210374203433633 -0.040354764288071984 -0.022171299025597377 0.044259928984831422 -0.051041544077436302 0.037763375194659991 0.03432993766037086 -0.037265750978429851 -0.033702541642475423 -0.0065386881483636408 -0.043008631522161923 -0.034904831994625511 0.019574030228492627 -0.045939692700547013 0.021055863924596237 -0.038899254082873029 -0.013748554443056189 -0.05012570072628756 -0.032305033694487291 0.049616029697319319
leaf_weight=0.94937086224341005 0.042658737047409551 0.022154465041492322 0.016160650218676964 1.1914981218399909 0.035639073936834853 0.061034207155770903 0.036207365248710377 0.32205440229705573 0.092754845771493566 0.091265612929225443 0.18624748229011523 0.12293975696447978 0.13121079128852153 0.044431697104073353 0.045294631176524436 0.23446274629895925 0.084161324631651269 0.054796613492712254 0.073885491755390831 0.33059491498748927 0.074913428769241786 0.019567760145093871 0.056468222274588697 0.035276423881214214 0.39595810363574202 0.088736840032510145 0.027924979879685452 0.032631640190402322 0.024312042161000136 0.099176588037380498
leaf_count=14593 33804 202 71 121727 26 118 258 367 297371 55076 35409 60031 47026 67 161 316 87 127 59 14040 18339 20 102 28 416 63 18 29 29 81
internal_value=2.04855e-10 0.00124982 -0.0060346 0.00517665 0.00454571 0.000307768 0.0126499 0.0146309 -0.0264494 -0.010059 -0.00489179 -0.0198536 0.00191031 0.00362772 -0.00105516 0.0132318 0.022948 0.00103584 -0.00494551 -0.00147746 -0.0132761 0.0212693 0.0106573 -0.00561643 0.0164231 0.0104692 -0.00489791 0.0114957 0.024776 0.0356944
internal_weight=5.02379 4.79711 1.68023 3.11688 3.09473 2.03209 1.06264 1.02643 0.226679 0.133924 1.66407 0.309187 1.97105 1.83984 1.23679 0.60305 0.392988 0.158526 0.210062 1.35488 0.405508 0.103729 0.136176 0.0917446 0.990795 0.66874 0.272782 0.184045 0.151414 0.127102
internal_count=700061 313810 142483 171327 171125 169838 1287 1029 386251 88880 142412 95440 169720 122694 121888 806 550 234 256 46972 32379 107 197 130 1003 636 220 157 128 99
is_linear=0
shrinkage=0.05


Tree=206
num_leaves=31
num_cat=0
split_feature=17 57 37 34 6 54 38 11 56 11 3 12 2 29 4 0 29 12 18 34 6 16 43 18 11 6 6 39 43 1
split_gain=0.0725087 0.114232 0.0999836 0.0456496 0.0445681 0.0389531 0.0361196 0.0361 0.0348529 0.0340431 0.0314336 0.0310477 0.0370888 0.0296369 0.0268896 0.0262243 0.026203 0.025729 0.0303104 0.0256731 0.0250875 0.0274316 0.0417178 0.0341633 0.0235879 0.0257555 0.0337802 0.032783 0.0265056 0.0250698
threshold=0.91074064373970043 0.90822079777717601 0.9132884442806245 4.5945892333984384 1.0000000180025095e-35 2.7882041931152348 0.44314430654048925 1.60357141494751 0.85495558381080639 1.60357141494751 9.5000000000000018 0.80476191639900219 1.0000000180025095e-35 10.006034851074221 1.0000000180025095e-35 20.500000000000004 5.9791698455810556 0.47213622927665716 0.28443659842014318 2.5314087867736821 1.0000000180025095e-35 0.45384499430656439 3.5694335699081425 0.27801960706710821 1.0606617927551272 3.5000000000000004 2.5000000000000004 0.0011181529262103143 3.5408543348312382 22.500000000000004
decision_type=2 2 2 2 2 2 2 2 2 2 2 2 2 2 2 2 2 2 2 2 2 2 2 2 2 2 2 2 2 2
left_child=1 5 -2 4 6 10 7 -4 13 24 11 14 -13 -7 20 -8 -12 19 -19 -9 21 -1 23 -23 -6 26 27 28 -26 -28
right_child=2 -3 3 -5 9 8 15 17 -10 -11 16 12 -14 -15 -16 -17 -18 18 -20 -21 -22 22 -24 -25 25 -27 29 -29 -30 -31
leaf_value=-0.0092606216591946729 0.091722934453976029 -0.11035513889694358 0.018762304587331663 -0.025976360753094868 0.0071580531451907112 -0.013687267679641039 -0.018591106133485989 -0.0069132784158351919 0.03799397009783672 -0.044208041310373127 0.044939669785206131 0.011421098932824246 -0.043893293400082634 -0.045265219374477104 -0.049250297237689235 0.037870914858123252 -0.044207988399491555 0.0064474576885207831 -0.037812799593172658 0.041185160970751283 -0.011657948175232916 0.033198965549760373 0.016644647414100565 -0.037828090411133657 -0.038760699812326334 -0.040078176870953275 0.019147970921197521 -0.032120850114259372 0.00096546833844795503 -0.040090967022401933
leaf_weight=0.258363901692098 0.032549603607366584 0.026904187483574593 0.97256110716591182 0.1249396135555555 0.69914166835742786 0.18601076103681391 0.14300190433419202 0.057405553094796058 0.022616722500937714 0.044058073287808752 0.054166916995045306 0.043991334259519344 0.097402548494634644 0.1237252335322907 0.029265608570588797 0.024019322324726033 0.0097221903403003906 0.079074331800939979 0.075724398239443214 0.05369138259591244 0.36237878794854195 0.022448759379705141 0.45815311092805133 0.068863469876975447 0.046829292296763469 0.049969904427694445 0.1968622234294628 0.12439255399254634 0.40613403091874645 0.019641745966666235
leaf_count=1109 506 147 1753 166798 663 70902 3730 278 2577 212581 1321 19541 64501 116190 3594 52 2048 18754 6438 142 2718 57 1177 88 271 498 415 319 835 58
internal_value=1.97639e-10 -0.00811617 0.0045451 0.00363486 0.00487115 -0.0065327 0.0113552 0.0142988 -0.0219259 -0.000871122 -0.00289081 -0.00452344 -0.0266835 -0.0263012 -0.00191121 -0.0104713 0.0313738 -0.00202747 -0.0152038 0.0163319 -0.00072731 0.00417599 0.010494 -0.0203664 0.000366322 -0.00526086 -0.00306926 -0.00938524 -0.00314159 0.0137737
internal_weight=4.91401 1.76401 3.15 3.11745 2.99251 1.73711 1.40548 1.23846 0.332353 1.58703 1.40476 1.34087 0.141394 0.309736 1.19947 0.167021 0.0638891 0.265896 0.154799 0.111097 1.17021 0.807829 0.549465 0.0913122 1.54297 0.84383 0.79386 0.577356 0.452963 0.216504
internal_count=700061 285970 414091 413585 246787 285823 31147 27365 189669 215640 96154 92785 84042 187092 8743 3782 3369 25612 25192 420 5149 2431 1322 145 3059 2396 1898 1425 1106 473
is_linear=0
shrinkage=0.05


Tree=207
num_leaves=31
num_cat=0
split_feature=37 57 59 24 12 3 38 1 54 3 13 1 29 54 18 16 6 57 34 34 14 25 6 1 34 11 49 1 34 17
split_gain=0.15046 0.265886 0.258323 0.0753619 0.0553128 0.0448172 0.0467851 0.0449851 0.037879 0.0326371 0.0494448 0.0322059 0.0316544 0.031567 0.0296065 0.0291345 0.0290667 0.0367929 0.0456426 0.0286259 0.0296345 0.0281882 0.0279201 0.0277727 0.0296962 0.0351478 0.0268431 0.0253907 0.024465 0.0429728
threshold=0.90886101126670849 0.90822079777717601 0.014221850782632829 0.99038460850715648 0.63818180561065685 7.5000000000000009 0.39856499433517462 21.500000000000004 2.7489032745361333 1.5000000000000002 341.12739562988287 14.500000000000002 8.3306927680969256 0.34784220159053808 0.1124556064605713 0.90541729331016552 1.0000000180025095e-35 0.74054384231567394 2.7890609502792363 2.251989603042603 3.5458472967147832 23.241406440734867 1.5000000000000002 23.500000000000004 4.3917469978332528 0.71714287996292125 15.29721260070801 17.500000000000004 1.4634659290313723 0.98141989111900341
decision_type=2 2 2 2 2 2 2 2 2 2 2 2 2 2 2 2 2 2 2 2 2 2 2 2 2 2 2 2 2 2
left_child=1 12 4 -4 5 6 7 9 11 10 -2 13 19 21 -12 -15 17 27 -19 -1 -21 -6 23 24 25 -8 -16 -14 29 -11
right_child=2 -3 3 -5 8 -7 22 -9 -10 28 14 -13 16 15 26 -17 -18 18 -20 20 -22 -23 -24 -25 -26 -27 -28 -29 -30 -31
leaf_value=0.0097979589268237244 0.013300426499427665 -0.10031961473454876 0.098670274022950033 -0.0097443394669758238 0.038659169689476407 0.049814768737201302 -0.041777660841077882 -0.002886645391796774 -0.040179756479117451 -0.0048744434718294245 0.044128764967286495 -0.014685910314529912 -0.0089448823146526003 0.0020543599761293414 -0.045853042916151755 -0.039785175815897543 -0.047630723536278216 0.036000961348442856 -0.048600027647161849 -0.043166020754669118 -0.0014969413662004416 -0.0067907706381926392 -0.032111479184234147 -0.023760710677855831 -0.027453595492460531 0.012467012307418687 0.0018047804877541517 -0.040481621293696063 0.024267027593552131 0.0266287547111108
leaf_weight=0.27868851881359002 0.30494760656044739 0.088259650976125648 0.091297379867075534 0.019443021480969214 0.098873447721142885 0.056317723838054667 0.032479296582817452 0.62300374456455676 0.084407344822232333 0.24836441984324131 0.015168530906521482 0.43987727432721113 0.14754913375921333 0.23917768967270286 0.086852602742835572 0.050370088005406488 0.074579124503855121 0.064720485617648205 0.021153306730019139 0.063705759370802639 0.12921198059457151 0.052086084340481717 0.092623967035962984 0.12299893000406703 0.068764768019047517 0.37062624774607045 0.044780056852175676 0.11247596576961724 0.62052124185918789 0.19187952842582945
leaf_count=15012 550 37 40 4085 409 90 58 5129 274227 248 10 221260 2226 3194 135 1414 78843 918 1982 7506 32823 707 1799 3054 1003 771 45 41315 973 198
internal_value=7.73742e-10 -0.0175349 0.00434662 0.0796356 0.00217771 0.00564952 0.00476844 0.00842061 -0.00818356 0.0130781 0.00182328 -0.0051159 -0.00934452 0.00444041 -0.022018 -0.0052241 -0.0193193 -0.013215 0.0151612 -0.000451157 -0.015257 0.0229774 -0.00657604 -0.00260005 0.00291574 0.00809637 -0.0296403 -0.0225864 0.0178711 0.00885617
internal_weight=4.9352 0.980344 3.95486 0.11074 3.84412 2.87933 2.82301 2.13552 0.964792 1.51251 0.451749 0.880385 0.892084 0.440507 0.146801 0.289548 0.420478 0.345899 0.0858738 0.471606 0.192918 0.15096 0.687493 0.594869 0.47187 0.403106 0.131633 0.260025 1.06077 0.440244
internal_count=700061 180662 519399 4125 515274 14063 13973 7288 501211 2159 740 226984 180625 5724 190 4608 125284 46441 2900 55341 40329 1116 6685 4886 1832 829 180 43541 1419 446
is_linear=0
shrinkage=0.05


Tree=208
num_leaves=31
num_cat=0
split_feature=17 57 37 10 10 11 29 3 34 17 12 43 14 6 12 6 69 14 18 12 6 45 38 34 38 12 18 14 1 17
split_gain=0.0665626 0.0838972 0.0744107 0.0437871 0.0385357 0.035789 0.033069 0.0460948 0.03299 0.0281987 0.0289431 0.0254291 0.0289117 0.02633 0.0250957 0.025094 0.0316328 0.0319646 0.0312975 0.0343723 0.0291569 0.0291268 0.0251177 0.024301 0.0238286 0.0235806 0.0231904 0.0224836 0.0265403 0.0240376
threshold=0.91074064373970043 0.90675699710845958 0.9132884442806245 6.7500000000000009 6.2500000000000009 1.3416666984558108 5.0222330093383798 3.5000000000000004 3.8660883903503422 0.37427902221679693 0.77350428700447094 2.8617925643920903 3.785109400749207 1.0000000180025095e-35 0.14642857760190967 1.0000000180025095e-35 9.2568526268005389 2.5975071191787724 0.28443659842014318 0.47213622927665716 2.5000000000000004 28.083333969116214 0.44530443847179418 2.7890609502792363 0.25398774445056921 0.18350168317556384 0.370543122291565 0.9015411138534547 12.500000000000002 0.73578995466232311
decision_type=2 2 2 2 2 2 2 2 2 2 2 2 2 2 2 2 2 2 2 2 2 2 2 2 2 2 2 2 2 2
left_child=1 5 -2 4 8 9 7 25 15 -1 11 -11 13 14 -13 18 21 -18 -4 22 24 -17 -20 -23 -19 -7 -8 -15 -29 -30
right_child=2 -3 3 -5 -6 6 26 -9 -10 10 -12 12 -14 27 -16 16 17 20 19 -21 -22 23 -24 -25 -26 -27 -28 28 29 -31
leaf_value=-0.023538726416892364 0.075420254055039326 -0.090561476775521871 0.0204462016574893 0.0078714584295758797 -0.050772973887669597 0.03239932147798643 -0.016854946812227371 0.017140743704720848 -0.033666042397476982 0.028843124310832143 -0.028865479163940534 -0.03445601919329893 -0.036623665445562108 -0.032353142694873237 0.012578758948498504 -0.041096159497665846 -0.030581496106236023 0.040647076970600132 0.030749326523207599 -0.023421327809959321 0.043675435468158136 0.023711808969976447 -0.042743994030515299 -0.043488857121879422 -0.039156758252432193 -0.037878709194008875 -0.045518010599354286 -0.046681643229891545 -0.043720321410139949 0.014108160710611073
leaf_weight=0.12842985396956419 0.03646774238076389 0.030197773462215527 0.24204118202520114 1.9858017449956209 0.043840500974974383 0.013837783513339474 0.17506811417977153 0.12621522775622318 0.07962482334810117 0.090938593639968479 0.073490221999092942 0.030097248317016323 0.048114276977289094 0.076328610805179054 0.49122704304727982 0.025497398469712718 0.1874932742759414 0.012782072193372379 0.069390064796517548 0.11915843793381081 0.032483649352427119 0.13115146284362753 0.013965704010670876 0.01499058649497978 0.03487584467646912 0.086845036712275225 0.11821995822477027 0.026640833684393073 0.02047044121172803 0.14711430405927572
leaf_count=2123 506 211 17572 4097 582 148 64469 23731 195477 177 1587 50 1434 130 699 24271 72979 6635 220 7844 11076 52382 67 15041 5342 61376 129440 106 141 148
internal_value=1.06484e-09 -0.00797192 0.00442923 0.00356428 -0.00492699 -0.00646317 -0.0173202 -0.00298733 -0.00284084 -0.00147782 0.00134299 0.00372773 0.0010087 0.00329523 0.00986333 -6.37757e-05 -0.00853929 -0.0192843 0.00831105 -0.00619266 0.00714568 0.0082153 0.018436 0.0168187 -0.017753 -0.0282197 -0.0284086 -0.00936068 -0.00032488 0.00704442
internal_weight=4.7128 1.68324 3.02956 2.9931 1.0073 1.65304 0.520186 0.226898 0.963455 1.13285 1.00442 0.930931 0.839993 0.791878 0.521324 0.88383 0.439274 0.267635 0.444555 0.202514 0.0801416 0.171639 0.0833558 0.146142 0.0476579 0.100683 0.293288 0.270554 0.194226 0.167585
internal_count=700061 285970 414091 413585 409488 285759 279164 85255 408906 6595 4472 2885 2708 1274 749 213429 187726 96032 25703 8131 23053 91694 287 67423 11977 61524 193909 525 395 289
is_linear=0
shrinkage=0.05


Tree=209
num_leaves=31
num_cat=0
split_feature=11 17 57 6 38 0 4 14 57 66 37 17 6 16 11 34 0 16 10 14 23 17 49 14 16 6 58 6 38 69
split_gain=0.0624002 0.0419552 0.0528293 0.0435078 0.0396503 0.0333714 0.0289682 0.0287435 0.0330864 0.0331865 0.0295416 0.0264188 0.0258668 0.0241011 0.0235495 0.0256924 0.0230309 0.0271495 0.0225971 0.0281836 0.0229847 0.0226916 0.0224738 0.0321164 0.0383839 0.0411422 0.0254547 0.0224304 0.0299893 0.0287276
threshold=1.8208556175231936 0.91074064373970043 0.90350160002708446 1.0000000180025095e-35 0.44314430654048925 7.5000000000000009 1.0000000180025095e-35 0.16108147054910663 0.34842120110988622 4.0499999523162851 0.66644588112831127 0.69622692465782177 1.0000000180025095e-35 0.46068006753921514 1.0606617927551272 4.0216782093048105 20.500000000000004 0.46763026714324957 2.2500000000000004 2.7830677032470708 3.9219434261322026 0.96849584579467785 13.886727333068849 0.40103232860565191 0.96545210480690014 2.5000000000000004 0.12199011817574502 3.5000000000000004 0.27539521455764776 15.631611347198488
decision_type=2 2 2 2 2 2 2 2 2 2 2 2 2 2 2 2 2 2 2 2 2 2 2 2 2 2 2 2 2 2
left_child=1 2 6 4 5 -3 7 -1 9 -9 -10 -12 18 -7 15 22 17 -6 19 20 -2 -20 23 26 25 -25 -5 28 29 -16
right_child=12 3 -4 14 16 13 -8 8 10 -11 11 -13 -14 -15 27 -17 -18 -19 21 -21 -22 -23 -24 24 -26 -27 -28 -29 -30 -31
leaf_value=0.020606898911673846 0.024743461522743947 0.058834621068715412 -0.078575705979653243 0.030332956048496951 0.048308408360208027 -0.038693905571490522 -0.042339895869089088 -0.0048739135828388654 0.028517560787143931 -0.040515694232765687 -0.034543395899093624 -0.00093130439710302655 -0.0500315628539885 0.014598436004381885 0.010012993816849008 -0.050854146172438219 0.036971099667026226 -0.02362811004676622 -0.0444522648459642 -0.029536364264148043 -0.042406328185287209 -0.0018112040389131044 0.019421039496106476 -0.017745529460248578 -0.050891172079366102 0.03078034367017567 -0.017942192704898979 -0.039360263213237295 -0.013431566044603438 -0.047739271472154565
leaf_weight=0.12065142524576389 0.085426797270327898 0.04224735992606854 0.024177148891920797 0.11299210206419708 0.014456845063349877 0.021639036886654028 0.047680864194660333 0.14773223468379759 0.079464382570456848 0.11706216902857902 0.062879273177351314 0.83185960838411166 0.060336380975522574 1.0830701366662507 0.33637508242205005 0.019082669196084368 0.022678932953017039 0.14142097318951663 0.086314577054170727 0.056033440250330011 0.014977832863821636 0.048861088393779228 0.25914123443237713 0.1259028232230861 0.04797173249821185 0.066884203047550272 0.036008012230063002 0.048329256569839329 0.41342032900702641 0.023005506767798778
leaf_count=242 26547 82 14 82 19 31 3734 838 433 3357 524 2925 541032 2674 2174 410 52 591 3477 87282 17477 1086 146 144 96 75 68 1486 2829 134
internal_value=6.57075e-10 0.00167694 -0.0052922 0.00522142 0.0118104 0.0152224 -0.00403323 -0.00268987 -0.00495847 -0.0206307 -0.000698671 -0.00329345 -0.0202316 0.0135545 -0.000643624 0.00632778 -0.0101069 -0.0169564 -0.0140659 -0.00112776 0.0147264 -0.0290391 0.00800937 0.000422032 -0.0108691 -0.000910297 0.0186666 -0.00631481 -0.00424822 0.00631602
internal_weight=4.59808 4.24613 1.43151 2.81463 1.32551 1.14696 1.40733 1.35965 1.239 0.264794 0.974203 0.894739 0.35195 1.10471 1.48911 0.667983 0.178557 0.155878 0.291614 0.156438 0.100405 0.135176 0.6489 0.389759 0.240759 0.192787 0.149 0.82113 0.772801 0.359381
internal_count=700061 23160 12067 11093 3449 2787 12053 8319 8077 4195 3882 3449 676901 2705 7644 1021 662 610 135869 131306 44024 4563 611 465 315 219 150 6623 5137 2308
is_linear=0
shrinkage=0.05


Tree=210
num_leaves=31
num_cat=0
split_feature=11 17 6 57 38 4 3 2 34 57 65 37 17 6 0 11 34 56 0 16 7 12 58 38 38 56 12 43 18 16
split_gain=0.0598118 0.0365228 0.0391076 0.0387263 0.035365 0.0275315 0.0263146 0.0302743 0.0267452 0.0259388 0.0350474 0.0248649 0.025159 0.024511 0.0233317 0.0222681 0.0237947 0.0218739 0.0214974 0.0241416 0.0211369 0.0237679 0.025808 0.0232133 0.0351016 0.0308092 0.0323377 0.0293925 0.0306546 0.0208428
threshold=1.8208556175231936 0.91074064373970043 1.0000000180025095e-35 0.89206573367118847 0.44314430654048925 1.0000000180025095e-35 1.0000000180025095e-35 5.5000000000000009 0.20975280553102496 0.34842120110988622 5.9000000953674325 0.66644588112831127 0.69622692465782177 1.0000000180025095e-35 7.5000000000000009 1.0606617927551272 4.0216782093048105 0.70042735338211071 20.500000000000004 0.46763026714324957 1.0000000180025095e-35 0.77350428700447094 0.11691227927803995 0.27539521455764776 0.24122146517038348 0.85495558381080639 0.47213622927665716 4.135134458541871 0.19838150590658191 0.46068006753921514
decision_type=2 2 2 2 2 2 2 2 2 2 2 2 2 2 2 2 2 2 2 2 2 2 2 2 2 2 2 2 2 2
left_child=1 3 4 5 14 6 17 8 -8 10 -10 -11 -13 -2 -3 16 -4 -1 19 -6 21 23 -23 24 27 26 -25 -17 -29 -16
right_child=13 2 15 -5 18 -7 7 -9 9 11 -12 12 -14 -15 29 20 -18 -19 -20 -21 -22 22 -24 25 -26 -27 -28 28 -30 -31
leaf_value=-0.031020056993389361 -0.014141730519111877 0.053820745861728837 0.0078592618281719644 -0.05583418298833618 0.047870854754789832 -0.041836248817574362 0.027221533158384176 -0.038490071708933059 0.001528680178218642 0.033087004476893604 -0.038421023847438229 -0.032125276275235259 0.0034465245339616391 -0.050029527708657123 -0.037256169368186862 -0.039709702053564819 -0.050802024185049657 0.037715483321547456 0.036324536244302007 -0.022668208167283512 -0.029614527715048546 0.016486289251859902 -0.037510024872593299 0.020158446783115479 0.03137199763214412 -0.038491566971475523 -0.015229344506324405 0.023310327189080229 -0.043901272350725593 0.014155338350738978
leaf_weight=0.11308186723685776 0.28095836126885249 0.03655004223762004 0.6307727159802069 0.036386433079453329 0.013299083447549154 0.045436175084504371 0.09412895025884882 0.04888568134082838 0.12731456251989193 0.06534967620659049 0.096519940040050933 0.05346144699658828 0.70788414791846321 0.057277675649412496 0.020084094229673499 0.042948116307421458 0.017773988118543915 0.012894324376116373 0.022103757415191438 0.13793859188791568 0.086060406170661241 0.02955143498601609 0.088106663955862197 0.11024587804711317 0.12201121322108488 0.067035673878750757 0.15577365234682539 0.082408642804800536 0.021362446768915078 1.0700159585401108
leaf_count=2701 135869 82 611 68 19 3722 176 1090 450 222 1475 275 1797 541032 31 191 410 91 52 591 1608 716 2373 278 235 230 703 223 66 2674
internal_value=1.18002e-09 0.00164577 0.00498952 -0.00492565 0.0112909 -0.00356855 -0.00225085 4.31074e-05 0.00168877 -0.000599003 -0.0156981 0.0034892 0.000948684 -0.0202191 0.0145257 -0.000644211 0.0062516 -0.0239846 -0.00973382 -0.0164654 -0.00619633 -0.00339503 -0.0239481 0.00062341 0.0115559 -0.0081976 -0.000563661 -0.00492317 0.00947406 0.0132081
internal_weight=4.49362 4.15539 2.75404 1.40134 1.29999 1.36496 1.31952 1.19354 1.14466 1.05053 0.223835 0.826695 0.761346 0.338236 1.12665 1.45405 0.648547 0.125976 0.173341 0.151238 0.805504 0.719444 0.117658 0.601786 0.26873 0.333055 0.26602 0.146719 0.103771 1.0901
internal_count=700061 23160 11093 12067 3449 11999 8277 5485 4395 4219 1925 2294 2072 676901 2787 7644 1021 2792 662 610 6623 5015 3089 1926 715 1211 981 480 289 2705
is_linear=0
shrinkage=0.05


Tree=211
num_leaves=31
num_cat=0
split_feature=10 59 2 54 30 2 37 69 6 38 38 6 34 58 34 37 57 12 5 65 65 36 29 12 18 38 12 1 13 34
split_gain=0.0598893 0.0426624 0.0330861 0.0414602 0.0327136 0.0482975 0.0394785 0.0317681 0.0314916 0.038722 0.0377644 0.0334777 0.0337727 0.0329788 0.0324163 0.0305061 0.0560852 0.0321686 0.0295721 0.0268711 0.0266578 0.0264212 0.0260889 0.0280073 0.0253472 0.0272142 0.0287325 0.040643 0.026149 0.0247442
threshold=4.7500000000000009 0.014221850782632829 5.5000000000000009 0.1297685578465462 1.0000000180025095e-35 1.0000000180025095e-35 0.90886101126670849 11.412142753601076 1.0000000180025095e-35 0.35091583430767065 0.33484376966953283 2.5000000000000004 1.224465072154999 0.26372319459915167 3.1647884845733647 0.92497915029525768 0.870180904865265 0.29099461436271673 1.5000000000000002 11.550000190734865 12.550000190734865 0.4453453272581101 8.3306927680969256 0.93095237016677868 0.28762149810791021 0.28187394142150884 0.53589746356010448 21.500000000000004 383.19085693359381 0.70878484845161449
decision_type=2 2 2 2 2 2 2 2 2 2 2 2 2 2 2 2 2 2 2 2 2 2 2 2 2 2 2 2 2 2
left_child=1 19 3 7 6 -6 -5 18 13 10 11 12 -10 21 24 -15 -17 -18 -2 -1 -20 -8 23 -13 25 28 27 -27 -14 -9
right_child=2 -3 -4 4 5 -7 8 29 9 -11 -12 22 14 15 -16 16 17 -19 20 -21 -22 -23 -24 -25 -26 26 -28 -29 -30 -31
leaf_value=-0.0080276784239362801 0.026732943568135409 0.03465819192092278 -0.012050023300786415 -0.011275705011071504 0.020612622391378507 -0.023908263829740609 -0.050010874949370669 -0.049095101711751361 -0.028247393104878296 -0.015445932412003167 0.033849014928970626 -0.051568402511452116 0.022213419209091621 0.041820689593112581 -0.029119857179355443 -0.027322758596441035 -0.019979795637885461 0.018437040545239421 -0.049699257635425188 -0.029086636903169996 0.026397215016679011 0.023403060345411786 0.022924632563198096 0.027813642442476902 0.051302526688764755 0.035749836066340072 -0.05038568357611032 -0.043898153439460047 -0.035259567210596969 0.040170141464819752
leaf_weight=0.34577343209245076 0.37121788774628495 0.042298956962924517 0.35608556015605231 0.37754886610989702 0.080590644749894191 0.24953573959795605 0.012563835153514669 0.028719863499237164 0.12408729668043583 0.28420461144423159 0.10538718923631318 0.026624412180098034 0.16404669617881495 0.047822885519534175 0.070239829146645505 0.13516060659420148 0.068128351087125338 0.27223328686230275 0.025648969754882955 0.2695771024045846 0.020876397057747909 0.49956569282081809 0.22996372814196064 0.019069956968223778 0.031056126476642021 0.039624163523740208 0.039262399306721818 0.026883751684408708 0.022506213967119493 0.010639290490090048
leaf_count=180133 797 7089 6600 2392 469 2088 18 62 136 971 137 36 164 98 402 344 111 498 41 495918 37 1049 280 12 19 36 47 21 39 17
internal_value=-5.75073e-10 -0.0139145 0.00244721 0.00397306 0.00178538 -0.0130398 0.00367067 0.0179773 0.00621436 0.000640831 0.00572781 0.00199231 -0.00550241 0.0125817 0.00166788 0.00375471 -7.35507e-05 0.0107473 0.0220233 -0.0172533 -0.015554 0.021602 0.016068 -0.0184393 0.00835515 0.00379247 -0.0164683 0.00355462 0.0152797 -0.0249655
internal_weight=4.39694 0.657649 3.73929 3.38321 2.92611 0.330126 2.59598 0.457102 2.21843 1.18296 0.898752 0.793365 0.517706 1.03547 0.393619 0.523345 0.475522 0.340362 0.417743 0.615351 0.0465254 0.51213 0.275658 0.0456944 0.323379 0.292323 0.10577 0.0665079 0.186553 0.0393592
internal_count=700061 683140 16921 10321 9367 2557 6810 954 4418 2300 1329 1192 864 2118 728 1051 953 609 875 676051 78 1067 328 48 326 307 104 57 203 79
is_linear=0
shrinkage=0.05


Tree=212
num_leaves=31
num_cat=0
split_feature=10 10 11 1 2 57 58 13 57 57 10 56 57 54 6 54 24 69 34 24 36 38 34 10 10 5 37 6 12 0
split_gain=0.057591 0.0460414 0.0345225 0.0293943 0.0277252 0.0251944 0.0244815 0.0239134 0.0280351 0.0391423 0.0302078 0.0286114 0.0315009 0.0262033 0.0250672 0.0241255 0.0282402 0.0222727 0.0216399 0.0215084 0.0224561 0.0201956 0.0195443 0.0193569 0.108087 0.0257641 0.0629554 0.0261167 0.0256291 0.0252766
threshold=7.7500000000000009 7.2500000000000009 3.0263158082962041 7.5000000000000009 8.5000000000000018 0.52096602320671093 0.056913612410426147 373.23710632324224 0.91180461645126354 0.91377907991409313 6.7500000000000009 0.44487847387790685 0.93174198269844066 0.65496072173118602 1.0000000180025095e-35 0.55805063247680675 0.74166667461395275 9.7868409156799334 0.16040084511041644 0.85164836049079906 0.98518437147140514 0.21990139782428744 3.8660883903503422 9.7500000000000018 9.2500000000000018 1.0000000180025095e-35 0.98564770817756664 1.5000000000000002 0.33809524774551397 20.500000000000004
decision_type=2 2 2 2 2 2 2 2 2 2 2 2 2 2 2 2 2 2 2 2 2 2 2 2 2 2 2 2 2 2
left_child=1 2 7 -2 5 6 -5 8 13 -10 11 -11 -13 17 22 16 -16 -1 -8 20 -15 -19 -14 24 -7 27 -27 -25 -29 -28
right_child=3 -3 -4 4 -6 23 18 -9 9 10 -12 12 14 19 15 -17 -18 21 -20 -21 -22 -23 -24 25 -26 26 29 28 -30 -31
leaf_value=0.011313223307006405 -0.03080835832274556 -0.050789411754508643 -0.050005558317436763 0.027127595975851744 -0.047255411222485749 0.0083096375177130338 0.022799464586008379 -0.020523573425933396 0.05349836975106094 0.029989930547217849 0.023457300885907154 -0.033822616735933411 0.016931794229179498 -0.037955637175308456 0.03731058197463745 -0.021948184806751033 -0.048182454027648924 0.040953091196666069 -0.024001330520085299 -0.0074586732599603196 0.0013763471107395165 -0.039467848515595184 -0.049595049386987437 0.021753955309981286 -0.051354922401560268 -0.030191754028887526 0.021579964913154337 -0.04444411222480002 0.008476054023383103 -0.0094306543940349975
leaf_weight=0.22331316584946123 0.055662946349210318 0.057114094716127606 0.04198538059459167 0.038266331988156765 0.024230911008919498 0.76023877808208906 0.029236338886690305 0.19765544098184751 0.039585358381049929 0.059098305645083449 0.13596367590257952 0.088587412144279176 0.17250926951761625 0.14322118890382524 0.040379559234679785 0.16315382703863146 0.012696498392561706 0.0095380457054838885 0.15916813919894568 0.38078951819639173 0.048605470731239719 0.043002832307951794 0.011794752136145115 0.66029102638661619 0.084326376022886507 0.11085250127560631 0.24538922942770824 0.027907044794812208 0.12697543509096576 0.089742622394368254
leaf_count=2071 1192 967 624922 122 936 1570 51 10035 452 1430 320 3823 1957 9928 814 14979 1224 112 1712 13493 3398 752 1643 1133 224 173 273 54 221 80
internal_value=-8.43623e-10 -0.00658827 -0.00519496 0.00510446 0.00595271 0.00650548 -0.00933336 -0.00413196 -0.00207127 0.00515776 0.00236088 -0.00287124 -0.0068417 -0.00823784 -0.000874243 -0.0124224 0.0168595 0.00442181 -0.0167388 -0.0143365 -0.0279896 -0.0248686 0.0126743 0.00821046 0.00235238 0.0121335 0.00247167 0.0174195 -0.00105921 0.0132758
internal_weight=4.28128 1.86899 1.81188 2.41229 2.35662 2.33239 0.226671 1.76989 1.57224 0.723769 0.684183 0.54822 0.489121 0.84847 0.400534 0.21623 0.0530761 0.275854 0.188404 0.572616 0.191827 0.0525409 0.184304 2.10572 0.844565 1.26116 0.445984 0.815174 0.154882 0.335132
internal_count=700061 692320 691353 7741 6549 5613 1885 66431 56396 26642 26190 25870 24440 29754 20617 17017 2038 2935 1763 26819 13326 864 3600 3728 1794 1934 526 1408 275 353
is_linear=0
shrinkage=0.05


Tree=213
num_leaves=31
num_cat=0
split_feature=10 10 14 12 57 5 7 6 10 24 59 11 3 22 47 67 12 34 40 10 34 13 2 57 18 54 56 63 13 1
split_gain=0.0571687 0.0441804 0.0335293 0.0312733 0.0307939 0.0307964 0.0300494 0.0294043 0.0386653 0.0376762 0.0339058 0.0290163 0.0287857 0.0308596 0.0277926 0.0267708 0.0249845 0.0300677 0.0278488 0.024321 0.0241909 0.0220487 0.0228176 0.0344011 0.0216507 0.033737 0.0297183 0.028534 0.0261974 0.0232932
threshold=5.7500000000000009 5.2500000000000009 4.4376320838928232 0.63818180561065685 0.89563673734664928 1.5000000000000002 1.0000000180025095e-35 1.0000000180025095e-35 4.7500000000000009 0.75595238804817211 0.00093484672834165405 1.3416666984558108 1.5000000000000002 0.00013756791304331276 40.049999237060554 41.299999237060554 0.25462962687015539 3.126665592193604 0.00042925323941744869 4.2500000000000009 3.0912672281265263 340.09748840332037 3.5000000000000004 0.9383591115474702 0.19310176372528079 1.5512931346893313 0.81853973865509044 3.5972183942794804 255.1225280761719 11.500000000000002
decision_type=2 2 2 2 2 2 2 2 2 2 2 2 2 2 2 2 2 2 2 2 2 2 2 2 2 2 2 2 2 2
left_child=1 6 3 4 5 16 7 8 10 20 19 -8 13 21 -4 24 18 -18 -2 -1 -9 -6 -23 -24 25 29 27 28 -26 -5
right_child=2 -3 14 15 12 -7 11 9 -10 -11 -12 -13 -14 -15 -16 -17 17 -19 -20 -21 -22 22 23 -25 26 -27 -28 -29 -30 -31
leaf_value=-0.0055405110030326832 -0.019622557822063819 -0.050849933591069131 -0.0016849824814268314 0.038380787267496788 0.007002001380287612 -0.043547829796214604 0.0045583035579541452 0.01179758567990398 0.027163626322442846 -0.035444541271142389 0.036602584665145009 -0.043431272562705868 0.016747486081362482 0.045776932160046246 -0.049727908073704481 -0.062240409985907436 0.010174212803830027 -0.013776487250532028 0.0329134304335119 -0.050803911424300054 -0.048098670483175232 -0.043835668402482209 0.034738924926815844 -0.029092912588672276 0.035230010469266625 -0.046900044674242969 -0.041976223478701113 0.017165100992946127 -0.025746552976537829 0.0027007136536662309
leaf_weight=0.33047787364312387 0.191555835574303 0.063176579095779228 0.070138246458276488 0.066327604663889872 0.18113858502616131 0.037670583968397398 0.045782515332048135 0.10630655030423349 0.12572939228038216 0.13870069699072629 0.044572790616362656 0.10095616116151229 0.93245465949297568 0.033506413691156922 0.052737914846328393 0.020514247181516509 0.75864129592191976 0.15840041872422717 0.029050671387210514 0.032605586328340319 0.020034435648483437 0.056905595954617638 0.035548337133718633 0.051959504584459637 0.020256582301312775 0.025661539413690093 0.067893852972940927 0.093517160297766022 0.13505340604930482 0.14738597207170701
leaf_count=61478 630 1762 1508 101 233 111 509 35600 557 177720 1787 339727 1396 37 3910 47 1393 468 28 524 67392 84 43 90 86 207 305 493 1406 429
internal_value=-4.88058e-10 -0.0103684 0.00330191 0.00433576 0.00678621 0.00093017 -0.00766255 -0.00384057 0.00292328 -0.0174525 -0.00455292 -0.0284585 0.0121154 8.61038e-05 -0.0223048 -0.00614766 0.00240296 0.00603721 -0.0127043 -0.00960525 0.00229958 -0.00461648 -0.0191896 -0.00316249 -0.00407841 0.00726987 -0.0126554 -0.00465499 -0.0177936 0.0137743
internal_weight=4.17466 1.00834 3.16632 3.04344 2.46683 1.17532 0.945166 0.798427 0.533386 0.265042 0.407656 0.146739 1.29151 0.359058 0.122876 0.57661 1.13765 0.917042 0.220607 0.363083 0.126341 0.325552 0.144413 0.0875078 0.556096 0.239375 0.316721 0.248827 0.15531 0.213714
internal_count=700061 687056 13005 7587 4513 2630 685294 345058 64346 280712 63789 340236 1883 487 5418 3074 2519 1861 658 62002 102992 450 217 133 3027 737 2290 1985 1492 530
is_linear=0
shrinkage=0.05


Tree=214
num_leaves=31
num_cat=0
split_feature=10 2 54 59 30 32 3 49 34 3 69 12 5 6 58 38 65 65 6 38 6 34 34 10 12 29 6 12 63 3
split_gain=0.0546008 0.029636 0.035237 0.0289417 0.0284318 0.041552 0.0356171 0.0339298 0.0325124 0.0314256 0.0278243 0.0262791 0.0249457 0.0249519 0.0272802 0.0249262 0.0246948 0.0235819 0.0234955 0.0320051 0.0276085 0.0259561 0.0270126 0.0260716 0.0280427 0.0256424 0.024556 0.0245428 0.0227716 0.0225006
threshold=4.7500000000000009 5.5000000000000009 0.1297685578465462 0.014221850782632829 1.0000000180025095e-35 0.1171497590839863 1.0000000180025095e-35 16.693479537963871 0.3162780106067658 3.5000000000000004 11.412142753601076 0.55902779102325451 1.5000000000000002 1.5000000000000002 0.10434039309620859 0.34554851055145269 11.550000190734865 12.550000190734865 1.0000000180025095e-35 0.33484376966953283 2.5000000000000004 1.224465072154999 3.4753828048706059 7.7500000000000009 0.63818180561065685 8.3306927680969256 3.5000000000000004 0.93095237016677868 2.7403194904327397 4.5000000000000009
decision_type=2 2 2 2 2 2 2 2 2 2 2 2 2 2 2 2 2 2 2 2 2 2 2 2 2 2 2 2 2 2
left_child=3 2 10 16 6 9 7 -4 -7 -6 12 -11 13 -2 -15 18 29 -14 -8 20 21 -20 23 24 -23 27 -27 -22 -28 -1
right_child=1 -3 4 -5 5 8 15 -9 -10 11 -12 -13 17 14 -16 -17 -18 -19 19 -21 25 22 -24 -25 -26 26 28 -29 -30 -31
leaf_value=-0.016962071956313666 0.034015623048556098 -0.011756909944883112 -0.035168565396348841 0.029254242341190187 -0.015293147130176338 0.037335833639141766 0.018371870223138308 0.035831422589992473 -0.049512629081915525 0.047211276742603454 -0.025317790903641779 -0.010598647019784342 -0.049472921856268587 0.022298138158986968 -0.034331728667406171 -0.00091262038084663022 -0.028516418017993511 0.025443934423310579 -0.026180186970511041 0.03895125569538771 -0.051321150543117304 0.0034144110815206596 -0.03892033315773108 0.01757943224211321 -0.044983019681737672 0.03004857059864606 0.033006433431871478 0.026063735889607927 -0.04633185955765716 0.010636426391204379
leaf_weight=0.21691552891828217 0.24893622323080888 0.33258893198312556 0.098354914687350692 0.036730507762254394 0.12748757575953118 0.012279775905767565 0.4830520906386655 0.020299934272177467 0.088009152054743245 0.049712947321879142 0.0350645945567436 0.032516424369779529 0.022871072353069621 0.066593420746585252 0.031244368137564038 0.9849852063486918 0.24575062140361442 0.019426038282176705 0.11467524410031871 0.061993472036390607 0.025627366024409071 0.10482432939096498 0.038123330009526946 0.1923537281300014 0.041892007239592743 0.17344667964162142 0.015103964114558721 0.017071015558713043 0.022542333283311677 0.11197611747155947
leaf_count=136804 640 6600 1320 7089 707 68 879 189 1571 75 79 136 41 70 87 3071 495918 37 141 88 39 88 396 147 146 200 19 14 73 43329
internal_value=-1.65433e-09 0.00243326 0.00394182 -0.0137751 0.00184035 -0.0124075 0.00368508 -0.0230216 -0.0388786 0.000251269 0.0173411 0.0243512 0.0211857 0.0256073 0.00421347 0.00507757 -0.0165255 -0.0150654 0.0096489 0.00443175 0.00156183 -0.00534907 0.00098406 0.00547071 -0.0104045 0.0149557 0.0221036 -0.0203823 -0.0145008 -0.00756575
internal_weight=4.07245 3.46108 3.12849 0.611373 2.70435 0.310006 2.39435 0.118655 0.100289 0.209717 0.424136 0.0822294 0.389071 0.346774 0.0978378 2.27569 0.574642 0.0422971 1.29071 0.807653 0.74566 0.491869 0.377193 0.33907 0.146716 0.253791 0.211093 0.0426984 0.0376463 0.328892
internal_count=700061 16921 10321 683140 9367 2557 6810 1509 1639 918 954 211 875 797 157 5301 676051 78 2230 1351 1263 918 777 381 234 345 292 53 92 180133
is_linear=0
shrinkage=0.05


Tree=215
num_leaves=31
num_cat=0
split_feature=10 10 10 1 2 57 3 54 2 17 17 23 54 0 54 69 24 54 20 38 34 3 33 58 10 10 5 37 6 12
split_gain=0.0533558 0.0424492 0.0310585 0.0254093 0.024368 0.0230864 0.0214168 0.0210331 0.0241778 0.0401065 0.0298263 0.0316581 0.0277327 0.0263276 0.0236941 0.0417894 0.0276626 0.0248508 0.0204995 0.0200592 0.0193424 0.0206763 0.0189616 0.0186579 0.0182943 0.0961657 0.0232868 0.0556038 0.0230417 0.0231405
threshold=7.7500000000000009 7.2500000000000009 -1.0000000180025095e-35 7.5000000000000009 8.5000000000000018 0.52096602320671093 1.5000000000000002 6.0869562625885019 1.5000000000000002 0.92768082022666942 0.6710195541381837 1.7960696816444399 0.20778109133243564 13.500000000000002 1.7866662144660952 9.6847095489501971 0.99038460850715648 1.9606531262397768 0.0022366034099832181 0.20994610339403155 2.6028815507888798 2.5000000000000004 0.36607143282890325 0.056913612410426147 9.7500000000000018 9.2500000000000018 1.0000000180025095e-35 0.98564770817756664 1.5000000000000002 0.33809524774551397
decision_type=2 2 2 2 2 2 2 2 2 2 2 2 2 2 2 2 2 2 2 2 2 2 2 2 2 2 2 2 2 2
left_child=1 2 -1 -2 5 6 -5 8 10 22 11 -4 -12 18 15 -11 17 -16 -14 -17 21 -15 -10 -8 25 -7 28 -28 -26 -30
right_child=3 -3 7 4 -6 24 23 -9 9 14 12 -13 13 20 16 19 -18 -19 -20 -21 -22 -23 -24 -25 26 -27 27 -29 29 -31
leaf_value=-0.050001265632138595 -0.029664282486288496 -0.050766464365395593 0.037095063306545023 -0.038836689721130094 -0.046898687748676192 0.0079028772806130337 0.038366730019234768 -0.037375322737119542 -0.025465308843697083 0.0056656187382494371 0.038871244197334523 -0.027824803714862279 0.024429984195716879 -0.043507396635411325 0.035033076342220353 0.0078780916804834563 0.015096871768221885 -0.04563594422533912 -0.043750910711406396 -0.032402330442433715 -0.036566052604673799 0.017291939218580823 0.022612002504845366 -0.0080139571773610949 0.021381842212615298 -0.05125378461728463 -0.029533495213502695 0.012994107659311136 -0.043942963078111977 0.0084881215721617949
leaf_weight=0.037851170697658865 0.051450285296513854 0.052784581268623731 0.023200751772194828 0.04756300611384201 0.021652775440566319 0.71237197446233391 0.02573113130746485 0.046384515610399357 0.29992535271518672 0.2361337734937341 0.081321529506698909 0.098529394502801737 0.14772246656276056 0.0179916435379468 0.012797414879672009 0.037775303633244217 0.27999231201307395 0.037587889970984278 0.011913593643885889 0.17000457045052331 0.047112419903922564 0.062768665873878859 0.022013818623624615 0.13784150870843703 0.62118203890678081 0.076031703473412371 0.10216832553207844 0.31028652070172313 0.025558467869633006 0.11914877001285529
leaf_count=641957 1192 967 59 1305 936 1570 47 13864 9226 5457 312 1917 1626 196 251 1580 6602 4847 137 2089 549 204 480 533 1133 224 173 353 54 221
internal_value=-9.27858e-10 -0.0066198 -0.00522529 0.00506946 0.00588193 0.00640668 -0.00930504 -0.00418755 -0.00321741 -0.00734612 0.00600879 -0.0154516 0.0130917 0.00579994 -0.0011793 -0.0087249 0.00895939 -0.0251467 0.0193417 -0.0250792 -0.0111055 0.00374717 -0.0221778 -0.000717948 0.00809338 0.00219795 0.0120379 0.00245968 0.017196 -0.000772356
internal_weight=3.9748 1.72381 1.67103 2.25099 2.19954 2.17788 0.211136 1.63318 1.58679 1.09623 0.49056 0.12173 0.36883 0.287509 0.774291 0.443914 0.330378 0.0503853 0.159636 0.20778 0.127873 0.0807603 0.321939 0.163573 1.96675 0.788404 1.17834 0.412455 0.765889 0.144707
internal_count=700061 692320 691353 7741 6549 5613 1885 49396 35532 30532 5000 1976 3024 2712 20826 9126 11700 5098 1763 3669 949 400 9706 580 3728 1794 1934 526 1408 275
is_linear=0
shrinkage=0.05


Tree=216
num_leaves=31
num_cat=0
split_feature=10 10 14 6 57 58 16 10 49 12 12 38 7 69 69 14 2 54 10 7 24 4 1 13 3 59 10 69 16 10
split_gain=0.0528207 0.0388559 0.0309997 0.030667 0.0298072 0.0275455 0.0382594 0.0266911 0.0251914 0.022757 0.051383 0.0336661 0.0290293 0.0281884 0.0279557 0.026103 0.0227537 0.0292749 0.0324153 0.0281704 0.0248041 0.023635 0.0226199 0.0215471 0.0210255 0.0200844 0.0227587 0.0269136 0.0314923 0.0244349
threshold=5.7500000000000009 5.2500000000000009 4.4376320838928232 1.0000000180025095e-35 0.88325679302215587 0.26206676661968237 0.31944835186004644 -1.0000000180025095e-35 10.242405891418459 0.44722221791744238 0.29099461436271673 0.36022506654262548 1.0000000180025095e-35 10.35106945037842 11.351010799407961 0.82002636790275585 3.5000000000000004 2.6023296117782597 9.7500000000000018 1.5000000000000002 0.58114033937454235 1.0000000180025095e-35 25.500000000000004 393.20591735839849 5.5000000000000009 0.0012622746871784332 4.7500000000000009 10.39975166320801 0.81329199671745311 4.2500000000000009
decision_type=2 2 2 2 2 2 2 2 2 2 2 2 2 2 2 2 2 2 2 2 2 2 2 2 2 2 2 2 2 2
left_child=1 7 3 5 -5 6 -2 -1 -4 10 12 -11 14 15 22 -12 17 21 -19 20 23 -8 -7 -18 -6 26 29 -28 -29 -9
right_child=2 -3 8 4 24 9 16 25 -10 11 13 -13 -14 -15 -16 -17 19 18 -20 -21 -22 -23 -24 -25 -26 -27 27 28 -30 -31
leaf_value=-0.050001210774181439 -0.0350071631305722 -0.050762307950768616 -0.0018093290599102141 -0.013475943094444992 0.0044512542956599661 0.029922385057485526 0.035180307318343436 -0.011026484338008609 -0.04925223425673609 -0.038521986875046162 0.043277445292318584 0.0017826435802342411 -0.046743308344917765 0.037380355276836114 -0.025048680477297209 -0.0065756458346017052 0.0068593726239636436 -0.047024414981566065 0.029836658710577862 -0.045878913574672775 0.023176477182747724 -0.021780951266709727 -0.019329521539374877 -0.042275609293922205 -0.048233618953780498 0.024225102549016764 0.016887380011697876 0.021548118136764726 -0.03233467320601472 -0.05053658134935745
leaf_weight=0.035962106738631094 0.035382976606150418 0.056108019211872584 0.064803590551913037 0.36462489796364916 0.92017442040769148 0.076836331059872975 0.31862728038873911 0.45550160583859595 0.049240710830797452 0.073168799434268905 0.035207087398646308 0.17749792233283501 0.042479600271533968 0.1500064553648599 0.072153560209621048 0.10328883728917759 0.086631847192141453 0.026631975531836716 0.028288243623180165 0.022061761859855977 0.20136944508362831 0.019315036298515054 0.033465895584154026 0.030052596214709126 0.019335030289549415 0.051541304246554898 0.15945681657014621 0.040732730437228248 0.081124122493498874 0.042809974906638459
leaf_count=641957 188 1762 2021 1902 1601 132 732 38209 3397 131 58 588 76 302 155 222 252 84 41 54 655 125 81 123 85 825 1351 369 396 2187
internal_value=-2.15296e-10 -0.0104376 0.00326586 0.00429347 -0.00134214 0.00908939 0.0157743 -0.00782837 -0.0222937 0.00236727 0.00839641 -0.00998215 -0.00951714 0.022363 -0.000850096 0.00609752 0.0182256 0.0264224 -0.0074349 0.00875765 0.0125475 0.0319247 0.0149793 -0.00579556 0.003367 -0.00600368 -0.00800212 0.00336777 -0.0143234 -0.0144208
internal_weight=3.87388 0.923237 2.95064 2.8366 1.30413 1.53247 0.768361 0.867129 0.114044 0.764104 0.513438 0.250667 0.224935 0.288502 0.182456 0.138496 0.732978 0.392863 0.0549202 0.340116 0.318054 0.337942 0.110302 0.116684 0.939509 0.831167 0.779625 0.281314 0.121857 0.498312
internal_count=700061 687056 13005 7587 3588 3999 2254 685294 5418 1745 1026 719 444 582 368 280 2066 982 125 1084 1030 857 213 375 1686 43337 42512 2116 765 40396
is_linear=0
shrinkage=0.05


Tree=217
num_leaves=31
num_cat=0
split_feature=4 10 10 23 57 6 11 57 1 58 2 14 32 43 34 58 6 49 29 43 23 5 23 54 13 56 34 58 16 14
split_gain=0.0503155 0.0412184 0.0410207 0.0262175 0.022661 0.0219547 0.0280981 0.0272719 0.0232031 0.0216999 0.0210654 0.0223732 0.0339372 0.0308431 0.0290099 0.0363883 0.0297275 0.0279536 0.0276484 0.0261944 0.0275098 0.0248878 0.0242455 0.0240826 0.0237899 0.0237797 0.0222883 0.0231457 0.0219267 0.0209021
threshold=1.0000000180025095e-35 7.7500000000000009 7.2500000000000009 3.2225893735885625 0.52096602320671093 1.0000000180025095e-35 1.60357141494751 0.90987011790275585 15.500000000000002 0.056913612410426147 5.5000000000000009 2.5265837907791142 0.43665158748626715 4.79990577697754 1.9707128405570986 0.11152738332748414 1.0000000180025095e-35 16.354766845703129 12.690681457519533 3.3842465877532963 3.7191413640975957 1.5000000000000002 3.3286200761795048 0.90279909968376171 301.17921447753912 0.71370023488998424 1.2920600771903994 0.3454053550958634 0.92303848266601574 0.9852384924888612
decision_type=2 2 2 2 2 2 2 2 2 2 2 2 2 2 2 2 2 2 2 2 2 2 2 2 2 2 2 2 2 2
left_child=1 2 5 -2 9 7 -7 -1 -9 -3 11 14 13 -13 15 21 17 22 -16 -18 -21 -6 25 -22 -15 -17 -24 29 -27 -28
right_child=3 4 -4 -5 10 6 -8 8 -10 -11 -12 12 -14 24 18 16 19 -19 -20 20 23 -23 26 -25 -26 28 27 -29 -30 -31
leaf_value=-0.0054351032013904253 -0.0070014963297114294 0.026631521765310636 -0.0507364977101607 -0.046250462735823783 0.030625938160750588 -0.0075137462367969865 -0.045712100628910166 0.041138685370311005 0.0066531777580938339 -0.017048150705051213 -0.006596603105147085 0.012835208698388015 -0.050717110425633032 0.01574125638341372 0.013389802807900501 -0.023868164659275031 -0.048010912557999372 -0.029480204229087648 0.041333519489030995 0.022812212060222881 -0.034587207211725778 -0.013813334849967152 0.042704988326959792 0.0025619679516560401 -0.033347145319733942 0.051007274832225259 -0.035744300030615211 -0.041067975505531498 -0.011880505196359142 0.036985028151368692
leaf_weight=0.53084843427535688 0.085353506596985221 0.034012950537619546 0.047542590803936746 0.084838521585997848 0.21231159921751419 0.55316076124389102 0.052731702962849125 0.059487305400741319 0.27091211172125462 0.17335475957118285 0.23143563780824106 0.26806313272402338 0.031169375648262942 0.035806748269344268 0.21976754208440852 0.058630139642616541 0.040055247708693287 0.037169506528584861 0.14822251646072004 0.06728016030820072 0.08190309170618093 0.036995950382333831 0.1057222837926588 0.093348092963424278 0.079440078913386003 0.029793375624080909 0.012336785495563163 0.018630827954552842 0.025918448010997963 0.049586250254350261
leaf_count=46252 88678 166 648 297573 344 5005 245682 389 10031 2040 1012 462 196 48 290 78 41 55 235 63 65 31 183 72 219 24 12 20 18 129
internal_value=1.80782e-10 0.00125399 -0.00502712 -0.0265666 0.00580401 -0.00354591 -0.0108382 0.00158426 0.0128622 -0.00988371 0.0075311 0.00951013 -0.000544372 0.00353549 0.0128772 0.00789782 0.00141429 0.0114253 0.0246452 -0.0105522 -0.00436577 0.0240314 0.016483 -0.0147996 -0.0180956 -0.00164104 0.027608 0.00779415 0.0217504 0.0224953
internal_weight=3.77583 3.60564 1.51468 0.170192 2.09095 1.46714 0.605892 0.861248 0.330399 0.207368 1.88359 1.65215 0.414479 0.38331 1.23767 0.869682 0.620374 0.337788 0.36799 0.282587 0.242531 0.249308 0.300618 0.175251 0.115247 0.114342 0.186276 0.0805539 0.0557118 0.061923
internal_count=700061 313810 308007 386251 5803 307359 250687 56672 10420 2206 3597 2585 925 729 1660 1135 760 519 525 241 200 375 464 137 267 120 344 161 42 141
is_linear=0
shrinkage=0.05


Tree=218
num_leaves=31
num_cat=0
split_feature=10 10 14 6 57 58 16 7 18 47 6 24 10 10 36 11 56 2 54 10 7 41 4 34 43 39 24 12 12 38
split_gain=0.0493033 0.0362969 0.0284563 0.0268381 0.0257506 0.0252608 0.0342213 0.0248474 0.0253296 0.0241379 0.0239956 0.0311933 0.0291833 0.0247898 0.0212439 0.0206726 0.0229118 0.0204483 0.0251951 0.0297423 0.025071 0.023632 0.0205226 0.0202002 0.0195236 0.020478 0.0195125 0.0281775 0.0329667 0.0293022
threshold=5.7500000000000009 5.2500000000000009 4.4376320838928232 1.0000000180025095e-35 0.88325679302215587 0.26206676661968237 0.31944835186004644 1.0000000180025095e-35 0.14689250290393832 40.049999237060554 1.0000000180025095e-35 0.75595238804817211 4.7500000000000009 4.2500000000000009 0.99609375000000011 1.7549999952316286 0.42912946641445165 3.5000000000000004 2.6023296117782597 9.7500000000000018 1.5000000000000002 0.0020031390013173227 1.0000000180025095e-35 2.251989603042603 2.6735538244247441 0.037473442032933242 0.67817083001136791 0.25462962687015539 0.44722221791744238 0.36022506654262548
decision_type=2 2 2 2 2 2 2 2 2 2 2 2 2 2 2 2 2 2 2 2 2 2 2 2 2 2 2 2 2 2
left_child=1 7 3 5 -5 6 -2 10 -9 -4 12 14 13 15 23 16 -1 18 22 -20 21 24 -8 -12 -19 -26 -7 -28 -29 -30
right_child=2 -3 9 4 -6 26 17 8 -10 -11 11 -13 -14 -15 -16 -17 -18 20 19 -21 -22 -23 -24 -25 25 -27 27 28 29 -31
leaf_value=-0.0079332054804609458 -0.033935174753669792 -0.050723385704425243 -0.0018267123430308393 -0.012638643942894599 0.0033693752743695392 -0.01152325228166886 0.034419940913624991 0.021723777135606893 -0.037853055942801604 -0.049636641666192444 0.0086447287393755946 -0.034802011347215507 0.025135566622779111 -0.050647606445876174 0.024448180421403148 -0.0086555329011341053 0.040663705728999487 -0.047312284531337977 -0.046557804366691671 0.02971456678205352 -0.045269611013419496 -0.042732416700586862 -0.020473418390547737 -0.050437327136169954 0.021910911768389191 -0.038830738485499276 -0.012774857642527929 0.024929002478003625 -0.039206200325153678 0.0094989461302326574
leaf_weight=0.044342955568566461 0.033352027966188968 0.052220391605190875 0.063012307125525524 0.34858157920788102 0.89942174328692759 0.18868934694637463 0.29737740835906834 0.021397789564548561 0.10732397192040462 0.045436191940166792 0.030754077856810329 0.1208786179711494 0.10883686726821873 0.026818205442613818 0.053858149905254851 0.23768190816226317 0.053536142428676214 0.011711718410168714 0.024349019548946416 0.026904204069268189 0.020156765489447892 0.018302091282949684 0.018060898648053936 0.027317899384451387 0.25641192440762195 0.014669483455513443 0.13259714560996727 0.2499136441004417 0.043696357926673812 0.10529431342944973
leaf_count=194 188 1762 1508 1902 1686 624 732 42694 297542 3910 10589 177720 557 532 48865 62931 132 37 84 41 54 59 125 43538 884 50 237 472 93 319
internal_value=-1.18218e-09 -0.0102865 0.00325355 0.0042661 -0.00110185 0.00891354 0.0155274 -0.00775078 -0.0279494 -0.0218574 -0.00405772 -0.0171904 0.00243059 -0.00438862 0.00182929 -0.00069158 0.0186475 0.0179254 0.0259939 -0.00652037 0.0087156 0.0123296 0.0312769 -0.0191483 0.0158932 0.0186239 0.00228952 0.00719322 0.0138307 -0.00478542
internal_weight=3.68291 0.884967 2.79794 2.68949 1.248 1.44149 0.721296 0.832747 0.128722 0.108448 0.704025 0.232809 0.471216 0.362379 0.11193 0.335561 0.0978791 0.687944 0.366692 0.0512532 0.321252 0.301095 0.315438 0.058072 0.282793 0.271081 0.720191 0.531501 0.398904 0.148991
internal_count=700061 687056 13005 7587 3588 3999 2254 685294 340236 5418 345058 280712 64346 63789 102992 63257 326 2066 982 125 1084 1030 857 54127 971 934 1745 1121 884 412
is_linear=0
shrinkage=0.05


Tree=219
num_leaves=31
num_cat=0
split_feature=10 10 11 16 69 3 2 4 18 3 12 10 10 13 23 45 3 13 17 58 12 7 2 34 49 5 57 18 0 14
split_gain=0.0485764 0.0472855 0.0258889 0.025257 0.0304563 0.025724 0.0214805 0.0260126 0.0215004 0.0212691 0.0211867 0.0207566 0.0363628 0.0205942 0.0201185 0.0181379 0.0213394 0.0199058 0.0232405 0.0222036 0.0205986 0.0188872 0.0179544 0.0301395 0.0170963 0.017078 0.0162908 0.0191416 0.0211226 0.0198782
threshold=6.7500000000000009 6.2500000000000009 3.0263158082962041 0.55431959033012401 11.148038387298586 1.0000000180025095e-35 1.0000000180025095e-35 1.0000000180025095e-35 0.47049309313297277 8.5000000000000018 1.0871212482452395 5.7500000000000009 5.2500000000000009 326.10020446777349 3.3425636291503911 40.049999237060554 4.5000000000000009 291.14698791503912 0.92768082022666942 0.24489308148622516 0.18350168317556384 1.0000000180025095e-35 3.5000000000000004 2.7505006790161137 17.069822311401371 1.0000000180025095e-35 0.82054564356803905 0.31607438623905187 19.500000000000004 3.4675852060317998
decision_type=2 2 2 2 2 2 2 2 2 2 2 2 2 2 2 2 2 2 2 2 2 2 2 2 2 2 2 2 2 2
left_child=1 2 11 4 5 -2 25 8 10 -9 26 12 15 -13 -15 16 17 18 -1 -20 -19 -18 23 -16 -17 -5 27 28 29 -8
right_child=3 -3 -4 6 -6 -7 7 9 -10 -11 -12 13 -14 14 22 24 21 20 19 -21 -22 -23 -24 -25 -26 -27 -28 -29 -30 -31
leaf_value=-0.012061401530819587 -0.039859962728418283 -0.050670345170239009 -0.050005343443734598 0.041517408619488626 -0.042334066590001752 0.004252948737408598 0.023345537022489479 -0.050218207172808949 -0.043861030425087821 0.041080632561459551 -0.046588128648796578 0.019311842432823356 -0.050680127436134419 -0.03442219427572412 0.028838611518426129 -0.017692406840917423 0.022924074718358285 0.046573735253919994 0.03960545380966201 -0.029944665426061695 -0.04002769200648218 -0.029101625016373985 -0.027034290299532387 -0.048306019307397891 0.020148045041248772 -0.019100934524747096 0.0093636403884490987 -0.01658813558507307 -0.024120213365289959 -0.050464301188537376
leaf_weight=0.12449910798410561 0.038276676425994416 0.06168545261759506 0.032168932573435005 0.068810851375406989 0.055436107612333085 0.24193416427500214 0.12139045728471831 0.034667046351068875 0.021255025719708498 0.0078175982425818802 0.01846019282332001 0.15553752567266588 0.048646248188553343 0.045262163565044311 0.075912399098598371 0.33008953350944148 0.13112043573577162 0.0077200464748230493 0.052554600502219218 0.014680989412046222 0.062094936870708883 0.020122148222105202 0.033080114333367217 0.015195194714505256 0.0328164803958505 0.013979497747854452 1.5365936447674311 0.14353052456734616 0.038974460387153798 0.0098631183622899243
leaf_count=4092 1339 1289 624802 162 779 1598 175 1484 127 9 685 790 1632 250 96 39812 2145 62 1317 770 8694 763 341 133 3043 53 2797 564 95 163
internal_value=-6.41071e-10 -0.00799356 -0.00576543 0.00422694 -0.00847202 -0.00177286 0.0063419 0.00527348 0.00614318 -0.0334183 0.00671191 -0.00452719 -0.00874614 0.00617435 -0.00588452 -0.00611634 0.00105249 -0.00759232 0.000731207 0.0244191 -0.0304514 0.0160023 0.00451648 0.0159722 -0.0142706 0.0312817 0.00724366 -0.00313867 0.00820146 0.0177991
internal_weight=3.59418 1.24319 1.1815 2.35099 0.335647 0.280211 2.01534 1.93255 1.89007 0.0424846 1.86881 1.14933 0.824345 0.324987 0.16945 0.775698 0.412792 0.26155 0.191735 0.0672356 0.069815 0.151243 0.124188 0.0911076 0.362906 0.0827903 1.85035 0.313759 0.170228 0.131254
internal_count=700061 690031 688742 10030 3716 2937 6314 6099 4606 1493 4479 63940 62330 1610 820 60698 17843 14935 6179 2087 8756 2908 570 229 42855 215 3794 997 433 338
is_linear=0
shrinkage=0.05


Tree=220
num_leaves=31
num_cat=0
split_feature=11 34 6 34 69 16 69 2 6 4 6 23 7 11 38 11 29 34 16 18 3 34 14 58 23 23 0 12 11 43
split_gain=0.0476563 0.0327993 0.0306777 0.0292109 0.0378459 0.0309868 0.0312386 0.0297738 0.0293665 0.0279561 0.0304982 0.0258868 0.0292321 0.0287077 0.0258835 0.0248439 0.0242969 0.0233708 0.0216564 0.0210308 0.0201797 0.035984 0.0403466 0.0282663 0.0248326 0.0312995 0.0242997 0.038941 0.0193234 0.0186086
threshold=1.2649122476577761 6.0844500064849862 1.0000000180025095e-35 0.13382896780967715 1.0000000180025095e-35 0.48908095061779028 8.3225159645080584 1.0000000180025095e-35 1.0000000180025095e-35 1.0000000180025095e-35 1.0000000180025095e-35 4.2502312660217294 1.0000000180025095e-35 1.891812860965729 0.13961051404476169 0.71714287996292125 5.0222330093383798 0.83484250307083141 0.79596054553985607 0.32309950888156896 2.5000000000000004 3.5919058322906499 1.736548960208893 0.11821968108415605 3.6602805852890019 4.5893690586090097 18.500000000000004 0.63818180561065685 1.60357141494751 3.8606742620468144
decision_type=2 2 2 2 2 2 2 2 2 2 2 2 2 2 2 2 2 2 2 2 2 2 2 2 2 2 2 2 2 2
left_child=3 2 11 16 7 6 15 8 -5 10 18 12 -2 17 -14 -6 -1 -13 29 20 21 22 24 -22 -12 -26 27 -25 -4 -7
right_child=1 -3 28 4 5 9 -8 -9 -10 -11 19 13 14 -15 -16 -17 -18 -19 -20 -21 23 -23 -24 26 25 -27 -28 -29 -30 -31
leaf_value=0.024292599262717162 -0.00029842676650984617 -0.036786654325568151 -0.012663441132956166 0.034973065887734404 -0.04111988328954122 -0.010251921007849087 -0.032626992019366217 -0.024183917873174275 -0.04134964610295884 -0.050245929245042287 0.023682135457790302 -0.017112655067132363 0.034053374620107768 -0.045845670821350479 -0.037874984476728206 0.016902261625281381 -0.041366519360389528 0.02633996975233005 0.030183679497444695 -0.015821224382177354 0.023652813617660348 -0.042408515467050829 0.03346684655788585 0.01560270529875204 -0.038002411476649837 0.018622168040517337 -0.043726743781871698 -0.032996946127121493 -0.045770010656450255 0.015950833719657016
leaf_weight=0.24009888691568471 0.49703331495163494 0.089031801853233561 0.34044806823065005 0.047473897700701317 0.023020111331755078 0.086024384509471252 0.10130356984566768 0.20609888386499908 0.017158528605797585 0.020372136436180521 0.066190754155059039 0.037254961470463116 0.014354220851904714 0.018516392395977382 0.097204991119892586 0.092907617922172392 0.014968045439118782 0.18268019823402071 0.20962868903696119 0.13288995829147376 0.070154450418783654 0.026816868459665244 0.1894735561681955 0.10275971884546209 0.06178154004973635 0.040338445434827008 0.049275547283386345 0.068822373735128561 0.050629880027819263 0.31909893053561156
leaf_count=410 30820 230586 3397 165 210 162 1407 2320 304 743 57 115 813 22014 32800 486 54 747 404 693 61 232 133 126 83 23 44 289 369689 674
internal_value=4.54999e-10 -0.0074743 -0.00536649 0.0045364 0.00243639 0.00526208 -0.0123438 -0.0148984 0.014711 0.00791135 0.0087438 -1.86445e-05 -0.00548997 0.0139457 -0.02862 0.00538063 0.0204395 0.0189795 0.0171376 0.00236154 0.005938 0.0134547 0.0176418 -0.00399608 -0.000173012 -0.0156351 -0.0127786 -0.00389084 -0.0169495 0.0103869
internal_weight=3.51381 1.32715 1.23812 2.18666 1.93159 1.66086 0.217231 0.270731 0.0646324 1.44363 1.42326 0.847044 0.608593 0.238452 0.111559 0.115928 0.255067 0.219935 0.614752 0.808503 0.675613 0.384601 0.357784 0.291012 0.168311 0.10212 0.220858 0.171582 0.391078 0.405123
internal_count=700061 690981 460395 9080 8616 5827 2103 2789 469 3724 2981 87309 64433 22876 33613 696 464 862 1240 1741 1048 528 296 520 163 106 459 415 373086 836
is_linear=0
shrinkage=0.05


Tree=221
num_leaves=31
num_cat=0
split_feature=11 7 58 6 38 17 5 66 2 2 6 43 38 0 13 3 3 34 18 32 54 14 16 0 12 14 13 29 2 2
split_gain=0.04617 0.0304824 0.0286346 0.0270984 0.0316183 0.028876 0.0261861 0.0214135 0.0212701 0.0206316 0.0187531 0.0216137 0.0194821 0.0217231 0.0198899 0.0181133 0.017072 0.0155318 0.0152657 0.0356343 0.0539695 0.0229233 0.0211913 0.0259667 0.0251 0.0214608 0.0185889 0.0174442 0.0161974 0.0149751
threshold=1.431677043437958 1.0000000180025095e-35 0.10434039309620859 1.0000000180025095e-35 0.36402259767055517 0.92988044023513805 1.0000000180025095e-35 7.0499999523162851 6.5000000000000009 5.5000000000000009 1.0000000180025095e-35 4.7916412353515634 0.39070108532905584 21.500000000000004 369.08506774902349 1.0000000180025095e-35 5.5000000000000009 4.14306664466858 0.189234733581543 0.9961538314819337 0.48950026929378515 0.32815524935722357 0.77922073006629955 15.500000000000002 0.21240601688623431 4.2739980220794687 262.17933654785162 12.445768833160402 5.5000000000000009 1.5000000000000002
decision_type=2 2 2 2 2 2 2 2 2 2 2 2 2 2 2 2 2 2 2 2 2 2 2 2 2 2 2 2 2 2
left_child=3 2 -2 5 8 6 -1 -6 15 10 12 -12 14 29 -4 -5 17 -17 -7 21 -21 -20 23 27 -25 28 -27 -23 -24 -14
right_child=1 -3 9 4 7 18 -8 -9 -10 -11 11 -13 13 -15 -16 16 -18 -19 19 20 -22 22 25 24 -26 26 -28 -29 -30 -31
leaf_value=0.0064079702502837926 0.019056454951290748 -0.035606485779693477 0.014981498181692072 -0.046469354354154002 -0.04941197168406157 0.029549826103035595 -0.016696052898732175 -0.010905310439675457 -0.049694887248411812 -0.042781974680690255 -0.046092292156055481 -0.0044740236994413986 -0.0051710243479632378 0.050634218777329112 -0.021215821395301572 0.0061601360163530752 -0.038769141671622015 -0.042736285612476069 -0.018530755453949305 0.036188795842277188 -0.047187667080427716 0.01971832373880527 0.043069178958182387 -0.048961491318621896 0.042411841707197466 0.048009366522374225 -0.050364955585644772 -0.028298420242303182 -0.014296384967445572 -0.032829604240583399
leaf_weight=0.55627565446300165 0.093373171934210797 0.10502317382417015 0.17528525046242388 0.017941129868981665 0.042293294251173008 0.15656205434459025 0.15732634746695551 0.24671360841777568 0.019310557484387036 0.046263793494651706 0.06187361534869476 0.062920031865254439 0.10460214606534571 0.01220499408853204 0.048437831967415079 0.91028453192255565 0.022522945835740771 0.016535845210248867 0.038610683574006543 0.029988311573760029 0.055016558218188294 0.029589072899796065 0.16101842741711181 0.0086069127308405768 0.059284869854991484 0.0074988491802727699 0.013353074534727227 0.05243316173596213 0.013323216475413346 0.091963898618159373
leaf_count=2484 43806 340210 12277 265 894 384 805 3827 419 72972 116531 69960 13781 42 2959 1413 201 829 50 139 229 90 383 8 155 19 112 75 46 14696
internal_value=-8.44038e-10 -0.010495 -0.00671085 0.00321916 -0.00199595 0.00818776 0.00131427 -0.0165404 0.00226461 -0.0106972 -0.00803367 -0.0251087 -0.00310677 -0.0140922 0.00714449 0.00330191 0.00424251 0.00528775 0.0160321 0.0115169 -0.0177738 0.0180057 0.0220934 0.00795552 0.0308281 0.0329516 -0.0149872 -0.0109766 0.0386853 -0.0181112
internal_weight=3.41644 0.801948 0.696925 2.61449 1.2756 1.33889 0.713602 0.289007 0.986595 0.603552 0.557288 0.124794 0.432494 0.208771 0.223723 0.967284 0.949343 0.92682 0.625285 0.468723 0.0850049 0.383718 0.345108 0.149914 0.0678918 0.195194 0.0208519 0.0820222 0.174342 0.196566
internal_count=700061 687234 347024 12827 7848 4979 3289 4721 3127 303218 230246 186491 43755 28519 15236 2708 2443 2242 1690 1306 368 938 888 328 163 560 131 165 429 28477
is_linear=0
shrinkage=0.05


Tree=222
num_leaves=31
num_cat=0
split_feature=4 10 10 14 10 10 10 10 10 10 1 43 3 27 12 54 69 18 56 16 5 6 13 3 32 34 16 2 10 10
split_gain=0.0453018 0.036838 0.0668415 0.0320326 0.0312725 0.0674014 0.0342708 0.0357134 0.030013 0.0743049 0.0293213 0.022553 0.0272497 0.0225322 0.0225279 0.0220303 0.0233916 0.0213447 0.0255938 0.0201007 0.0379139 0.0362352 0.0320935 0.0274143 0.0230148 0.0199671 0.0254944 0.019173 0.0227285 0.0236817
threshold=1.0000000180025095e-35 9.7500000000000018 9.2500000000000018 3.0865100622177128 8.7500000000000018 8.2500000000000018 7.7500000000000009 7.2500000000000009 10.250000000000002 10.750000000000002 8.5000000000000018 4.1026091575622567 4.5000000000000009 46.673334121704109 0.54006412625312816 1.7866662144660952 9.7271380424499529 0.2562315315008164 0.63188141584396373 0.74100372195243847 1.0000000180025095e-35 1.0000000180025095e-35 396.24404907226568 3.5000000000000004 0.63392856717109691 3.3150197267532353 0.96777066588401806 3.5000000000000004 6.7500000000000009 6.2500000000000009
decision_type=2 2 2 2 2 2 2 2 2 2 2 2 2 2 2 2 2 2 2 2 2 2 2 2 2 2 2 2 2 2
left_child=1 2 3 4 5 6 7 13 14 -10 -11 -6 -13 27 -3 16 -15 18 -2 20 21 -12 -21 24 -24 26 -16 28 29 -1
right_child=17 8 -4 -5 11 -7 -8 -9 9 10 19 12 -14 15 25 -17 -18 -19 -20 22 -22 -23 23 -25 -26 -27 -28 -29 -30 -31
leaf_value=0.0052289303592722462 0.011361178794271974 0.031856402142453444 -0.051038380357198335 -0.015232832658320691 0.00022336819474438232 -0.050916333228664915 0.017865477863032147 -0.050722142860970224 -0.050827782970458424 -0.039255396437017587 0.019494176751500652 0.040468150350029472 -0.023304814401754866 -0.003224062154058749 0.041203631085240458 0.0070533608809536449 -0.04046140952704496 -0.048980733853410188 -0.045688468646913546 0.030764935975853665 -0.034233962513828049 -0.025322158735763812 -0.030039286614401528 0.020699827702941622 0.013607886838562889 -0.050440620755373859 -0.030188630216809703 -0.011383659718378968 0.028680576902108214 -0.050843153467090868
leaf_weight=0.5068542427953876 0.051314955646765061 0.19611507806349227 0.069216630118473232 0.33186026834374183 0.098002827801814907 0.064605475125888989 0.25516155650419925 0.037063341815899764 0.057692814312677587 0.031672384275149401 0.19011091406488312 0.11962709092742951 0.019477845703860908 0.075415296539502213 0.032131517458847014 0.085336999212399955 0.095680117146275473 0.063552828728274877 0.031868593084934095 0.21204866367513286 0.064175667804563297 0.059130380321470888 0.074095941578654845 0.12747309631020798 0.050982930052853703 0.015952571245644864 0.020472458764288604 0.17377597477557594 0.104434275462296 0.019556947384494094
leaf_count=46964 35815 427 370 185711 150 168 543 232 292 533 549 326 41 9391 63 9466 14706 206735 143701 449 208 290 107 118 91 128 10 42227 193 57
internal_value=-1.01056e-10 0.00125023 -0.00273786 -0.0010552 0.00178771 -0.00102294 0.00135897 -0.00247653 0.00849352 0.00399635 0.00790273 0.0185951 0.0315385 -0.000791276 0.0232317 -0.0136979 -0.024048 -0.0271636 -0.0104952 0.0098225 3.75202e-05 0.00886188 0.0164234 0.00438188 -0.0122484 -0.00144053 0.0134191 0.00332206 0.00737297 0.00314577
internal_weight=3.33486 3.18812 2.05607 1.98685 1.65499 1.41788 1.35328 1.09812 1.13205 0.867383 0.80969 0.237108 0.139105 1.06105 0.264672 0.256432 0.171095 0.146736 0.0831835 0.778018 0.313417 0.249241 0.464601 0.252552 0.125079 0.0685565 0.052604 0.804621 0.630845 0.526411
internal_count=700061 313810 310545 310175 124464 123947 123779 123236 3265 2637 2345 517 367 123004 628 33563 24097 386251 179516 1812 1047 839 765 316 198 201 73 89441 47214 47021
is_linear=0
shrinkage=0.05


Tree=223
num_leaves=31
num_cat=0
split_feature=10 12 3 5 14 24 42 18 56 34 6 32 37 14 36 10 38 16 2 23 10 2 17 63 13 16 57 10 38 10
split_gain=0.0440949 0.0247728 0.0265985 0.0349023 0.0269201 0.0323441 0.026181 0.023701 0.025988 0.022906 0.0228329 0.0225177 0.021333 0.0299532 0.0213045 0.0212697 0.0211398 0.0208846 0.019496 0.0189421 0.0189404 0.0280347 0.0279736 0.0266188 0.0188247 0.0186679 0.0271935 0.0200577 0.0272201 0.0181131
threshold=4.7500000000000009 0.63818180561065685 1.5000000000000002 1.0000000180025095e-35 2.5975071191787724 0.95720070600509655 0.00073851595516316604 0.19310176372528079 0.81853973865509044 2.6028815507888798 1.0000000180025095e-35 0.49096386134624487 0.97335246205329906 2.1058121919631962 0.92197644710540783 4.2500000000000009 0.26377080380916601 0.92776471376419078 2.5000000000000004 3.2225893735885625 3.7500000000000004 1.5000000000000002 0.6710195541381837 1.2424533367156985 300.09996032714849 0.81930372118949901 0.88783118128776561 9.7500000000000018 0.26711125671863561 12.250000000000002
decision_type=2 2 2 2 2 2 2 2 2 2 2 2 2 2 2 2 2 2 2 2 2 2 2 2 2 2 2 2 2 2
left_child=15 2 3 6 12 -6 10 9 14 -3 -2 16 24 25 19 20 -7 -18 -12 -9 21 22 23 -1 -4 -14 -27 -28 -29 -20
right_child=1 7 4 -5 5 11 -8 8 -10 -11 18 -13 13 -15 -16 -17 17 -19 29 -21 -22 -23 -24 -25 -26 26 27 28 -30 -31
leaf_value=0.021282455262122763 0.0078090991547874735 0.010706937735728408 -0.016171478525992357 -0.023874667934872168 -0.0326261451477338 0.035242168781147824 0.037085707986951426 0.0072664045643304797 -0.043279847873524159 -0.048100513242473164 -0.042307682051301587 -0.042125551485937211 0.023917048734534149 0.03830417646565823 0.0053799143764103538 -0.050450815892451074 0.0062207253078611253 -0.049135685805943942 0.0075946972662002512 -0.034817999216373068 0.0095597019675044137 -0.031210426758110473 0.012060913141911713 -0.044710444031155212 0.008759463547437658 -0.023942152449917126 -0.00038638065701592015 0.0085707026401190493 0.046861767903916787 -0.041814021511695998
leaf_weight=0.021028308131747012 0.26651097357342501 0.20002116559607563 0.10181297449700799 0.16125806933599307 0.07659059572987148 0.057580990259094023 0.050532626212634213 0.037414093745378824 0.066670063316958461 0.018053187242041746 0.049328651725609185 0.023862155453734157 0.22920074556857628 0.13200785915278601 0.13712979873804954 0.036720632374017348 0.16694667478729297 0.018975004039106125 0.078558837708715856 0.09370067801018736 0.090580452331367467 0.16472680615883334 0.11829674817195143 0.055902204382131129 0.2953986955682506 0.063470021557447964 0.18836774696921665 0.12944051011591284 0.07235693318682479 0.024282849746050772
leaf_count=4937 1216 909 178 1229 769 85 213 1253 976 599 777 201 617 230 1687 2223 611 59 462 3273 2590 494871 99230 79289 652 111 409 146 129 130
internal_value=8.30897e-10 0.00246506 0.00485623 -0.00380738 0.00836659 -0.00397902 0.00308928 -0.00698944 -0.0153422 0.00583859 -0.00101391 0.00422738 0.01187 0.0165014 -0.00839852 -0.0138592 0.00876975 0.000571098 -0.0164665 -0.0228091 -0.0108768 -0.0160196 -0.00320197 -0.0266718 0.00236918 0.0122864 0.00640995 0.0113475 0.0223004 -0.00407163
internal_weight=3.22673 2.73947 2.18648 0.630472 1.55601 0.343955 0.469214 0.552989 0.334915 0.218074 0.418681 0.267365 1.21206 0.814844 0.268245 0.487255 0.243503 0.185922 0.15217 0.131115 0.450535 0.359954 0.195227 0.0769305 0.397212 0.682836 0.453635 0.390165 0.201797 0.102842
internal_count=700061 16921 8224 4027 4197 1725 2798 8697 7189 1508 2585 956 2472 1642 6213 683140 755 670 1369 4526 680917 678327 183456 84226 830 1412 795 684 275 592
is_linear=0
shrinkage=0.05


Tree=224
num_leaves=31
num_cat=0
split_feature=4 10 10 14 10 10 10 10 1 10 10 10 10 13 1 10 38 16 6 14 13 27 37 3 14 12 43 58 12 27
split_gain=0.0416756 0.0336773 0.0594073 0.0300433 0.0276305 0.061097 0.029954 0.032524 0.0262414 0.0262504 0.0679699 0.0212736 0.0615925 0.0265137 0.026093 0.0277694 0.0250649 0.0244539 0.0240641 0.0208834 0.021675 0.020087 0.021798 0.019846 0.0286449 0.0197246 0.0224791 0.0197915 0.0196014 0.0192135
threshold=1.0000000180025095e-35 9.7500000000000018 9.2500000000000018 3.0865100622177128 8.7500000000000018 8.2500000000000018 7.7500000000000009 7.2500000000000009 7.5000000000000009 10.250000000000002 10.750000000000002 11.250000000000002 11.750000000000002 464.08660888671881 18.500000000000004 13.250000000000002 0.32602418959140783 0.7001820206642152 1.0000000180025095e-35 3.785109400749207 362.14070129394537 26.471666336059574 0.95285767316818248 3.5000000000000004 1.6402013301849367 0.70294117927551281 4.1026091575622567 0.14718484133481982 0.39009661972522741 46.673334121704109
decision_type=2 2 2 2 2 2 2 2 2 2 2 2 2 2 2 2 2 2 2 2 2 2 2 2 2 2 2 2 2 2
left_child=1 2 3 4 5 6 7 29 -3 19 -11 13 -13 17 15 -14 18 28 -17 20 -10 22 -2 24 -22 26 27 -6 -12 -1
right_child=21 8 -4 -5 25 -7 -8 -9 9 10 11 12 14 -15 -16 16 -18 -19 -20 -21 23 -23 -24 -25 -26 -27 -28 -29 -30 -31
leaf_value=0.0031111107968966722 -0.049389762872964843 -0.043135958454417922 -0.050933658006056697 -0.015171285639029914 0.035384685660803626 -0.050835435543002044 0.017155456843597813 -0.050665976195278961 0.039976169459201377 -0.050793824995307983 0.022592507056467117 -0.050984695727474882 0.015298542470347277 -0.048685527459806623 0.020801037487193679 0.037146656755075801 -0.037056217465308738 0.043045243280749608 -0.020706430172528739 -0.04822323426719953 -0.045868274265428832 -0.050098759250162384 0.0062458172958002349 0.035635408237058991 0.027033935513359166 -0.043961375532328963 0.035761564594579125 -0.013963083993440954 -0.041111545880939147 -0.013123562316508741
leaf_weight=0.76448290533821861 0.025624489728069848 0.024172409815268581 0.061789324105852583 0.31580401861983776 0.03075935149729514 0.058747587941824331 0.24192100222678314 0.033742851323461553 0.13512851418383298 0.05070114012404181 0.038011789201913615 0.04623754496901622 0.13132724273123664 0.011660336883910105 0.25298878476501407 0.03167351397701168 0.073207966726364759 0.10951422986934745 0.041558904660881524 0.0095685099206210822 0.028198976211115223 0.055636515671161624 0.056259615799209413 0.039400587457294023 0.025804360556036521 0.012133641044301591 0.12031688238428728 0.05985633799440393 0.01769691925129635 0.23929161605504301
leaf_count=89441 33804 560 370 185711 34 168 543 232 286 241 104 169 330 22 499 28 380 250 53 157 33 297371 55076 56 37 69 325 89 60 33563
internal_value=7.28852e-10 0.0012315 -0.00269446 -0.00110651 0.00173845 -0.000977275 0.00131205 -0.00238221 0.00836636 0.00956034 0.00524456 0.00901336 0.00436288 0.0241832 0.00918456 -0.00139565 -0.0163669 0.0293258 0.00431542 0.024144 0.027174 -0.0269161 -0.0111646 0.00865286 -0.0110335 0.0180302 0.0215962 0.00278794 0.00235572 -0.000759102
internal_weight=3.14322 3.0057 1.93885 1.87706 1.56125 1.33819 1.27944 1.03752 1.06685 1.04268 0.804578 0.753877 0.576994 0.176883 0.530756 0.277768 0.14644 0.165223 0.0732324 0.238101 0.228532 0.137521 0.0818841 0.0934039 0.0540033 0.223066 0.210933 0.0906157 0.0557087 1.00377
internal_count=700061 313810 310545 310175 124464 123947 123779 123236 3265 2705 2136 1895 1459 436 1290 791 461 414 81 569 412 386251 88880 126 70 517 448 123 164 123004
is_linear=0
shrinkage=0.05


Tree=225
num_leaves=31
num_cat=0
split_feature=10 2 54 49 12 54 6 46 10 32 5 3 10 1 34 14 49 6 36 38 6 18 14 34 17 6 14 12 18 36
split_gain=0.0409412 0.0222901 0.0267674 0.0212462 0.026344 0.0213335 0.0270021 0.0291503 0.0212042 0.0201904 0.0222276 0.0206445 0.0198309 0.0193311 0.0189404 0.0199983 0.0214016 0.0212224 0.028983 0.0266817 0.0203405 0.0274075 0.0229148 0.0213876 0.0251449 0.0179756 0.019287 0.0178775 0.017016 0.0257553
threshold=4.7500000000000009 5.5000000000000009 0.1297685578465462 7.7203116416931161 0.18350168317556384 0.46887058019638067 1.0000000180025095e-35 35.049999237060554 10.750000000000002 0.9961538314819337 1.5000000000000002 5.5000000000000009 4.2500000000000009 28.500000000000004 0.40038354694843298 4.4376320838928232 10.242405891418459 1.0000000180025095e-35 0.92885261774063121 0.35091583430767065 2.5000000000000004 0.28762149810791021 2.7093702554702763 1.224465072154999 0.96310842037200939 1.0000000180025095e-35 0.059288023039698608 0.53589746356010448 0.19310176372528079 0.42131063342094427
decision_type=2 2 2 2 2 2 2 2 2 2 2 2 2 2 2 2 2 2 2 2 2 2 2 2 2 2 2 2 2 2
left_child=12 2 9 5 -5 13 7 8 28 10 11 -2 25 -4 -6 17 -17 18 -16 20 21 23 -23 -19 27 -1 -27 -25 -7 -30
right_child=1 -3 3 4 14 6 -8 -9 -10 -11 -12 -13 -14 -15 15 16 -18 19 -20 -21 -22 22 -24 24 -26 26 -28 -29 29 -31
leaf_value=-0.005016419428524742 0.0027140887488342476 -0.011623947294953174 0.022407715598064086 -0.031624951467508537 -0.025233771407784225 0.036805573570722283 -0.03923588552450423 -0.037816627369600592 0.033724148191692956 0.03309578382418709 -0.044062121267714173 0.042182312479543856 -0.050424438958849099 -0.043581575732900391 0.0081863055527317697 0.01458195288922459 -0.048966352796845851 -0.030052669487249391 0.032184572459851644 -0.013322298582439213 0.021989697588322189 0.044435238674602237 -0.016517720582698781 -0.0044946633432794807 0.014805367828908293 0.022168437032202237 -0.038018080189839792 -0.050257036768946307 0.017239449883622925 -0.039559404686268784
leaf_weight=0.32824498991293682 0.12786864672892706 0.25306094926041689 0.074804841621837759 0.049419404316460969 0.048757815319866782 0.018136063398323188 0.084659135197593938 0.051763687918286339 0.046523659971285269 0.12545751489963664 0.018982724252452954 0.044719362514967997 0.033969413494239986 0.013031504094115576 0.52971641520402879 0.02228644213415798 0.032671121693214178 0.067530774450286657 0.16500163018239533 0.21087379020110308 0.16992505935118984 0.057061658745787724 0.021128818301097141 0.079588379571129408 0.15013718616735972 0.015685808400396045 0.087913814224812564 0.029161379756175165 0.03344146247308899 0.049502659150293948
leaf_count=135371 377 6600 257 505 91 77 1527 614 107 448 46 83 2223 47 1404 185 2196 106 411 704 217 49 31 99 275 8996 536550 97 100 268
internal_value=1.11705e-09 0.0024674 0.00400304 0.00186849 0.00432435 -0.0089179 -0.0155778 -0.00553165 0.00579047 0.0175035 0.00729231 0.0129407 -0.0136408 0.0126175 0.00544605 0.00642051 -0.0231962 0.00752019 0.0138861 0.00188933 0.00747253 0.00137569 0.0279644 -0.00499339 0.00154333 -0.0107474 -0.0289054 -0.0167659 -0.00706642 -0.0166592
internal_weight=3.04103 2.57521 2.32215 2.00512 1.63326 0.371863 0.284027 0.199368 0.147604 0.317028 0.191571 0.172588 0.465814 0.0878363 1.58384 1.53508 0.0549576 1.48013 0.694718 0.785407 0.574533 0.404608 0.0781905 0.326418 0.258887 0.431845 0.1036 0.10875 0.10108 0.0829441
internal_count=700061 16921 10321 9367 6370 2997 2693 1166 552 954 506 460 683140 304 5865 5774 2381 3393 1815 1578 874 657 80 577 471 680917 545546 196 445 368
is_linear=0
shrinkage=0.05


Tree=226
num_leaves=31
num_cat=0
split_feature=10 10 14 6 57 58 16 47 10 2 7 24 54 10 3 36 57 14 12 1 7 12 39 49 4 63 14 43 2 12
split_gain=0.0392269 0.0289741 0.0216536 0.0206963 0.0202077 0.0199312 0.0264885 0.0192086 0.0191312 0.0169564 0.0187794 0.018495 0.0183603 0.0211077 0.0154813 0.0152638 0.022545 0.0199955 0.0199635 0.0198148 0.022612 0.0151816 0.0148268 0.0146179 0.0144931 0.0150831 0.0221458 0.0144025 0.0142793 0.0199332
threshold=5.7500000000000009 5.2500000000000009 4.4376320838928232 1.0000000180025095e-35 0.88325679302215587 0.26206676661968237 0.31944835186004644 40.049999237060554 -1.0000000180025095e-35 3.5000000000000004 1.5000000000000002 0.58114033937454235 2.6023296117782597 9.7500000000000018 5.5000000000000009 0.12736185640096667 0.45815961062908178 0.16108147054910663 0.73030304908752453 25.500000000000004 1.0000000180025095e-35 0.58578431606292736 0.037473442032933242 14.907979488372805 1.0000000180025095e-35 1.2424533367156985 1.4038301110267641 2.7403194904327397 4.5000000000000009 0.30217391252517706
decision_type=2 2 2 2 2 2 2 2 2 2 2 2 2 2 2 2 2 2 2 2 2 2 2 2 2 2 2 2 2 2
left_child=1 8 3 5 -5 6 -2 -4 -1 12 11 21 24 -14 -6 -7 17 -17 19 20 -18 -11 27 28 25 26 -8 -13 29 -22
right_child=2 -3 7 4 14 15 9 -9 -10 10 -12 22 13 -15 -16 16 18 -19 -20 -21 23 -23 -24 -25 -26 -27 -28 -29 -30 -31
leaf_value=-0.050001031697927883 -0.033114418139999748 -0.050624631220802546 -0.0015878406507255 -0.012435010565076537 0.0044522387030145587 0.041307880424028436 0.034050089708430029 -0.049542540140486785 -0.0060002051026583764 0.010458912200252676 -0.044480009347003996 -0.040382829960274674 -0.045660216824141113 0.027585142412494934 -0.047768148770474507 0.044056114194549786 0.016905917624462891 -0.04277607959039368 -0.048696088228954278 -0.017849104582898161 -0.04775292528407276 -0.032688196391439599 -0.042983117626306327 0.024668885882833672 -0.018278208761443773 0.039706703401780841 -0.045542237464653607 0.029830671567537489 -0.049926782366698272 0.01530915352626943
leaf_weight=0.025673962503514502 0.026727083057470846 0.04165197691750433 0.05079235574133803 0.27937048181528679 0.70687381794975568 0.024096955287007837 0.024144394378168954 0.035460946651047792 0.65363795759430954 0.051126099220731192 0.015726481482408516 0.0077162160267753568 0.017892419734701903 0.021844816834654779 0.014483582005355267 0.0077530317317950894 0.30918890774570684 0.045769823561360168 0.017413213699566832 0.075155239979709521 0.018695135491611836 0.033908287177949248 0.0082147736034841046 0.023961110299751454 0.013965712551488707 0.19690188673953912 0.013697737394977594 0.13657205865991312 0.026530839398787975 0.038003643189739478
leaf_count=641957 188 1762 1508 1902 1601 57 74 3910 43337 143 54 29 84 41 85 19 707 440 178 216 21 232 39 35 125 645 13 587 17 55
internal_value=3.9078e-10 -0.0101452 0.00326242 0.00424532 -0.00101792 0.00880553 0.0154776 -0.0213032 -0.00766318 0.0178751 0.00843446 0.0119377 0.0261642 -0.00539492 0.00340375 0.00233967 0.000670219 -0.030198 0.00391644 0.0057803 0.0100453 -0.00674642 0.0223559 -0.00974384 0.0312065 0.0341505 0.00524001 0.0260758 -0.019651 -0.00548414
internal_weight=2.96295 0.720964 2.24199 2.15573 1.00073 1.15501 0.568438 0.0862533 0.679312 0.541711 0.253264 0.237537 0.288447 0.0397372 0.721357 0.586568 0.562471 0.0535229 0.508948 0.491535 0.41638 0.0850344 0.152503 0.107191 0.24871 0.234744 0.0378421 0.144288 0.0832296 0.0566988
internal_count=700061 687056 13005 7587 3588 3999 2254 5418 685294 2066 1084 1030 982 125 1686 1745 1688 459 1229 1051 835 375 655 128 857 732 87 616 93 76
is_linear=0
shrinkage=0.05


Tree=227
num_leaves=31
num_cat=0
split_feature=10 10 57 54 26 10 10 10 1 13 3 12 56 6 32 0 10 1 38 7 34 6 46 5 47 58 54 0 10 11
split_gain=0.0383843 0.0385952 0.0221418 0.0218281 0.0225024 0.0199822 0.0250917 0.021346 0.021938 0.0199427 0.0195742 0.0175247 0.0275159 0.0154554 0.0148537 0.0144013 0.0189869 0.021437 0.0331016 0.0174562 0.0172648 0.0145264 0.0241825 0.014189 0.0163759 0.014039 0.0143025 0.0139934 0.0136154 0.014407
threshold=6.7500000000000009 6.2500000000000009 0.82054564356803905 1.0406137108802798 33.074998855590827 3.7500000000000004 3.2500000000000004 2.7500000000000004 14.500000000000002 289.13487243652349 9.5000000000000018 0.50999999046325695 0.61569231748580944 1.0000000180025095e-35 0.1171497590839863 17.500000000000004 9.7500000000000018 17.500000000000004 0.24273606389760974 1.5000000000000002 6.3022003173828134 1.0000000180025095e-35 36.549999237060554 1.0000000180025095e-35 59.45000076293946 0.27524097263813024 3.1676189899444585 21.500000000000004 14.250000000000002 1.1695402264595034
decision_type=2 2 2 2 2 2 2 2 2 2 2 2 2 2 2 2 2 2 2 2 2 2 2 2 2 2 2 2 2 2
left_child=1 5 3 4 23 6 7 8 -1 -9 27 15 -13 25 -5 20 -17 18 -18 -19 21 -4 -23 -2 -25 26 -7 -10 29 -14
right_child=2 -3 11 14 -6 13 -8 9 10 -11 -12 12 28 -15 -16 16 17 19 -20 -21 -22 22 -24 24 -26 -27 -28 -29 -30 -31
leaf_value=0.00708707570271753 0.023068464794054111 -0.050567455101440985 0.029477110620859344 -0.011327799450378187 -0.014156783461445627 0.019491208669519741 -0.050495195462287791 0.032358673431715911 -0.037650105958602034 -0.017149806398838348 0.037910096126915191 -0.024787552002434474 0.012752372775996001 -0.0089910744088019315 -0.049332385331762554 -0.015468047273031525 0.031325585057531719 0.020180214737497232 -0.032598301634840406 -0.050398241868154572 -0.04995017077907609 -0.038933053809150298 0.016932539072881416 -0.031432162224619344 0.042726742900995353 -0.0044810131656047676 -0.03202198879525494 0.036049662601881804 -0.036955862236886121 -0.0084628582420259203
leaf_weight=0.058717753479470919 0.13632390417824231 0.050141272346742372 0.20863064899383921 0.19438838154569854 0.10058319993393716 0.17956926313720339 0.044409575874292062 0.047711264429152689 0.13045687315093762 0.03545678444066433 0.010160731492129205 0.089980571614723837 0.31544002999852416 0.28807146467033212 0.02962871951500512 0.084741073717192528 0.031018755100376438 0.26241614106051259 0.058343543358073902 0.0090634103007687372 0.0088980201975914497 0.022064920694589318 0.15866050930362618 0.027721151970253821 0.010177162804879458 0.15704055546517193 0.014567722571815489 0.0067751569885994281 0.018064552785961752 0.10722518649184742
leaf_count=14586 450 1289 694 3330 512 1118 2815 951 642574 2466 14780 529 741 6747 1219 389 28 630 112 9 109 45 188 137 25 1556 994 155 47 836
internal_value=-1.13024e-09 -0.00778882 0.0042536 -0.00476983 0.00467367 -0.00558418 -0.0155019 -0.0101298 -0.0187576 0.0112519 -0.0290535 0.0075282 0.00040924 -0.0004071 -0.0163543 0.0120055 0.0058302 0.0108319 -0.0104095 0.0178239 0.0189147 0.0204884 0.0101119 0.015545 -0.0115176 0.00663435 0.0156257 -0.0340115 0.00555349 0.00737032
internal_weight=2.89645 1.02308 1.87337 0.498823 0.274805 0.972937 0.333688 0.289279 0.206111 0.083168 0.147393 1.37455 0.53071 0.639249 0.224017 0.843837 0.445583 0.360842 0.0893623 0.27148 0.398254 0.389356 0.180725 0.174222 0.0378983 0.351178 0.194137 0.137232 0.44073 0.422665
internal_count=700061 690031 10030 5673 1124 688742 678327 675512 672095 3417 657509 4357 2153 10415 4549 2204 1168 779 140 639 1036 927 233 612 162 3668 2112 642729 1624 1577
is_linear=0
shrinkage=0.05


Tree=228
num_leaves=31
num_cat=0
split_feature=4 11 34 29 16 69 7 6 3 14 6 17 2 3 16 11 29 1 34 34 32 49 38 6 10 2 49 29 5 54
split_gain=0.0366463 0.0304381 0.0236241 0.0310624 0.0272451 0.0248566 0.0229069 0.0217326 0.0200151 0.0195777 0.0211412 0.0190805 0.0179414 0.0199702 0.0175096 0.0174538 0.0166763 0.0161991 0.0152873 0.0158269 0.0316079 0.0244354 0.0218071 0.0172312 0.0158541 0.0151087 0.0244377 0.0199621 0.0145843 0.0144458
threshold=1.0000000180025095e-35 1.2649122476577761 0.13382896780967715 1.0000000180025095e-35 0.48908095061779028 8.3225159645080584 1.0000000180025095e-35 1.0000000180025095e-35 4.5000000000000009 6.0565872192382821 1.0000000180025095e-35 0.92988044023513805 1.0000000180025095e-35 2.5000000000000004 0.79596054553985607 0.71714287996292125 6.8825681209564218 7.5000000000000009 4.0216782093048105 1.1588239669799807 0.49096386134624487 7.7203116416931161 0.36402259767055517 3.5000000000000004 7.7500000000000009 4.5000000000000009 14.450182914733888 10.845310688018801 1.0000000180025095e-35 1.068251967430115
decision_type=2 2 2 2 2 2 2 2 2 2 2 2 2 2 2 2 2 2 2 2 2 2 2 2 2 2 2 2 2 2
left_child=1 2 16 12 5 15 9 14 -2 10 -3 -8 13 -4 29 -5 -1 -9 19 20 -19 -21 23 24 -23 27 -27 -24 -10 -6
right_child=8 6 3 4 7 -7 11 17 28 -11 -12 -13 -14 -15 -16 -17 -18 18 -20 21 -22 22 25 -25 -26 26 -28 -29 -30 -31
leaf_value=0.025170953595510116 -0.042535426437053533 0.0050489908239707577 -0.044857660085680012 -0.039304675131694056 0.026063096422320731 -0.032004671383906384 -0.04277581171444951 -0.050716631037293063 0.014022449917841998 -0.038673027140830887 -0.011969629326548799 -0.0080690628723384186 -0.02287875285981162 0.033928203955440002 0.030455848715461337 0.016067573885148873 -0.040046216967600856 -0.026782294709176754 -0.044570094221904007 -0.04450175722906044 0.025853284614513902 -0.00017739570981434365 0.024788097568048117 -0.028413101745944504 0.026976676632358171 -0.041613151847705657 0.047267295248148614 -0.031581371167995156 -0.050246615525512274 0.0031800890898806208
leaf_weight=0.1842825552585573 0.0760132195260185 0.53367911839517312 0.010804518908306693 0.0175565499443609 0.099555060872617562 0.08372157490801474 0.069125108400411875 0.013815534464808876 0.03678512501561769 0.035562945010148672 0.27730017588805722 0.092716669707215246 0.15805403867347101 0.031470612596187664 0.15929534854516092 0.075139629688385057 0.010352707437704112 0.089881242267580319 0.015780405910437612 0.020074936018261269 0.041779590794874366 0.068474815411946111 0.020773055807340235 0.018566731482749788 0.2500405729698798 0.011062520877693771 0.025701131449496373 0.06438481287256792 0.011614187041909738 0.22449292457488124
leaf_count=371 297700 16182 174 164 261 1041 76277 178 44886 46295 80376 87773 1631 148 404 358 39 131 808 27 42 95 30 45 224 41 25 95 43665 575
internal_value=1.25368e-09 0.00122104 0.00531308 0.00318711 0.00601111 -0.0122563 -0.00565755 0.00887909 -0.0265328 -0.00236251 -0.000770228 -0.0228928 -0.0151401 0.0137924 0.0168826 0.00558013 0.021702 0.00283781 0.00401875 0.0052742 -0.0100796 0.00949374 0.0118553 0.0184097 0.0211391 -0.00626599 0.0205224 -0.0178308 -0.00139994 0.0102103
internal_weight=2.82786 2.70344 1.69506 1.50043 1.3001 0.176418 1.00838 1.12368 0.124413 0.846542 0.810979 0.161842 0.200329 0.0422751 0.483343 0.0926962 0.194635 0.640335 0.62652 0.610739 0.131661 0.479079 0.459004 0.337082 0.318515 0.121922 0.0367637 0.0851579 0.0483993 0.324048
internal_count=700061 313810 6907 6497 4544 1563 306903 2981 386251 142853 96558 164050 1953 322 1240 522 410 1741 1563 755 173 582 555 364 319 191 66 125 88551 836
is_linear=0
shrinkage=0.05


Tree=229
num_leaves=31
num_cat=0
split_feature=10 18 6 10 6 3 6 24 2 37 34 12 12 2 59 11 10 10 34 1 27 57 29 36 14 57 37 17 16 7
split_gain=0.0363838 0.0210828 0.0225626 0.0183561 0.0179524 0.0159188 0.0157118 0.0161869 0.0150382 0.0150112 0.015483 0.0247291 0.0152778 0.0142341 0.013615 0.013352 0.0132483 0.0196448 0.0130394 0.0133281 0.0235218 0.0130131 0.0206307 0.0125398 0.0154121 0.0138783 0.0124574 0.012921 0.0130811 0.0124408
threshold=4.7500000000000009 0.33564202487468725 1.0000000180025095e-35 4.2500000000000009 1.5000000000000002 5.5000000000000009 1.0000000180025095e-35 1.0000000180025095e-35 6.5000000000000009 0.95026540756225597 2.7890609502792363 0.25462962687015539 0.62828946113586437 1.0000000180025095e-35 0.00092118218890391301 1.3416666984558108 3.7500000000000004 3.2500000000000004 6.3485715389251718 10.500000000000002 40.701608657836921 0.89021003246307384 12.749648094177248 0.9525684416294099 2.3842076063156132 0.94518423080444347 0.12881708890199664 0.6710195541381837 0.71748292446136486 1.0000000180025095e-35
decision_type=2 2 2 2 2 2 2 2 2 2 2 2 2 2 2 2 2 2 2 2 2 2 2 2 2 2 2 2 2 2
left_child=3 2 9 6 15 8 14 -8 13 10 11 -2 -13 -4 16 18 17 23 19 20 -3 22 -21 24 26 -25 -1 -28 29 -29
right_child=1 4 5 -5 -6 -7 7 -9 -10 -11 -12 12 -14 -15 -16 -17 -18 -19 -20 21 -22 -23 -24 25 -26 -27 27 28 -30 -31
leaf_value=0.050293631762269787 -0.028838955400540062 0.0065702238290344748 -0.04960919283367575 -0.050402834459704227 -0.028581491461157727 -0.040483170374716687 0.0067558884703101804 -0.040903546082608627 -0.041453673614279353 0.015712218202407615 -0.027829473071852552 0.034471229252887835 -0.042436303593038585 0.0031719369688995428 0.02750550094925568 -0.016582373121077371 0.013676322348057744 -0.050546376246778574 -0.031152947018431076 0.0093556196693699838 -0.051659939213561656 0.023103354771028983 -0.0221254851719761 0.029392310550133634 -0.034634100481596548 -0.045446010257479248 -0.039799471404647228 0.035439622307736104 -0.029122251400266603 -0.053014671785750402
leaf_weight=0.010289507706907425 0.030246003300057667 0.044835764942677492 0.012964043974989958 0.031162692349919974 0.07164164571254239 0.023243843411837162 0.02406091983162395 0.068640314270760949 0.019995307714955612 0.57955837911015218 0.042308066030767755 0.057801127030977284 0.0072696356163799427 0.86931704036124502 0.029115351890783014 0.12710158232259883 0.054070705527790586 0.031422261153453312 0.028611147824078809 0.22317180698601735 0.028282387062543712 0.097707703385695233 0.067868312839896916 0.034857926159122053 0.058429865950132692 0.0075336362538577567 0.022773584646355781 0.029540345680635308 0.018019150400749757 0.0045932041839673162
leaf_count=1362 122 339 211 2223 2163 295 38201 507345 1621 2716 595 207 129 3181 3584 2450 810 902 1292 808 230 287 275 19228 70767 16202 11533 2189 5568 3226
internal_value=7.9793e-10 0.00245096 0.00553044 -0.0134637 -0.00488873 0.000372136 -0.0105372 -0.0285334 0.00142462 0.0121872 -0.00265719 0.00851599 0.0258792 0.00239638 -0.00498824 -0.00214027 -0.00847244 -0.0139797 0.00160224 0.00363132 -0.0159534 0.00731494 0.00201447 -0.00780345 -0.0148554 0.0160924 -0.00129374 -0.00837815 0.00534264 0.0235367
internal_weight=2.75643 2.33192 1.6427 0.424509 0.68922 0.92552 0.393347 0.0927012 0.902276 0.717183 0.137625 0.0953168 0.0650708 0.882281 0.300646 0.617579 0.27153 0.217459 0.490477 0.461866 0.0731182 0.388748 0.29104 0.186037 0.143646 0.0423916 0.0852158 0.0749263 0.0521527 0.0341335
internal_count=700061 16921 9077 683140 7844 5308 680917 545546 5013 3769 1053 458 336 3392 135371 5681 131787 130977 3231 1939 569 1370 1083 130075 94645 35430 23878 22516 10983 5415
is_linear=0
shrinkage=0.05


Tree=230
num_leaves=31
num_cat=0
split_feature=10 2 54 57 32 3 11 34 10 1 6 29 3 38 12 34 3 34 14 57 16 63 56 12 24 47 63 38 38 37
split_gain=0.0347306 0.0201386 0.0211881 0.0187329 0.0171658 0.0198082 0.018458 0.0261572 0.0170647 0.0168896 0.0227074 0.0195608 0.0205034 0.0203986 0.0192067 0.019874 0.0271377 0.020139 0.0190335 0.0188216 0.0253658 0.0177732 0.0175136 0.0182177 0.0173833 0.0165212 0.0162414 0.0154853 0.0151618 0.015002
threshold=4.7500000000000009 5.5000000000000009 0.1297685578465462 0.34842120110988622 0.9961538314819337 5.5000000000000009 0.92980295419693004 1.904120981693268 4.2500000000000009 25.500000000000004 1.0000000180025095e-35 7.2516994476318368 3.5000000000000004 0.35091583430767065 0.77350428700447094 1.662352502346039 3.5000000000000004 3.1647884845733647 8.1582689285278338 0.95246627926826488 0.80699288845062267 4.0859410762786874 0.74901574850082409 0.64852941036224376 0.55363985896110546 55.549999237060554 2.9174053668975835 0.13630793988704684 0.36965960264205938 0.68352049589157116
decision_type=2 2 2 2 2 2 2 2 2 2 2 2 2 2 2 2 2 2 2 2 2 2 2 2 2 2 2 2 2 2
left_child=8 2 4 25 5 6 -2 -8 -1 10 18 12 -12 14 15 19 17 -17 22 20 -13 -15 29 28 26 -4 -16 -14 -24 -5
right_child=1 -3 3 9 -6 -7 7 -9 -10 -11 11 13 27 21 24 16 -18 -19 -20 -21 -22 -23 23 -25 -26 -27 -28 -29 -30 -31
leaf_value=-0.010628725210381301 0.024961121935005263 -0.011818908363316425 -0.0039660383979585019 0.040734885541407105 0.032330261613490119 0.036797699503887178 -0.030050060693039112 0.035698551796294886 -0.050379089191550569 -0.016917558020089211 -0.041542401206852812 0.02462227875501306 0.037923615913194965 -0.0054375883054974443 0.042040129231278235 0.03037477843645316 -0.022993884853865217 -0.0028473423072084814 -0.050471372754893731 0.018314951529705494 -0.029347106351240534 -0.045874752180915211 0.039653965509840267 -0.020669485538231655 -0.050467697041078424 -0.043521483889311596 -0.047054741358103398 -0.023154354042482773 0.0067484152617908362 0.0053029290347061508
leaf_weight=0.37722364739822839 0.040960278766717262 0.22502647651954966 0.078213353385333639 0.031665711880241698 0.10816941156437565 0.041824543725041963 0.069027995388511343 0.019372588612306174 0.029081067638618119 0.097363319091875788 0.057234412536479429 0.029181694347016673 0.018960445263815018 0.15134348617602367 0.014016514629662247 0.20652930927707658 0.036418685868635947 0.058548230624173137 0.012491825197707307 0.063270568413130945 0.085740847786809127 0.033120061743697526 0.12106737417335012 0.019681069149204866 0.026657571877282571 0.039846558576569491 0.0080545734908763489 0.022924444631137408 0.049246563828177159 0.5281079792365424
leaf_count=680917 89 6600 1193 98 448 86 239 92 2223 678 731 42 30 859 57 210 128 290 235 74 89 177 344 159 289 1568 66 208 117 1725
internal_value=8.6577e-10 0.00238637 0.00393132 0.00193228 0.0167382 0.00688575 -0.00278529 -0.0156415 -0.0134738 0.00329174 0.00454162 -0.00127658 -0.0220886 0.00161713 0.00661435 0.00965258 0.0174767 0.0230369 0.0107395 -0.0035856 -0.0156429 -0.012698 0.0117593 0.0248761 -0.0232942 -0.0173164 0.00952605 0.00449441 0.0301393 0.00730727
internal_weight=2.70037 2.29407 2.06904 1.78968 0.279355 0.171185 0.129361 0.0884006 0.406305 1.67162 1.57426 0.812001 0.0991193 0.712882 0.528418 0.479689 0.301496 0.265078 0.762261 0.178193 0.114923 0.184464 0.749769 0.189995 0.0487287 0.11806 0.0220711 0.0418849 0.170314 0.559774
internal_count=700061 16921 10321 9367 954 506 420 331 683140 6606 5928 3250 969 2281 1245 833 628 500 2678 205 131 1036 2443 620 412 2761 123 238 461 1823
is_linear=0
shrinkage=0.05


Tree=231
num_leaves=31
num_cat=0
split_feature=4 17 12 46 34 6 3 3 58 63 10 58 11 58 7 11 32 14 34 2 54 36 54 17 8 27 36 27 34 29
split_gain=0.0339468 0.0281716 0.0245202 0.0242756 0.0247763 0.0241918 0.0232868 0.0182454 0.0180246 0.0166221 0.0163534 0.0160794 0.0158695 0.0179487 0.0158558 0.0169099 0.0153387 0.0371451 0.0182628 0.0148792 0.0144115 0.0138238 0.0188274 0.0171175 0.0137747 0.0136918 0.0133491 0.0131608 0.0131311 0.0128227
threshold=1.0000000180025095e-35 0.83183515071868908 1.1715686321258547 27.900000572204593 2.1471327543258671 1.0000000180025095e-35 1.5000000000000002 4.5000000000000009 0.08101049438118936 1.4978661537170412 4.7500000000000009 0.30958321690559393 1.431677043437958 0.13429758697748187 1.5000000000000002 1.2649122476577761 0.19090909510850909 1.0140274167060854 0.34346774220466619 5.5000000000000009 1.272581219673157 0.92340287566185009 2.861566543579102 0.97358202934265148 1.0000000180025095e-35 54.989999771118171 0.9123903512954713 18.202500343322757 4.0216782093048105 9.5684580802917498
decision_type=2 2 2 2 2 2 2 2 2 2 2 2 2 2 2 2 2 2 2 2 2 2 2 2 2 2 2 2 2 2
left_child=1 3 5 4 -1 8 -5 -2 20 -10 -8 14 13 -11 15 28 18 -18 -15 -14 -3 23 -23 26 25 29 -20 -9 -7 -12
right_child=7 2 -4 6 -6 11 10 27 9 12 24 -13 19 16 -16 -17 17 -19 21 -21 -22 22 -24 -25 -26 -27 -28 -29 -30 -31
leaf_value=0.015519627174835153 -0.042527882316634985 0.04108718320034993 -0.050105732061845445 -0.042727912823339931 -0.015606809488103274 0.0067459493533251307 -0.039934186226328106 0.01359926884815694 -0.024571037665936539 0.038040429816797589 0.0021966516073043448 -0.023824560142479349 0.003002813597587195 -0.02038874770556607 -0.050770306553513771 -0.0098003744721911444 0.044333511161787152 -0.040472600001701151 0.011066502712968593 -0.035760557367978056 -0.010353914802703399 0.042708604965263353 -0.017842728794153301 0.044847031955577502 0.047846750420840488 0.042805586691636782 -0.027011187846643116 -0.050112396012770635 -0.043504743192770853 -0.033054611189821559
leaf_weight=0.14054680164167827 0.070036939186834984 0.071834619634062624 0.020834357295484884 0.080133884442323222 0.11728050097967418 0.62866888981753288 0.035618681177508715 0.033948897634522732 0.038168276312353644 0.066786000915428079 0.0603631173245497 0.072834569461995735 0.24776121542481605 0.036819719774285886 0.014773368794811947 0.24209834136436659 0.018965886463476522 0.040449620500830008 0.30102687308328768 0.02750394890247404 0.016799450291584195 0.080732440231496838 0.015264867998709519 0.03522067919649885 0.012662200962982872 0.012335471395859429 0.024922679531442782 0.010647808046929816 0.013274953075867568 0.045049580930945909
leaf_count=6268 297700 429 165799 44113 21519 808 45201 17829 401 203 575 2472 5553 55 2097 14375 64 148 887 789 222 260 100 63 27 18 61 70722 500 803
internal_value=1.89824e-10 0.0012111 0.00385586 -0.00936154 0.00136083 0.0044197 -0.020592 -0.0266102 0.00978912 0.00774343 -0.00990809 -0.00122936 0.00912082 0.0135553 0.000601616 0.0014601 0.0106004 -0.0134018 0.0134873 -0.000870345 0.0313372 0.0162157 0.0330801 0.0117332 -0.00170713 -0.00703597 0.00815502 -0.00161238 0.0057068 -0.0128685
internal_weight=2.63336 2.51873 2.01474 0.50399 0.257827 1.99391 0.246163 0.114634 1.02226 0.933622 0.166029 0.97165 0.895454 0.620189 0.898816 0.884042 0.553403 0.0594155 0.493987 0.275265 0.0886341 0.457168 0.0959973 0.36117 0.13041 0.117748 0.32595 0.0445967 0.641944 0.105413
internal_count=700061 313810 195286 118524 27787 29487 90737 386251 9235 8584 46624 20252 8183 1841 17780 15683 1638 212 1426 6342 651 1371 360 1011 1423 1396 948 88551 1308 1378
is_linear=0
shrinkage=0.05


Tree=232
num_leaves=31
num_cat=0
split_feature=10 10 57 12 58 54 23 54 26 24 43 11 3 1 5 58 10 17 25 5 23 14 7 18 2 17 23 10 69 69
split_gain=0.0330496 0.0260453 0.018161 0.018096 0.0168886 0.0197163 0.0169331 0.016832 0.017377 0.0167849 0.0164326 0.0160615 0.0153587 0.0168641 0.0152051 0.0141923 0.0139846 0.0138769 0.0137863 0.0125773 0.0142324 0.012522 0.0121897 0.0161238 0.0146908 0.0187372 0.0203858 0.0158024 0.0239471 0.0143467
threshold=5.7500000000000009 5.2500000000000009 0.82054564356803905 0.67543861269950878 0.12199011817574502 1.272581219673157 2.8375828266143803 1.0128937959671023 36.918796539306648 0.99038460850715648 4.6395599842071542 3.0263158082962041 6.5000000000000009 24.500000000000004 1.0000000180025095e-35 0.14020282775163653 12.250000000000002 0.96310842037200939 44.142856597900398 1.5000000000000002 4.0536277294158944 4.0224173069000253 1.0000000180025095e-35 0.14689250290393832 1.5000000000000002 0.6710195541381837 1.6255681514739992 3.7500000000000004 12.94569778442383 10.419653415679933
decision_type=2 2 2 2 2 2 2 2 2 2 2 2 2 2 2 2 2 2 2 2 2 2 2 2 2 2 2 2 2 2
left_child=1 11 7 12 5 6 -5 8 -2 -9 -6 22 13 -4 16 -10 21 -12 -19 20 -15 -11 24 -24 25 26 -1 29 -29 -26
right_child=2 -3 3 4 10 -7 -8 9 15 14 17 -13 -14 19 -16 -17 -18 18 -20 -21 -22 -23 23 -25 27 -27 -28 28 -30 -31
leaf_value=0.047118191942676572 0.010987305660202498 -0.050582925854120941 0.0098675919230801698 -0.038116602437586508 -0.033908386905060116 -0.050589001995204157 0.034947688203758709 -0.031885767944296949 0.027631045599597823 0.017392130754647784 -0.029602035174129349 -0.050004738287028228 0.048190468285768347 -0.015577850727416834 -0.032712045015099396 -0.030692358889810263 -0.035087339208232683 0.026434750195020763 -0.0439634402835275 -0.048467831299615335 0.021056108614581168 -0.034757167992384951 0.025281465045063806 -0.03489584028503253 -0.041625863452945985 0.018342915851937223 -0.027085051149201646 0.0073811484544950073 -0.038425082768060316 -0.0041703376087042247
leaf_weight=0.011168643013607926 0.20475891066047552 0.037209125765291673 1.0481363766536986 0.0093640685024972137 0.071570383427302597 0.010440413898887058 0.051775383407457687 0.087003847772412157 0.013099430136416679 0.092328795410998588 0.027004540262463128 0.021359202603804195 0.023922079944370123 0.077336058330871427 0.03724508644547686 0.051194817553334993 0.019613795327024786 0.042114935841064627 0.0083300563523531213 0.017483927959489165 0.040342814134906035 0.013150712154755384 0.01350078540967084 0.063421105324294763 0.059899744784904653 0.13293472024465211 0.054048981691945636 0.15011798205088059 0.035228637376598287 0.044602688820552704
leaf_count=67 987 1762 2730 116 1111 279 204 3224 66 551 368 624596 59 374 563 277 340 240 102 40 245 1129 2917 18074 15032 6224 4162 3320 650 10252
internal_value=-7.92137e-11 -0.0100182 0.00320945 0.00611975 -0.00704811 0.0129133 0.0237572 -0.00480641 0.00386693 -0.0141654 -0.0166363 -0.00744376 0.00852596 0.00772409 -0.00466831 -0.0188094 0.00368139 -0.000675401 0.0148098 -0.00889797 -0.00301895 0.0108904 -0.00583457 -0.0243339 -0.00291858 0.00757365 -0.0143776 -0.0100915 -0.00132519 -0.0256395
internal_weight=2.56971 0.623492 1.94622 1.42782 0.2206 0.0715799 0.0611395 0.518395 0.269053 0.249342 0.14902 0.586282 1.20722 1.1833 0.162338 0.0642942 0.125093 0.0774495 0.050445 0.135163 0.117679 0.10548 0.564923 0.0769219 0.488001 0.198152 0.0652176 0.289849 0.185347 0.104502
internal_count=700061 687056 13005 5868 2420 599 320 7137 1330 5807 1821 685294 3448 3389 2583 343 2020 710 342 659 619 1680 60698 20991 39707 10453 4229 29254 3970 25284
is_linear=0
shrinkage=0.05


Tree=233
num_leaves=31
num_cat=0
split_feature=10 10 14 10 10 10 10 1 10 10 10 10 13 1 10 13 17 14 12 43 3 13 18 58 12 13 58 34 5 56
split_gain=0.032111 0.0473312 0.0297253 0.0229215 0.0459242 0.0226605 0.0266001 0.0219006 0.0210057 0.0523384 0.0179245 0.0495318 0.0201856 0.0180036 0.0223668 0.0203875 0.0178826 0.0159184 0.0159017 0.0165828 0.0159529 0.0157612 0.0156277 0.0151231 0.0147283 0.0142298 0.0153745 0.0142065 0.0175099 0.0175309
threshold=9.7500000000000018 9.2500000000000018 3.0865100622177128 8.7500000000000018 8.2500000000000018 7.7500000000000009 7.2500000000000009 7.5000000000000009 10.250000000000002 10.750000000000002 11.250000000000002 11.750000000000002 464.08660888671881 18.500000000000004 13.250000000000002 277.03619384765631 0.70470416545867931 3.785109400749207 0.67543861269950878 4.1026091575622567 4.5000000000000009 373.23710632324224 0.23347822576761249 0.14718484133481982 0.14642857760190967 359.19441223144537 0.37948359549045568 0.51778307557106029 1.0000000180025095e-35 0.71370023488998424
decision_type=2 2 2 2 2 2 2 2 2 2 2 2 2 2 2 2 2 2 2 2 2 2 2 2 2 2 2 2 2 2
left_child=1 2 3 4 5 6 21 -2 17 -10 12 -12 16 14 -13 -16 -11 25 19 23 -21 22 -1 -5 -15 26 -9 -7 29 -29
right_child=7 -3 -4 18 -6 27 -8 8 9 10 11 13 -14 24 15 -17 -18 -19 -20 20 -22 -23 -24 -25 -26 -27 -28 28 -30 -31
leaf_value=0.011818293132032835 -0.043229347285897307 -0.050818951522379835 -0.017396517224202285 0.03504990028956239 -0.050676344196210935 -0.017896785922466431 -0.050568727616618583 0.042990300189472974 -0.05063284424302255 -0.020440428844766937 -0.050806138413582128 0.014987016782627753 -0.048451818665130077 -0.040632428549728705 0.050369910853858918 -0.022806651629613928 0.036264763762299694 -0.047929485930010785 -0.044078142115081813 0.041948777988964792 -0.0173067925565972 -0.019321352736787072 -0.0039228388204298158 -0.013255926494869567 0.022249143322038145 0.0094570264410953498 -0.031144549103651189 0.026958240576751297 0.0381208893947153 -0.016386798807357966
leaf_weight=0.22536089600065856 0.020511811012519088 0.052461016688789441 0.27846440909031955 0.024156883130245999 0.046574469791217044 0.027790870636004605 0.028902666587155679 0.10256525853494125 0.039981456139492666 0.015850010457835184 0.038187557795486771 0.1112138966390952 0.0089245250211189564 0.0097742006558014793 0.010447438562330547 0.10702449528144098 0.11321687432267247 0.0074591995275889991 0.010045748397523369 0.085291887307178627 0.01310349601294547 0.1117643760885898 0.52498187785591499 0.049206043569988367 0.19695948655530771 0.072925636734824995 0.0075053019430040271 0.048327946080346518 0.078049519050855887 0.045093282155860948
leaf_count=77261 761 563 406885 43 269 132 355 287 349 112 235 443 28 92 12 603 372 227 116 310 33 91089 118124 99 534 166 32 265 168 96
internal_value=1.20568e-09 -0.00408772 -0.00255272 0.000581896 -0.0020543 2.27498e-05 -0.0033861 0.00781756 0.00906105 0.00479146 0.00841466 0.00379428 0.0242725 0.0085829 -0.00108389 -0.0162986 0.0293011 0.023668 0.0170664 0.0206426 0.0340576 -0.00180427 0.000804915 0.00265018 0.0192762 0.0265865 0.0379353 0.0152656 0.0206404 0.00603612
internal_weight=2.51212 1.64958 1.59711 1.31865 1.13685 1.09027 0.89101 0.862547 0.842035 0.65158 0.611598 0.473607 0.137991 0.43542 0.228686 0.117472 0.129067 0.190455 0.181804 0.171758 0.0983954 0.862107 0.750343 0.0733629 0.206734 0.182996 0.110071 0.199262 0.171471 0.0934212
internal_count=700061 695808 695245 288360 287759 287490 286829 4253 3492 2780 2431 1919 512 1684 1058 615 484 712 601 485 343 286474 195385 142 626 485 319 661 529 361
is_linear=0
shrinkage=0.05


Tree=234
num_leaves=31
num_cat=0
split_feature=10 10 4 17 5 10 10 12 11 13 56 2 43 6 10 14 12 7 57 12 22 49 10 14 13 3 19 34 63 54
split_gain=0.030764 0.0239794 0.016967 0.016564 0.0208173 0.0169749 0.0261948 0.0226212 0.0173766 0.0223606 0.0171663 0.0166938 0.0187249 0.0174788 0.01511 0.0140697 0.0143164 0.0240646 0.0194486 0.0198398 0.0171246 0.0162258 0.0138189 0.0133472 0.0168492 0.0172992 0.0131413 0.0130886 0.0176443 0.0138444
threshold=5.7500000000000009 5.2500000000000009 1.0000000180025095e-35 0.96069067716598522 1.0000000180025095e-35 8.7500000000000018 8.2500000000000018 0.62828946113586437 0.71714287996292125 274.08760070800787 0.79719936847686779 3.5000000000000004 2.8029010295867924 1.5000000000000002 -1.0000000180025095e-35 4.5608761310577401 0.27429467439651495 1.0000000180025095e-35 0.87591743469238292 0.40370370447635656 0.00030841263651382183 16.526512145996097 6.7500000000000009 2.7830677032470708 359.19441223144537 1.5000000000000002 0.0012850177590735259 0.18453868478536609 2.2499048709869389 3.6399194002151494
decision_type=2 2 2 2 2 2 2 2 2 2 2 2 2 2 2 2 2 2 2 2 2 2 2 2 2 2 2 2 2 2
left_child=1 14 3 4 5 6 -2 8 9 -7 -11 13 -13 27 -1 16 17 -10 19 21 -21 -18 -14 24 25 -6 -24 -5 29 -29
right_child=2 -3 -4 11 23 7 -8 -9 15 10 -12 12 22 -15 -16 -17 18 -19 -20 20 -22 -23 26 -25 -26 -27 -28 28 -30 -31
leaf_value=-0.050000918525100219 -0.00094977960238260136 -0.05054539755279841 -0.027059307710761146 0.047184744089148724 -0.020470606691194878 0.02522293851533183 -0.050652636661102451 -0.045581604384887259 0.014258933007906378 -0.043017981036825213 0.050211488653998264 -0.038033130625550693 -0.028585051249046846 0.0037662261256890131 -0.0058258804156346641 -0.029916485849640042 0.035014507288115788 -0.044508982907926271 0.042928559629082277 -0.014744900986420076 0.047553673237731395 -0.027017638275411218 0.012184041453304753 -0.041001405842665789 -0.027504681112973786 0.018590866739130001 -0.017931800203631953 -0.022172506348068232 0.026009338452880299 0.048644788920423537
leaf_weight=0.020077450154332488 0.254903978289171 0.034185335984129428 0.045204112025594045 0.04923825145828431 0.046665047576040175 0.02713073825957224 0.02958567224843045 0.018111108735349934 0.080525567812001597 0.041162833162217582 0.0056105287221726021 0.028040702788179495 0.028619774154129418 0.18094595700428728 0.53990369493360502 0.016331347270266861 0.097163493608960039 0.022228062900538248 0.087280079209065775 0.066969237182739505 0.01320593316859231 0.011824684426432697 0.249951899180203 0.037238599267595207 0.07117735873628428 0.072197558255325589 0.042362531889992283 0.037122195713948258 0.1704532605045852 0.0084773879866144597
leaf_count=641957 2164 1762 3620 220 211 95 281 772 251 295 5 129 430 318 43337 438 267 47 273 145 16 24 877 1031 256 186 160 80 379 35
internal_value=2.33457e-10 -0.00989153 0.00319461 0.00395671 -0.000328474 0.00358708 -0.00611866 0.00925053 0.011366 -0.0108886 -0.031835 0.00934173 0.00114969 0.0157482 -0.00740972 0.0155243 0.0174813 0.00154603 0.0234044 0.014396 -0.00448348 0.0282843 0.00457318 -0.0136291 -0.0082654 0.00325547 0.00781962 0.0239207 0.0186189 -0.00900691
internal_weight=2.43389 0.594166 1.83973 1.79452 0.999312 0.772033 0.28449 0.487544 0.469433 0.0739041 0.0467734 0.795212 0.348975 0.446237 0.559981 0.395528 0.379197 0.102754 0.276443 0.189163 0.0801752 0.108988 0.320934 0.227279 0.19004 0.118863 0.292314 0.265291 0.216053 0.0455996
internal_count=700061 687056 13005 9385 6757 5073 2445 2628 1856 395 300 2628 1596 1032 685294 1461 1023 298 725 452 161 291 1467 1684 653 397 1037 714 494 115
is_linear=0
shrinkage=0.05


Tree=235
num_leaves=31
num_cat=0
split_feature=10 12 3 5 14 24 42 32 18 56 10 34 37 14 38 16 6 2 6 14 49 32 6 22 29 6 14 1 23 54
split_gain=0.0300966 0.0167727 0.0185438 0.0245003 0.0191726 0.0229997 0.0171422 0.0165309 0.0161163 0.0185483 0.0157211 0.0153742 0.015347 0.0215895 0.0150251 0.015765 0.01418 0.0141633 0.0140031 0.0138254 0.0137101 0.0150372 0.0136068 0.015213 0.0134715 0.0133189 0.0141345 0.0130993 0.0141018 0.0135732
threshold=4.7500000000000009 0.63818180561065685 1.5000000000000002 1.0000000180025095e-35 2.5975071191787724 0.95720070600509655 0.00073851595516316604 0.49096386134624487 0.19310176372528079 0.81853973865509044 4.2500000000000009 2.6028815507888798 0.97335246205329906 2.1058121919631962 0.26377080380916601 0.92776471376419078 1.0000000180025095e-35 2.5000000000000004 2.5000000000000004 2.03740406036377 12.491909027099611 0.19090909510850909 1.0000000180025095e-35 0.00046006764750927692 14.894928455352785 1.0000000180025095e-35 0.059288023039698608 21.500000000000004 2.6802508831024174 0.34784220159053808
decision_type=2 2 2 2 2 2 2 2 2 2 2 2 2 2 2 2 2 2 2 2 2 2 2 2 2 2 2 2 2 2
left_child=10 2 3 6 12 -6 16 14 11 18 25 -3 20 19 -7 -16 -2 -18 -10 22 21 -4 24 27 -14 -1 -27 28 -24 -29
right_child=1 8 4 -5 5 7 -8 -9 9 -11 -12 -13 13 -15 15 -17 17 -19 -20 -21 -22 -23 23 -25 -26 26 -28 29 -30 -31
leaf_value=-0.004755988019305761 0.0072223149185867393 0.010539425340676818 0.017609402854433787 -0.023254837297110934 -0.032433848150154508 0.034870955979928363 0.035865998013490538 -0.041513971154005125 -0.015282999746215937 -0.042258439801553548 -0.050366144709054907 -0.047367151740624024 0.025283440391444041 0.037931519278446679 0.0064332341486997638 -0.048890930502961318 -0.040931782354840046 -0.0027575059221812137 0.015548251085435503 -0.039237825303955649 -0.0099588984466364161 -0.028788943387577488 -0.0180852385097733 -0.047862122265032808 -0.024897778275434459 0.021392490858339726 -0.036767709462918255 0.009461301382120724 0.020293325114666319 -0.041959219593382863
leaf_weight=0.25979924497302603 0.20052534884341222 0.1438979153273951 0.14228566239868279 0.11899360279783544 0.055400840065923163 0.041813201037077974 0.035670688457094091 0.018097464762475424 0.15265465971043918 0.048616028986815496 0.026350166716717083 0.012454545334091183 0.21638963713581738 0.0964376187106879 0.12291648780351894 0.014383516482759262 0.035804302697076684 0.075603549330817366 0.048538229347051876 0.012792592001744651 0.12830261851028268 0.019905218314431039 0.028256067103995974 0.012753742061732964 0.014255501771650358 0.012312719153426077 0.068920139257687585 0.028074608500947562 0.15652410778528747 0.023640066094746004
leaf_count=135371 1216 909 345 1229 769 85 213 201 5183 976 2223 599 857 230 611 59 777 592 1030 36 406 79 47 15 72 8996 536550 80 219 86
internal_value=7.97441e-10 0.00241069 0.00471565 -0.00367247 0.00817244 -0.00396881 0.00303107 0.00402765 -0.00666265 -0.0145422 -0.0131563 0.00592677 0.0116592 0.0162969 0.00862914 0.000637488 -0.000723725 -0.015026 -0.00784489 0.0120621 0.00225397 0.0119151 0.0134296 0.00533066 0.0221819 -0.0102813 -0.0279522 0.00819925 0.0144246 -0.0140443
internal_weight=2.37237 2.00499 1.59883 0.466597 1.13223 0.252612 0.347604 0.197211 0.406161 0.249809 0.367382 0.156352 0.879617 0.589124 0.179113 0.1373 0.311933 0.111408 0.201193 0.492686 0.290493 0.162191 0.479894 0.249249 0.230645 0.341032 0.0812329 0.236495 0.18478 0.0517147
internal_count=700061 16921 8224 4027 4197 1725 2798 956 8697 7189 683140 1508 2472 1642 755 670 2585 1369 6213 1412 830 424 1376 447 929 680917 545546 432 266 166
is_linear=0
shrinkage=0.05


Tree=236
num_leaves=31
num_cat=0
split_feature=4 17 6 46 34 3 23 11 18 12 1 3 29 2 17 13 10 2 42 18 37 14 3 66 16 66 63 69 8 12
split_gain=0.0285297 0.0237402 0.0219587 0.0207739 0.0198632 0.0193077 0.0156746 0.0151239 0.0136149 0.0183136 0.0158431 0.0141871 0.0143592 0.0269496 0.0180718 0.0162511 0.013542 0.0135232 0.0133659 0.0130586 0.0126642 0.0122798 0.0122748 0.0151658 0.0118842 0.0115916 0.0112265 0.0131398 0.0109685 0.0114882
threshold=1.0000000180025095e-35 0.83183515071868908 1.0000000180025095e-35 27.900000572204593 2.1471327543258671 1.5000000000000002 3.2225893735885625 1.2649122476577761 0.28443659842014318 0.47213622927665716 21.500000000000004 4.5000000000000009 10.006034851074221 2.5000000000000004 0.95294296741485607 223.06401062011722 4.7500000000000009 4.5000000000000009 0.0013919287011958661 0.34465132653713232 0.92497915029525768 3.785109400749207 4.5000000000000009 25.69999980926514 0.58983993530273449 20.050000190734867 3.1984648704528813 14.493375778198244 1.0000000180025095e-35 0.50999999046325695
decision_type=2 2 2 2 2 2 2 2 2 2 2 2 2 2 2 2 2 2 2 2 2 2 2 2 2 2 2 2 2 2
left_child=1 3 8 4 -1 -5 22 21 26 11 17 12 15 14 20 -10 -7 19 -19 -11 -14 24 23 -2 -4 -26 27 -3 29 -18
right_child=6 2 7 5 -6 16 -8 -9 9 10 -12 -13 13 -15 -16 -17 28 18 -20 -21 -22 -23 -24 -25 25 -27 -28 -29 -30 -31
leaf_value=0.014614684006690096 -0.050154493956443419 0.014032466336280015 -0.026087836136177635 -0.042093564029164837 -0.014717417797701188 -0.039055238133631875 -0.046155459313305947 -0.012723882784104874 0.049368232528778713 0.033382725604783829 -0.036743008024494012 0.043807126987216859 0.02358967111083015 0.028901421747575179 0.033446734387036187 -0.023213719880892356 0.0066225910199148551 -0.032366592113527187 0.038231654832989161 -0.0039194292274498553 -0.025378168838562476 -0.044350355947370766 0.018104908600078299 0.040448158968743195 0.0064345024578408147 -0.026872237966641135 0.02793111916215469 -0.023192664497450999 0.047499178420883491 -0.027621924606925835
leaf_weight=0.12636604348174194 0.021100973507106907 0.2209546646502053 0.032790937239088214 0.069204628735751894 0.10624249019865414 0.031325588228098888 0.049246743358015287 0.23580167775617733 0.0089587923005182146 0.036758408802214343 0.038984793312052124 0.030145196826179443 0.016402345874349744 0.1294178370279484 0.023892799539899201 0.055411874783650117 0.062413893237971863 0.044426544799495211 0.007895742899887391 0.06486306886851706 0.067706641138934542 0.013889740311999188 0.025376530447863012 0.0059130110433103502 0.55076683374419 0.027423544300727798 0.13575126662439663 0.026555025973493573 0.010220080289254696 0.040308159194085424
leaf_count=6268 67353 4800 83 44113 21519 45201 297573 172318 17 390 7944 94 96 650 136 258 510 1105 104 594 331 819 19546 1779 976 70 4127 374 27 886
internal_value=2.33541e-10 0.00118865 0.00378823 -0.00911923 0.00121743 -0.0203825 -0.0259029 -0.00193429 0.00921174 0.00398022 -0.00827051 0.0111006 0.00783364 0.0135126 -0.00492778 -0.0131121 -0.00996779 -0.00106012 -0.0217129 0.00957347 -0.0158288 0.00213727 -0.00686572 -0.0303227 0.0031941 0.00485477 0.0163762 0.0100386 -0.0019001 -0.00681497
internal_weight=2.31652 2.21488 1.7688 0.446081 0.232609 0.213472 0.101637 0.860673 0.908125 0.524864 0.192929 0.331935 0.30179 0.23742 0.108002 0.0643707 0.144268 0.153944 0.0523223 0.101621 0.084109 0.624871 0.0523905 0.027014 0.610981 0.57819 0.383261 0.24751 0.112942 0.102722
internal_count=700061 313810 195286 118524 27787 90737 386251 174266 21020 11719 10137 1582 1488 1213 563 275 46624 2193 1209 984 427 1948 88678 69132 1129 1046 9301 5174 1423 1396
is_linear=0
shrinkage=0.05


Tree=237
num_leaves=31
num_cat=0
split_feature=10 10 17 11 6 19 17 2 57 69 14 34 69 24 1 12 49 11 14 17 58 57 58 12 58 3 1 54 24 3
split_gain=0.0282936 0.0317007 0.018029 0.015907 0.0155524 0.0154194 0.0142822 0.0134766 0.0132122 0.0149625 0.0153378 0.0143883 0.0151159 0.0212804 0.0125444 0.012633 0.0111552 0.0108886 0.0106371 0.01197 0.0121147 0.0114972 0.011452 0.010443 0.0244406 0.0177376 0.0171647 0.0136816 0.0206524 0.012573
threshold=6.7500000000000009 6.2500000000000009 0.72020307183265697 1.891812860965729 1.0000000180025095e-35 0.013058220501989128 0.95613288879394542 8.5000000000000018 0.66639894247055065 9.2568526268005389 2.5975071191787724 2.7890609502792363 7.2552330493927011 0.7947368621826173 14.500000000000002 0.21240601688623431 9.5747241973876971 1.2649122476577761 2.6739753484725957 0.38569359481334692 0.341289833188057 0.88534963130950939 0.27524097263813024 0.62828946113586437 0.19287296384572986 7.5000000000000009 14.500000000000002 1.0128937959671023 0.65686276555061351 1.5000000000000002
decision_type=2 2 2 2 2 2 2 2 2 2 2 2 2 2 2 2 2 2 2 2 2 2 2 2 2 2 2 2 2 2
left_child=1 3 16 4 5 6 17 23 -6 11 -11 12 13 -10 -5 -16 -2 -1 19 -19 21 22 -21 25 26 -4 -25 -28 -29 -26
right_child=2 -3 7 14 8 -7 -8 -9 9 10 -12 -13 -14 -15 15 -17 -18 18 -20 20 -22 -23 -24 24 29 -27 27 28 -30 -31
leaf_value=0.020317035848585907 0.00079190122401158176 -0.050487313061043475 0.0075507237813100085 0.010016207246637618 -0.044412938880088348 0.037105940567940782 0.015592887149540619 -0.047138963914962001 0.024006238137044347 -0.029856155316973082 0.0067008773048307813 -0.044115433037900768 0.031970441883447769 -0.049079514364783888 0.025998735425113179 -0.033266541733067784 -0.027680836340720535 0.033012352465756081 -0.033869096291966272 0.0026182127500940628 -0.038626428226306665 0.026168827135660124 -0.04055982658915494 0.022551405763389095 0.0078457744759786296 0.049423283291720015 -0.033511007411118836 -0.049870976173949116 0.035900297804733694 -0.036806215292529414
leaf_weight=0.032938929656558036 0.070747905857073912 0.040742920128200466 1.0390555672154151 0.02695134264557271 0.026754100766760713 0.033612562831276449 0.11718832689053693 0.011841677952503793 0.021994208627077211 0.091547538968912101 0.041789079146220404 0.01215637999283814 0.050667058986176627 0.018202849618604966 0.0098675995827927215 0.10130643273532439 0.066956605999772045 0.018461591635366759 0.039524596281404201 0.043785959402454555 0.028670867836257052 0.02683727143705994 0.02365164934142161 0.09168034555843646 0.021322672377405538 0.025922554375483631 0.033267760525422574 0.0098167247355473997 0.02461900923245075 0.060486105241718491
leaf_count=137 1484 1289 3683 15529 4041 262 841 939 585 1272 2324 2240 311 616 462 658067 2325 99 1379 251 125 119 82 434 302 62 137 78 91 495
internal_value=9.70397e-10 -0.00751152 0.00416233 -0.0052254 -0.00184547 0.00483923 0.00156318 0.00596092 -0.0111105 -0.00734083 -0.0183988 0.00697119 0.0138059 -0.00908994 -0.0205872 -0.0280063 -0.0130525 -0.00612425 -0.0109379 -0.00452847 -0.0101656 -0.00151012 -0.0125251 0.00644232 -0.00295211 0.00856994 0.00845095 -0.0106431 0.0114492 -0.0251681
internal_weight=2.26237 0.806651 1.45572 0.765908 0.627783 0.364672 0.331059 1.31801 0.263111 0.236357 0.133337 0.10302 0.0908641 0.0401971 0.138125 0.111174 0.137705 0.213871 0.180932 0.141407 0.122946 0.0942749 0.0674376 1.30617 0.241193 1.06498 0.159384 0.0677035 0.0344357 0.0818088
internal_count=700061 690031 10030 688742 14684 3295 3033 6221 11389 7348 3596 3752 1512 1201 674058 658529 3809 2192 2055 676 577 452 333 5282 1537 3745 740 306 169 797
is_linear=0
shrinkage=0.05


Tree=238
num_leaves=31
num_cat=0
split_feature=10 10 14 10 10 10 10 1 10 10 10 10 13 16 27 2 3 14 10 10 57 63 45 37 12 43 57 14 6 54
split_gain=0.0268206 0.0404682 0.0254489 0.0188713 0.0387027 0.0190404 0.0235164 0.0181209 0.0176212 0.0442785 0.0143131 0.042037 0.0172428 0.0149329 0.0143114 0.0146808 0.0142068 0.0173868 0.0140932 0.0161267 0.0137191 0.0143063 0.0134391 0.0132626 0.0130076 0.0132417 0.0140101 0.0124193 0.0124001 0.0123976
threshold=9.7500000000000018 9.2500000000000018 3.0865100622177128 8.7500000000000018 8.2500000000000018 7.7500000000000009 7.2500000000000009 7.5000000000000009 10.250000000000002 10.750000000000002 11.250000000000002 11.750000000000002 464.08660888671881 0.7001820206642152 46.673334121704109 3.5000000000000004 7.5000000000000009 3.7046340703964238 6.7500000000000009 6.2500000000000009 0.86005890369415294 2.7403194904327397 35.049999237060554 0.83898404240608226 0.67543861269950878 4.1026091575622567 0.65681892633438121 3.785109400749207 1.5000000000000002 1.7866662144660952
decision_type=2 2 2 2 2 2 2 2 2 2 2 2 2 2 2 2 2 2 2 2 2 2 2 2 2 2 2 2 2 2
left_child=1 2 3 4 5 6 14 -2 27 -10 12 -12 13 22 15 18 17 20 19 -1 21 -13 -11 -23 25 -5 -27 -9 -22 -16
right_child=7 -3 -4 24 -6 -7 -8 8 9 10 11 16 -14 -15 29 -17 -18 -19 -20 -21 28 23 -24 -25 -26 26 -28 -29 -30 -31
leaf_value=0.0045194821591928924 -0.04255323703390395 -0.05073495434664526 -0.017006398632022392 0.0031426184333248289 -0.050591844538106071 0.014977135857378782 -0.050507718929918802 0.025764326205914609 -0.050556441004469266 0.041044839494847607 -0.050697462320075881 0.01569614356449759 -0.048406375030011994 0.041438129733840229 -0.023572350637759976 -0.012935797427229412 0.04548325736345895 -0.046412952046271459 0.027050501704713126 -0.050603604253721249 0.020296742157687665 0.004046996134645933 -0.020012389388888326 -0.042216483310218732 -0.043067135298344716 -0.010368917195385992 0.042803361952478268 -0.0474332134384233 -0.0085853676133091777 0.0044924064778406377
leaf_weight=0.37569513302023927 0.017569664438272348 0.044844078460283154 0.24851367803477376 0.064467897523630913 0.039214531972153632 0.17546133276489062 0.025459040377252551 0.16078310708350507 0.034144244650122335 0.014469551786456647 0.032639960199989326 0.042104455799880536 0.007827300756349187 0.074189905565623882 0.11712373683625665 0.12708444927543139 0.024204799398205523 0.015206222691333204 0.069261547890777209 0.01375410978413516 0.19493596202270069 0.027561035163675918 0.023895409471828 0.035375005851432828 0.0085962076181296254 0.015098176776156436 0.069021262302527475 0.006011565830665865 0.045915974215859023 0.059261320661434747
leaf_count=115655 761 563 406885 142 269 661 355 485 349 40 235 249 28 279 56884 92505 49 638 237 115 372 146 165 135 116 46 297 227 95 21078
internal_value=8.34085e-11 -0.00397583 -0.00248659 0.00062542 -0.0019006 8.19594e-05 -0.00323622 0.0076322 0.00882493 0.00465813 0.00816021 0.00378461 0.0233514 0.0283416 -0.00165721 0.00210237 0.00839991 0.00591418 0.00626865 0.00257271 0.0082146 -0.00686394 0.00301567 -0.0219567 0.0167331 0.0201928 0.0332597 0.0231262 0.0147907 -0.0141432
internal_weight=2.20969 1.45286 1.40801 1.1595 1.00232 0.963101 0.787639 0.756834 0.739265 0.57247 0.538326 0.417943 0.120382 0.112555 0.76218 0.585795 0.385303 0.361099 0.458711 0.389449 0.345892 0.10504 0.038365 0.062936 0.157184 0.148587 0.0841194 0.166795 0.240852 0.176385
internal_count=700061 695808 695245 288360 287759 287490 286829 4253 3492 2780 2431 1919 512 484 286474 208512 1684 1635 116007 115770 997 530 205 281 601 485 343 712 467 77962
is_linear=0
shrinkage=0.05


Tree=239
num_leaves=31
num_cat=0
split_feature=10 34 29 69 2 16 6 54 58 38 37 10 14 38 27 3 6 13 3 10 2 17 63 13 12 57 11 14 16 3
split_gain=0.0265351 0.015337 0.0244492 0.0243697 0.0213229 0.0179452 0.0190454 0.0174206 0.0154939 0.0176362 0.0148484 0.0139782 0.0139403 0.014273 0.0131671 0.014421 0.012938 0.0128768 0.0128249 0.0127242 0.0180925 0.0163919 0.0171395 0.0123438 0.0146518 0.0149922 0.0121504 0.012022 0.0116992 0.0148858
threshold=4.7500000000000009 0.13382896780967715 10.101456642150881 1.0000000180025095e-35 1.0000000180025095e-35 0.48908095061779028 1.0000000180025095e-35 0.29335607588291174 0.26372319459915167 0.48596633970737463 0.88487398624420177 4.2500000000000009 0.25655800104141241 0.36402259767055517 44.375000000000007 1.0000000180025095e-35 1.0000000180025095e-35 336.06753540039068 5.5000000000000009 3.7500000000000004 1.5000000000000002 0.6710195541381837 1.2424533367156985 386.14454650878912 0.29099461436271673 0.45815961062908178 1.0606617927551272 2.5975071191787724 0.93713945150375377 1.5000000000000002
decision_type=2 2 2 2 2 2 2 2 2 2 2 2 2 2 2 2 2 2 2 2 2 2 2 2 2 2 2 2 2 2
left_child=11 2 28 4 16 14 8 17 27 23 -9 19 -8 18 15 -5 -3 -6 26 20 21 22 -1 24 -10 -26 -14 -7 -2 -30
right_child=1 3 -4 5 7 6 12 10 9 -11 -12 -13 13 -15 -16 -17 -18 -19 -20 -21 -22 -23 -24 -25 25 -27 -28 -29 29 -31
leaf_value=0.021385916067275842 0.031996833769731413 0.033404793390460465 -0.043673151675993421 -0.045756246931293328 0.037550939958291951 0.025321663843659966 -0.043269932840841782 -0.0055532894396952285 -0.010000101761228074 -0.030250822442237063 -0.043120648808185447 -0.050328368856914531 0.014430217887354518 -0.01424153696864805 -0.028964644022611275 0.0091918392555957462 -0.036618557557393704 -0.018447148322183842 -0.050401266164910918 0.0095409901459894229 -0.030069262390104691 0.010943394748768442 -0.04269775961700454 -0.023354293334073115 -0.050180315171243439 0.020833302801467505 -0.0015031438459938409 -0.00035719170668454603 -0.047752441877675356 0.015138925952138619
leaf_weight=0.014445912823214953 0.10221445007108587 0.030426457659836204 0.015964155154753135 0.014282028635127869 0.01765024287388961 0.22458144248964845 0.018765605888213077 0.037212927322647416 0.060793636547961771 0.033571504213652292 0.089712319270122354 0.023232301891838558 0.21394845188082506 0.13058295461716724 0.069772570436523268 0.072837356489975358 0.0084227225534739825 0.024538328869814274 0.010474129743704097 0.065090771040043793 0.11283502019570671 0.082479787533994986 0.037567546081462587 0.02821680644332536 0.007734240177964812 0.19037285328911069 0.27146956462123439 0.057184635945481177 0.010963797162472311 0.066334207657948063
leaf_count=4937 489 238 91 440 140 973 82 941 224 366 2732 2223 487 1995 2226 510 272 232 127 2590 494871 99230 79289 144 150 1116 1971 731 55 189
internal_value=7.21845e-10 0.00239686 0.0156234 0.000793506 -0.0151807 0.00315864 0.00516273 -0.0228544 0.0115558 0.00403973 -0.0321064 -0.012911 -0.000806417 0.000465547 -0.012779 0.000183854 0.0182233 0.00498052 0.00433835 -0.0101285 -0.015305 -0.00291838 -0.0248995 0.00804919 0.0114718 0.0180609 0.0055195 0.0201101 0.0208967 0.00621854
internal_weight=2.14368 1.80803 0.195477 1.61255 0.207963 1.40459 1.2477 0.169114 0.602455 0.320689 0.126925 0.335651 0.645241 0.626475 0.156892 0.0871194 0.0388492 0.0421886 0.495892 0.312419 0.247328 0.134493 0.0520135 0.287118 0.258901 0.198107 0.485418 0.281766 0.179512 0.077298
internal_count=700061 16921 824 16097 4555 11542 8366 4045 3704 2000 3673 683140 4662 4580 3176 950 510 372 2585 680917 678327 183456 84226 1634 1490 1266 2458 1704 733 244
is_linear=0
shrinkage=0.05


Tree=240
num_leaves=31
num_cat=0
split_feature=4 10 10 14 1 10 10 10 10 10 10 3 5 37 1 10 24 43 37 27 2 10 10 16 23 7 29 34 16 58
split_gain=0.0262512 0.0217747 0.0376957 0.0175185 0.0164694 0.0160678 0.0358693 0.0185682 0.0220943 0.0152646 0.0406648 0.0141365 0.0128311 0.0284269 0.0153635 0.0178548 0.0131919 0.0126878 0.0157649 0.0120294 0.0129589 0.0121297 0.0145627 0.0116771 0.0114025 0.0111744 0.0111352 0.0176724 0.0133704 0.0110962
threshold=1.0000000180025095e-35 9.7500000000000018 9.2500000000000018 3.0865100622177128 7.5000000000000009 8.7500000000000018 8.2500000000000018 7.7500000000000009 7.2500000000000009 10.250000000000002 10.750000000000002 4.5000000000000009 1.0000000180025095e-35 0.98564770817756664 17.500000000000004 11.250000000000002 0.99038460850715648 4.0163424015045175 0.98726555705070507 46.673334121704109 3.5000000000000004 6.7500000000000009 6.2500000000000009 0.75495693087577831 4.1710424423217782 1.5000000000000002 14.203812599182131 1.3943634629249575 0.93775120377540599 0.56016701459884655
decision_type=2 2 2 2 2 2 2 2 2 2 2 2 2 2 2 2 2 2 2 2 2 2 2 2 2 2 2 2 2 2
left_child=1 2 3 5 -3 6 7 8 19 25 -11 -2 14 -14 15 -12 -17 18 -18 20 21 22 24 29 -1 -6 28 -28 -7 -21
right_child=11 4 -4 -5 9 26 -8 -9 -10 10 12 -13 13 -15 -16 16 17 -19 -20 23 -22 -23 -24 -25 -26 -27 27 -29 -30 -31
leaf_value=0.00020923660442418243 -0.042127677314159707 -0.041922703962933218 -0.050707616704531257 -0.013886541836928008 0.026156675314441897 0.034174873622425085 -0.050551126177694528 0.016311190191234747 -0.050494028489278669 -0.050522686454783076 0.034540841600092957 -0.0017766940555352395 -0.038194761750950185 0.0093618809566216078 0.025351509960126681 -0.03482887119886309 0.04052669328170002 -0.016045819403419381 -0.031276564712141373 -0.041734948748296884 -0.01198979950430013 0.026990429842188912 -0.050563904183019516 -0.0044002009783225748 0.022205075429198536 -0.045020590079037165 -0.050387782797732088 0.019352827649020427 -0.010243642937658899 0.050014413242556434
leaf_weight=0.25270334565203578 0.055218657276046162 0.015883262934052622 0.039468599884864619 0.2209933581644058 0.14697512470278484 0.08555025524010329 0.034947733720779972 0.16321426384647775 0.023100310322703654 0.030486415989286586 0.034750639863223576 0.035764046430535074 0.04118478972735784 0.13257307454386646 0.16788037130574995 0.030040913974422989 0.031709223730523206 0.040542966686381021 0.010072689640100663 0.041139125725969297 0.11353341576149545 0.06457966156254713 0.012077172448375251 0.11850023069972096 0.07683373061801746 0.005729111802097008 0.014179393767191684 0.025276615604948649 0.021125040626102987 0.0035823571981278409
leaf_count=36661 297700 560 370 185711 554 378 168 543 232 241 133 88551 213 265 676 288 69 226 25 10752 42227 193 57 22611 10303 15 25 77 37 200
internal_value=1.55318e-09 0.00119571 -0.0025848 -0.00109083 0.00840028 0.0016014 -0.000884701 0.00111208 -0.00240143 0.0095898 0.00550297 -0.0262663 0.00899761 -0.00191019 0.0150145 0.00321861 -0.00646821 0.00388079 0.0232165 -0.000774729 0.00294403 0.00711812 0.00336141 -0.0126159 0.00533771 0.0234863 0.0169846 -0.00571001 0.0253786 -0.0343855
internal_weight=2.08962 1.99863 1.3108 1.27134 0.687829 1.05034 0.904211 0.869264 0.706049 0.671945 0.519241 0.0909827 0.488755 0.173758 0.314997 0.147116 0.112366 0.0823249 0.0417819 0.682949 0.519727 0.406194 0.341614 0.163222 0.329537 0.152704 0.146131 0.039456 0.106675 0.0447215
internal_count=700061 313810 310545 310175 3265 124464 123947 123779 123236 2705 2136 386251 1895 478 1417 741 608 320 94 123004 89441 47214 47021 33563 46964 569 517 102 415 10952
is_linear=0
shrinkage=0.05


Tree=241
num_leaves=31
num_cat=0
split_feature=10 10 57 12 54 6 37 30 7 11 32 57 58 54 43 23 6 10 24 3 2 63 6 36 3 1 56 12 17 24
split_gain=0.0255225 0.0209211 0.0142903 0.0129929 0.0129565 0.0133399 0.0165267 0.0156565 0.01268 0.0135986 0.0123336 0.0122496 0.0122469 0.016408 0.0135364 0.0129201 0.012011 0.0180577 0.017784 0.013573 0.0136397 0.0124285 0.0115611 0.0113521 0.0113217 0.012231 0.0105177 0.0150303 0.0104744 0.0100865
threshold=5.7500000000000009 5.2500000000000009 0.82054564356803905 0.67543861269950878 1.0406137108802798 1.0000000180025095e-35 0.95168781280517589 1.0000000180025095e-35 1.0000000180025095e-35 1.3416666984558108 0.1171497590839863 0.53123265504837047 0.12199011817574502 1.272581219673157 4.6395599842071542 2.8375828266143803 1.0000000180025095e-35 4.7500000000000009 0.75595238804817211 2.5000000000000004 1.5000000000000002 3.2384861707687382 1.5000000000000002 0.39694210886955267 6.5000000000000009 24.500000000000004 0.53876203298568737 0.37715516984462744 0.71191743016242992 0.99038460850715648
decision_type=2 2 2 2 2 2 2 2 2 2 2 2 2 2 2 2 2 2 2 2 2 2 2 2 2 2 2 2 2 2
left_child=1 8 4 24 5 6 7 11 16 -10 29 -2 13 15 -14 -5 17 19 22 -1 23 -22 -18 -21 25 -4 27 -7 -29 -6
right_child=2 -3 3 12 10 26 -8 -9 9 -11 -12 -13 14 -15 -16 -17 18 -19 -20 20 21 -23 -24 -25 -26 -27 -28 28 -30 -31
leaf_value=-0.022182582261433305 -0.038817679862582916 -0.050528339093985387 0.0097242964126540172 -0.037881698743047004 -0.027114525559629815 -0.048815963604009728 0.031659142287364793 0.026299055822924373 0.0045973306297365877 -0.042165636423810646 -0.048808321348243672 0.0067211144967149004 -0.033505640585712919 -0.050522859764114886 0.00074308989197324413 0.035461251871393672 -0.050132383582573416 0.025971792360342146 -0.034084078950137653 -0.030642756321189558 -0.030816389680112855 0.017633976473704318 0.01107207257770978 0.024790138930998667 0.048090890405902573 -0.0083948007198305467 -0.048100301884987789 -0.044546478884550593 0.030322942620221335 -0.00096139616456395361
leaf_weight=0.073220296747646296 0.031060835882157911 0.029564320907688124 0.82542386471783846 0.0070696634587663334 0.055161041278310674 0.012521087157259636 0.061069745101665185 0.031866741309437785 0.023171222423081811 0.04724443098739925 0.022854518771971866 0.028151043703832812 0.055855415637942496 0.0086517666397988302 0.059673236964657789 0.039859796441446549 0.0089575556160229747 0.06172590262875588 0.067709255733431978 0.010616305359304024 0.038249598845530697 0.020240527908431061 0.055653164795955071 0.071032517817391783 0.017661136387115306 0.10498461813867355 0.018095485134473899 0.0057552162335726678 0.024809675429595668 0.11115869145718427
leaf_count=27250 210 1762 2730 116 2293 115 324 131 509 339727 1537 99 1111 279 710 204 26211 557 177720 3530 14635 12195 76781 6179 59 659 145 199 131 1953
internal_value=8.81338e-10 -0.00971128 0.0032381 0.00614388 -0.00484155 0.00360605 0.0115346 -0.00195916 -0.0071858 -0.0267777 -0.0143678 -0.0171672 -0.00653716 0.0127481 -0.0158154 0.0244125 -0.00379956 0.00215467 -0.016178 -0.00473575 0.00437994 -0.0140501 0.00258676 0.0175825 0.00843259 0.00767979 -0.0161111 -0.00267607 0.0162254 -0.00963525
internal_weight=2.02907 0.507385 1.52168 1.11918 0.402504 0.21333 0.152148 0.0910786 0.477821 0.0704157 0.189174 0.0592119 0.17111 0.0555812 0.115529 0.0469295 0.407405 0.275085 0.13232 0.213359 0.140139 0.0584901 0.0646107 0.0816488 0.94807 0.930408 0.0611815 0.043086 0.0305649 0.16632
internal_count=700061 687056 13005 5868 7137 1354 764 440 685294 340236 5783 309 2420 599 1821 320 345058 64346 280712 63789 36539 26830 102992 9709 3448 3389 590 445 330 4246
is_linear=0
shrinkage=0.05


Tree=242
num_leaves=31
num_cat=0
split_feature=10 10 4 17 5 10 10 1 11 56 38 12 57 26 18 56 11 57 63 34 0 14 12 13 2 11 49 5 58 10
split_gain=0.0244471 0.0193882 0.0136144 0.0127135 0.0161616 0.0127521 0.0195616 0.0177003 0.0122194 0.0121349 0.0217737 0.0160715 0.0113467 0.0167293 0.0132385 0.0125528 0.0114937 0.013369 0.013638 0.0119623 0.0110971 0.0106596 0.0132421 0.0130398 0.0118068 0.0105453 0.0148395 0.0128048 0.0103489 0.0102281
threshold=5.7500000000000009 5.2500000000000009 1.0000000180025095e-35 0.96069067716598522 1.0000000180025095e-35 8.7500000000000018 8.2500000000000018 8.5000000000000018 3.0263158082962041 0.90871214866638195 0.29007549583911901 0.58578431606292736 0.56373006105422985 30.230147361755375 0.24180327355861667 0.72245565056800853 0.92980295419693004 0.75465705990791332 2.8617925643920903 2.7890609502792363 16.500000000000004 2.7830677032470708 0.25462962687015539 359.19441223144537 2.5000000000000004 1.1695402264595034 12.466630458831789 1.5000000000000002 0.28731574118137365 10.750000000000002
decision_type=2 2 2 2 2 2 2 2 2 2 2 2 2 2 2 2 2 2 2 2 2 2 2 2 2 2 2 2 2 2
left_child=1 8 3 4 5 6 -2 -7 -1 11 -11 -5 13 20 -14 16 17 -16 -19 -18 -9 22 -6 24 -24 26 -13 -27 29 -21
right_child=2 -3 -4 9 21 7 -8 12 -10 10 -12 25 14 -15 15 -17 19 18 -20 28 -22 -23 23 -25 -26 27 -28 -29 -30 -31
leaf_value=-0.0057227899536630884 -0.00099980027639312553 -0.050499343271062404 -0.026905578222154888 0.020408205517895229 -0.047811378260986914 -0.039119329790463835 -0.050510241966126239 -0.024810519700055888 -0.050004351449913033 0.006584419898531116 -0.035827032671054138 -0.02136364125913949 -0.015648405808409181 -0.037014322333595071 0.039126855496205537 0.039199771162347297 0.034571775031013434 0.029426071701592473 -0.02586010202879693 -0.029335874171384564 0.032102382202717869 -0.04038174452933177 0.026965541495409986 -0.022932296123666415 -0.010345817937369722 -0.029154618226723994 0.024838938189504167 0.029629969093981842 0.027805103622353285 0.043019710985157451
leaf_weight=0.44580096057536822 0.20849021860910855 0.027480381436265466 0.036679663970829002 0.2994573243277272 0.018333390454062126 0.018143210808097443 0.022061365221248685 0.012629426576502345 0.016143356818736077 0.17767760199400429 0.036475066784832588 0.024701647161033513 0.030568234189875199 0.027605878336526946 0.015663916683150703 0.060246675705231567 0.079639077756692878 0.014662789674525278 0.046623479954291724 0.024739928789950127 0.026614255640003748 0.030363027117753405 0.044918773606269724 0.0494522234737651 0.040158142986129186 0.044419546830317347 0.058625892552525372 0.011704762603671703 0.025940461111463975 0.0060856204335042454
leaf_count=60698 2164 1762 3620 1022 81 603 281 123 624596 475 162 186 127 574 69 215 345 41 80 90 191 1031 115 228 229 557 160 66 131 39
internal_value=-2.38642e-10 -0.00969752 0.00317965 0.00393756 -0.000276073 0.00358108 -0.00573743 0.00910164 -0.00727028 0.00911822 -0.000639214 0.0138791 0.0114597 -0.00719189 0.0155589 0.0190455 0.0133544 -0.00209668 -0.0126328 0.0220708 0.0137866 -0.0133219 -0.00794706 -0.00251442 0.00935377 -0.000141521 0.0111426 -0.0168951 0.00453284 -0.0150513
internal_weight=1.98211 0.489425 1.49268 1.456 0.80294 0.619715 0.230552 0.389163 0.461944 0.653062 0.214153 0.438909 0.37102 0.0668496 0.30417 0.273602 0.213355 0.0769502 0.0612863 0.136405 0.0392437 0.183226 0.152863 0.134529 0.0850769 0.139452 0.0833275 0.0561243 0.056766 0.0308255
internal_count=700061 687056 13005 9385 6757 5073 2445 2628 685294 2628 637 1991 2025 888 1137 1010 795 190 121 605 314 1684 653 572 344 969 346 623 260 129
is_linear=0
shrinkage=0.05


Tree=243
num_leaves=31
num_cat=0
split_feature=10 2 6 38 18 38 16 49 10 6 13 18 3 10 10 10 2 13 63 57 39 58 34 26 34 1 43 11 13 10
split_gain=0.0240697 0.0141992 0.0164268 0.0184222 0.0168289 0.01348 0.0136497 0.0132116 0.0123312 0.0115485 0.012634 0.0120221 0.011395 0.0109636 0.0159306 0.0133589 0.0137056 0.012858 0.0105901 0.010099 0.00997553 0.0097448 0.0135218 0.0161806 0.0117682 0.0118142 0.0101925 0.00968638 0.010957 0.0095757
threshold=4.7500000000000009 5.5000000000000009 1.0000000180025095e-35 0.35091583430767065 0.31438240408897405 0.33484376966953283 0.70461112260818493 16.526512145996097 4.2500000000000009 2.5000000000000004 447.15353393554693 0.25940138101577764 1.0000000180025095e-35 3.7500000000000004 3.2500000000000004 2.7500000000000004 1.0000000180025095e-35 289.13487243652349 4.0859410762786874 0.77556419372558605 0.00034807738848030573 0.11152738332748414 1.224465072154999 34.142856597900398 3.4336752891540532 21.500000000000004 4.6586997509002694 1.2649122476577761 271.04370117187506 2.2500000000000004
decision_type=2 2 2 2 2 2 2 2 2 2 2 2 2 2 2 2 2 2 2 2 2 2 2 2 2 2 2 2 2 2
left_child=8 2 4 5 -2 9 -7 12 13 21 11 -11 -6 14 15 16 29 -17 -5 -3 27 26 -23 -24 25 -25 -4 -21 -29 -1
right_child=1 19 3 18 7 6 -8 -9 -10 10 -12 -13 -14 -15 -16 17 -18 -19 -20 20 -22 22 23 24 -26 -27 -28 28 -30 -31
leaf_value=0.010473546867332421 0.016719988820058901 -0.038920703413177882 0.027094644126987921 -0.01052547419185911 -0.028537848521747206 -0.05029349154722676 0.035601862983980465 -0.025185301053404042 -0.050293686554183197 0.023854243739514149 -0.020598344456507642 -0.017149621484017538 0.0072414199459007239 0.0088637053210109187 -0.050355028323048889 0.031725745686821315 -0.030429675876562458 -0.016538286723640279 -0.045032178734539977 0.010422511687018899 -0.041014989402486046 -0.027777090731905464 -0.042986058153586366 0.013692453866154334 -0.035841478548040158 -0.027427906133957708 -0.029662540935056853 0.042832143124635763 -0.030318067903526515 -0.050491547447018684
leaf_weight=0.04519110935819047 0.3670901712286832 0.028124011840965274 0.038031731476813269 0.14847608188026484 0.023777796788056416 0.0051284589223197221 0.047123879621811526 0.040333797944062333 0.020539095176926703 0.11338574669859325 0.02613687207612081 0.021221837412325861 0.34703881213072774 0.059737873432561095 0.028234081725388133 0.0313295199359159 0.088397732972276225 0.024662544198939651 0.0261509852869658 0.073021457211486007 0.017562849987334511 0.071107112629386293 0.021374506519412306 0.12467172826369488 0.017173610376817638 0.020313566080194967 0.0099872050656004685 0.0059783489019198379 0.035621691844501424 0.0075115136408370189
leaf_count=83768 2144 3496 235 2755 573 67 162 264 2223 359 96 99 1997 2590 2815 951 588131 2466 371 586 697 228 266 244 315 64 82 105 1716 196
internal_value=-7.8152e-10 0.00241585 0.00395826 -0.00165672 0.00893864 0.00309666 0.0271714 0.00199116 -0.0128762 0.000382043 0.0112129 0.0173897 0.00494715 -0.0101802 -0.0152291 -0.0101972 -0.0183973 0.0104671 -0.015693 -0.0117136 -0.00592497 -0.00537029 -0.00926631 -0.00209461 0.00329538 0.00793117 0.01529 -0.000548312 -0.0198056 0.00178441
internal_weight=1.93444 1.62883 1.46852 0.690283 0.778241 0.515656 0.0522523 0.41115 0.305603 0.463404 0.160744 0.134608 0.370817 0.285064 0.225327 0.197092 0.1411 0.0559921 0.174627 0.160308 0.132184 0.302659 0.254641 0.183533 0.162159 0.144985 0.0480189 0.114621 0.0416 0.0527026
internal_count=700061 16921 10321 5343 4978 2217 229 2834 683140 1988 554 458 2570 680917 678327 675512 672095 3417 3126 6600 3104 1434 1117 889 623 308 317 2407 1821 83964
is_linear=0
shrinkage=0.05


Tree=244
num_leaves=31
num_cat=0
split_feature=17 12 6 54 11 11 24 29 7 34 57 58 37 49 16 38 58 10 18 32 54 58 58 3 11 43 37 37 13 18
split_gain=0.0232102 0.0224918 0.0172646 0.0131624 0.0118337 0.0106669 0.010613 0.0104907 0.0100369 0.0102838 0.00960692 0.00946185 0.00934843 0.00926314 0.0108706 0.0105633 0.00936829 0.0088513 0.00875814 0.022287 0.0297808 0.0112809 0.0113494 0.0110248 0.0123597 0.0132104 0.00861557 0.0108074 0.0105332 0.0121531
threshold=0.83183515071868908 1.1715686321258547 1.0000000180025095e-35 0.95803049206733715 1.2649122476577761 1.431677043437958 0.99038460850715648 7.990229845046998 1.5000000000000002 4.0216782093048105 0.55387040972709667 0.30958321690559393 0.95285767316818248 10.642194271087648 0.65885639190673839 0.45171245932579046 0.26045882701873785 5.7500000000000009 0.189234733581543 0.89583334326744091 0.48950026929378515 0.26372319459915167 0.27352304756641393 1.5000000000000002 0.92980295419693004 3.4811217784881596 0.99712482094764721 0.99772533774375927 346.18592834472662 0.27014097571372991
decision_type=2 2 2 2 2 2 2 2 2 2 2 2 2 2 2 2 2 2 2 2 2 2 2 2 2 2 2 2 2 2
left_child=3 2 5 7 8 18 -5 -1 9 11 12 -4 -9 14 15 -8 -15 -17 -2 21 -21 23 -23 -20 25 -25 -6 -28 29 -29
right_child=1 -3 4 6 26 -7 13 10 -10 -11 -12 -13 -14 16 -16 17 -18 -19 19 20 -22 22 -24 24 -26 -27 27 28 -30 -31
leaf_value=0.0094036484260892009 0.02669431986131017 -0.045934548222371682 0.0058679982085121964 -0.040773288049195437 -0.025478373359996906 8.9286359027192686e-05 0.019980843397977472 -0.038798180410411963 -0.05060800717099434 -0.043847454951029499 0.0092758745915171824 -0.020424801097037322 0.0075251438190930544 -0.0028286757123971184 -0.050428457319074707 -0.033082218786212134 -0.045441020024601403 0.011862465368675468 0.00052909866081136026 0.034153639658417903 -0.045874388443269049 -0.019299350696926357 0.011720659029611447 -0.049488961043688239 0.041311402618220437 0.026954955272170279 0.036270241148716499 0.010570487360408784 -0.03489290107704783 -0.043386555925694237
leaf_weight=0.10216919428765087 0.092524302065146502 0.023299682305890523 0.45679132776011294 0.046450370517905348 0.077959706912065524 0.24427230067961736 0.041445580047454779 0.040954782349176322 0.0089499444347782564 0.011541285849141769 0.028324126035730771 0.036987702188582716 0.014836953199613687 0.020362751212083648 0.011290548465756528 0.027101175635895307 0.03518541018900239 0.018386290314075127 0.035737396416479328 0.017042365356893185 0.036570421715778956 0.03458102659769402 0.20016428455997026 0.0084189653764497052 0.087640209772217759 0.017193419622344663 0.014592718899474069 0.057293896756812693 0.029456146260779179 0.012760175639716223
leaf_count=12623 415 418562 995 79276 14286 13796 12552 13509 57 835 3275 133 2704 10149 6749 21174 67156 426 162 154 282 119 833 17 509 57 733 7323 8503 2697
internal_value=1.01357e-09 0.00280888 0.003576 -0.0109285 -0.00207667 0.00873353 -0.0198285 -0.00136257 0.00187837 0.00280798 -0.0144395 0.00389847 -0.0264792 -0.0135016 -0.00427298 0.00172152 -0.0298203 -0.0149153 0.0127185 0.00976186 -0.0204352 0.0139808 0.00715101 0.0247416 0.032382 0.00182732 -0.0126668 -0.00391335 -0.00980609 0.000742346
internal_weight=1.89028 1.50378 1.48048 0.386507 0.706333 0.774145 0.200222 0.186285 0.51427 0.50532 0.0841159 0.493779 0.0557917 0.153772 0.0982236 0.086933 0.0555482 0.0454875 0.529872 0.437348 0.0536128 0.383735 0.234745 0.14899 0.113253 0.0256124 0.192063 0.114103 0.0995102 0.0700541
internal_count=700061 470468 51906 229593 35562 16344 197482 32111 2020 1963 19488 1128 16213 118206 40901 34152 77305 21600 2548 2133 436 1697 952 745 583 74 33542 19256 18523 10020
is_linear=0
shrinkage=0.05


Tree=245
num_leaves=31
num_cat=0
split_feature=10 10 14 49 6 17 10 16 69 58 12 45 3 10 2 7 69 4 12 12 69 57 2 49 54 1 23 5 34 12
split_gain=0.0227453 0.0176373 0.0131398 0.01332 0.0125124 0.0132283 0.010992 0.0107044 0.0187614 0.0135272 0.0095811 0.00944081 0.01021 0.00910396 0.0213306 0.0129828 0.00985232 0.00903259 0.0127882 0.00984644 0.0110252 0.0102686 0.0145094 0.0134314 0.0154444 0.0103203 0.00981356 0.00900359 0.0117249 0.0107442
threshold=5.7500000000000009 5.2500000000000009 4.4376320838928232 10.242405891418459 1.0000000180025095e-35 0.73578995466232311 -1.0000000180025095e-35 0.45384499430656439 8.2962846755981463 0.36759978532791143 1.0277777910232546 40.049999237060554 1.5000000000000002 3.7500000000000004 1.5000000000000002 1.0000000180025095e-35 14.120759487152101 1.0000000180025095e-35 0.18350168317556384 0.44722221791744238 13.250112533569338 0.87591743469238292 2.5000000000000004 7.1311612129211435 0.75183081626892101 19.500000000000004 3.047401070594788 1.0000000180025095e-35 3.4753828048706059 0.47213622927665716
decision_type=2 2 2 2 2 2 2 2 2 2 2 2 2 2 2 2 2 2 2 2 2 2 2 2 2 2 2 2 2 2
left_child=1 6 4 -4 7 -6 -1 8 -2 17 -7 12 -8 14 15 -14 -16 18 -9 -20 21 22 25 24 -23 -21 -19 -13 29 -29
right_child=2 -3 3 -5 5 10 11 9 -10 -11 -12 27 13 -15 16 -17 -18 26 19 20 -22 23 -24 -25 -26 -27 -28 28 -30 -31
leaf_value=-0.050000888743994658 0.011411081699461307 -0.050454315910545347 0.00047274148415121938 -0.048788196715516596 -0.037884180814349903 0.0012379559118135429 -0.01987075509290118 -0.024596074641600862 -0.031966956634127422 -0.010333948266585064 -0.05022048687547559 -0.025702252726868203 0.019893820567120753 0.019868868043622333 -0.049539977553534634 -0.051282677077533284 0.029777422034610562 0.013845788924925665 0.023039526068384539 0.05018220047394148 -0.022201522533539249 0.016860960313688306 -0.023396922478110455 0.032843359918371763 -0.048022308778053191 -0.014809436232307946 -0.050138220636589396 0.031371127577914215 -0.04542513143885122 -0.0074665912474517915
leaf_weight=0.014571221806338353 0.061601291497701549 0.025066937047015458 0.032196917466490144 0.023915960506883244 0.023375462134552993 0.59270914640888173 0.045202661120004622 0.019392241206091398 0.041868699381582442 0.06477319889690536 0.0091858917517233518 0.087690289857270218 0.061034143072037805 0.075514186121686616 0.026222200889575109 0.0071581160574736282 0.0046022180951866823 0.012806099201825238 0.27810342936350985 0.015931148023241803 0.025257506075590186 0.034057830893179819 0.037631152472544338 0.084194068315795789 0.01255170406738193 0.0099066416356095033 0.01126360961214895 0.023769078354697215 0.014910216227010178 0.07100162081511513
leaf_count=641957 424 1762 2021 3397 1079 1798 5452 96 377 286 711 16478 917 1250 5233 340 251 183 1403 32 76 129 257 227 89 25 395 374 7902 5140
internal_value=1.15521e-09 -0.00968081 0.00317939 -0.0205228 0.00417593 -0.000980587 -0.00731314 0.00872133 -0.00614166 0.0112596 0.000452617 -0.00582188 0.0013074 0.00679244 -0.00318017 0.0124225 -0.0376975 0.0138445 0.0152384 0.0167907 0.0088746 0.0129148 -0.00358766 0.0209222 -0.000611765 0.0252633 -0.016096 -0.0137589 -0.00421017 0.00227415
internal_weight=1.84746 0.456743 1.39072 0.0561129 1.33461 0.625271 0.431676 0.709339 0.10347 0.605869 0.601895 0.417105 0.219734 0.174531 0.0990167 0.0681923 0.0308244 0.541095 0.517026 0.497633 0.21953 0.194273 0.0634689 0.130804 0.0466095 0.0258378 0.0240697 0.197371 0.109681 0.0947707
internal_count=700061 687056 13005 5418 7587 3588 685294 3999 801 3198 2509 43337 13443 7991 6741 1257 5484 2912 2334 2238 835 759 314 445 218 57 578 29894 13416 5514
is_linear=0
shrinkage=0.05


Tree=246
num_leaves=31
num_cat=0
split_feature=10 10 14 14 2 10 10 10 10 1 10 10 5 37 27 6 14 36 13 3 14 58 29 12 43 58 12 10 1 69
split_gain=0.0226373 0.0313742 0.0198708 0.0144511 0.0144212 0.0140642 0.0280973 0.0144379 0.0189016 0.0131885 0.0129718 0.0304903 0.0112276 0.0237569 0.0109574 0.0115096 0.0106037 0.0124805 0.0105824 0.0118221 0.0144562 0.0109281 0.0103074 0.0101899 0.0115482 0.0102451 0.0101881 0.0102014 0.0132973 0.018038
threshold=9.7500000000000018 9.2500000000000018 3.0865100622177128 3.785109400749207 1.5000000000000002 8.7500000000000018 8.2500000000000018 7.7500000000000009 7.2500000000000009 7.5000000000000009 10.250000000000002 10.750000000000002 1.0000000180025095e-35 0.98564770817756664 46.673334121704109 1.0000000180025095e-35 2.1058121919631962 0.98757717013359081 359.19441223144537 3.5000000000000004 1.6402013301849367 0.36997470259666448 10.982756137847902 0.67543861269950878 4.1026091575622567 0.14718484133481982 0.63818180561065685 12.250000000000002 18.500000000000004 13.250112533569338
decision_type=2 2 2 2 2 2 2 2 2 2 2 2 2 2 2 2 2 2 2 2 2 2 2 2 2 2 2 2 2 2
left_child=1 2 5 9 -5 6 7 8 14 -2 18 -12 26 -14 15 -1 22 -18 21 20 -20 -11 -16 24 25 -7 27 -13 29 -29
right_child=3 -3 -4 4 -6 23 -8 -9 -10 10 11 12 13 -15 16 -17 17 -19 19 -21 -22 -23 -24 -25 -26 -27 -28 28 -30 -31
leaf_value=0.0079357139205148471 -0.040981844081113772 -0.050606932708165943 -0.016710003559008948 0.018023205866763981 -0.047166662046426555 0.033350271736065563 -0.050453644677226295 0.014004444185107677 -0.050446918721357828 0.042028149417244205 -0.05046613970327142 0.029191293466757293 -0.037197107473980952 0.0096691154700801456 0.0062822152983349772 -0.0080277770191701237 -0.013817044066692161 0.0407990169464756 -0.044772457811696247 0.033879370782812335 0.02418385556323864 -0.030801381407759915 -0.031439535779757131 -0.043156027184796393 0.03357874930275595 -0.012974601156864593 -0.042908498047744076 -0.02156827996247998 0.024340821328110582 0.032571057557863214
leaf_weight=0.29504269841329367 0.012573815105887065 0.035101630560928965 0.20560262850724742 0.013528572417839335 0.022749914174949759 0.017810931105593397 0.028808538378850002 0.14618070294881313 0.020663771776603168 0.070368536190315523 0.022172891279954587 0.10923303951282115 0.035051825321567476 0.11830487432715703 0.023558901089293191 0.18291472568846545 0.028152190672752212 0.016644110538128403 0.016403330160837726 0.024344648389476475 0.014163065089135118 0.0055575164506374 0.078291969017405622 0.006884148840154313 0.065152958420902962 0.036178141680801801 0.0071445722136990178 0.052819178636489994 0.071903837983636532 0.021708346294327718
leaf_count=38104 316 563 406885 414 1365 43 269 661 355 280 143 501 151 238 15030 170408 11831 9102 52 65 49 39 41999 116 343 99 157 212 240 31
internal_value=9.47538e-10 -0.00404038 -0.00262135 0.00775998 -0.0228568 0.000439744 -0.00194956 -0.000184025 -0.00339832 0.00966927 0.0107882 0.00666433 0.00970818 -0.00104282 -0.00184181 0.00182647 -0.0137976 0.00647561 0.0246043 0.00788332 -0.0128213 0.0366973 -0.0227142 0.0159908 0.0194084 0.00230792 0.0159817 0.0176274 0.0090011 -0.0057986
internal_weight=1.80502 1.18699 1.15189 0.618028 0.0362785 0.946284 0.820258 0.791449 0.645268 0.581749 0.569176 0.438339 0.416166 0.153357 0.624605 0.477957 0.146647 0.0447963 0.130837 0.054911 0.0305664 0.0759261 0.101851 0.126026 0.119142 0.0539891 0.262809 0.255664 0.146431 0.0745275
internal_count=700061 695808 695245 4253 1779 288360 287759 287490 286829 2474 2158 1673 1530 389 286474 208512 77962 20933 485 166 101 319 57029 601 485 142 1141 984 483 243
is_linear=0
shrinkage=0.05


Tree=247
num_leaves=31
num_cat=0
split_feature=10 2 54 32 5 57 28 10 3 1 6 14 29 14 56 38 12 34 3 57 16 34 24 36 12 34 38 2 10 10
split_gain=0.022819 0.0125112 0.0137341 0.0112873 0.0125964 0.0111764 0.0110156 0.0109947 0.0109801 0.0106726 0.0153429 0.0126776 0.0126215 0.0144731 0.0114973 0.0114792 0.0114123 0.0120218 0.0156782 0.0118818 0.0147312 0.0113045 0.0108455 0.0121912 0.0098295 0.00974005 0.0094197 0.00934916 0.011016 0.0141159
threshold=4.7500000000000009 5.5000000000000009 0.1297685578465462 0.9961538314819337 1.5000000000000002 0.34842120110988622 0.30789473652839666 4.2500000000000009 5.5000000000000009 25.500000000000004 1.0000000180025095e-35 8.1582689285278338 7.2516994476318368 0.35344822704792028 0.74901574850082409 0.36402259767055517 0.77350428700447094 1.6280510425567629 3.5000000000000004 0.95246627926826488 0.80699288845062267 3.1647884845733647 0.65686276555061351 0.99609375000000011 0.64852941036224376 0.26248389482498174 0.36965960264205938 4.5000000000000009 3.7500000000000004 3.2500000000000004
decision_type=2 2 2 2 2 2 2 2 2 2 2 2 2 2 2 2 2 2 2 2 2 2 2 2 2 2 2 2 2 2
left_child=7 2 3 4 8 6 -4 27 -2 10 11 14 13 25 -7 16 17 19 21 20 -14 -19 23 -18 26 -12 -16 28 29 -1
right_child=1 -3 5 -5 -6 9 -8 -9 -10 -11 12 -13 15 -15 24 -17 22 18 -20 -21 -22 -23 -24 -25 -26 -27 -28 -29 -30 -31
leaf_value=-0.0086174408383528772 0.0025931836609294767 -0.011490501527885081 -0.036818618279709767 0.032445448530461822 -0.04420915192609319 0.0073856748211241774 0.0012861210059232292 -0.050277932829359322 0.041008988862915874 -0.01649278314948225 -0.028437877664710998 -0.050367375857307252 0.018051189366341185 -0.038105445032004061 0.039007241053396945 -0.013922161486387453 -0.050475371833689331 0.027706773772723139 -0.02148644265098271 0.01820389638524848 -0.028572158087671731 -0.0028639476488146872 -0.050331317666576274 0.033467871956769354 -0.016709502675367416 0.041786283456987525 0.0070865133591606205 -0.049195909267572287 0.012650701435703944 -0.050331632820228914
leaf_weight=0.16924713457380847 0.072533731496264964 0.14484532542770945 0.035610707341657721 0.070498814044125169 0.010908571184693017 0.35818612352606349 0.040579536290502816 0.018639743343401571 0.025015519096683647 0.064107494322629521 0.0084080323398297296 0.0083045728181168066 0.023996989613010555 0.044371315763619634 0.079518741224710254 0.095464035756272103 0.0065904327645455165 0.14030029931216248 0.024559378713489011 0.040708438271366276 0.057629637388203037 0.038548680609892583 0.016890964558158306 0.012584366027741378 0.012683998469636304 0.01196343733042049 0.032581252747334588 0.01472446758114529 0.050373334674647746 0.023041572954478784
leaf_count=472141 377 6600 2315 448 46 1823 446 2223 83 678 45 235 47 902 344 918 93 239 136 73 88 335 278 74 159 22 117 206324 1230 1222
internal_value=8.56809e-10 0.00246549 0.00398248 0.0168704 0.00674636 0.00198318 -0.0165237 -0.0131962 0.0124445 0.00329193 0.00454365 0.0108858 -0.00142502 -0.0220872 0.011939 0.00150042 0.0055697 0.00852449 0.0159736 -0.00386134 -0.0148656 0.0211176 -0.0211177 0.00461634 0.0250092 0.0128023 0.0297297 -0.0105107 -0.00816337 -0.013616
internal_weight=1.75342 1.47739 1.33255 0.178957 0.108458 1.15359 0.0761902 0.276026 0.0975493 1.0774 1.01329 0.491275 0.522016 0.0647428 0.48297 0.457273 0.361809 0.325743 0.203408 0.122335 0.0816266 0.178849 0.0360658 0.0191748 0.124784 0.0203715 0.1121 0.257387 0.242662 0.192289
internal_count=700061 16921 10321 954 506 9367 2761 683140 460 6606 5928 2678 3250 969 2443 2281 1363 918 710 208 135 574 445 167 620 67 461 680917 474593 473363
is_linear=0
shrinkage=0.05


Tree=248
num_leaves=31
num_cat=0
split_feature=4 11 7 34 29 16 6 14 6 69 27 37 18 14 17 3 14 57 18 16 29 37 58 16 58 18 58 24 11 7
split_gain=0.0218175 0.0179131 0.0155173 0.0139544 0.0193943 0.0154924 0.0128414 0.0125995 0.013523 0.0124586 0.0119964 0.0128549 0.0110439 0.01111 0.0108314 0.0100981 0.00982457 0.0104289 0.0126091 0.0098014 0.00969918 0.00961481 0.0106824 0.00931261 0.00883045 0.00917749 0.00863915 0.00845916 0.00839478 0.00839137
threshold=1.0000000180025095e-35 1.2649122476577761 1.0000000180025095e-35 0.13382896780967715 1.0000000180025095e-35 0.48908095061779028 1.0000000180025095e-35 6.0565872192382821 1.0000000180025095e-35 8.3225159645080584 26.471666336059574 0.95285767316818248 0.35004845261573797 0.30427655577659612 0.92988044023513805 3.5000000000000004 0.25655800104141241 0.85703989863395702 0.22929595410823825 0.76922306418418895 6.8825681209564218 0.99781844019889843 0.31712804734706884 0.71748292446136486 0.11956425756216051 0.18666066974401477 0.51581138372421276 0.99038460850715648 0.71714287996292125 1.5000000000000002
decision_type=2 2 2 2 2 2 2 2 2 2 2 2 2 2 2 2 2 2 2 2 2 2 2 2 2 2 2 2 2 2
left_child=1 3 7 20 12 9 19 8 -3 28 11 -2 13 -5 -4 -14 -8 18 -18 -7 29 22 -19 -13 27 -26 -11 -23 -6 -1
right_child=10 2 14 4 5 6 16 -9 -10 26 -12 23 15 -15 -16 -17 17 21 -20 -21 -22 24 -24 -25 25 -27 -28 -29 -30 -31
leaf_value=0.028539939938461951 -0.049346240699416344 0.0055787754998427161 -0.042881297776524059 0.0069827050138093431 -0.036454510932882489 0.0099278556367050057 -0.041502973724276165 -0.038186073347308051 -0.011830594412004692 -0.035130307302319544 -0.050080997283170503 0.025784787454510932 -0.013995554057222765 -0.037385454391393923 -0.0094754235567686539 0.035197469599092007 0.027820581765522864 0.020088448730640286 -0.025170085606228111 0.029088134780372716 -0.039332957263544743 0.048789914433348701 -0.01774984679364584 -0.03237461071750157 -0.035798799761403564 -0.00043992714542801068 0.04426957827586589 -0.010322800838579589 0.014180226958050789 -0.02772390744140419
leaf_weight=0.10385909075926403 0.014277322120391296 0.32829596516325021 0.041954898689105083 0.018558607068115407 0.010018288113697441 0.18407209185019457 0.012065305139586258 0.023004316911207523 0.16894662082807599 0.047460258438505862 0.030919461366952859 0.022110137936661358 0.02771230875726205 0.058853850555343201 0.057548834304904747 0.016729920508285367 0.014341420996366594 0.15870355577169182 0.051678033270968426 0.10471709959534259 0.0061956363844188891 0.014492679554351184 0.021137161154593187 0.0099940537085152527 0.024434988926147039 0.073707718909557851 0.0036924063586405423 0.010391574191951136 0.044746962736769369 0.0070786222863148387
leaf_count=348 33804 16182 76277 118 164 748 26 46295 80376 976 297371 10257 745 911 87773 179 70 437 720 492 39 24 107 44819 51 282 65 24 358 23
internal_value=1.11827e-09 0.00122764 -0.00547006 0.00531863 0.00320033 0.00611354 0.00892367 -0.00201 -0.000336354 -0.0116555 -0.0259564 -0.0098742 -0.0153436 -0.0267488 -0.0235607 0.00452276 0.0028956 0.00434775 -0.0136589 0.0168755 0.0215497 0.00827287 0.0156412 0.00767973 -0.00249817 -0.00924337 -0.0293989 0.0241047 0.00491754 0.0249499
internal_weight=1.7117 1.6344 0.619751 1.01465 0.897514 0.77566 0.669742 0.520247 0.497243 0.105918 0.077301 0.0463815 0.121855 0.0774125 0.0995037 0.0444422 0.380952 0.368887 0.0660195 0.288789 0.117133 0.302868 0.179841 0.0321042 0.123027 0.0981427 0.0511527 0.0248843 0.0547653 0.110938
internal_count=700061 313810 306903 6907 6497 4544 2981 142853 96558 1563 386251 88880 1953 1029 164050 924 1741 1715 790 1240 410 925 544 55076 381 333 1041 48 522 371
is_linear=0
shrinkage=0.05


Tree=249
num_leaves=31
num_cat=0
split_feature=10 2 54 65 57 29 12 6 69 58 14 3 16 54 5 67 14 46 12 1 57 3 14 17 11 58 24 16 29 57
split_gain=0.021431 0.0111275 0.0117413 0.0107641 0.0104042 0.0109306 0.0109697 0.0104348 0.0103459 0.0101915 0.0101524 0.0187632 0.012404 0.0124283 0.010514 0.010055 0.00980405 0.0121801 0.0106492 0.011104 0.00974953 0.00970834 0.00947857 0.00899839 0.01058 0.00886454 0.0087271 0.0116241 0.0171035 0.0121151
threshold=4.7500000000000009 5.5000000000000009 0.1297685578465462 11.550000190734865 0.83079293370246898 1.0000000180025095e-35 0.37715516984462744 1.0000000180025095e-35 11.821442127227785 0.31327085196971899 1.7699052691459658 3.5000000000000004 0.74100372195243847 2.9356914758682255 1.0000000180025095e-35 15.650000095367433 4.0224173069000253 24.44999980926514 0.30217391252517706 10.500000000000002 0.89739212393760692 1.0000000180025095e-35 0.37705436348915106 0.99833789467811596 0.92980295419693004 0.2837748527526856 0.56949809193611156 0.79901155829429638 13.436616420745851 0.95246627926826488
decision_type=2 2 2 2 2 2 2 2 2 2 2 2 2 2 2 2 2 2 2 2 2 2 2 2 2 2 2 2 2 2
left_child=3 2 8 -1 16 6 15 22 23 10 26 12 -12 -14 -15 -6 17 -4 -19 -20 -5 -21 -7 -2 -25 -22 -9 -28 -29 -30
right_child=1 -3 4 20 5 7 -8 9 -10 -11 11 -13 13 14 -16 -17 -18 18 19 21 25 -23 -24 24 -26 -27 27 28 29 -31
leaf_value=-0.0045256342337976303 0.02633030508841518 -0.010999989149383008 0.012112204138750721 -0.040270321895126256 -0.019752770027418324 -0.026214048486790494 -0.030367608938561316 0.014885430154242483 -0.030271451738266161 -0.02607826287520329 -0.021016675687628144 -0.037299521534428857 0.030441908601431963 0.015624277107481594 -0.039635925280003474 0.036076697072353968 -0.033293873388976693 -0.033741363264771666 -0.04551395791797206 -0.05050691075741897 -0.027528211673430919 0.0049315855621143807 0.015084241392935061 0.032978814260635862 -0.021627197505211113 0.012595192327535767 0.024282285842925869 -0.033065377493660404 -0.021044885151009097 0.027419448134582337
leaf_weight=0.1531881621440826 0.11868494629115978 0.13868399614940208 0.088431819132130496 0.053695909591608706 0.015944695883323978 0.01452250115158904 0.041578191205457415 0.043570982324382612 0.01116717229621278 0.031235888150191293 0.019022602541115319 0.017556537669905059 0.11038277487630488 0.026519385842853405 0.01274410008559812 0.016318995520133939 0.029703185487660377 0.038876891263218916 0.014385410406678512 0.0085022527620405297 0.032429577826676201 0.11093305445985147 0.32089803390718696 0.014017293585311563 0.024158364639724539 0.02391895291356877 0.020286226508005711 0.068345590472389972 0.023984027539227348 0.027890502653818317
leaf_count=186391 787 6600 445 233684 153 38 834 93 67 194 127 253 241 218 181 34 3046 548 222 226 228014 541 1627 20 80 35051 56 175 58 57
internal_value=3.46353e-11 0.00244762 0.00391649 -0.0130952 0.00203866 0.00494884 -0.0133914 0.0067865 0.016228 0.00134872 0.00366224 0.0118933 0.0170138 0.0218481 -0.00231202 0.00848581 -0.00607453 -0.00297836 -0.0107057 -0.00401346 -0.0250246 0.00098508 0.0132962 0.0195384 -0.00157703 -0.0104965 -0.0046649 -0.0107275 -0.0166351 0.00501211
internal_weight=1.67158 1.40835 1.26966 0.263233 1.10163 0.810801 0.0738419 0.736959 0.168028 0.401539 0.370303 0.186225 0.168669 0.149646 0.0392635 0.0322637 0.290833 0.261129 0.172698 0.133821 0.110044 0.119435 0.335421 0.156861 0.0381757 0.0563485 0.184077 0.140506 0.12022 0.0518745
internal_count=700061 16921 10321 683140 9367 4339 1021 3318 954 1653 1459 1020 767 640 399 187 5028 1982 1537 989 496749 767 1665 887 100 263065 439 346 290 115
is_linear=0
shrinkage=0.05


Tree=250
num_leaves=31
num_cat=0
split_feature=4 10 10 14 14 12 2 10 10 10 10 1 7 18 13 27 37 6 58 3 20 18 49 32 57 37 1 27 2 49
split_gain=0.0206012 0.0169455 0.0287299 0.0131257 0.0120153 0.0138491 0.0125709 0.0120053 0.025388 0.0142419 0.0175536 0.0111978 0.0146146 0.0147135 0.0190024 0.0110461 0.0118053 0.0108147 0.0107102 0.013087 0.00993395 0.0131854 0.0135882 0.00901025 0.0118851 0.0137904 0.0096566 0.00893834 0.00915818 0.00907261
threshold=1.0000000180025095e-35 9.7500000000000018 9.2500000000000018 3.0865100622177128 3.785109400749207 0.14642857760190967 1.5000000000000002 8.7500000000000018 8.2500000000000018 7.7500000000000009 7.2500000000000009 13.500000000000002 1.0000000180025095e-35 0.29579851031303411 383.19085693359381 26.471666336059574 0.95285767316818248 1.0000000180025095e-35 0.38206297159194952 3.5000000000000004 0.0048263682983815679 0.31272096931934362 10.515537261962892 0.89583334326744091 0.91180461645126354 0.98726555705070507 7.5000000000000009 46.673334121704109 3.5000000000000004 15.516615867614748
decision_type=2 2 2 2 2 2 2 2 2 2 2 2 2 2 2 2 2 2 2 2 2 2 2 2 2 2 2 2 2 2
left_child=1 2 3 7 5 -3 -6 8 9 10 27 20 17 14 -14 16 -2 18 -13 -20 21 22 -7 24 26 -26 -5 28 -1 -30
right_child=15 4 -4 23 6 11 -8 -9 -10 -11 -12 12 13 -15 -16 -17 -18 -19 19 -21 -22 -23 -24 -25 25 -27 -28 -29 29 -31
leaf_value=0.0067300355763769268 -0.049314546254319087 -0.030778615519724519 -0.050598876005650988 0.018523180746407717 0.018553246183525482 -0.014616094753423764 -0.046474413482897187 0.016838523064209267 -0.050416015874872148 0.016036031132689577 -0.0504150801675496 0.037149728516753154 0.049133097153698881 -0.027931477620296137 -0.0087319747825588441 -0.050077374503752471 0.0069637293533122077 0.011281378418751195 -0.036724325322224999 0.038546366487074504 0.04679045608255275 -0.029729729541380007 0.028326262916936469 -0.044235827372578258 0.03537654425216534 -0.015271475383090217 -0.025742683496736387 -0.012378652177545461 -0.0042243934797668017 -0.046833094045994728
leaf_weight=0.31961453085572855 0.013418262747785969 0.019714219529971599 0.030195822157587648 0.014365430536374069 0.012048806327844289 0.036994952067502807 0.019396324165170606 0.11120680370450908 0.024908316936486319 0.12764159713376455 0.01846747399507731 0.12446120220895374 0.023307515815872648 0.032461561900069213 0.036260183243660649 0.028801544776292362 0.030496716836462105 0.12325604399409329 0.011808347208358327 0.011301553520439711 0.0098968041700615572 0.037260380938352433 0.036693133541394474 0.020989227957678214 0.026471577080090687 0.027300302074870726 0.08654738605790889 0.12783200131081662 0.074746879696604859 0.015000436633912942
leaf_count=47214 33804 85 370 811 274 130 1030 517 168 543 232 726 47 72 79 297371 55076 321 38 23 25 335 80 37259 5435 49339 92867 33563 35259 6968
internal_value=-2.78151e-10 0.00121248 -0.00255119 -0.00109319 0.00842715 0.0103001 -0.0215578 0.00156569 -0.000832521 0.000974937 -0.00248476 0.0119744 0.0163647 -0.000849208 0.0139093 -0.026014 -0.0102321 0.0222141 0.0313454 8.56879e-05 -0.00120822 -0.00548979 0.00676714 -0.0134954 -0.0093242 0.00966224 -0.0194412 -0.000837031 0.00276709 -0.011346
internal_weight=1.63287 1.56015 1.02529 0.995092 0.534861 0.503416 0.0314451 0.819418 0.708211 0.683303 0.555661 0.483702 0.362856 0.0920293 0.0595677 0.0727165 0.043915 0.270827 0.147571 0.0231099 0.120845 0.110948 0.0736881 0.175674 0.154685 0.0537719 0.100913 0.537194 0.409362 0.0897473
internal_count=700061 313810 310545 310175 3265 1961 1304 124464 123947 123779 123236 1876 1306 198 126 386251 88880 1108 787 61 570 545 210 185711 148452 54774 93678 123004 89441 42227
is_linear=0
shrinkage=0.05


Tree=251
num_leaves=31
num_cat=0
split_feature=17 12 10 10 46 3 34 16 2 6 1 7 10 10 10 10 10 10 56 10 10 54 13 54 0 4 10 10 1 69
split_gain=0.0200623 0.0181989 0.0128901 0.0258177 0.0110168 0.0138132 0.0125624 0.0110147 0.0125481 0.0107462 0.0154353 0.0102016 0.0109712 0.0232109 0.0154657 0.0210281 0.00929544 0.0322379 0.0159271 0.0130359 0.0172696 0.0113948 0.0100248 0.00974224 0.00945413 0.00878694 0.00862903 0.0179949 0.0114904 0.0115918
threshold=0.83183515071868908 1.1715686321258547 9.7500000000000018 9.2500000000000018 27.900000572204593 1.5000000000000002 2.1471327543258671 0.54054200649261486 1.0000000180025095e-35 3.5000000000000004 8.5000000000000018 1.5000000000000002 10.250000000000002 10.750000000000002 11.250000000000002 11.750000000000002 8.7500000000000018 8.2500000000000018 0.94466316699981701 7.7500000000000009 7.2500000000000009 3.1291171312332158 409.09986877441412 0.11639168485999109 7.5000000000000009 1.0000000180025095e-35 12.250000000000002 12.750000000000002 18.500000000000004 14.165214061737062
decision_type=2 2 2 2 2 2 2 2 2 2 2 2 2 2 2 2 2 2 2 2 2 2 2 2 2 2 2 2 2 2
left_child=4 2 3 9 6 -6 25 -4 -9 16 -11 12 -10 -14 -15 -16 17 19 21 20 23 -18 -21 -2 -25 -1 -17 -28 29 -29
right_child=1 -3 7 -5 5 -7 -8 8 11 10 -12 -13 13 14 15 26 18 -19 -20 22 -22 -23 -24 24 -26 -27 27 28 -30 -31
leaf_value=0.014025560119243274 0.023500564499187387 -0.045514603130778257 -0.027859776124383052 -0.050505273901777281 -0.042236674461350543 -0.010318951717964124 -0.017093589323959314 0.04881535729828005 0.026818020182433955 0.035969530944243724 -0.048224351423079827 -0.039450713137065746 -0.050433008842738471 0.033339189251009101 -0.050557561309111702 0.027591501146989762 0.032199128746206139 -0.050454164329428966 -0.038528781290371523 0.021515315891363792 -0.05040317270290498 -0.013557490068538045 -0.031858628077696224 0.033229685070648877 -0.0028272962266309033 -0.048235476654865064 -0.050534246447844766 -0.015773156887048036 0.022301417988194374 0.035440682727028661
leaf_weight=0.087649072080123458 0.043714835129681995 0.019146004665710259 0.01789290130393445 0.024658003177137067 0.050408315422334121 0.10349364813596629 0.078727392273722302 0.022158382365235596 0.089178011323015838 0.0071664580482487623 0.022644988897261204 0.010102347922558153 0.016708994805781474 0.05749486350158195 0.016229087708345524 0.046171670209789184 0.073632670162556479 0.029712322418204984 0.011584824502511637 0.11399516896926665 0.01691753178464861 0.016690500162529709 0.0095331568425676139 0.019007223248690586 0.41748431090561905 0.0060586063930229686 0.014268971329318703 0.057569572920189327 0.072797769345436691 0.013672949942233004
leaf_count=6268 2201 418562 98 215 91489 82396 42569 63 417 22 6027 35 128 303 84 215 410 242 34 548 373 142 49 4334 35439 6871 58 230 214 25
internal_value=5.65637e-10 0.00286134 0.00360769 -0.00013096 -0.0110489 -0.0207731 -0.00236986 0.0105534 0.0122042 0.00145727 -0.0279847 0.0101462 0.0114507 0.0068038 0.0102414 0.0042245 0.00262401 0.000423911 0.0166648 0.00285958 -0.000752572 0.0237439 0.0173962 0.000996604 -0.00125718 0.0100001 0.0085724 0.00302539 0.00833113 -0.00594414
internal_weight=1.58647 1.26013 1.24099 0.806742 0.326337 0.153902 0.172435 0.434246 0.416353 0.782084 0.0298114 0.394194 0.384092 0.294914 0.278205 0.22071 0.752273 0.650365 0.101908 0.620652 0.497124 0.0903232 0.123528 0.480206 0.436492 0.0937077 0.204481 0.158309 0.14404 0.0712425
internal_count=700061 470468 51906 50036 229593 173885 55708 1870 1772 49821 6049 1709 1674 1257 1129 826 43772 43186 586 42944 42347 552 597 41974 39773 13139 742 527 469 255
is_linear=0
shrinkage=0.05


Tree=252
num_leaves=31
num_cat=0
split_feature=10 2 6 38 18 10 21 6 24 54 58 38 6 29 34 12 18 39 18 39 23 59 2 27 17 12 19 23 2 38
split_gain=0.0197915 0.010667 0.0113012 0.0127663 0.0124105 0.00978169 0.00865332 0.00843838 0.00880462 0.00815074 0.00798173 0.00834925 0.00861508 0.00917828 0.0137884 0.00868165 0.00825756 0.00789571 0.00781803 0.00778484 0.00775341 0.00766062 0.00764801 0.00761167 0.00738651 0.010411 0.00892134 0.00958329 0.00823085 0.0100028
threshold=4.7500000000000009 5.5000000000000009 1.0000000180025095e-35 0.36402259767055517 0.30590601265430456 4.2500000000000009 1.0000000180025095e-35 1.0000000180025095e-35 1.0000000180025095e-35 2.8986701965332036 0.30582579970359808 0.33484376966953283 2.5000000000000004 8.3306927680969256 0.37185843288898474 0.54772728681564342 0.25940138101577764 0.02686727233231068 0.37642948329448706 0.00034807738848030573 4.6492202281951913 0.00092118218890391301 8.5000000000000018 18.202500343322757 0.96310842037200939 0.54006412625312816 0.0012850177590735259 2.6802508831024174 4.5000000000000009 0.31899873912334448
decision_type=2 2 2 2 2 2 2 2 2 2 2 2 2 2 2 2 2 2 2 2 2 2 2 2 2 2 2 2 2 2
left_child=5 2 4 10 -2 7 17 21 -9 -8 11 12 24 14 15 -14 -15 -6 19 22 -13 -1 -3 -5 25 -4 27 -26 29 -29
right_child=1 18 3 23 6 -7 9 8 -10 -11 -12 20 13 16 -16 -17 -18 -19 -20 -21 -22 -23 -24 -25 26 -27 -28 28 -30 -31
leaf_value=-0.0084402529137093101 0.016781856271397288 0.0028412890033309565 -0.0073551710783344524 -0.048616518203014047 -0.0018830915833078861 -0.050257193043391803 0.043547668894733361 0.005832300161403842 -0.039449406752394792 -0.044555951547972927 -0.047260690027644811 0.026830150741712001 -0.024711803449481037 0.028226113375036943 -0.050380138542098246 0.031322666191257703 -0.012784863696649185 0.025885175668066945 -0.044647665781652079 -0.03990241291589499 -0.03895168108281092 0.026349421951921848 -0.047006718069111081 -0.011008767886263196 -0.033544672781357546 -0.04966361117744568 -0.040202500109343224 0.01874138480951151 -0.022514312908940612 -0.046449761530665407
leaf_weight=0.15827456363133513 0.26516205727368519 0.089186541823658386 0.065527178159685784 0.015578422066495734 0.30539157419398683 0.016411801173257107 0.020130156986311043 0.014625540377018527 0.040356702091153156 0.0030187960613083922 0.0078525436727221454 0.052912287636334043 0.010792652577984896 0.068902745198435866 0.013052324568054496 0.019226726192407284 0.014934546271919036 0.027941854641124309 0.01537898577355909 0.015222936108406193 0.0048936942087151039 0.0175812085583891 0.0084212770558837052 0.098681881905306801 0.014229945790330767 0.018687113303770153 0.011675117593943019 0.10055883338973537 0.017017452647460019 0.0062498954008426413
leaf_count=131787 1996 1699 277 399 2568 2223 129 38201 507345 72 124 309 34 243 137 51 77 213 2459 899 25 3584 1543 2541 113 261 125 450 143 34
internal_value=-1.40587e-10 0.00248265 0.00399228 -0.00129357 0.00859048 -0.0129593 0.0024975 -0.0103075 -0.0274043 0.0320583 0.0026827 0.00361946 0.000793388 0.0112826 -0.0074771 0.011177 0.0209205 0.000444598 -0.0112044 -0.00664609 0.0212612 -0.00496215 -0.00145943 -0.0161363 -0.00489674 -0.0167434 0.00176624 0.00531545 0.00978121 0.0149267
internal_weight=1.53788 1.29063 1.16242 0.540773 0.621644 0.24725 0.356482 0.230838 0.0549822 0.023149 0.426513 0.418661 0.360855 0.126909 0.0430717 0.0300194 0.0838373 0.333333 0.12821 0.112831 0.057806 0.175856 0.0976078 0.11426 0.233946 0.0842143 0.149731 0.138056 0.123826 0.106809
internal_count=700061 16921 10321 5343 4978 683140 2982 680917 545546 201 2403 2279 1945 542 222 85 320 2781 6600 4141 334 135371 3242 2940 1403 538 865 740 627 484
is_linear=0
shrinkage=0.05


Tree=253
num_leaves=31
num_cat=0
split_feature=10 10 4 14 49 6 17 12 54 10 57 10 54 37 10 56 54 45 3 11 7 49 12 38 13 67 23 18 18 11
split_gain=0.0191761 0.0149995 0.0110972 0.010436 0.0104658 0.0101585 0.0101079 0.00982572 0.0111506 0.00902274 0.00869239 0.0090361 0.0103473 0.013043 0.0111584 0.00877247 0.00764659 0.00740127 0.00809777 0.00921344 0.00801485 0.00779779 0.00706332 0.00704008 0.00694967 0.00684995 0.00722358 0.00836318 0.0140444 0.00726347
threshold=5.7500000000000009 5.2500000000000009 1.0000000180025095e-35 4.4376320838928232 10.242405891418459 1.0000000180025095e-35 0.73578995466232311 0.18350168317556384 0.20778109133243564 -1.0000000180025095e-35 0.76247134804725658 6.2500000000000009 1.0406137108802798 0.94238856434822094 11.750000000000002 0.39921875298023229 2.7118368148803715 40.049999237060554 4.5000000000000009 1.60357141494751 1.0000000180025095e-35 17.069822311401371 1.0277777910232546 0.6200070083141328 291.14698791503912 46.500000000000007 4.2502312660217294 0.189234733581543 0.20368735492229464 1.60357141494751
decision_type=2 2 2 2 2 2 2 2 2 2 2 2 2 2 2 2 2 2 2 2 2 2 2 2 2 2 2 2 2 2
left_child=1 9 3 5 -5 7 -7 8 -2 -1 11 15 13 14 -13 -9 -14 18 19 23 -20 -19 -8 24 -11 26 27 -12 -29 -28
right_child=2 -3 -4 4 -6 6 22 10 -10 17 25 12 16 -15 -16 -17 -18 21 20 -21 -22 -23 -24 -25 -26 -27 29 28 -30 -31
leaf_value=-0.050000854500025164 0.045754535545774619 -0.05039954137437367 -0.027809892685497235 0.0011418762660285477 -0.048411615679411754 -0.036435438368517009 0.001992398207522957 0.046967864627234318 -0.026433871091210967 0.023641466938816507 0.028666854762972552 -0.028920491160380819 -0.031639567838052544 0.031768685376791762 0.028360967212921862 -0.024985181477043893 0.016419409760524178 -0.016954394229427263 0.021780946989587751 -0.019309502553475879 -0.029944571910431081 0.021388226544343809 -0.050172913118115448 -0.044434653906184306 -0.025608366193898602 -0.039874461708226908 0.030068488047037302 -0.042399583461580195 0.010545007384652064 -0.028729718653356884
leaf_weight=0.011939212871415195 0.0064047302953864618 0.021336891218798726 0.027960579278590525 0.025124783752979885 0.018501668504271818 0.018464983507750721 0.46861456837771875 0.017667218888807179 0.032465232003081823 0.039590254452382123 0.057271675485884632 0.027451846043451633 0.039905675365795146 0.031822172177085273 0.012316214558431682 0.0055720976533661917 0.01044260348510706 0.14924464615504432 0.057617083626841203 0.065686741206954058 0.0086078777780355664 0.014553151839267725 0.0065802301217082739 0.0056115483600532859 0.0087452522899191809 0.0054910810382580158 0.10449501487272395 0.013422740225195184 0.18741691424343898 0.0055303559563348861
leaf_count=641957 54 1762 3620 1357 2364 733 1371 55 171 636 297 139 273 191 48 37 148 27938 1611 9802 398 1956 435 359 637 13 505 43 1117 34
internal_value=2.70538e-10 -0.00966211 0.00329492 0.0040892 -0.0198734 0.00508356 -0.000140304 0.00970777 -0.0145392 -0.00725829 0.0115244 0.00114179 -0.00430389 0.00791068 -0.0111804 0.0297157 -0.0216718 -0.00579882 0.0010303 -0.00673476 0.0150577 -0.0135477 0.00127004 0.00857642 0.0147308 0.0155587 0.0163855 0.0118127 0.00700656 0.027113
internal_weight=1.50586 0.382933 1.12292 1.09496 0.0436265 1.05134 0.49366 0.557676 0.03887 0.361596 0.518806 0.145178 0.121939 0.0715902 0.0397681 0.0232393 0.0503483 0.349657 0.185859 0.119634 0.066225 0.163798 0.475195 0.0539471 0.0483355 0.373628 0.368137 0.258111 0.20084 0.110025
internal_count=700061 687056 13005 9385 3721 5664 2539 3125 225 685294 2900 891 799 378 187 92 421 43337 13443 11434 2009 29894 1806 1632 1273 2009 1996 1457 1160 539
is_linear=0
shrinkage=0.05


Tree=254
num_leaves=31
num_cat=0
split_feature=10 10 17 45 10 10 8 10 2 6 34 13 43 2 34 16 66 11 12 58 3 18 13 5 34 54 16 38 29 2
split_gain=0.0191699 0.0219051 0.0116131 0.0109973 0.0109246 0.0139126 0.01015 0.0086016 0.00796777 0.00767865 0.0077032 0.00750965 0.00898018 0.00983154 0.00957909 0.00744407 0.00823988 0.00781628 0.00730703 0.0111355 0.00818781 0.0102877 0.0113165 0.00728125 0.00950937 0.00720806 0.0071987 0.00706331 0.00855953 0.00993225
threshold=6.7500000000000009 6.2500000000000009 0.81618532538414013 50.049999237060554 5.7500000000000009 5.2500000000000009 1.0000000180025095e-35 -1.0000000180025095e-35 8.5000000000000018 1.0000000180025095e-35 4.0216782093048105 326.10020446777349 3.9607677459716801 3.5000000000000004 3.0527288913726811 0.58983993530273449 20.250000000000004 1.2649122476577761 0.58578431606292736 0.12199011817574502 4.5000000000000009 0.4450449943542481 453.05659484863287 1.0000000180025095e-35 2.251989603042603 2.7118368148803715 0.2880984246730805 0.28677389025688177 9.9022612571716326 2.5000000000000004
decision_type=2 2 2 2 2 2 2 2 2 2 2 2 2 2 2 2 2 2 2 2 2 2 2 2 2 2 2 2 2 2
left_child=1 4 3 23 5 7 -5 -1 9 18 15 -6 -13 14 -14 -11 17 -17 20 -20 21 22 26 24 -2 -15 -4 -28 -29 -30
right_child=2 -3 8 6 11 -7 -8 -9 -10 10 -12 12 13 25 -16 16 -18 -19 19 -21 -22 -23 -24 -25 -26 -27 27 28 29 -31
leaf_value=-0.050000811095136904 0.026482745735487062 -0.050369796655444478 -0.048440640678088481 -0.031836825941293126 0.019287069113189888 -0.050363077814968377 0.039170829299788067 -0.0058695377323552669 -0.046474886886326561 -0.029318520072902254 -0.043608049511048574 -0.031276892868202712 0.032130385808090606 -0.045023959889002929 -0.045950936435829273 0.0088365246459365856 -0.02793885713566148 -0.017527240042605152 0.024416518683874986 -0.02027227464802742 0.036783273553860442 -0.029066880796679032 -0.021262609762944334 -0.026534562911980225 -0.012284619522578566 0.031230301695024248 0.032089924693527623 -0.0092146429109966829 -0.00280217352514387 0.02568175494283494
leaf_weight=0.011410417871978273 0.03844812244332374 0.028255253581354611 0.0041323288105559733 0.054001175083112862 0.064770855288512008 0.019805379240697585 0.0055498850767206056 0.34146670230041093 0.0069875334569325922 0.016774404910417928 0.0089787484358042069 0.021461478451280769 0.030569030086656568 0.011877277752951942 0.0045071344897438239 0.3146572805527823 0.018309107907754196 0.030872588873972817 0.02192590405491357 0.038270848945150648 0.037986616505586657 0.014417092124533237 0.020815812746150186 0.016618530151588873 0.026875257068575409 0.0041931515919432219 0.066763263397374928 0.034834474009786565 0.04156222257542197 0.11608433525331208
leaf_count=641957 369 1289 8 2614 816 1762 53 43337 757 70 794 227 103 167 139 865 79 230 126 409 209 71 62 521 1041 234 353 284 291 824
internal_value=1.23894e-09 -0.00751636 0.00432809 -0.00886785 -0.00514246 -0.00958521 -0.0252192 -0.00729654 0.0066815 0.00715383 0.00216761 0.00690987 -0.00413135 0.00725911 0.0220973 0.00324747 0.00474889 0.00648096 0.0120496 -0.00399495 0.014919 0.0121376 0.0142279 0.00301548 0.0105331 -0.0251274 0.0170328 0.0180765 0.0132158 0.0181722
internal_weight=1.47318 0.538317 0.934866 0.141493 0.510061 0.372682 0.0595511 0.352877 0.793373 0.786385 0.389592 0.137379 0.0726081 0.0511466 0.0350762 0.380613 0.363839 0.34553 0.396793 0.0601968 0.336596 0.29861 0.284192 0.0819419 0.0653234 0.0160704 0.263377 0.259244 0.192481 0.157647
internal_count=700061 690031 10030 4598 688742 687056 2667 685294 5432 4675 2038 1686 870 643 242 1244 1174 1095 2637 535 2102 1893 1822 1931 1410 401 1760 1752 1399 1115
is_linear=0
shrinkage=0.05


Tree=255
num_leaves=31
num_cat=0
split_feature=10 10 17 26 10 10 8 12 45 3 11 12 36 69 54 7 2 13 69 6 34 7 2 18 4 3 12 5 13 14
split_gain=0.018368 0.0204669 0.0109404 0.0101447 0.0096655 0.0131758 0.00944878 0.00825149 0.00825662 0.00831365 0.00951416 0.00762674 0.00752944 0.00832136 0.00751969 0.00750897 0.00728915 0.00701307 0.0074138 0.00688051 0.00719519 0.00699529 0.0069559 0.00884403 0.00818743 0.00751036 0.00732114 0.0101097 0.00719129 0.0087504
threshold=6.7500000000000009 6.2500000000000009 0.81618532538414013 32.211111068725593 5.7500000000000009 5.2500000000000009 1.0000000180025095e-35 2.6833333969116215 40.049999237060554 4.5000000000000009 1.60357141494751 0.75499999523162853 0.74901574850082409 10.528823852539064 1.8213682770729067 1.0000000180025095e-35 8.5000000000000018 312.11776733398443 11.527631282806398 1.0000000180025095e-35 4.0216782093048105 1.5000000000000002 1.0000000180025095e-35 0.4450449943542481 1.0000000180025095e-35 8.5000000000000018 0.58578431606292736 1.5000000000000002 396.24404907226568 2.7830677032470708
decision_type=2 2 2 2 2 2 2 2 2 2 2 2 2 2 2 2 2 2 2 2 2 2 2 2 2 2 2 2 2 2
left_child=1 4 3 -2 5 7 -5 8 9 10 -1 12 -10 -14 -15 -11 19 18 -16 22 21 -21 -4 24 26 -26 28 -28 29 -24
right_child=2 -3 16 6 -6 -7 -8 -9 11 15 -12 -13 13 14 17 -17 -18 -19 -20 20 -22 -23 23 -25 25 -27 27 -29 -30 -31
leaf_value=0.0099870473121737389 0.0022315543157593455 -0.050348962229438965 0.036026809156858124 -0.032350721136519676 0.0063950880936655425 -0.050338994083874045 0.038422652481726348 -0.050050141832525701 -0.036929469991191038 0.023341605890809108 -0.018988803900302987 -0.035889760133057953 0.011195419308811501 -0.03835813521968906 -0.049694606231648238 -0.02813389215702429 -0.046025385295750773 -0.029119955506738487 0.030428186173969501 0.0041854940855454523 -0.043084467305811253 -0.050544321672986774 0.025862201141088909 -0.027609211235812548 -0.050141887974591653 0.04205753474128289 -0.018153624749687659 0.030548608733010397 -0.0013341087718698125 0.0041032512550012133
leaf_weight=0.050531799022778059 0.083521172135240185 0.026401430142337479 0.027388337411618946 0.049013394890325135 0.13255343223981314 0.018617832576124815 0.005218102566988402 0.010867658169729733 0.019812071564917974 0.053384796695470325 0.064476888220596329 0.031853290950568547 0.051460030387841152 0.023344290401748867 0.0034731885280539629 0.0081687296278899688 0.0065276847550729258 0.013839330552615263 0.017110641986681246 0.36844891983719147 0.0085446866373351527 0.0059324592718041904 0.1678929673033398 0.015067063876837761 0.0094196995828368379 0.0028852829000243227 0.037179774519842113 0.014936392479654614 0.04830630935120972 0.063749677958300666
leaf_count=1518 2116 1289 128 2434 1686 1762 48 429820 9455 7532 60608 161538 5601 1034 204 4767 757 2352 865 1221 794 23 1191 86 362 5 261 45 183 376
internal_value=6.52449e-10 -0.00744496 0.00428351 -0.00870214 -0.00517721 -0.00935758 -0.025541 -0.00716712 -0.00578608 0.00167982 -0.00625758 -0.0139791 -0.00857047 -0.00342661 -0.0164521 0.0165103 0.00658785 -0.00159641 0.0169088 0.00703402 0.0022828 0.00331824 0.0117373 0.00988654 0.0115271 -0.0285229 0.0130112 -0.00419566 0.0162144 0.019874
internal_weight=1.43993 0.525895 0.914032 0.137753 0.499494 0.366941 0.0542315 0.348323 0.337455 0.176562 0.115009 0.160893 0.12904 0.109227 0.0577675 0.0615535 0.776279 0.0344232 0.0205838 0.769752 0.382926 0.374381 0.386826 0.359437 0.34437 0.012305 0.332065 0.0521162 0.279949 0.231643
internal_count=700061 690031 10030 4598 688742 687056 2482 685294 255474 74425 62126 181049 19511 10056 4455 12299 5432 3421 1069 4675 2038 1244 2637 2509 2423 367 2056 306 1750 1567
is_linear=0
shrinkage=0.05


Tree=256
num_leaves=31
num_cat=0
split_feature=4 10 10 14 1 10 10 12 1 6 3 58 58 10 10 13 16 34 1 69 10 5 1 12 43 12 32 57 37 14
split_gain=0.017632 0.0150347 0.0236784 0.0121536 0.0109675 0.0100388 0.0250334 0.00953791 0.0112976 0.014608 0.00940427 0.00906982 0.00863447 0.00844585 0.0253936 0.0110611 0.0100196 0.00957369 0.00954377 0.0124462 0.00963105 0.00864103 0.0105908 0.00857642 0.00774482 0.00774295 0.0074507 0.00872131 0.0110634 0.00726196
threshold=1.0000000180025095e-35 9.7500000000000018 9.2500000000000018 3.0865100622177128 7.5000000000000009 10.250000000000002 10.750000000000002 0.91987180709838878 19.500000000000004 1.0000000180025095e-35 4.5000000000000009 0.31903967261314398 0.33734647929668432 11.250000000000002 11.750000000000002 464.08660888671881 0.7001820206642152 0.13382896780967715 18.500000000000004 13.250112533569338 13.250000000000002 1.0000000180025095e-35 22.500000000000004 0.39009661972522741 4.5163240432739267 0.14642857760190967 0.89583334326744091 0.91180461645126354 0.98726555705070507 2.2443623542785649
decision_type=2 2 2 2 2 2 2 2 2 2 2 2 2 2 2 2 2 2 2 2 2 2 2 2 2 2 2 2 2 2
left_child=1 2 3 7 -3 -6 -7 8 9 11 25 -1 29 15 -15 16 23 -16 19 20 -19 -20 -23 -8 -21 -2 27 -5 -29 -11
right_child=10 4 -4 26 5 6 13 -9 -10 12 -12 -13 -14 14 17 -17 -18 18 21 24 -22 22 -24 -25 -26 -27 -28 28 -30 -31
leaf_value=0.029059127388890299 0.02108822689627304 -0.041299044495755444 -0.050517516994267132 -0.019134646628675998 0.023514472481898727 -0.050365224017778765 0.022738176360217119 -0.020746451529493896 -0.0046765278395792141 -0.0020759306558573642 -0.0019929744660791551 0.0022950548365521465 -0.040422596983373173 -0.050512116489899131 0.029149756370062258 -0.048403691584202269 0.042440011318303043 0.0036331778592370322 0.027748883267532207 0.044465412616654779 -0.030854113884582115 0.017852294453692127 -0.045678285097341745 -0.041123289045362728 -0.020890769296881447 -0.050089405337445748 -0.04386262913793082 0.033658024719381278 -0.015732929453096723 0.018694172986410015
leaf_weight=0.10314869504822699 0.0043197973429387601 0.010795751562233447 0.025071133968135539 0.087939718098030098 0.10180150326008941 0.018854219492586033 0.016885280937049885 0.045000494994987261 0.27649970508837524 0.16986568300102506 0.024454895579154652 0.045669523827521985 0.012019045500971437 0.019368170804633822 0.047327860683447298 0.0049856302967574697 0.045925380364270296 0.037040363926376663 0.056491883866993664 0.016553396078833771 0.044643138079090594 0.017267540408204773 0.010578924609726315 0.0076344013347311437 0.0062422816664264849 0.033079689304129446 0.018426881990458777 0.021691052061154455 0.023754370898661326 0.055943959723753212
leaf_count=602 127 560 370 93678 569 241 104 112547 9858 847 88551 163 169 169 173 22 250 263 306 50 372 49 35 60 42 297573 37259 5435 49339 278
internal_value=-2.38984e-10 0.00119827 -0.00261935 -0.00122293 0.00850524 0.00969584 0.00567422 0.00152923 0.00304084 0.0085597 -0.026103 0.0208457 0.00087187 0.00886684 0.00452692 0.0235679 0.0286615 0.00904112 0.0040008 -0.00609885 -0.0152154 0.0165124 -0.00628309 0.00285439 0.0265685 -0.0418681 -0.0140608 -0.00994371 0.00784132 0.00306983
internal_weight=1.40928 1.34743 0.88503 0.859959 0.462396 0.4516 0.349798 0.708147 0.663147 0.386647 0.0618544 0.148818 0.237829 0.330944 0.255514 0.0754307 0.0704451 0.236145 0.188818 0.104479 0.0816835 0.0843383 0.0278465 0.0245197 0.0227957 0.0373995 0.151812 0.133385 0.0454454 0.22581
internal_count=700061 313810 310545 310175 3265 2705 2136 124464 11917 2059 386251 765 1294 1895 1459 436 414 1290 1117 727 635 390 84 164 92 297700 185711 148452 54774 1125
is_linear=0
shrinkage=0.05


Tree=257
num_leaves=31
num_cat=0
split_feature=10 10 57 10 10 54 26 12 56 0 10 1 38 34 7 6 58 2 10 10 10 10 7 6 10 13 1 0 14 32
split_gain=0.0172952 0.0186825 0.0102661 0.00893565 0.00888722 0.00884644 0.00937787 0.00779163 0.0112664 0.00776903 0.00819234 0.00806067 0.014065 0.00801978 0.00754083 0.00741595 0.00753129 0.00731253 0.00819353 0.0111873 0.00861442 0.0107164 0.00936226 0.00890854 0.00878058 0.00865642 0.00778018 0.00756962 0.00727651 0.00706029
threshold=6.7500000000000009 6.2500000000000009 0.82054564356803905 4.7500000000000009 4.2500000000000009 1.0406137108802798 33.074998855590827 0.50999999046325695 0.61569231748580944 17.500000000000004 9.7500000000000018 17.500000000000004 0.24273606389760974 6.3022003173828134 1.5000000000000002 1.0000000180025095e-35 0.27688804268836981 4.5000000000000009 3.7500000000000004 3.2500000000000004 2.7500000000000004 2.2500000000000004 1.0000000180025095e-35 1.0000000180025095e-35 1.7500000000000002 289.13487243652349 14.500000000000002 17.500000000000004 2.5975071191787724 0.1171497590839863
decision_type=2 2 2 2 2 2 2 2 2 2 2 2 2 2 2 2 2 2 2 2 2 2 2 2 2 2 2 2 2 2
left_child=1 3 5 4 17 6 -2 9 -9 13 -11 12 -12 -4 -13 16 28 18 19 20 21 22 23 24 26 -22 -1 -28 -5 -7
right_child=2 -3 7 15 -6 29 -8 8 -10 10 11 14 -14 -15 -16 -17 -18 -19 -20 -21 25 -23 -24 -25 -26 -27 27 -29 -30 -31
leaf_value=0.024029654149436898 0.014324784446289016 -0.050328556137779527 0.020818604919977227 0.027030618035157824 -0.050235037307018129 -0.010601371324094831 -0.014250793476364385 -0.023356621350326338 0.0053019781701511125 -0.015104953681982669 0.029666890927973227 0.018313029133949658 -0.030996853098888517 -0.049703490569278412 -0.05008464794132448 -0.0076490588524688709 -0.0035515144265909717 -0.049109547634932853 0.012383860783487993 -0.050264179578449454 0.032030252680220125 -0.050334161313694073 -0.050473493801557606 -0.036296533481314279 0.031267842569815303 -0.014948286872750755 -0.043006208268390481 0.032898131212101098 -0.018757447829497096 -0.049025090309593206
leaf_weight=0.011326849872248742 0.079797430297970096 0.024124176776319561 0.18210378213975709 0.060796517483288862 0.014605342791385395 0.087990955435928359 0.044847754851496308 0.041250330553906173 0.2033465698626695 0.040055636655778049 0.014919725715245136 0.12598775297024045 0.026571782274533717 0.004122630410980487 0.0041628842761838305 0.12265188165294194 0.060196280918316108 0.011242711160104141 0.04053630238341005 0.017708873252253898 0.022497886987789539 0.018456662876328411 0.011216372551957107 0.014362304673272937 0.023249705250153574 0.017381408646962568 0.016250007502531551 0.00411668955135741 0.010121262102435538 0.013835182169831428
leaf_count=341 612 1289 927 539 2223 3330 512 529 1624 389 28 630 112 109 9 3516 875 206324 1230 1222 505 1616 245747 183998 347 1001 38476 110 672 1219
internal_value=4.87466e-10 -0.00740043 0.00426522 -0.00522806 -0.0125313 -0.00488861 0.0040432 0.00749169 0.000468815 0.0118085 0.0052559 0.0100075 -0.00918308 0.0192574 0.0161253 0.00118834 0.00945536 -0.00988819 -0.00765102 -0.0128382 -0.00806517 -0.0159702 -0.00809348 -0.00123472 0.00793052 0.0115546 -0.00918924 -0.0276638 0.0204958 -0.015822
internal_weight=1.36983 0.500841 0.868992 0.476717 0.222951 0.226471 0.124645 0.642521 0.244597 0.397924 0.211698 0.171642 0.0414915 0.186226 0.130151 0.253766 0.131114 0.208346 0.197103 0.156567 0.138858 0.0989786 0.0805219 0.0693056 0.0549433 0.0398793 0.0316935 0.0203667 0.0709178 0.101826
internal_count=700061 690031 10030 688742 683140 5673 1124 4357 2153 2204 1168 779 140 1036 639 5602 2086 680917 474593 473363 472141 470635 469019 223272 39274 1506 38927 38586 1211 4549
is_linear=0
shrinkage=0.05


Tree=258
num_leaves=31
num_cat=0
split_feature=10 10 17 2 10 23 2 10 45 5 34 3 11 37 58 17 13 67 13 1 10 10 7 13 19 14 14 2 54 0
split_gain=0.0167193 0.0173917 0.00982003 0.00837846 0.00966943 0.0103776 0.00723882 0.00708147 0.00722793 0.00937354 0.00993437 0.00771688 0.00725984 0.00708113 0.00690762 0.00670787 0.00660641 0.00657214 0.00733152 0.00615611 0.0065956 0.0252489 0.00826396 0.00769924 0.00840577 0.00790623 0.00752921 0.0118939 0.00750129 0.00757702
threshold=6.7500000000000009 6.2500000000000009 0.72020307183265697 3.5000000000000004 5.7500000000000009 3.6602805852890019 8.5000000000000018 5.2500000000000009 40.049999237060554 1.0000000180025095e-35 3.4753828048706059 1.5000000000000002 1.1695402264595034 0.12881708890199664 0.11559659242630006 0.92768082022666942 359.06912231445318 57.95000076293946 392.19976806640631 7.5000000000000009 9.7500000000000018 9.2500000000000018 1.5000000000000002 327.11662292480474 0.040842356160283096 2.7093702554702763 3.785109400749207 1.5000000000000002 2.7489032745361333 17.500000000000004
decision_type=2 2 2 2 2 2 2 2 2 2 2 2 2 2 2 2 2 2 2 2 2 2 2 2 2 2 2 2 2 2
left_child=1 3 17 4 7 16 19 8 11 14 -11 12 -1 -5 -10 -15 -6 18 -2 -4 21 23 26 24 28 -25 -22 -28 29 -21
right_child=2 -3 6 13 5 -7 -8 -9 9 10 -12 -13 -14 15 -16 -17 -18 -19 -20 20 22 -23 -24 25 -26 -27 27 -29 -30 -31
leaf_value=0.023803169611628015 -0.024516233966474787 -0.050312372501547825 -0.025371439191153696 0.031681219639885155 0.0051019583947947934 0.028923547968809804 -0.045935745959705204 -0.050353631575586602 0.018563430201533514 0.0050509303513103648 -0.048418263336108908 0.0077738100052395787 -0.038186689708533367 -0.044658262198194673 -0.037643651270757764 -0.013777956470208878 -0.040949125126173429 0.041868997087745281 0.012241637839316815 0.024762658716897049 0.014298700981100332 -0.050489823742507468 -0.03860028650566015 0.0025167046890691123 -0.042499382748096566 -0.02799242992900643 0.035589015468540118 -0.046113616536880321 -0.0033914050421916622 -0.033150120858078752
leaf_weight=0.0062960452316393458 0.05866059388332899 0.022538321232223046 0.014950365431759871 0.0064960975640034327 0.037675791738444153 0.045890798873493677 0.0066649246503763795 0.008970072199486312 0.0062400645892739864 0.061438742881900328 0.010117638032932828 0.1182874174324729 0.018904982871919856 0.024432519764492677 0.044077543995697542 0.062754716624522033 0.0098173601387072651 0.0052403762439183757 0.017646146835020429 0.1127438774604641 0.35867228887566283 0.021395122261096522 0.0080326249383695369 0.15464609298643772 0.0064801339764590784 0.024614788320785341 0.0068504796532925507 0.012735627482447165 0.039093066703404178 0.0059457896384600408
leaf_count=154 3402 1289 241 2623 315 342 939 615 7977 67544 104139 80122 38159 92940 99367 194387 58 24 383 666 1449 229 35 906 35 617 79 425 553 47
internal_value=7.50974e-10 -0.00742555 0.00420602 -0.00533063 -0.00192978 0.0119671 0.00594729 -0.00666032 -0.00518335 -0.0141372 -0.00250929 0.00242174 -0.0226996 -0.0186793 -0.0306732 -0.0224316 -0.00441731 -0.0122961 -0.0160159 0.00639863 0.00703091 0.00221059 0.0115845 0.00549285 0.0133125 -0.00167259 0.0126503 -0.0175371 0.0156047 0.0218615
internal_weight=1.33831 0.483938 0.854372 0.4614 0.367716 0.093384 0.772825 0.274333 0.265362 0.121874 0.0715564 0.143488 0.025201 0.0936833 0.0503176 0.0871872 0.0474932 0.0815471 0.0763067 0.76616 0.75121 0.364919 0.386291 0.343524 0.164263 0.179261 0.378258 0.0195861 0.157783 0.11869
internal_count=700061 690031 10030 688742 398792 715 6221 398077 397462 279027 171683 118435 38313 289950 107344 287327 373 3809 3785 5282 5041 3053 1988 2824 1301 1523 1953 504 1266 713
is_linear=0
shrinkage=0.05


Tree=259
num_leaves=31
num_cat=0
split_feature=11 14 7 6 34 29 2 4 16 6 69 6 57 29 14 57 18 56 38 11 58 37 18 34 3 54 54 58 6 58
split_gain=0.0158442 0.011993 0.0114598 0.0107528 0.00965086 0.0136473 0.0109003 0.0106729 0.0106129 0.00988649 0.00942738 0.00937052 0.00834652 0.00803413 0.0073308 0.00779686 0.00858711 0.00761949 0.00822706 0.00711955 0.00702681 0.00730149 0.00852102 0.00709611 0.00695973 0.00670463 0.00850836 0.00766196 0.0107676 0.00950173
threshold=1.2649122476577761 6.0565872192382821 1.0000000180025095e-35 1.0000000180025095e-35 0.13382896780967715 1.0000000180025095e-35 1.0000000180025095e-35 1.0000000180025095e-35 0.48908095061779028 1.0000000180025095e-35 8.3225159645080584 1.0000000180025095e-35 0.96042445302009594 5.0222330093383798 0.25655800104141241 0.85703989863395702 0.22929595410823825 0.90871214866638195 0.27218309044837957 1.60357141494751 0.26372319459915167 0.96979564428329479 0.26395371556282049 4.2674212455749521 3.5000000000000004 0.29335607588291174 0.95803049206733715 0.16355164349079135 2.5000000000000004 0.22524883598089221
decision_type=2 2 2 2 2 2 2 2 2 2 2 2 2 2 2 2 2 2 2 2 2 2 2 2 2 2 2 2 2 2
left_child=4 2 3 -2 13 6 9 8 10 -6 -7 20 -4 -1 -13 16 -16 25 -19 -5 21 22 -10 -22 -14 -17 -27 28 -28 -29
right_child=1 -3 12 19 5 7 -8 -9 11 -11 -12 14 24 -15 15 17 -18 18 -20 -21 23 -23 -24 -25 -26 26 27 29 -30 -31
leaf_value=0.023264576713216679 0.0037695129448569692 -0.040843796390090358 -0.034214173618245906 -0.0090919717461923309 0.034264493338498049 0.0054489243437987464 -0.024034310174709569 -0.050115544008460106 -0.030726305719407487 -0.037135184554700128 -0.029210092726837385 -0.040496366935279929 0.016894925561549323 -0.040436464849419367 0.026005579563356352 0.044221283095213136 -0.024550200909597857 0.0015948639251942539 -0.047914441402037863 -0.043938013507252106 0.012315408877706564 0.034916276552916008 0.025752752195195142 -0.029111648499764248 -0.04451449316356576 -0.010353917096503414 -0.045640103452162295 0.039269947724310632 0.02619292795883393 0.0092451035385305129
leaf_weight=0.087040340131230076 0.27957766883607488 0.024655869093322569 0.052028264307729916 0.1188497150382198 0.017521363041038435 0.041333679221751664 0.075580543518628335 0.0085676361983502147 0.010538019191187631 0.0067031081169504061 0.037348139822895442 0.0094324900548414803 0.018131841569915014 0.0052482363071248974 0.010703364269774696 0.015475153589747492 0.039019308550218568 0.036778814470804555 0.01087116720178205 0.016720610935022681 0.10792931221365087 0.071137041331521544 0.018232399439408908 0.011431832523421281 0.0061885902271821549 0.039911758995146762 0.011039391051379077 0.044076139288812488 0.0098910387569737246 0.065519555687100439
leaf_count=410 43798 208981 174397 2627 165 522 2320 1283 59 304 1041 26 38980 54 70 42 720 102 52 195757 435 376 127 243 26441 105 41 177 35 371
internal_value=2.16171e-10 -0.00681517 -0.00510813 -0.00183399 0.00444526 0.00243895 -0.0146795 0.0052901 0.00609375 0.0145076 -0.0110028 0.00872114 -0.0229113 0.019642 0.00286669 0.00431054 -0.0136675 0.00813784 -0.0097005 -0.0133897 0.0165367 0.0263202 0.00506562 0.00834773 0.00126865 0.0127099 0.00984873 0.0160262 -0.0116942 0.0213202
internal_weight=1.30748 0.516153 0.491497 0.415148 0.79133 0.699041 0.099805 0.599236 0.590669 0.0242245 0.0786818 0.511987 0.0763487 0.0922886 0.292718 0.283286 0.0497227 0.233563 0.04765 0.13557 0.219269 0.0999075 0.0287704 0.119361 0.0243204 0.185913 0.170438 0.130526 0.0209304 0.109596
internal_count=700061 690981 482000 242182 9080 8616 2789 5827 4544 469 1563 2981 239818 464 1741 1715 790 925 154 198384 1240 562 186 678 65421 771 729 624 76 548
is_linear=0
shrinkage=0.05


Tree=260
num_leaves=31
num_cat=0
split_feature=10 2 6 38 58 36 14 32 65 1 54 29 54 3 69 0 41 17 12 12 46 5 14 8 32 63 54 1 2 57
split_gain=0.0157771 0.00909615 0.00937551 0.0112355 0.00934514 0.0118436 0.00917843 0.00900686 0.00795239 0.00758181 0.00704001 0.0172166 0.0113242 0.0119101 0.00769495 0.00730294 0.00703617 0.00691758 0.00679121 0.0122529 0.0114124 0.0104767 0.00786769 0.00735133 0.00728683 0.00671117 0.00658207 0.00677698 0.00640298 0.0063522
threshold=4.7500000000000009 5.5000000000000009 1.0000000180025095e-35 0.35091583430767065 0.26372319459915167 0.4453453272581101 2.5975071191787724 0.74456521868705761 10.650000095367433 27.500000000000004 0.65496072173118602 8.1505932807922381 1.3939152359962466 3.5000000000000004 10.676644802093508 17.500000000000004 0.010938265360891821 0.8924044966697694 0.44722221791744238 0.27429467439651495 20.050000190734867 1.0000000180025095e-35 6.372448444366456 1.0000000180025095e-35 0.19090909510850909 4.0859410762786874 3.1676189899444585 20.500000000000004 2.5000000000000004 0.77556419372558605
decision_type=2 2 2 2 2 2 2 2 2 2 2 2 2 2 2 2 2 2 2 2 2 2 2 2 2 2 2 2 2 2
left_child=8 2 4 9 5 -2 -7 -8 28 10 14 16 -13 26 -4 -16 -12 -10 19 20 21 -6 24 -20 -21 -5 27 -14 -1 -3
right_child=1 29 3 25 18 6 7 -9 17 -11 11 12 13 -15 15 -17 -18 -19 23 22 -22 -23 -24 -25 -26 -27 -28 -29 -30 -31
leaf_value=0.0020313230731803088 -0.03271358227916106 -0.038380191558488291 0.023125371728632532 -0.0097584586708231533 0.033779963588499232 0.02366577041618935 0.010852948832200022 -0.041559844801314166 -0.045907387355035849 -0.04579980197877738 -0.046644591334112695 -0.012150290604443871 0.029893137052589953 -0.02746552101008904 -0.021903034119472725 0.047487306983560879 0.025703775891648756 -0.014959670487856123 -0.01423091539238654 0.023939336073456434 -0.024937812652233021 -0.032782140765075934 -0.050287965614543809 0.024994047613162557 -0.036510090940975896 -0.043798781867312585 -0.0078382846961972657 -0.0048794473686065883 -0.025440160463956814 -0.0059086110161118126
leaf_weight=0.090716876220155368 0.011878451471656504 0.018135217616340515 0.077367125702890532 0.097987318972971887 0.021606794204494406 0.17730890585577308 0.034729626563086313 0.01072885469943835 0.026028348684335359 0.0076829123634982724 0.024633519098510887 0.066279730006434168 0.081234214779111191 0.015919120571098178 0.020172179914089483 0.0046694657662555974 0.0038915119586228055 0.058956643807471884 0.081104200731072995 0.10193420485686167 0.04186067132555249 0.0081383075194660925 0.0040173956649373612 0.014007907676639952 0.0052416924101448261 0.016989984730542779 0.01960369311429655 0.016932814249494665 0.027683655272042945 0.08885090344438451
leaf_count=81993 244 3496 337 2755 116 1442 578 373 176042 126 456 207 203 268 99 16 32 329141 638 715 564 42 172 52 42 371 399 74 95964 3104
internal_value=-6.66597e-10 0.0024204 0.00395259 -0.00128516 0.00858544 0.0159329 0.0185269 -0.00151722 -0.0127682 0.00330303 0.00444379 -0.000435351 0.00474831 0.0131262 0.0153514 -0.00885978 -0.0367745 -0.024438 0.00238182 0.00801978 -0.00811147 0.0155685 0.0184079 -0.00845395 0.0209829 -0.0147885 0.018613 0.0238952 -0.00439188 -0.0114129
internal_weight=1.27629 1.07291 0.965921 0.453364 0.512557 0.234646 0.222767 0.0454585 0.203386 0.338386 0.330703 0.228495 0.19997 0.13369 0.102209 0.0248416 0.028525 0.084985 0.277911 0.182799 0.0716058 0.0297451 0.111193 0.0951121 0.107176 0.114977 0.117771 0.098167 0.118401 0.106986
internal_count=700061 16921 10321 5343 4978 2637 2393 951 683140 2217 2091 1639 1151 944 452 115 488 505183 2341 1651 722 158 929 690 757 3126 676 277 177957 6600
is_linear=0
shrinkage=0.05


Tree=261
num_leaves=31
num_cat=0
split_feature=4 10 10 57 69 3 10 10 7 2 34 3 13 58 49 27 69 2 27 1 69 5 66 45 14 2 5 54 58 34
split_gain=0.0161358 0.0128385 0.014657 0.00909039 0.00833031 0.00792963 0.00678841 0.00886699 0.00731197 0.00686644 0.00701317 0.00715601 0.00734041 0.0087624 0.00782371 0.00729661 0.00682517 0.00663328 0.00643499 0.00643092 0.00640018 0.0122214 0.00632784 0.00616395 0.00616807 0.00686088 0.00596835 0.00762302 0.014199 0.0135212
threshold=1.0000000180025095e-35 7.7500000000000009 7.2500000000000009 0.54246145486831676 8.2962846755981463 4.5000000000000009 2.7500000000000004 2.2500000000000004 1.0000000180025095e-35 3.5000000000000004 3.0912672281265263 1.5000000000000002 347.16560363769537 0.31327085196971899 12.435772418975832 45.857143402099616 11.613228321075441 5.5000000000000009 18.202500343322757 11.500000000000002 9.2568526268005389 1.0000000180025095e-35 25.69999980926514 35.049999237060554 2.1423285007476811 1.0000000180025095e-35 1.5000000000000002 0.58314871788024913 0.13429758697748187 0.37185843288898474
decision_type=2 2 2 2 2 2 2 2 2 2 2 2 2 2 2 2 2 2 2 2 2 2 2 2 2 2 2 2 2 2
left_child=1 2 6 4 19 22 7 8 23 10 11 15 13 20 -15 -8 -12 26 -7 -3 -13 -22 -2 24 -1 -26 27 28 -5 -30
right_child=5 3 -4 17 -6 18 9 -9 -10 -11 16 12 -14 14 -16 -17 -18 -19 -20 -21 21 -23 -24 -25 25 -27 -28 -29 29 -31
leaf_value=0.030025979799812381 -0.050086519115653039 -0.036803269918157792 -0.050319636803947826 0.038710210957584118 -0.037813198092791912 0.012547991508242613 0.0044444853896647438 -0.050302196357357581 -0.050463815836329688 -0.01110110083158198 -0.02205986725112764 0.030868667288525754 -0.0068233573649152364 0.0094896771975583345 -0.044395682338790425 -0.046498562002247307 0.013353479737378833 -0.005771127333818158 -0.050083432852191648 0.0085960184967322668 -0.011597063622784466 0.029505080815760795 0.019259117237190787 -0.027234545796599126 0.024136101339095994 -0.038121669420344152 -0.010213819375218041 0.0072839369078344617 -0.019810853038909171 0.023088933697994054
leaf_weight=0.018866175004732019 0.028946180476135695 0.0096514358174224421 0.016986338837179371 0.063197727028402484 0.020668776380378569 0.01626983952745948 0.017213016140092297 0.015696142659256361 0.0087719467985265739 0.11526379670386289 0.045550904872710518 0.069760850411844544 0.050067855842671705 0.018596552559401403 0.01056194634907115 0.011880296603269613 0.019400373926047321 0.077800858387742644 0.0054833046616944289 0.040671044223530295 0.034988324766924706 0.037436575993169185 0.0037115190256114946 0.01584982938114992 0.0078637989364398805 0.010120060668534383 0.034466707207490899 0.34173179740713416 0.02958122359179427 0.048451235943060222
leaf_count=9575 283592 596 648 357 1065 17829 319 2142 160619 7741 2091 420 348 101 58 131 616 990 70722 597 234 129 14108 103751 3182 15902 122 1694 134 248
internal_value=-6.93346e-10 0.00121636 -0.00463201 0.00582393 -0.011088 -0.0266271 -0.00310398 -0.0167608 -0.00819637 -0.000657228 0.00315883 0.00695497 0.0100183 0.0149395 -0.010029 -0.0163582 -0.0114822 0.00784096 -0.00323948 -0.00011119 0.0200599 0.00964872 -0.0422054 -0.00116091 0.0100538 -0.0108982 0.00988768 0.0113222 0.0210936 0.00682611
internal_weight=1.24551 1.1911 0.524875 0.666221 0.0709913 0.0544108 0.507888 0.077168 0.0614718 0.43072 0.315457 0.250505 0.221412 0.171344 0.0291585 0.0290933 0.0649513 0.59523 0.0217531 0.0503225 0.142186 0.0724249 0.0326577 0.0526999 0.03685 0.0179839 0.517429 0.482962 0.14123 0.0780325
internal_count=700061 313810 308007 5803 2258 386251 307359 295171 293029 12188 4447 1740 1290 942 159 450 2707 3545 88551 1193 783 363 297700 132410 28659 19084 2555 2433 739 382
is_linear=0
shrinkage=0.05


Tree=262
num_leaves=31
num_cat=0
split_feature=10 10 57 54 26 10 10 10 16 69 10 7 12 56 5 47 0 3 2 10 10 10 10 6 13 7 10 34 32 10
split_gain=0.0151256 0.0154806 0.00843084 0.00791252 0.00802916 0.00784425 0.0111741 0.00666072 0.00782616 0.0103039 0.00763407 0.00746717 0.00633649 0.00915872 0.00629794 0.00650061 0.00628348 0.00675824 0.00611252 0.0069821 0.0095504 0.00692125 0.00861565 0.00748339 0.00690458 0.00688731 0.00711868 0.00616923 0.00605447 0.00604007
threshold=6.7500000000000009 6.2500000000000009 0.82054564356803905 1.0406137108802798 33.074998855590827 5.7500000000000009 5.2500000000000009 4.7500000000000009 0.81607505679130565 10.498593807220461 4.2500000000000009 1.0000000180025095e-35 0.50999999046325695 0.61569231748580944 1.0000000180025095e-35 59.45000076293946 17.500000000000004 5.5000000000000009 4.5000000000000009 3.7500000000000004 3.2500000000000004 2.7500000000000004 2.2500000000000004 1.0000000180025095e-35 289.13487243652349 1.0000000180025095e-35 1.7500000000000002 0.01354412315413356 0.1171497590839863 9.7500000000000018
decision_type=2 2 2 2 2 2 2 2 2 2 2 2 2 2 2 2 2 2 2 2 2 2 2 2 2 2 2 2 2 2
left_child=1 5 3 4 14 6 7 10 11 -10 18 -9 16 -14 -2 -16 -4 29 19 20 21 22 23 25 -23 26 -1 -25 -5 -18
right_child=2 -3 12 28 -6 -7 -8 8 9 -11 -12 -13 13 -15 15 -17 17 -19 -20 -21 -22 24 -24 27 -26 -27 -28 -29 -30 -31
leaf_value=-0.0098219110581090445 0.022405291025335752 -0.050287218679698889 0.018541330294548752 -0.010532602653009168 -0.013596911314631064 0.0058435899265525497 -0.050297821617942211 0.027266914420510432 0.013440532726789592 -0.030921270237790056 -0.050204975842496696 -0.032173693280873029 -0.022136841315775382 0.0051891172225162294 -0.03086828512842836 0.042119775056257885 -0.015805022483591072 0.045566327711604349 -0.048981243538172597 0.011662940382518545 -0.05023800002319883 0.030396164337348791 -0.050276343343728762 0.048253728833806478 -0.014167834344675221 -0.050599428788259418 0.029612653953156903 -0.050049762001158696 -0.048975697907707144 0.0074593773803239925
leaf_weight=0.027101236377885279 0.055439764623453347 0.020100835234632575 0.16515532989710585 0.079744740439112199 0.040007423859309471 0.11366414408148728 0.015942169942663065 0.037868852454336008 0.025178942547987956 0.027261869203430933 0.012657261060457475 0.0061403155452059146 0.036851238101281381 0.18262236105983909 0.012361607080911829 0.004050141189885891 0.034498613625603136 0.0098377864999541487 0.0095379088069994511 0.036123272176388332 0.015334456835902538 0.019295786267747028 0.015130427261792534 0.0018019233059748474 0.01581619343516634 0.005874270599694773 0.019809089609405778 0.013965745712807688 0.011751099335943815 0.14585589278834554
leaf_count=38927 450 1289 1036 3330 512 1686 1762 952 508 391 2223 303 529 1624 137 25 372 52 206324 1230 1222 505 1616 1321 1001 50262 347 378162 1219 744
internal_value=-1.18597e-09 -0.00742544 0.00418521 -0.00456474 0.00435527 -0.00536678 -0.00954674 -0.00729798 0.0034262 -0.00962138 -0.0126727 0.0189735 0.00728069 0.000600887 0.0143512 -0.0128561 0.0114063 0.00521059 -0.0100304 -0.00784828 -0.013103 -0.00830946 -0.0161271 -0.00858985 0.0103223 0.000439125 0.00683035 -0.0388157 -0.01547 0.00300931
internal_weight=1.21678 0.438605 0.778176 0.203355 0.111859 0.418504 0.30484 0.288898 0.09645 0.0524408 0.192448 0.0440092 0.574821 0.219474 0.0718515 0.0164117 0.355348 0.190192 0.17979 0.170252 0.134129 0.118795 0.0836827 0.0685523 0.035112 0.0527846 0.0469103 0.0157677 0.0914958 0.180355
internal_count=700061 690031 10030 5673 1124 688742 687056 685294 2154 899 683140 1255 4357 2153 612 162 2204 1168 680917 474593 473363 472141 470635 469019 1506 89536 39274 379483 4549 1116
is_linear=0
shrinkage=0.05


end of trees

feature_importances:
dbe=1002
hetero_c=490
count_F=484
h_c=399
abs_ppm_mean=370
abs_ppm_min=344
count_O=328
count_N=309
abs_ppm_max=307
intensity_fraction_mean=251
count_H=233
mass=227
intensity_fraction_min=223
fragment_error_fraction_min=223
count_Cl=184
peak_fraction_mean=175
count_S=168
fragment_error_fraction_mean=158
count_P=152
fragment_error_fraction_max=152
intensity_fraction_max=143
log_peak_count_max=138
log_base_peak_min=134
log_base_peak_mean=121
log_base_peak_max=96
log_peak_count_mean=92
peak_fraction_max=92
peak_fraction_min=89
positive_mean=87
orbitrap_mean=81
count_C=76
ce_max_mean=71
ce_mean_min=56
log_peak_count_min=48
ce_min_min=46
ce_min_mean=33
ce_min_max=29
ce_max_min=28
water_loss_fraction_mean=27
ce_mean_max=26
water_loss_fraction_max=24
count_Br=23
ce_mean_mean=23
ce_max_max=23
water_loss_fraction_min=19
co_loss_fraction_mean=15
ammonia_loss_fraction_mean=13
base_missing_mean=10
ce_missing_mean=9
timsTOF_mean=9
ammonia_loss_fraction_max=8
instrument_missing_mean=6
ammonia_loss_fraction_min=5
co2_loss_fraction_mean=4
co2_loss_fraction_max=3
positive_max=2
co_loss_fraction_max=1
co2_loss_fraction_min=1

parameters:
[boosting: gbdt]
[objective: lambdarank]
[metric: custom]
[tree_learner: serial]
[device_type: cpu]
[data_sample_strategy: bagging]
[data: ]
[valid: ]
[num_iterations: 1000]
[learning_rate: 0.05]
[num_leaves: 31]
[num_threads: 8]
[seed: 42]
[deterministic: 1]
[force_col_wise: 1]
[force_row_wise: 0]
[histogram_pool_size: -1]
[max_depth: -1]
[min_data_in_leaf: 20]
[min_sum_hessian_in_leaf: 0.001]
[bagging_fraction: 1]
[pos_bagging_fraction: 1]
[neg_bagging_fraction: 1]
[bagging_freq: 0]
[bagging_seed: 400]
[bagging_by_query: 0]
[feature_fraction: 1]
[feature_fraction_bynode: 1]
[feature_fraction_seed: 30056]
[extra_trees: 0]
[extra_seed: 12879]
[early_stopping_round: 0]
[early_stopping_min_delta: 0]
[first_metric_only: 0]
[max_delta_step: 0]
[lambda_l1: 0]
[lambda_l2: 0]
[linear_lambda: 0]
[min_gain_to_split: 0]
[drop_rate: 0.1]
[max_drop: 50]
[skip_drop: 0.5]
[xgboost_dart_mode: 0]
[uniform_drop: 0]
[drop_seed: 17869]
[top_rate: 0.2]
[other_rate: 0.1]
[min_data_per_group: 100]
[max_cat_threshold: 32]
[cat_l2: 10]
[cat_smooth: 10]
[max_cat_to_onehot: 4]
[top_k: 20]
[monotone_constraints: ]
[monotone_constraints_method: basic]
[monotone_penalty: 0]
[feature_contri: ]
[forcedsplits_filename: ]
[refit_decay_rate: 0.9]
[cegb_tradeoff: 1]
[cegb_penalty_split: 0]
[cegb_penalty_feature_lazy: ]
[cegb_penalty_feature_coupled: ]
[path_smooth: 0]
[interaction_constraints: ]
[verbosity: -1]
[saved_feature_importance_type: 0]
[use_quantized_grad: 0]
[num_grad_quant_bins: 4]
[quant_train_renew_leaf: 0]
[stochastic_rounding: 1]
[linear_tree: 0]
[max_bin: 255]
[max_bin_by_feature: ]
[min_data_in_bin: 3]
[bin_construct_sample_cnt: 200000]
[data_random_seed: 175]
[is_enable_sparse: 1]
[enable_bundle: 1]
[use_missing: 1]
[zero_as_missing: 0]
[feature_pre_filter: 1]
[pre_partition: 0]
[two_round: 0]
[header: 0]
[label_column: ]
[weight_column: ]
[group_column: ]
[ignore_column: ]
[categorical_feature: ]
[forcedbins_filename: ]
[precise_float_parser: 0]
[parser_config_file: ]
[objective_seed: 16083]
[num_class: 1]
[is_unbalance: 0]
[scale_pos_weight: 1]
[sigmoid: 1]
[boost_from_average: 1]
[reg_sqrt: 0]
[alpha: 0.9]
[fair_c: 1]
[poisson_max_delta_step: 0.7]
[tweedie_variance_power: 1.5]
[lambdarank_truncation_level: 30]
[lambdarank_norm: 1]
[label_gain: ]
[lambdarank_position_bias_regularization: 0]
[eval_at: ]
[multi_error_top_k: 1]
[auc_mu_weights: ]
[num_machines: 1]
[local_listen_port: 12400]
[time_out: 120]
[machine_list_filename: ]
[machines: ]
[gpu_platform_id: -1]
[gpu_device_id: -1]
[gpu_device_id_list: ]
[gpu_use_dp: 0]
[num_gpu: 1]

end of parameters

pandas_categorical:null
